ISO-10303-21;
HEADER;
FILE_DESCRIPTION((''),'2;1');
FILE_NAME('C-1-1734839-3','2014-11-19T',('workeradm'),('Tyco Electronics Ltd.'),
'PRO/ENGINEER BY PARAMETRIC TECHNOLOGY CORPORATION, 2014090',
'PRO/ENGINEER BY PARAMETRIC TECHNOLOGY CORPORATION, 2014090','');
FILE_SCHEMA(('AUTOMOTIVE_DESIGN { 1 0 10303 214 1 1 1 1 }'));
ENDSEC;
DATA;
#134=DIRECTION('',(-1.E0,0.E0,0.E0));
#135=VECTOR('',#134,1.77E0);
#136=CARTESIAN_POINT('',(5.665E0,7.E-1,0.E0));
#137=LINE('',#136,#135);
#138=DIRECTION('',(0.E0,1.E0,0.E0));
#139=VECTOR('',#138,1.4E0);
#140=CARTESIAN_POINT('',(5.665E0,-7.E-1,0.E0));
#141=LINE('',#140,#139);
#142=DIRECTION('',(1.E0,0.E0,0.E0));
#143=VECTOR('',#142,1.133E1);
#144=CARTESIAN_POINT('',(-5.665E0,-7.E-1,0.E0));
#145=LINE('',#144,#143);
#146=DIRECTION('',(0.E0,-1.E0,0.E0));
#147=VECTOR('',#146,1.4E0);
#148=CARTESIAN_POINT('',(-5.665E0,7.E-1,0.E0));
#149=LINE('',#148,#147);
#150=DIRECTION('',(-1.E0,0.E0,0.E0));
#151=VECTOR('',#150,1.77E0);
#152=CARTESIAN_POINT('',(-3.895E0,7.E-1,0.E0));
#153=LINE('',#152,#151);
#154=DIRECTION('',(0.E0,1.E0,0.E0));
#155=VECTOR('',#154,8.7E-1);
#156=CARTESIAN_POINT('',(-3.895E0,-1.7E-1,0.E0));
#157=LINE('',#156,#155);
#158=DIRECTION('',(-1.E0,0.E0,0.E0));
#159=VECTOR('',#158,7.79E0);
#160=CARTESIAN_POINT('',(3.895E0,-1.7E-1,0.E0));
#161=LINE('',#160,#159);
#162=DIRECTION('',(0.E0,-1.E0,0.E0));
#163=VECTOR('',#162,8.7E-1);
#164=CARTESIAN_POINT('',(3.895E0,7.E-1,0.E0));
#165=LINE('',#164,#163);
#166=CARTESIAN_POINT('',(5.665E0,7.E-1,-3.E-1));
#167=DIRECTION('',(0.E0,0.E0,-1.E0));
#168=DIRECTION('',(0.E0,1.E0,0.E0));
#169=AXIS2_PLACEMENT_3D('',#166,#167,#168);
#171=CARTESIAN_POINT('',(5.665E0,7.E-1,-3.E-1));
#172=DIRECTION('',(0.E0,-1.E0,0.E0));
#173=DIRECTION('',(1.E0,0.E0,0.E0));
#174=AXIS2_PLACEMENT_3D('',#171,#172,#173);
#176=CARTESIAN_POINT('',(5.665E0,7.E-1,-3.E-1));
#177=DIRECTION('',(-1.E0,0.E0,0.E0));
#178=DIRECTION('',(0.E0,0.E0,1.E0));
#179=AXIS2_PLACEMENT_3D('',#176,#177,#178);
#181=DIRECTION('',(1.E0,0.E0,0.E0));
#182=VECTOR('',#181,1.77E0);
#183=CARTESIAN_POINT('',(3.895E0,1.E0,-1.15E0));
#184=LINE('',#183,#182);
#185=DIRECTION('',(0.E0,0.E0,-1.E0));
#186=VECTOR('',#185,8.5E-1);
#187=CARTESIAN_POINT('',(5.665E0,1.E0,-3.E-1));
#188=LINE('',#187,#186);
#189=DIRECTION('',(-1.E0,0.E0,0.E0));
#190=VECTOR('',#189,1.77E0);
#191=CARTESIAN_POINT('',(5.665E0,1.E0,-3.E-1));
#192=LINE('',#191,#190);
#193=DIRECTION('',(0.E0,0.E0,-1.E0));
#194=VECTOR('',#193,8.5E-1);
#195=CARTESIAN_POINT('',(3.895E0,1.E0,-3.E-1));
#196=LINE('',#195,#194);
#197=CARTESIAN_POINT('',(5.665E0,7.E-1,-1.15E0));
#198=DIRECTION('',(-1.E0,0.E0,0.E0));
#199=DIRECTION('',(0.E0,1.E0,0.E0));
#200=AXIS2_PLACEMENT_3D('',#197,#198,#199);
#202=CARTESIAN_POINT('',(5.665E0,7.E-1,-1.15E0));
#203=DIRECTION('',(0.E0,-1.E0,0.E0));
#204=DIRECTION('',(0.E0,0.E0,-1.E0));
#205=AXIS2_PLACEMENT_3D('',#202,#203,#204);
#207=CARTESIAN_POINT('',(5.665E0,7.E-1,-1.15E0));
#208=DIRECTION('',(0.E0,0.E0,1.E0));
#209=DIRECTION('',(1.E0,0.E0,0.E0));
#210=AXIS2_PLACEMENT_3D('',#207,#208,#209);
#212=CARTESIAN_POINT('',(5.665E0,-7.E-1,-1.15E0));
#213=DIRECTION('',(-1.E0,0.E0,0.E0));
#214=DIRECTION('',(0.E0,0.E0,-1.E0));
#215=AXIS2_PLACEMENT_3D('',#212,#213,#214);
#217=CARTESIAN_POINT('',(5.665E0,-7.E-1,-1.15E0));
#218=DIRECTION('',(0.E0,0.E0,1.E0));
#219=DIRECTION('',(0.E0,-1.E0,0.E0));
#220=AXIS2_PLACEMENT_3D('',#217,#218,#219);
#222=CARTESIAN_POINT('',(5.665E0,-7.E-1,-1.15E0));
#223=DIRECTION('',(0.E0,1.E0,0.E0));
#224=DIRECTION('',(1.E0,0.E0,0.E0));
#225=AXIS2_PLACEMENT_3D('',#222,#223,#224);
#227=CARTESIAN_POINT('',(-5.665E0,-7.E-1,-1.15E0));
#228=DIRECTION('',(0.E0,1.E0,0.E0));
#229=DIRECTION('',(0.E0,0.E0,-1.E0));
#230=AXIS2_PLACEMENT_3D('',#227,#228,#229);
#232=CARTESIAN_POINT('',(-5.665E0,-7.E-1,-1.15E0));
#233=DIRECTION('',(0.E0,0.E0,1.E0));
#234=DIRECTION('',(-1.E0,0.E0,0.E0));
#235=AXIS2_PLACEMENT_3D('',#232,#233,#234);
#237=CARTESIAN_POINT('',(-5.665E0,-7.E-1,-1.15E0));
#238=DIRECTION('',(1.E0,0.E0,0.E0));
#239=DIRECTION('',(0.E0,-1.E0,0.E0));
#240=AXIS2_PLACEMENT_3D('',#237,#238,#239);
#242=CARTESIAN_POINT('',(-5.665E0,7.E-1,-1.15E0));
#243=DIRECTION('',(0.E0,0.E0,1.E0));
#244=DIRECTION('',(0.E0,1.E0,0.E0));
#245=AXIS2_PLACEMENT_3D('',#242,#243,#244);
#247=CARTESIAN_POINT('',(-5.665E0,7.E-1,-1.15E0));
#248=DIRECTION('',(0.E0,-1.E0,0.E0));
#249=DIRECTION('',(-1.E0,0.E0,0.E0));
#250=AXIS2_PLACEMENT_3D('',#247,#248,#249);
#252=CARTESIAN_POINT('',(-5.665E0,7.E-1,-1.15E0));
#253=DIRECTION('',(1.E0,0.E0,0.E0));
#254=DIRECTION('',(0.E0,0.E0,-1.E0));
#255=AXIS2_PLACEMENT_3D('',#252,#253,#254);
#257=CARTESIAN_POINT('',(-5.665E0,7.E-1,-3.E-1));
#258=DIRECTION('',(1.E0,0.E0,0.E0));
#259=DIRECTION('',(0.E0,1.E0,0.E0));
#260=AXIS2_PLACEMENT_3D('',#257,#258,#259);
#262=CARTESIAN_POINT('',(-5.665E0,7.E-1,-3.E-1));
#263=DIRECTION('',(0.E0,-1.E0,0.E0));
#264=DIRECTION('',(0.E0,0.E0,1.E0));
#265=AXIS2_PLACEMENT_3D('',#262,#263,#264);
#267=CARTESIAN_POINT('',(-5.665E0,7.E-1,-3.E-1));
#268=DIRECTION('',(0.E0,0.E0,-1.E0));
#269=DIRECTION('',(-1.E0,0.E0,0.E0));
#270=AXIS2_PLACEMENT_3D('',#267,#268,#269);
#272=DIRECTION('',(1.E0,0.E0,0.E0));
#273=VECTOR('',#272,1.77E0);
#274=CARTESIAN_POINT('',(-5.665E0,1.E0,-1.15E0));
#275=LINE('',#274,#273);
#276=DIRECTION('',(0.E0,0.E0,-1.E0));
#277=VECTOR('',#276,8.5E-1);
#278=CARTESIAN_POINT('',(-3.895E0,1.E0,-3.E-1));
#279=LINE('',#278,#277);
#280=DIRECTION('',(-1.E0,0.E0,0.E0));
#281=VECTOR('',#280,1.77E0);
#282=CARTESIAN_POINT('',(-3.895E0,1.E0,-3.E-1));
#283=LINE('',#282,#281);
#284=DIRECTION('',(0.E0,0.E0,-1.E0));
#285=VECTOR('',#284,8.5E-1);
#286=CARTESIAN_POINT('',(-5.665E0,1.E0,-3.E-1));
#287=LINE('',#286,#285);
#288=DIRECTION('',(0.E0,-1.E0,0.E0));
#289=VECTOR('',#288,9.9E-1);
#290=CARTESIAN_POINT('',(4.202530870902E0,4.9E-1,-1.45E0));
#291=LINE('',#290,#289);
#292=DIRECTION('',(-1.E0,0.E0,0.E0));
#293=VECTOR('',#292,9.174691290978E-1);
#294=CARTESIAN_POINT('',(5.12E0,4.9E-1,-1.45E0));
#295=LINE('',#294,#293);
#296=DIRECTION('',(0.E0,-1.E0,0.E0));
#297=VECTOR('',#296,9.9E-1);
#298=CARTESIAN_POINT('',(-4.202530870902E0,4.9E-1,-1.45E0));
#299=LINE('',#298,#297);
#300=DIRECTION('',(-1.E0,0.E0,0.E0));
#301=VECTOR('',#300,9.174691290978E-1);
#302=CARTESIAN_POINT('',(-4.202530870902E0,4.9E-1,-1.45E0));
#303=LINE('',#302,#301);
#304=DIRECTION('',(1.E0,0.E0,0.E0));
#305=VECTOR('',#304,2.07E0);
#306=CARTESIAN_POINT('',(-5.665E0,7.E-1,-1.45E0));
#307=LINE('',#306,#305);
#308=DIRECTION('',(0.E0,1.E0,0.E0));
#309=VECTOR('',#308,1.4E0);
#310=CARTESIAN_POINT('',(-5.665E0,-7.E-1,-1.45E0));
#311=LINE('',#310,#309);
#312=DIRECTION('',(-1.E0,0.E0,0.E0));
#313=VECTOR('',#312,1.133E1);
#314=CARTESIAN_POINT('',(5.665E0,-7.E-1,-1.45E0));
#315=LINE('',#314,#313);
#316=DIRECTION('',(0.E0,-1.E0,0.E0));
#317=VECTOR('',#316,1.4E0);
#318=CARTESIAN_POINT('',(5.665E0,7.E-1,-1.45E0));
#319=LINE('',#318,#317);
#320=DIRECTION('',(1.E0,0.E0,0.E0));
#321=VECTOR('',#320,2.07E0);
#322=CARTESIAN_POINT('',(3.595E0,7.E-1,-1.45E0));
#323=LINE('',#322,#321);
#324=DIRECTION('',(0.E0,-1.E0,0.E0));
#325=VECTOR('',#324,1.E0);
#326=CARTESIAN_POINT('',(-4.14E0,5.E-1,-1.45E0));
#327=LINE('',#326,#325);
#328=DIRECTION('',(0.E0,0.E0,-1.E0));
#329=VECTOR('',#328,4.E-2);
#330=CARTESIAN_POINT('',(5.12E0,-5.E-1,-1.45E0));
#331=LINE('',#330,#329);
#332=DIRECTION('',(0.E0,1.E0,0.E0));
#333=VECTOR('',#332,9.9E-1);
#334=CARTESIAN_POINT('',(5.12E0,-5.E-1,-1.45E0));
#335=LINE('',#334,#333);
#336=DIRECTION('',(0.E0,3.420201433257E-1,9.396926207859E-1));
#337=VECTOR('',#336,1.607972614211E0);
#338=CARTESIAN_POINT('',(5.12E0,-5.995902397623E-2,-4.36E0));
#339=LINE('',#338,#337);
#340=DIRECTION('',(0.E0,-1.E0,0.E0));
#341=VECTOR('',#340,4.400409760238E-1);
#342=CARTESIAN_POINT('',(5.12E0,-5.995902397623E-2,-4.36E0));
#343=LINE('',#342,#341);
#344=DIRECTION('',(0.E0,0.E0,1.E0));
#345=VECTOR('',#344,4.E-2);
#346=CARTESIAN_POINT('',(5.12E0,-5.E-1,-4.4E0));
#347=LINE('',#346,#345);
#348=DIRECTION('',(0.E0,0.E0,-1.E0));
#349=VECTOR('',#348,1.1E-1);
#350=CARTESIAN_POINT('',(5.12E0,-8.3E-1,-1.49E0));
#351=LINE('',#350,#349);
#352=DIRECTION('',(0.E0,1.E0,0.E0));
#353=VECTOR('',#352,3.3E-1);
#354=CARTESIAN_POINT('',(5.12E0,-8.3E-1,-1.49E0));
#355=LINE('',#354,#353);
#356=DIRECTION('',(0.E0,-1.E0,0.E0));
#357=VECTOR('',#356,3.3E-1);
#358=CARTESIAN_POINT('',(5.12E0,8.3E-1,-1.49E0));
#359=LINE('',#358,#357);
#360=DIRECTION('',(0.E0,0.E0,1.E0));
#361=VECTOR('',#360,2.91E0);
#362=CARTESIAN_POINT('',(5.12E0,5.E-1,-4.4E0));
#363=LINE('',#362,#361);
#364=DIRECTION('',(-1.E0,0.E0,0.E0));
#365=VECTOR('',#364,9.174691290978E-1);
#366=CARTESIAN_POINT('',(5.12E0,-5.E-1,-1.45E0));
#367=LINE('',#366,#365);
#368=DIRECTION('',(1.E0,0.E0,0.E0));
#369=VECTOR('',#368,9.104160498694E-1);
#370=CARTESIAN_POINT('',(4.209583950131E0,-5.E-1,-1.49E0));
#371=LINE('',#370,#369);
#372=DIRECTION('',(-1.E0,0.E0,0.E0));
#373=VECTOR('',#372,8.28E0);
#374=CARTESIAN_POINT('',(4.14E0,-5.E-1,-1.45E0));
#375=LINE('',#374,#373);
#376=DIRECTION('',(1.E0,0.E0,0.E0));
#377=VECTOR('',#376,8.28E0);
#378=CARTESIAN_POINT('',(-4.14E0,-5.E-1,-1.49E0));
#379=LINE('',#378,#377);
#380=DIRECTION('',(-1.E0,0.E0,0.E0));
#381=VECTOR('',#380,9.174691290978E-1);
#382=CARTESIAN_POINT('',(-4.202530870902E0,-5.E-1,-1.45E0));
#383=LINE('',#382,#381);
#384=DIRECTION('',(1.E0,0.E0,0.E0));
#385=VECTOR('',#384,9.104160498694E-1);
#386=CARTESIAN_POINT('',(-5.12E0,-5.E-1,-1.49E0));
#387=LINE('',#386,#385);
#388=DIRECTION('',(1.E0,0.E0,0.E0));
#389=VECTOR('',#388,6.958395013055E-2);
#390=CARTESIAN_POINT('',(-4.209583950131E0,-5.E-1,-1.49E0));
#391=LINE('',#390,#389);
#392=DIRECTION('',(1.736481776669E-1,0.E0,9.848077530122E-1));
#393=VECTOR('',#392,1.217496507651E0);
#394=CARTESIAN_POINT('',(-4.421E0,-5.E-1,-2.689E0));
#395=LINE('',#394,#393);
#396=DIRECTION('',(0.E0,0.E0,1.E0));
#397=VECTOR('',#396,6.E-1);
#398=CARTESIAN_POINT('',(-4.421E0,-5.E-1,-3.289E0));
#399=LINE('',#398,#397);
#400=DIRECTION('',(-7.071067811865E-1,0.E0,7.071067811865E-1));
#401=VECTOR('',#400,3.549676041556E-1);
#402=CARTESIAN_POINT('',(-4.17E0,-5.E-1,-3.54E0));
#403=LINE('',#402,#401);
#404=DIRECTION('',(0.E0,0.E0,1.E0));
#405=VECTOR('',#404,4.E-1);
#406=CARTESIAN_POINT('',(-4.17E0,-5.E-1,-3.94E0));
#407=LINE('',#406,#405);
#408=DIRECTION('',(7.071067811865E-1,0.E0,7.071067811865E-1));
#409=VECTOR('',#408,5.939696961967E-1);
#410=CARTESIAN_POINT('',(-4.59E0,-5.E-1,-4.36E0));
#411=LINE('',#410,#409);
#412=DIRECTION('',(1.E0,0.E0,0.E0));
#413=VECTOR('',#412,5.3E-1);
#414=CARTESIAN_POINT('',(-5.12E0,-5.E-1,-4.36E0));
#415=LINE('',#414,#413);
#416=DIRECTION('',(0.E0,0.E0,1.E0));
#417=VECTOR('',#416,1.02E0);
#418=CARTESIAN_POINT('',(-4.14E0,-5.E-1,-4.4E0));
#419=LINE('',#418,#417);
#420=DIRECTION('',(-7.071067811865E-1,0.E0,7.071067811865E-1));
#421=VECTOR('',#420,2.121320343560E-1);
#422=CARTESIAN_POINT('',(-4.14E0,-5.E-1,-3.38E0));
#423=LINE('',#422,#421);
#424=DIRECTION('',(0.E0,0.E0,1.E0));
#425=VECTOR('',#424,5.E-1);
#426=CARTESIAN_POINT('',(-4.29E0,-5.E-1,-3.23E0));
#427=LINE('',#426,#425);
#428=DIRECTION('',(6.839107002186E-1,0.E0,7.295657298191E-1));
#429=VECTOR('',#428,2.193268798866E-1);
#430=CARTESIAN_POINT('',(-4.29E0,-5.E-1,-2.73E0));
#431=LINE('',#430,#429);
#432=DIRECTION('',(0.E0,0.E0,1.E0));
#433=VECTOR('',#432,1.079986624807E0);
#434=CARTESIAN_POINT('',(-4.14E0,-5.E-1,-2.569986624807E0));
#435=LINE('',#434,#433);
#436=DIRECTION('',(1.E0,0.E0,0.E0));
#437=VECTOR('',#436,6.958395013055E-2);
#438=CARTESIAN_POINT('',(4.14E0,-5.E-1,-1.49E0));
#439=LINE('',#438,#437);
#440=DIRECTION('',(0.E0,0.E0,-1.E0));
#441=VECTOR('',#440,1.079986624807E0);
#442=CARTESIAN_POINT('',(4.14E0,-5.E-1,-1.49E0));
#443=LINE('',#442,#441);
#444=DIRECTION('',(6.839107002186E-1,0.E0,-7.295657298191E-1));
#445=VECTOR('',#444,2.193268798866E-1);
#446=CARTESIAN_POINT('',(4.14E0,-5.E-1,-2.569986624807E0));
#447=LINE('',#446,#445);
#448=DIRECTION('',(0.E0,0.E0,-1.E0));
#449=VECTOR('',#448,5.E-1);
#450=CARTESIAN_POINT('',(4.29E0,-5.E-1,-2.73E0));
#451=LINE('',#450,#449);
#452=DIRECTION('',(-7.071067811865E-1,0.E0,-7.071067811865E-1));
#453=VECTOR('',#452,2.121320343560E-1);
#454=CARTESIAN_POINT('',(4.29E0,-5.E-1,-3.23E0));
#455=LINE('',#454,#453);
#456=DIRECTION('',(0.E0,0.E0,-1.E0));
#457=VECTOR('',#456,1.02E0);
#458=CARTESIAN_POINT('',(4.14E0,-5.E-1,-3.38E0));
#459=LINE('',#458,#457);
#460=DIRECTION('',(-1.E0,0.E0,0.E0));
#461=VECTOR('',#460,5.3E-1);
#462=CARTESIAN_POINT('',(5.12E0,-5.E-1,-4.36E0));
#463=LINE('',#462,#461);
#464=DIRECTION('',(7.071067811865E-1,0.E0,-7.071067811865E-1));
#465=VECTOR('',#464,5.939696961967E-1);
#466=CARTESIAN_POINT('',(4.17E0,-5.E-1,-3.94E0));
#467=LINE('',#466,#465);
#468=DIRECTION('',(0.E0,0.E0,-1.E0));
#469=VECTOR('',#468,4.E-1);
#470=CARTESIAN_POINT('',(4.17E0,-5.E-1,-3.54E0));
#471=LINE('',#470,#469);
#472=DIRECTION('',(-7.071067811865E-1,0.E0,-7.071067811865E-1));
#473=VECTOR('',#472,3.549676041556E-1);
#474=CARTESIAN_POINT('',(4.421E0,-5.E-1,-3.289E0));
#475=LINE('',#474,#473);
#476=DIRECTION('',(0.E0,0.E0,-1.E0));
#477=VECTOR('',#476,6.E-1);
#478=CARTESIAN_POINT('',(4.421E0,-5.E-1,-2.689E0));
#479=LINE('',#478,#477);
#480=DIRECTION('',(1.736481776669E-1,0.E0,-9.848077530122E-1));
#481=VECTOR('',#480,1.217496507651E0);
#482=CARTESIAN_POINT('',(4.209583950131E0,-5.E-1,-1.49E0));
#483=LINE('',#482,#481);
#484=DIRECTION('',(-1.736481776669E-1,0.E0,-9.848077530122E-1));
#485=VECTOR('',#484,4.061706447543E-2);
#486=CARTESIAN_POINT('',(-4.202530870902E0,-5.E-1,-1.45E0));
#487=LINE('',#486,#485);
#488=DIRECTION('',(0.E0,-1.E0,0.E0));
#489=VECTOR('',#488,9.9E-1);
#490=CARTESIAN_POINT('',(-4.421E0,4.9E-1,-2.689E0));
#491=LINE('',#490,#489);
#492=DIRECTION('',(-1.E0,0.E0,0.E0));
#493=VECTOR('',#492,6.99E-1);
#494=CARTESIAN_POINT('',(-4.421E0,4.9E-1,-2.849E0));
#495=LINE('',#494,#493);
#496=DIRECTION('',(0.E0,0.E0,-1.E0));
#497=VECTOR('',#496,1.6E-1);
#498=CARTESIAN_POINT('',(-4.421E0,4.9E-1,-2.689E0));
#499=LINE('',#498,#497);
#500=DIRECTION('',(-1.736481776669E-1,0.E0,-9.848077530122E-1));
#501=VECTOR('',#500,1.258113572126E0);
#502=CARTESIAN_POINT('',(-4.202530870902E0,4.9E-1,-1.45E0));
#503=LINE('',#502,#501);
#504=DIRECTION('',(0.E0,0.E0,-1.E0));
#505=VECTOR('',#504,1.399E0);
#506=CARTESIAN_POINT('',(-5.12E0,4.9E-1,-1.45E0));
#507=LINE('',#506,#505);
#508=DIRECTION('',(-1.E0,0.E0,0.E0));
#509=VECTOR('',#508,6.99E-1);
#510=CARTESIAN_POINT('',(5.12E0,4.9E-1,-2.849E0));
#511=LINE('',#510,#509);
#512=DIRECTION('',(0.E0,0.E0,1.E0));
#513=VECTOR('',#512,1.399E0);
#514=CARTESIAN_POINT('',(5.12E0,4.9E-1,-2.849E0));
#515=LINE('',#514,#513);
#516=DIRECTION('',(-1.736481776669E-1,0.E0,9.848077530122E-1));
#517=VECTOR('',#516,1.258113572126E0);
#518=CARTESIAN_POINT('',(4.421E0,4.9E-1,-2.689E0));
#519=LINE('',#518,#517);
#520=DIRECTION('',(0.E0,0.E0,1.E0));
#521=VECTOR('',#520,1.6E-1);
#522=CARTESIAN_POINT('',(4.421E0,4.9E-1,-2.849E0));
#523=LINE('',#522,#521);
#524=DIRECTION('',(0.E0,0.E0,-1.E0));
#525=VECTOR('',#524,4.E-2);
#526=CARTESIAN_POINT('',(-5.12E0,-5.E-1,-1.45E0));
#527=LINE('',#526,#525);
#528=DIRECTION('',(0.E0,1.E0,0.E0));
#529=VECTOR('',#528,3.3E-1);
#530=CARTESIAN_POINT('',(-5.12E0,-8.3E-1,-1.49E0));
#531=LINE('',#530,#529);
#532=DIRECTION('',(0.E0,0.E0,1.E0));
#533=VECTOR('',#532,4.E-2);
#534=CARTESIAN_POINT('',(-5.12E0,-5.E-1,-4.4E0));
#535=LINE('',#534,#533);
#536=DIRECTION('',(0.E0,-3.420201433257E-1,-9.396926207859E-1));
#537=VECTOR('',#536,1.607972614211E0);
#538=CARTESIAN_POINT('',(-5.12E0,4.9E-1,-2.849E0));
#539=LINE('',#538,#537);
#540=DIRECTION('',(0.E0,-1.E0,0.E0));
#541=VECTOR('',#540,9.9E-1);
#542=CARTESIAN_POINT('',(-5.12E0,4.9E-1,-1.45E0));
#543=LINE('',#542,#541);
#544=DIRECTION('',(0.E0,-1.E0,0.E0));
#545=VECTOR('',#544,3.3E-1);
#546=CARTESIAN_POINT('',(-5.12E0,8.3E-1,-1.49E0));
#547=LINE('',#546,#545);
#548=DIRECTION('',(0.E0,0.E0,1.E0));
#549=VECTOR('',#548,2.91E0);
#550=CARTESIAN_POINT('',(-5.12E0,5.E-1,-4.4E0));
#551=LINE('',#550,#549);
#552=DIRECTION('',(0.E0,0.E0,-1.E0));
#553=VECTOR('',#552,2.91E0);
#554=CARTESIAN_POINT('',(-5.12E0,8.3E-1,-1.49E0));
#555=LINE('',#554,#553);
#556=DIRECTION('',(-1.E0,0.E0,0.E0));
#557=VECTOR('',#556,1.055E0);
#558=CARTESIAN_POINT('',(5.12E0,-8.3E-1,-1.6E0));
#559=LINE('',#558,#557);
#560=DIRECTION('',(0.E0,0.E0,-1.E0));
#561=VECTOR('',#560,9.E-1);
#562=CARTESIAN_POINT('',(4.015E0,-8.3E-1,-1.65E0));
#563=LINE('',#562,#561);
#564=CARTESIAN_POINT('',(3.965E0,-8.3E-1,-2.55E0));
#565=DIRECTION('',(0.E0,-1.E0,0.E0));
#566=DIRECTION('',(1.776356839400E-14,0.E0,-1.E0));
#567=AXIS2_PLACEMENT_3D('',#564,#565,#566);
#569=DIRECTION('',(1.E0,0.E0,0.E0));
#570=VECTOR('',#569,3.5E-2);
#571=CARTESIAN_POINT('',(3.93E0,-8.3E-1,-2.6E0));
#572=LINE('',#571,#570);
#573=DIRECTION('',(0.E0,0.E0,-1.E0));
#574=VECTOR('',#573,5.E-2);
#575=CARTESIAN_POINT('',(3.93E0,-8.3E-1,-2.55E0));
#576=LINE('',#575,#574);
#577=DIRECTION('',(0.E0,0.E0,1.E0));
#578=VECTOR('',#577,1.7E0);
#579=CARTESIAN_POINT('',(3.55E0,-8.3E-1,-4.25E0));
#580=LINE('',#579,#578);
#581=DIRECTION('',(7.071067811865E-1,0.E0,7.071067811865E-1));
#582=VECTOR('',#581,2.121320343560E-1);
#583=CARTESIAN_POINT('',(3.4E0,-8.3E-1,-4.4E0));
#584=LINE('',#583,#582);
#585=DIRECTION('',(0.E0,0.E0,1.E0));
#586=VECTOR('',#585,2.91E0);
#587=CARTESIAN_POINT('',(3.4E0,-8.3E-1,-4.4E0));
#588=LINE('',#587,#586);
#589=DIRECTION('',(1.E0,0.E0,0.E0));
#590=VECTOR('',#589,1.72E0);
#591=CARTESIAN_POINT('',(3.4E0,-8.3E-1,-1.49E0));
#592=LINE('',#591,#590);
#593=DIRECTION('',(0.E0,0.E0,1.E0));
#594=VECTOR('',#593,9.E-1);
#595=CARTESIAN_POINT('',(-4.015E0,-8.3E-1,-2.55E0));
#596=LINE('',#595,#594);
#597=DIRECTION('',(1.E0,0.E0,0.E0));
#598=VECTOR('',#597,1.055E0);
#599=CARTESIAN_POINT('',(-5.12E0,-8.3E-1,-1.6E0));
#600=LINE('',#599,#598);
#601=DIRECTION('',(0.E0,0.E0,-1.E0));
#602=VECTOR('',#601,1.1E-1);
#603=CARTESIAN_POINT('',(-5.12E0,-8.3E-1,-1.49E0));
#604=LINE('',#603,#602);
#605=DIRECTION('',(1.E0,0.E0,0.E0));
#606=VECTOR('',#605,1.72E0);
#607=CARTESIAN_POINT('',(-5.12E0,-8.3E-1,-1.49E0));
#608=LINE('',#607,#606);
#609=DIRECTION('',(0.E0,0.E0,1.E0));
#610=VECTOR('',#609,2.91E0);
#611=CARTESIAN_POINT('',(-3.4E0,-8.3E-1,-4.4E0));
#612=LINE('',#611,#610);
#613=DIRECTION('',(7.071067811865E-1,0.E0,-7.071067811865E-1));
#614=VECTOR('',#613,2.121320343560E-1);
#615=CARTESIAN_POINT('',(-3.55E0,-8.3E-1,-4.25E0));
#616=LINE('',#615,#614);
#617=DIRECTION('',(0.E0,0.E0,1.E0));
#618=VECTOR('',#617,1.7E0);
#619=CARTESIAN_POINT('',(-3.55E0,-8.3E-1,-4.25E0));
#620=LINE('',#619,#618);
#621=DIRECTION('',(0.E0,0.E0,1.E0));
#622=VECTOR('',#621,5.E-2);
#623=CARTESIAN_POINT('',(-3.93E0,-8.3E-1,-2.6E0));
#624=LINE('',#623,#622);
#625=DIRECTION('',(1.E0,0.E0,0.E0));
#626=VECTOR('',#625,3.5E-2);
#627=CARTESIAN_POINT('',(-3.965E0,-8.3E-1,-2.6E0));
#628=LINE('',#627,#626);
#629=CARTESIAN_POINT('',(-3.965E0,-8.3E-1,-2.55E0));
#630=DIRECTION('',(0.E0,-1.E0,0.E0));
#631=DIRECTION('',(-1.E0,0.E0,0.E0));
#632=AXIS2_PLACEMENT_3D('',#629,#630,#631);
#634=DIRECTION('',(0.E0,1.E0,0.E0));
#635=VECTOR('',#634,2.E-1);
#636=CARTESIAN_POINT('',(5.215E0,-1.03E0,-1.6E0));
#637=LINE('',#636,#635);
#638=DIRECTION('',(0.E0,1.E0,0.E0));
#639=VECTOR('',#638,2.E-1);
#640=CARTESIAN_POINT('',(4.065E0,-1.03E0,-1.6E0));
#641=LINE('',#640,#639);
#642=DIRECTION('',(0.E0,0.E0,1.E0));
#643=VECTOR('',#642,1.8E0);
#644=CARTESIAN_POINT('',(3.916E0,-8.3E-1,-4.4E0));
#645=LINE('',#644,#643);
#646=CARTESIAN_POINT('',(-5.215E0,-8.3E-1,-1.7E0));
#647=DIRECTION('',(0.E0,1.E0,0.E0));
#648=DIRECTION('',(-1.E0,0.E0,0.E0));
#649=AXIS2_PLACEMENT_3D('',#646,#647,#648);
#651=DIRECTION('',(-7.071067811865E-1,0.E0,7.071067811865E-1));
#652=VECTOR('',#651,2.121320343560E-1);
#653=CARTESIAN_POINT('',(-5.165E0,-8.3E-1,-2.15E0));
#654=LINE('',#653,#652);
#655=DIRECTION('',(0.E0,0.E0,1.E0));
#656=VECTOR('',#655,4.E-1);
#657=CARTESIAN_POINT('',(-5.165E0,-8.3E-1,-2.55E0));
#658=LINE('',#657,#656);
#659=DIRECTION('',(7.071067811865E-1,0.E0,7.071067811865E-1));
#660=VECTOR('',#659,2.121320343560E-1);
#661=CARTESIAN_POINT('',(-5.315E0,-8.3E-1,-2.7E0));
#662=LINE('',#661,#660);
#663=CARTESIAN_POINT('',(-5.215E0,-8.3E-1,-4.3E0));
#664=DIRECTION('',(0.E0,1.E0,0.E0));
#665=DIRECTION('',(0.E0,0.E0,-1.E0));
#666=AXIS2_PLACEMENT_3D('',#663,#664,#665);
#668=DIRECTION('',(0.E0,0.E0,1.E0));
#669=VECTOR('',#668,2.8E0);
#670=CARTESIAN_POINT('',(-5.12E0,-8.3E-1,-4.4E0));
#671=LINE('',#670,#669);
#672=DIRECTION('',(-1.E0,0.E0,0.E0));
#673=VECTOR('',#672,9.5E-2);
#674=CARTESIAN_POINT('',(-5.12E0,-8.3E-1,-1.6E0));
#675=LINE('',#674,#673);
#676=CARTESIAN_POINT('',(5.215E0,-8.3E-1,-4.3E0));
#677=DIRECTION('',(0.E0,1.E0,0.E0));
#678=DIRECTION('',(1.E0,0.E0,0.E0));
#679=AXIS2_PLACEMENT_3D('',#676,#677,#678);
#681=DIRECTION('',(7.071067811865E-1,0.E0,-7.071067811865E-1));
#682=VECTOR('',#681,2.121320343560E-1);
#683=CARTESIAN_POINT('',(5.165E0,-8.3E-1,-2.55E0));
#684=LINE('',#683,#682);
#685=DIRECTION('',(0.E0,0.E0,-1.E0));
#686=VECTOR('',#685,4.E-1);
#687=CARTESIAN_POINT('',(5.165E0,-8.3E-1,-2.15E0));
#688=LINE('',#687,#686);
#689=DIRECTION('',(-7.071067811865E-1,0.E0,-7.071067811865E-1));
#690=VECTOR('',#689,2.121320343560E-1);
#691=CARTESIAN_POINT('',(5.315E0,-8.3E-1,-2.E0));
#692=LINE('',#691,#690);
#693=CARTESIAN_POINT('',(5.215E0,-8.3E-1,-1.7E0));
#694=DIRECTION('',(0.E0,1.E0,0.E0));
#695=DIRECTION('',(0.E0,0.E0,1.E0));
#696=AXIS2_PLACEMENT_3D('',#693,#694,#695);
#698=DIRECTION('',(-1.E0,0.E0,0.E0));
#699=VECTOR('',#698,9.5E-2);
#700=CARTESIAN_POINT('',(5.215E0,-8.3E-1,-1.6E0));
#701=LINE('',#700,#699);
#702=DIRECTION('',(0.E0,0.E0,-1.E0));
#703=VECTOR('',#702,2.8E0);
#704=CARTESIAN_POINT('',(5.12E0,-8.3E-1,-1.6E0));
#705=LINE('',#704,#703);
#706=DIRECTION('',(0.E0,-1.E0,0.E0));
#707=VECTOR('',#706,1.83E0);
#708=CARTESIAN_POINT('',(3.4E0,1.E0,-4.4E0));
#709=LINE('',#708,#707);
#710=DIRECTION('',(-1.E0,0.E0,0.E0));
#711=VECTOR('',#710,6.8E0);
#712=CARTESIAN_POINT('',(3.4E0,1.E0,-4.4E0));
#713=LINE('',#712,#711);
#714=DIRECTION('',(0.E0,1.E0,0.E0));
#715=VECTOR('',#714,1.83E0);
#716=CARTESIAN_POINT('',(-3.4E0,-8.3E-1,-4.4E0));
#717=LINE('',#716,#715);
#718=DIRECTION('',(0.E0,1.E0,0.E0));
#719=VECTOR('',#718,1.7E-1);
#720=CARTESIAN_POINT('',(-3.4E0,-1.E0,-4.4E0));
#721=LINE('',#720,#719);
#722=DIRECTION('',(-1.E0,0.E0,0.E0));
#723=VECTOR('',#722,6.8E0);
#724=CARTESIAN_POINT('',(3.4E0,-1.E0,-4.4E0));
#725=LINE('',#724,#723);
#726=DIRECTION('',(0.E0,-1.E0,0.E0));
#727=VECTOR('',#726,1.7E-1);
#728=CARTESIAN_POINT('',(3.4E0,-8.3E-1,-4.4E0));
#729=LINE('',#728,#727);
#730=DIRECTION('',(0.E0,1.E0,0.E0));
#731=VECTOR('',#730,2.E-1);
#732=CARTESIAN_POINT('',(-5.215E0,-1.03E0,-4.4E0));
#733=LINE('',#732,#731);
#734=DIRECTION('',(-1.E0,0.E0,0.E0));
#735=VECTOR('',#734,1.299E0);
#736=CARTESIAN_POINT('',(-3.916E0,-1.03E0,-4.4E0));
#737=LINE('',#736,#735);
#738=CARTESIAN_POINT('',(-3.916E0,-6.79E-1,-4.4E0));
#739=DIRECTION('',(0.E0,0.E0,-1.E0));
#740=DIRECTION('',(1.E0,0.E0,0.E0));
#741=AXIS2_PLACEMENT_3D('',#738,#739,#740);
#743=DIRECTION('',(0.E0,-1.E0,0.E0));
#744=VECTOR('',#743,3.99E-1);
#745=CARTESIAN_POINT('',(-3.565E0,-2.8E-1,-4.4E0));
#746=LINE('',#745,#744);
#747=DIRECTION('',(1.E0,0.E0,0.E0));
#748=VECTOR('',#747,2.E-1);
#749=CARTESIAN_POINT('',(-3.765E0,-2.8E-1,-4.4E0));
#750=LINE('',#749,#748);
#751=DIRECTION('',(0.E0,1.E0,0.E0));
#752=VECTOR('',#751,3.99E-1);
#753=CARTESIAN_POINT('',(-3.765E0,-6.79E-1,-4.4E0));
#754=LINE('',#753,#752);
#755=CARTESIAN_POINT('',(-3.916E0,-6.79E-1,-4.4E0));
#756=DIRECTION('',(0.E0,0.E0,1.E0));
#757=DIRECTION('',(0.E0,-1.E0,0.E0));
#758=AXIS2_PLACEMENT_3D('',#755,#756,#757);
#760=DIRECTION('',(1.E0,0.E0,6.344131569287E-14));
#761=VECTOR('',#760,1.4E-2);
#762=CARTESIAN_POINT('',(-3.93E0,-8.3E-1,-4.4E0));
#763=LINE('',#762,#761);
#764=DIRECTION('',(0.E0,-1.E0,0.E0));
#765=VECTOR('',#764,1.66E0);
#766=CARTESIAN_POINT('',(-3.93E0,8.3E-1,-4.4E0));
#767=LINE('',#766,#765);
#768=DIRECTION('',(-1.E0,0.E0,0.E0));
#769=VECTOR('',#768,1.19E0);
#770=CARTESIAN_POINT('',(-3.93E0,8.3E-1,-4.4E0));
#771=LINE('',#770,#769);
#772=DIRECTION('',(0.E0,-1.E0,0.E0));
#773=VECTOR('',#772,3.3E-1);
#774=CARTESIAN_POINT('',(-5.12E0,8.3E-1,-4.4E0));
#775=LINE('',#774,#773);
#776=DIRECTION('',(-1.E0,0.E0,0.E0));
#777=VECTOR('',#776,9.8E-1);
#778=CARTESIAN_POINT('',(-4.14E0,5.E-1,-4.4E0));
#779=LINE('',#778,#777);
#780=DIRECTION('',(0.E0,-1.E0,0.E0));
#781=VECTOR('',#780,1.E0);
#782=CARTESIAN_POINT('',(-4.14E0,5.E-1,-4.4E0));
#783=LINE('',#782,#781);
#784=DIRECTION('',(-1.E0,0.E0,0.E0));
#785=VECTOR('',#784,9.8E-1);
#786=CARTESIAN_POINT('',(-4.14E0,-5.E-1,-4.4E0));
#787=LINE('',#786,#785);
#788=DIRECTION('',(0.E0,-1.E0,0.E0));
#789=VECTOR('',#788,3.3E-1);
#790=CARTESIAN_POINT('',(-5.12E0,-5.E-1,-4.4E0));
#791=LINE('',#790,#789);
#792=DIRECTION('',(1.E0,0.E0,0.E0));
#793=VECTOR('',#792,9.5E-2);
#794=CARTESIAN_POINT('',(-5.215E0,-8.3E-1,-4.4E0));
#795=LINE('',#794,#793);
#796=DIRECTION('',(0.E0,-1.E0,0.E0));
#797=VECTOR('',#796,2.E-1);
#798=CARTESIAN_POINT('',(5.215E0,-8.3E-1,-4.4E0));
#799=LINE('',#798,#797);
#800=DIRECTION('',(1.E0,0.E0,0.E0));
#801=VECTOR('',#800,9.5E-2);
#802=CARTESIAN_POINT('',(5.12E0,-8.3E-1,-4.4E0));
#803=LINE('',#802,#801);
#804=DIRECTION('',(0.E0,1.E0,0.E0));
#805=VECTOR('',#804,3.3E-1);
#806=CARTESIAN_POINT('',(5.12E0,-8.3E-1,-4.4E0));
#807=LINE('',#806,#805);
#808=DIRECTION('',(-1.E0,0.E0,0.E0));
#809=VECTOR('',#808,9.8E-1);
#810=CARTESIAN_POINT('',(5.12E0,-5.E-1,-4.4E0));
#811=LINE('',#810,#809);
#812=DIRECTION('',(0.E0,-1.E0,0.E0));
#813=VECTOR('',#812,1.E0);
#814=CARTESIAN_POINT('',(4.14E0,5.E-1,-4.4E0));
#815=LINE('',#814,#813);
#816=DIRECTION('',(-1.E0,0.E0,0.E0));
#817=VECTOR('',#816,9.8E-1);
#818=CARTESIAN_POINT('',(5.12E0,5.E-1,-4.4E0));
#819=LINE('',#818,#817);
#820=DIRECTION('',(0.E0,1.E0,0.E0));
#821=VECTOR('',#820,3.3E-1);
#822=CARTESIAN_POINT('',(5.12E0,5.E-1,-4.4E0));
#823=LINE('',#822,#821);
#824=DIRECTION('',(-1.E0,0.E0,0.E0));
#825=VECTOR('',#824,1.19E0);
#826=CARTESIAN_POINT('',(5.12E0,8.3E-1,-4.4E0));
#827=LINE('',#826,#825);
#828=DIRECTION('',(0.E0,1.E0,0.E0));
#829=VECTOR('',#828,1.66E0);
#830=CARTESIAN_POINT('',(3.93E0,-8.3E-1,-4.4E0));
#831=LINE('',#830,#829);
#832=DIRECTION('',(1.E0,0.E0,-6.344131569287E-14));
#833=VECTOR('',#832,1.4E-2);
#834=CARTESIAN_POINT('',(3.916E0,-8.3E-1,-4.4E0));
#835=LINE('',#834,#833);
#836=CARTESIAN_POINT('',(3.916E0,-6.79E-1,-4.4E0));
#837=DIRECTION('',(0.E0,0.E0,1.E0));
#838=DIRECTION('',(-1.E0,1.470494072351E-14,0.E0));
#839=AXIS2_PLACEMENT_3D('',#836,#837,#838);
#841=DIRECTION('',(0.E0,-1.E0,0.E0));
#842=VECTOR('',#841,3.99E-1);
#843=CARTESIAN_POINT('',(3.765E0,-2.8E-1,-4.4E0));
#844=LINE('',#843,#842);
#845=DIRECTION('',(1.E0,0.E0,0.E0));
#846=VECTOR('',#845,2.E-1);
#847=CARTESIAN_POINT('',(3.565E0,-2.8E-1,-4.4E0));
#848=LINE('',#847,#846);
#849=DIRECTION('',(0.E0,1.E0,0.E0));
#850=VECTOR('',#849,3.99E-1);
#851=CARTESIAN_POINT('',(3.565E0,-6.79E-1,-4.4E0));
#852=LINE('',#851,#850);
#853=CARTESIAN_POINT('',(3.916E0,-6.79E-1,-4.4E0));
#854=DIRECTION('',(0.E0,0.E0,-1.E0));
#855=DIRECTION('',(0.E0,-1.E0,0.E0));
#856=AXIS2_PLACEMENT_3D('',#853,#854,#855);
#858=DIRECTION('',(-1.E0,0.E0,0.E0));
#859=VECTOR('',#858,1.299E0);
#860=CARTESIAN_POINT('',(5.215E0,-1.03E0,-4.4E0));
#861=LINE('',#860,#859);
#862=DIRECTION('',(0.E0,1.E0,0.E0));
#863=VECTOR('',#862,4.3E-1);
#864=CARTESIAN_POINT('',(-3.1E0,-8.5E-1,-4.4E0));
#865=LINE('',#864,#863);
#866=DIRECTION('',(-1.E0,0.E0,0.E0));
#867=VECTOR('',#866,2.E-1);
#868=CARTESIAN_POINT('',(-2.9E0,-4.2E-1,-4.4E0));
#869=LINE('',#868,#867);
#870=DIRECTION('',(0.E0,1.E0,0.E0));
#871=VECTOR('',#870,4.3E-1);
#872=CARTESIAN_POINT('',(-2.9E0,-8.5E-1,-4.4E0));
#873=LINE('',#872,#871);
#874=DIRECTION('',(-1.E0,0.E0,0.E0));
#875=VECTOR('',#874,2.E-1);
#876=CARTESIAN_POINT('',(-2.9E0,-8.5E-1,-4.4E0));
#877=LINE('',#876,#875);
#878=DIRECTION('',(0.E0,1.E0,0.E0));
#879=VECTOR('',#878,4.3E-1);
#880=CARTESIAN_POINT('',(-2.6E0,-8.5E-1,-4.4E0));
#881=LINE('',#880,#879);
#882=DIRECTION('',(-1.E0,0.E0,0.E0));
#883=VECTOR('',#882,2.E-1);
#884=CARTESIAN_POINT('',(-2.4E0,-4.2E-1,-4.4E0));
#885=LINE('',#884,#883);
#886=DIRECTION('',(0.E0,1.E0,0.E0));
#887=VECTOR('',#886,4.3E-1);
#888=CARTESIAN_POINT('',(-2.4E0,-8.5E-1,-4.4E0));
#889=LINE('',#888,#887);
#890=DIRECTION('',(-1.E0,0.E0,0.E0));
#891=VECTOR('',#890,2.E-1);
#892=CARTESIAN_POINT('',(-2.4E0,-8.5E-1,-4.4E0));
#893=LINE('',#892,#891);
#894=DIRECTION('',(0.E0,1.E0,0.E0));
#895=VECTOR('',#894,4.3E-1);
#896=CARTESIAN_POINT('',(-2.1E0,-8.5E-1,-4.4E0));
#897=LINE('',#896,#895);
#898=DIRECTION('',(-1.E0,0.E0,0.E0));
#899=VECTOR('',#898,2.E-1);
#900=CARTESIAN_POINT('',(-1.9E0,-4.2E-1,-4.4E0));
#901=LINE('',#900,#899);
#902=DIRECTION('',(0.E0,1.E0,0.E0));
#903=VECTOR('',#902,4.3E-1);
#904=CARTESIAN_POINT('',(-1.9E0,-8.5E-1,-4.4E0));
#905=LINE('',#904,#903);
#906=DIRECTION('',(-1.E0,0.E0,0.E0));
#907=VECTOR('',#906,2.E-1);
#908=CARTESIAN_POINT('',(-1.9E0,-8.5E-1,-4.4E0));
#909=LINE('',#908,#907);
#910=DIRECTION('',(0.E0,1.E0,0.E0));
#911=VECTOR('',#910,4.3E-1);
#912=CARTESIAN_POINT('',(-1.6E0,-8.5E-1,-4.4E0));
#913=LINE('',#912,#911);
#914=DIRECTION('',(-1.E0,0.E0,0.E0));
#915=VECTOR('',#914,2.E-1);
#916=CARTESIAN_POINT('',(-1.4E0,-4.2E-1,-4.4E0));
#917=LINE('',#916,#915);
#918=DIRECTION('',(0.E0,1.E0,0.E0));
#919=VECTOR('',#918,4.3E-1);
#920=CARTESIAN_POINT('',(-1.4E0,-8.5E-1,-4.4E0));
#921=LINE('',#920,#919);
#922=DIRECTION('',(-1.E0,0.E0,0.E0));
#923=VECTOR('',#922,2.E-1);
#924=CARTESIAN_POINT('',(-1.4E0,-8.5E-1,-4.4E0));
#925=LINE('',#924,#923);
#926=DIRECTION('',(0.E0,1.E0,0.E0));
#927=VECTOR('',#926,4.3E-1);
#928=CARTESIAN_POINT('',(-1.1E0,-8.5E-1,-4.4E0));
#929=LINE('',#928,#927);
#930=DIRECTION('',(-1.E0,0.E0,0.E0));
#931=VECTOR('',#930,2.E-1);
#932=CARTESIAN_POINT('',(-9.E-1,-4.2E-1,-4.4E0));
#933=LINE('',#932,#931);
#934=DIRECTION('',(0.E0,1.E0,0.E0));
#935=VECTOR('',#934,4.3E-1);
#936=CARTESIAN_POINT('',(-9.E-1,-8.5E-1,-4.4E0));
#937=LINE('',#936,#935);
#938=DIRECTION('',(-1.E0,0.E0,0.E0));
#939=VECTOR('',#938,2.E-1);
#940=CARTESIAN_POINT('',(-9.E-1,-8.5E-1,-4.4E0));
#941=LINE('',#940,#939);
#942=DIRECTION('',(0.E0,1.E0,0.E0));
#943=VECTOR('',#942,4.3E-1);
#944=CARTESIAN_POINT('',(-6.E-1,-8.5E-1,-4.4E0));
#945=LINE('',#944,#943);
#946=DIRECTION('',(-1.E0,0.E0,0.E0));
#947=VECTOR('',#946,2.E-1);
#948=CARTESIAN_POINT('',(-4.E-1,-4.2E-1,-4.4E0));
#949=LINE('',#948,#947);
#950=DIRECTION('',(0.E0,1.E0,0.E0));
#951=VECTOR('',#950,4.3E-1);
#952=CARTESIAN_POINT('',(-4.E-1,-8.5E-1,-4.4E0));
#953=LINE('',#952,#951);
#954=DIRECTION('',(-1.E0,0.E0,0.E0));
#955=VECTOR('',#954,2.E-1);
#956=CARTESIAN_POINT('',(-4.E-1,-8.5E-1,-4.4E0));
#957=LINE('',#956,#955);
#958=DIRECTION('',(0.E0,1.E0,0.E0));
#959=VECTOR('',#958,4.3E-1);
#960=CARTESIAN_POINT('',(-1.E-1,-8.5E-1,-4.4E0));
#961=LINE('',#960,#959);
#962=DIRECTION('',(-1.E0,0.E0,0.E0));
#963=VECTOR('',#962,2.E-1);
#964=CARTESIAN_POINT('',(1.E-1,-4.2E-1,-4.4E0));
#965=LINE('',#964,#963);
#966=DIRECTION('',(0.E0,1.E0,0.E0));
#967=VECTOR('',#966,4.3E-1);
#968=CARTESIAN_POINT('',(1.E-1,-8.5E-1,-4.4E0));
#969=LINE('',#968,#967);
#970=DIRECTION('',(-1.E0,0.E0,0.E0));
#971=VECTOR('',#970,2.E-1);
#972=CARTESIAN_POINT('',(1.E-1,-8.5E-1,-4.4E0));
#973=LINE('',#972,#971);
#974=DIRECTION('',(0.E0,1.E0,0.E0));
#975=VECTOR('',#974,4.3E-1);
#976=CARTESIAN_POINT('',(4.E-1,-8.5E-1,-4.4E0));
#977=LINE('',#976,#975);
#978=DIRECTION('',(-1.E0,0.E0,0.E0));
#979=VECTOR('',#978,2.E-1);
#980=CARTESIAN_POINT('',(6.E-1,-4.2E-1,-4.4E0));
#981=LINE('',#980,#979);
#982=DIRECTION('',(0.E0,1.E0,0.E0));
#983=VECTOR('',#982,4.3E-1);
#984=CARTESIAN_POINT('',(6.E-1,-8.5E-1,-4.4E0));
#985=LINE('',#984,#983);
#986=DIRECTION('',(-1.E0,0.E0,0.E0));
#987=VECTOR('',#986,2.E-1);
#988=CARTESIAN_POINT('',(6.E-1,-8.5E-1,-4.4E0));
#989=LINE('',#988,#987);
#990=DIRECTION('',(0.E0,1.E0,0.E0));
#991=VECTOR('',#990,4.3E-1);
#992=CARTESIAN_POINT('',(9.E-1,-8.5E-1,-4.4E0));
#993=LINE('',#992,#991);
#994=DIRECTION('',(-1.E0,0.E0,0.E0));
#995=VECTOR('',#994,2.E-1);
#996=CARTESIAN_POINT('',(1.1E0,-4.2E-1,-4.4E0));
#997=LINE('',#996,#995);
#998=DIRECTION('',(0.E0,1.E0,0.E0));
#999=VECTOR('',#998,4.3E-1);
#1000=CARTESIAN_POINT('',(1.1E0,-8.5E-1,-4.4E0));
#1001=LINE('',#1000,#999);
#1002=DIRECTION('',(-1.E0,0.E0,0.E0));
#1003=VECTOR('',#1002,2.E-1);
#1004=CARTESIAN_POINT('',(1.1E0,-8.5E-1,-4.4E0));
#1005=LINE('',#1004,#1003);
#1006=DIRECTION('',(0.E0,1.E0,0.E0));
#1007=VECTOR('',#1006,4.3E-1);
#1008=CARTESIAN_POINT('',(1.4E0,-8.5E-1,-4.4E0));
#1009=LINE('',#1008,#1007);
#1010=DIRECTION('',(-1.E0,0.E0,0.E0));
#1011=VECTOR('',#1010,2.E-1);
#1012=CARTESIAN_POINT('',(1.6E0,-4.2E-1,-4.4E0));
#1013=LINE('',#1012,#1011);
#1014=DIRECTION('',(0.E0,1.E0,0.E0));
#1015=VECTOR('',#1014,4.3E-1);
#1016=CARTESIAN_POINT('',(1.6E0,-8.5E-1,-4.4E0));
#1017=LINE('',#1016,#1015);
#1018=DIRECTION('',(-1.E0,0.E0,0.E0));
#1019=VECTOR('',#1018,2.E-1);
#1020=CARTESIAN_POINT('',(1.6E0,-8.5E-1,-4.4E0));
#1021=LINE('',#1020,#1019);
#1022=DIRECTION('',(0.E0,1.E0,0.E0));
#1023=VECTOR('',#1022,4.3E-1);
#1024=CARTESIAN_POINT('',(1.9E0,-8.5E-1,-4.4E0));
#1025=LINE('',#1024,#1023);
#1026=DIRECTION('',(-1.E0,0.E0,0.E0));
#1027=VECTOR('',#1026,2.E-1);
#1028=CARTESIAN_POINT('',(2.1E0,-4.2E-1,-4.4E0));
#1029=LINE('',#1028,#1027);
#1030=DIRECTION('',(0.E0,1.E0,0.E0));
#1031=VECTOR('',#1030,4.3E-1);
#1032=CARTESIAN_POINT('',(2.1E0,-8.5E-1,-4.4E0));
#1033=LINE('',#1032,#1031);
#1034=DIRECTION('',(-1.E0,0.E0,0.E0));
#1035=VECTOR('',#1034,2.E-1);
#1036=CARTESIAN_POINT('',(2.1E0,-8.5E-1,-4.4E0));
#1037=LINE('',#1036,#1035);
#1038=DIRECTION('',(0.E0,1.E0,0.E0));
#1039=VECTOR('',#1038,4.3E-1);
#1040=CARTESIAN_POINT('',(2.4E0,-8.5E-1,-4.4E0));
#1041=LINE('',#1040,#1039);
#1042=DIRECTION('',(-1.E0,0.E0,0.E0));
#1043=VECTOR('',#1042,2.E-1);
#1044=CARTESIAN_POINT('',(2.6E0,-4.2E-1,-4.4E0));
#1045=LINE('',#1044,#1043);
#1046=DIRECTION('',(0.E0,1.E0,0.E0));
#1047=VECTOR('',#1046,4.3E-1);
#1048=CARTESIAN_POINT('',(2.6E0,-8.5E-1,-4.4E0));
#1049=LINE('',#1048,#1047);
#1050=DIRECTION('',(-1.E0,0.E0,0.E0));
#1051=VECTOR('',#1050,2.E-1);
#1052=CARTESIAN_POINT('',(2.6E0,-8.5E-1,-4.4E0));
#1053=LINE('',#1052,#1051);
#1054=DIRECTION('',(0.E0,1.E0,0.E0));
#1055=VECTOR('',#1054,4.3E-1);
#1056=CARTESIAN_POINT('',(2.9E0,-8.5E-1,-4.4E0));
#1057=LINE('',#1056,#1055);
#1058=DIRECTION('',(-1.E0,0.E0,0.E0));
#1059=VECTOR('',#1058,2.E-1);
#1060=CARTESIAN_POINT('',(3.1E0,-4.2E-1,-4.4E0));
#1061=LINE('',#1060,#1059);
#1062=DIRECTION('',(0.E0,1.E0,0.E0));
#1063=VECTOR('',#1062,4.3E-1);
#1064=CARTESIAN_POINT('',(3.1E0,-8.5E-1,-4.4E0));
#1065=LINE('',#1064,#1063);
#1066=DIRECTION('',(-1.E0,0.E0,0.E0));
#1067=VECTOR('',#1066,2.E-1);
#1068=CARTESIAN_POINT('',(3.1E0,-8.5E-1,-4.4E0));
#1069=LINE('',#1068,#1067);
#1070=DIRECTION('',(0.E0,-1.E0,0.E0));
#1071=VECTOR('',#1070,3.3E-1);
#1072=CARTESIAN_POINT('',(3.55E0,8.3E-1,-1.49E0));
#1073=LINE('',#1072,#1071);
#1074=DIRECTION('',(0.E0,-1.643934402268E-1,-9.863948483292E-1));
#1075=VECTOR('',#1074,1.480137495115E0);
#1076=CARTESIAN_POINT('',(3.55E0,6.999913303055E-1,1.E-2));
#1077=LINE('',#1076,#1075);
#1078=DIRECTION('',(0.E0,1.E0,0.E0));
#1079=VECTOR('',#1078,3.000086696945E-1);
#1080=CARTESIAN_POINT('',(3.55E0,6.999913303055E-1,1.E-2));
#1081=LINE('',#1080,#1079);
#1082=DIRECTION('',(0.E0,-1.E0,0.E0));
#1083=VECTOR('',#1082,1.83E0);
#1084=CARTESIAN_POINT('',(3.55E0,1.E0,-4.25E0));
#1085=LINE('',#1084,#1083);
#1086=DIRECTION('',(0.E0,0.E0,-1.E0));
#1087=VECTOR('',#1086,1.05E0);
#1088=CARTESIAN_POINT('',(3.55E0,-2.8E-1,-2.55E0));
#1089=LINE('',#1088,#1087);
#1090=DIRECTION('',(0.E0,-1.E0,0.E0));
#1091=VECTOR('',#1090,3.E-1);
#1092=CARTESIAN_POINT('',(3.55E0,1.7E-1,-3.75E0));
#1093=LINE('',#1092,#1091);
#1094=DIRECTION('',(0.E0,0.E0,-1.E0));
#1095=VECTOR('',#1094,2.1E-1);
#1096=CARTESIAN_POINT('',(3.55E0,3.2E-1,-3.39E0));
#1097=LINE('',#1096,#1095);
#1098=DIRECTION('',(0.E0,-1.E0,0.E0));
#1099=VECTOR('',#1098,1.3E-1);
#1100=CARTESIAN_POINT('',(3.55E0,4.5E-1,-3.39E0));
#1101=LINE('',#1100,#1099);
#1102=DIRECTION('',(0.E0,0.E0,-1.E0));
#1103=VECTOR('',#1102,8.4E-1);
#1104=CARTESIAN_POINT('',(3.55E0,4.5E-1,-2.55E0));
#1105=LINE('',#1104,#1103);
#1106=DIRECTION('',(-1.E0,0.E0,0.E0));
#1107=VECTOR('',#1106,1.57E0);
#1108=CARTESIAN_POINT('',(5.12E0,8.3E-1,-1.49E0));
#1109=LINE('',#1108,#1107);
#1110=DIRECTION('',(0.E0,0.E0,1.E0));
#1111=VECTOR('',#1110,1.06E0);
#1112=CARTESIAN_POINT('',(3.55E0,8.3E-1,-2.55E0));
#1113=LINE('',#1112,#1111);
#1114=DIRECTION('',(0.E0,0.E0,1.E0));
#1115=VECTOR('',#1114,1.85E0);
#1116=CARTESIAN_POINT('',(3.93E0,8.3E-1,-4.4E0));
#1117=LINE('',#1116,#1115);
#1118=DIRECTION('',(0.E0,0.E0,-1.E0));
#1119=VECTOR('',#1118,2.91E0);
#1120=CARTESIAN_POINT('',(5.12E0,8.3E-1,-1.49E0));
#1121=LINE('',#1120,#1119);
#1122=DIRECTION('',(1.E0,0.E0,0.E0));
#1123=VECTOR('',#1122,1.57E0);
#1124=CARTESIAN_POINT('',(-5.12E0,8.3E-1,-1.49E0));
#1125=LINE('',#1124,#1123);
#1126=DIRECTION('',(0.E0,0.E0,-1.E0));
#1127=VECTOR('',#1126,1.85E0);
#1128=CARTESIAN_POINT('',(-3.93E0,8.3E-1,-2.55E0));
#1129=LINE('',#1128,#1127);
#1130=DIRECTION('',(0.E0,0.E0,1.E0));
#1131=VECTOR('',#1130,1.06E0);
#1132=CARTESIAN_POINT('',(-3.55E0,8.3E-1,-2.55E0));
#1133=LINE('',#1132,#1131);
#1134=DIRECTION('',(-1.E0,0.E0,0.E0));
#1135=VECTOR('',#1134,5.9E-1);
#1136=CARTESIAN_POINT('',(4.14E0,5.E-1,-1.49E0));
#1137=LINE('',#1136,#1135);
#1138=DIRECTION('',(1.E0,0.E0,0.E0));
#1139=VECTOR('',#1138,5.45E-1);
#1140=CARTESIAN_POINT('',(3.595E0,5.E-1,-1.45E0));
#1141=LINE('',#1140,#1139);
#1142=DIRECTION('',(0.E0,0.E0,1.E0));
#1143=VECTOR('',#1142,4.E-2);
#1144=CARTESIAN_POINT('',(3.55E0,5.E-1,-1.49E0));
#1145=LINE('',#1144,#1143);
#1146=DIRECTION('',(1.E0,0.E0,0.E0));
#1147=VECTOR('',#1146,5.45E-1);
#1148=CARTESIAN_POINT('',(-4.14E0,5.E-1,-1.45E0));
#1149=LINE('',#1148,#1147);
#1150=DIRECTION('',(-1.E0,0.E0,0.E0));
#1151=VECTOR('',#1150,5.9E-1);
#1152=CARTESIAN_POINT('',(-3.55E0,5.E-1,-1.49E0));
#1153=LINE('',#1152,#1151);
#1154=DIRECTION('',(0.E0,0.E0,-1.E0));
#1155=VECTOR('',#1154,4.E-2);
#1156=CARTESIAN_POINT('',(-3.55E0,5.E-1,-1.45E0));
#1157=LINE('',#1156,#1155);
#1158=DIRECTION('',(0.E0,0.E0,-1.E0));
#1159=VECTOR('',#1158,4.E-2);
#1160=CARTESIAN_POINT('',(4.14E0,5.E-1,-1.45E0));
#1161=LINE('',#1160,#1159);
#1162=DIRECTION('',(0.E0,0.E0,-1.E0));
#1163=VECTOR('',#1162,4.E-2);
#1164=CARTESIAN_POINT('',(4.14E0,-5.E-1,-1.45E0));
#1165=LINE('',#1164,#1163);
#1166=DIRECTION('',(0.E0,-1.E0,0.E0));
#1167=VECTOR('',#1166,1.E0);
#1168=CARTESIAN_POINT('',(4.14E0,5.E-1,-1.45E0));
#1169=LINE('',#1168,#1167);
#1170=DIRECTION('',(-1.E0,0.E0,0.E0));
#1171=VECTOR('',#1170,9.8E-1);
#1172=CARTESIAN_POINT('',(5.12E0,5.E-1,-1.49E0));
#1173=LINE('',#1172,#1171);
#1174=DIRECTION('',(0.E0,0.E0,-1.E0));
#1175=VECTOR('',#1174,1.02E0);
#1176=CARTESIAN_POINT('',(4.14E0,5.E-1,-3.38E0));
#1177=LINE('',#1176,#1175);
#1178=DIRECTION('',(-7.071067811865E-1,0.E0,-7.071067811865E-1));
#1179=VECTOR('',#1178,2.121320343560E-1);
#1180=CARTESIAN_POINT('',(4.29E0,5.E-1,-3.23E0));
#1181=LINE('',#1180,#1179);
#1182=DIRECTION('',(0.E0,0.E0,-1.E0));
#1183=VECTOR('',#1182,5.E-1);
#1184=CARTESIAN_POINT('',(4.29E0,5.E-1,-2.73E0));
#1185=LINE('',#1184,#1183);
#1186=DIRECTION('',(6.839107002186E-1,0.E0,-7.295657298191E-1));
#1187=VECTOR('',#1186,2.193268798866E-1);
#1188=CARTESIAN_POINT('',(4.14E0,5.E-1,-2.569986624807E0));
#1189=LINE('',#1188,#1187);
#1190=DIRECTION('',(0.E0,0.E0,-1.E0));
#1191=VECTOR('',#1190,1.079986624807E0);
#1192=CARTESIAN_POINT('',(4.14E0,5.E-1,-1.49E0));
#1193=LINE('',#1192,#1191);
#1194=DIRECTION('',(1.E0,0.E0,0.E0));
#1195=VECTOR('',#1194,9.8E-1);
#1196=CARTESIAN_POINT('',(-5.12E0,5.E-1,-1.49E0));
#1197=LINE('',#1196,#1195);
#1198=DIRECTION('',(0.E0,0.E0,1.E0));
#1199=VECTOR('',#1198,1.079986624807E0);
#1200=CARTESIAN_POINT('',(-4.14E0,5.E-1,-2.569986624807E0));
#1201=LINE('',#1200,#1199);
#1202=DIRECTION('',(6.839107002186E-1,0.E0,7.295657298191E-1));
#1203=VECTOR('',#1202,2.193268798866E-1);
#1204=CARTESIAN_POINT('',(-4.29E0,5.E-1,-2.73E0));
#1205=LINE('',#1204,#1203);
#1206=DIRECTION('',(0.E0,0.E0,1.E0));
#1207=VECTOR('',#1206,5.E-1);
#1208=CARTESIAN_POINT('',(-4.29E0,5.E-1,-3.23E0));
#1209=LINE('',#1208,#1207);
#1210=DIRECTION('',(-7.071067811865E-1,0.E0,7.071067811865E-1));
#1211=VECTOR('',#1210,2.121320343560E-1);
#1212=CARTESIAN_POINT('',(-4.14E0,5.E-1,-3.38E0));
#1213=LINE('',#1212,#1211);
#1214=DIRECTION('',(0.E0,0.E0,1.E0));
#1215=VECTOR('',#1214,1.02E0);
#1216=CARTESIAN_POINT('',(-4.14E0,5.E-1,-4.4E0));
#1217=LINE('',#1216,#1215);
#1218=DIRECTION('',(0.E0,-1.E0,0.E0));
#1219=VECTOR('',#1218,1.E0);
#1220=CARTESIAN_POINT('',(4.14E0,5.E-1,-3.38E0));
#1221=LINE('',#1220,#1219);
#1222=DIRECTION('',(0.E0,-1.E0,0.E0));
#1223=VECTOR('',#1222,1.E0);
#1224=CARTESIAN_POINT('',(4.29E0,5.E-1,-3.23E0));
#1225=LINE('',#1224,#1223);
#1226=DIRECTION('',(0.E0,-1.E0,0.E0));
#1227=VECTOR('',#1226,1.E0);
#1228=CARTESIAN_POINT('',(4.29E0,5.E-1,-2.73E0));
#1229=LINE('',#1228,#1227);
#1230=DIRECTION('',(0.E0,-1.E0,0.E0));
#1231=VECTOR('',#1230,1.E0);
#1232=CARTESIAN_POINT('',(4.14E0,5.E-1,-2.569986624807E0));
#1233=LINE('',#1232,#1231);
#1234=DIRECTION('',(0.E0,-1.E0,0.E0));
#1235=VECTOR('',#1234,3.3E-1);
#1236=CARTESIAN_POINT('',(-3.55E0,8.3E-1,-1.49E0));
#1237=LINE('',#1236,#1235);
#1238=DIRECTION('',(0.E0,0.E0,-1.E0));
#1239=VECTOR('',#1238,8.4E-1);
#1240=CARTESIAN_POINT('',(-3.55E0,4.5E-1,-2.55E0));
#1241=LINE('',#1240,#1239);
#1242=DIRECTION('',(0.E0,-1.E0,0.E0));
#1243=VECTOR('',#1242,1.3E-1);
#1244=CARTESIAN_POINT('',(-3.55E0,4.5E-1,-3.39E0));
#1245=LINE('',#1244,#1243);
#1246=DIRECTION('',(0.E0,0.E0,-1.E0));
#1247=VECTOR('',#1246,2.1E-1);
#1248=CARTESIAN_POINT('',(-3.55E0,3.2E-1,-3.39E0));
#1249=LINE('',#1248,#1247);
#1250=DIRECTION('',(0.E0,-1.E0,0.E0));
#1251=VECTOR('',#1250,3.E-1);
#1252=CARTESIAN_POINT('',(-3.55E0,1.7E-1,-3.75E0));
#1253=LINE('',#1252,#1251);
#1254=DIRECTION('',(0.E0,0.E0,-1.E0));
#1255=VECTOR('',#1254,1.05E0);
#1256=CARTESIAN_POINT('',(-3.55E0,-2.8E-1,-2.55E0));
#1257=LINE('',#1256,#1255);
#1258=DIRECTION('',(0.E0,1.E0,0.E0));
#1259=VECTOR('',#1258,1.83E0);
#1260=CARTESIAN_POINT('',(-3.55E0,-8.3E-1,-4.25E0));
#1261=LINE('',#1260,#1259);
#1262=DIRECTION('',(0.E0,0.E0,-1.E0));
#1263=VECTOR('',#1262,4.26E0);
#1264=CARTESIAN_POINT('',(-3.55E0,1.E0,1.E-2));
#1265=LINE('',#1264,#1263);
#1266=DIRECTION('',(0.E0,-1.E0,0.E0));
#1267=VECTOR('',#1266,3.000086696945E-1);
#1268=CARTESIAN_POINT('',(-3.55E0,1.E0,1.E-2));
#1269=LINE('',#1268,#1267);
#1270=DIRECTION('',(0.E0,1.643934402268E-1,9.863948483292E-1));
#1271=VECTOR('',#1270,1.480137495115E0);
#1272=CARTESIAN_POINT('',(-3.55E0,4.566664354748E-1,-1.45E0));
#1273=LINE('',#1272,#1271);
#1274=DIRECTION('',(-1.E0,0.E0,0.E0));
#1275=VECTOR('',#1274,4.5E-2);
#1276=CARTESIAN_POINT('',(3.595E0,5.E-1,-1.45E0));
#1277=LINE('',#1276,#1275);
#1278=DIRECTION('',(1.024815785906E-14,-1.E0,0.E0));
#1279=VECTOR('',#1278,4.333356452519E-2);
#1280=CARTESIAN_POINT('',(3.55E0,5.E-1,-1.45E0));
#1281=LINE('',#1280,#1279);
#1282=DIRECTION('',(-1.E0,0.E0,0.E0));
#1283=VECTOR('',#1282,4.5E-2);
#1284=CARTESIAN_POINT('',(-3.55E0,5.E-1,-1.45E0));
#1285=LINE('',#1284,#1283);
#1286=DIRECTION('',(-1.024815785906E-14,-1.E0,0.E0));
#1287=VECTOR('',#1286,4.333356452519E-2);
#1288=CARTESIAN_POINT('',(-3.55E0,5.E-1,-1.45E0));
#1289=LINE('',#1288,#1287);
#1290=DIRECTION('',(0.E0,-1.E0,0.E0));
#1291=VECTOR('',#1290,2.E-1);
#1292=CARTESIAN_POINT('',(3.595E0,7.E-1,-1.45E0));
#1293=LINE('',#1292,#1291);
#1294=DIRECTION('',(0.E0,0.E0,-1.E0));
#1295=VECTOR('',#1294,1.15E0);
#1296=CARTESIAN_POINT('',(3.595E0,7.E-1,-3.E-1));
#1297=LINE('',#1296,#1295);
#1298=DIRECTION('',(0.E0,-1.E0,0.E0));
#1299=VECTOR('',#1298,5.7E-1);
#1300=CARTESIAN_POINT('',(3.595E0,7.E-1,-3.E-1));
#1301=LINE('',#1300,#1299);
#1302=DIRECTION('',(0.E0,1.E0,0.E0));
#1303=VECTOR('',#1302,3.7E-1);
#1304=CARTESIAN_POINT('',(3.595E0,1.3E-1,-1.45E0));
#1305=LINE('',#1304,#1303);
#1306=CARTESIAN_POINT('',(3.895E0,1.E0,-1.15E0));
#1307=CARTESIAN_POINT('',(3.895E0,1.E0,-1.180177669530E0));
#1308=CARTESIAN_POINT('',(3.886872448416E0,9.918724484156E-1,
-1.229038914909E0));
#1309=CARTESIAN_POINT('',(3.856285090015E0,9.612850900154E-1,
-1.306492535941E0));
#1310=CARTESIAN_POINT('',(3.799687787488E0,9.046877874880E-1,
-1.377340210762E0));
#1311=CARTESIAN_POINT('',(3.711154644739E0,8.161546447388E-1,
-1.433201456744E0));
#1312=CARTESIAN_POINT('',(3.637677669530E0,7.426776695297E-1,-1.45E0));
#1313=CARTESIAN_POINT('',(3.595E0,7.E-1,-1.45E0));
#1315=CARTESIAN_POINT('',(3.807132034356E0,9.121320343560E-1,
-8.786796564404E-2));
#1316=CARTESIAN_POINT('',(3.833734010884E0,9.387340108835E-1,
-1.144699421716E-1));
#1317=CARTESIAN_POINT('',(3.875612589936E0,9.806125899364E-1,
-1.759646444112E-1));
#1318=CARTESIAN_POINT('',(3.895E0,1.E0,-2.539240250725E-1));
#1319=CARTESIAN_POINT('',(3.895E0,1.E0,-3.E-1));
#1321=DIRECTION('',(5.773502691896E-1,5.773502691896E-1,5.773502691896E-1));
#1322=VECTOR('',#1321,3.674234614175E-1);
#1323=CARTESIAN_POINT('',(3.595E0,7.E-1,-3.E-1));
#1324=LINE('',#1323,#1322);
#1325=CARTESIAN_POINT('',(3.895E0,7.E-1,0.E0));
#1326=CARTESIAN_POINT('',(3.895E0,7.460759749275E-1,0.E0));
#1327=CARTESIAN_POINT('',(3.875612589936E0,8.240353555888E-1,
-1.938741006361E-2));
#1328=CARTESIAN_POINT('',(3.833734010884E0,8.855300578284E-1,
-6.126598911646E-2));
#1329=CARTESIAN_POINT('',(3.807132034356E0,9.121320343560E-1,
-8.786796564404E-2));
#1331=DIRECTION('',(5.773502691896E-1,-5.773502691896E-1,5.773502691896E-1));
#1332=VECTOR('',#1331,5.196152422707E-1);
#1333=CARTESIAN_POINT('',(3.595E0,1.3E-1,-3.E-1));
#1334=LINE('',#1333,#1332);
#1335=DIRECTION('',(-5.773502691896E-1,-5.773502691896E-1,5.773502691896E-1));
#1336=VECTOR('',#1335,5.196152422707E-1);
#1337=CARTESIAN_POINT('',(-3.595E0,1.3E-1,-3.E-1));
#1338=LINE('',#1337,#1336);
#1339=CARTESIAN_POINT('',(-3.807132034356E0,9.121320343560E-1,
-8.786796564404E-2));
#1340=CARTESIAN_POINT('',(-3.833734010884E0,8.855300578284E-1,
-6.126598911646E-2));
#1341=CARTESIAN_POINT('',(-3.875612589936E0,8.240353555888E-1,
-1.938741006361E-2));
#1342=CARTESIAN_POINT('',(-3.895E0,7.460759749275E-1,0.E0));
#1343=CARTESIAN_POINT('',(-3.895E0,7.E-1,0.E0));
#1345=CARTESIAN_POINT('',(-3.595E0,7.E-1,-1.45E0));
#1346=CARTESIAN_POINT('',(-3.637677669530E0,7.426776695297E-1,-1.45E0));
#1347=CARTESIAN_POINT('',(-3.711154644739E0,8.161546447388E-1,
-1.433201456744E0));
#1348=CARTESIAN_POINT('',(-3.799687787488E0,9.046877874880E-1,
-1.377340210762E0));
#1349=CARTESIAN_POINT('',(-3.856285090015E0,9.612850900154E-1,
-1.306492535941E0));
#1350=CARTESIAN_POINT('',(-3.886872448416E0,9.918724484156E-1,
-1.229038914909E0));
#1351=CARTESIAN_POINT('',(-3.895E0,1.E0,-1.180177669530E0));
#1352=CARTESIAN_POINT('',(-3.895E0,1.E0,-1.15E0));
#1354=DIRECTION('',(5.773502691896E-1,-5.773502691896E-1,-5.773502691896E-1));
#1355=VECTOR('',#1354,3.674234614175E-1);
#1356=CARTESIAN_POINT('',(-3.807132034356E0,9.121320343560E-1,
-8.786796564404E-2));
#1357=LINE('',#1356,#1355);
#1358=CARTESIAN_POINT('',(-3.895E0,1.E0,-3.E-1));
#1359=CARTESIAN_POINT('',(-3.895E0,1.E0,-2.539240250725E-1));
#1360=CARTESIAN_POINT('',(-3.875612589936E0,9.806125899364E-1,
-1.759646444112E-1));
#1361=CARTESIAN_POINT('',(-3.833734010884E0,9.387340108835E-1,
-1.144699421716E-1));
#1362=CARTESIAN_POINT('',(-3.807132034356E0,9.121320343560E-1,
-8.786796564404E-2));
#1364=DIRECTION('',(0.E0,-1.E0,0.E0));
#1365=VECTOR('',#1364,2.E-1);
#1366=CARTESIAN_POINT('',(-3.595E0,7.E-1,-1.45E0));
#1367=LINE('',#1366,#1365);
#1368=DIRECTION('',(0.E0,1.E0,0.E0));
#1369=VECTOR('',#1368,3.7E-1);
#1370=CARTESIAN_POINT('',(-3.595E0,1.3E-1,-1.45E0));
#1371=LINE('',#1370,#1369);
#1372=DIRECTION('',(0.E0,0.E0,-1.E0));
#1373=VECTOR('',#1372,1.15E0);
#1374=CARTESIAN_POINT('',(-3.595E0,1.3E-1,-3.E-1));
#1375=LINE('',#1374,#1373);
#1376=DIRECTION('',(0.E0,1.E0,0.E0));
#1377=VECTOR('',#1376,5.7E-1);
#1378=CARTESIAN_POINT('',(-3.595E0,1.3E-1,-3.E-1));
#1379=LINE('',#1378,#1377);
#1380=DIRECTION('',(0.E0,0.E0,-1.E0));
#1381=VECTOR('',#1380,1.15E0);
#1382=CARTESIAN_POINT('',(-3.595E0,7.E-1,-3.E-1));
#1383=LINE('',#1382,#1381);
#1384=DIRECTION('',(-1.E0,0.E0,0.E0));
#1385=VECTOR('',#1384,4.5E-2);
#1386=CARTESIAN_POINT('',(3.595E0,1.3E-1,-1.45E0));
#1387=LINE('',#1386,#1385);
#1388=DIRECTION('',(0.E0,0.E0,-1.E0));
#1389=VECTOR('',#1388,1.15E0);
#1390=CARTESIAN_POINT('',(3.595E0,1.3E-1,-3.E-1));
#1391=LINE('',#1390,#1389);
#1392=DIRECTION('',(-1.E0,0.E0,0.E0));
#1393=VECTOR('',#1392,7.19E0);
#1394=CARTESIAN_POINT('',(3.595E0,1.3E-1,-3.E-1));
#1395=LINE('',#1394,#1393);
#1396=DIRECTION('',(-1.E0,0.E0,0.E0));
#1397=VECTOR('',#1396,4.5E-2);
#1398=CARTESIAN_POINT('',(-3.55E0,1.3E-1,-1.45E0));
#1399=LINE('',#1398,#1397);
#1400=DIRECTION('',(0.E0,0.E0,-1.E0));
#1401=VECTOR('',#1400,8.4E-1);
#1402=CARTESIAN_POINT('',(-3.55E0,3.2E-1,-2.55E0));
#1403=LINE('',#1402,#1401);
#1404=DIRECTION('',(0.E0,0.E0,1.E0));
#1405=VECTOR('',#1404,1.94E0);
#1406=CARTESIAN_POINT('',(-3.55E0,1.3E-1,-3.39E0));
#1407=LINE('',#1406,#1405);
#1408=DIRECTION('',(0.E0,1.E0,0.E0));
#1409=VECTOR('',#1408,3.266664354748E-1);
#1410=CARTESIAN_POINT('',(-3.55E0,1.3E-1,-1.45E0));
#1411=LINE('',#1410,#1409);
#1412=DIRECTION('',(0.E0,0.E0,-1.E0));
#1413=VECTOR('',#1412,1.06E0);
#1414=CARTESIAN_POINT('',(-3.55E0,4.5E-1,-1.49E0));
#1415=LINE('',#1414,#1413);
#1416=DIRECTION('',(1.E0,0.E0,0.E0));
#1417=VECTOR('',#1416,2.3E-1);
#1418=CARTESIAN_POINT('',(-3.78E0,3.2E-1,-2.55E0));
#1419=LINE('',#1418,#1417);
#1420=DIRECTION('',(0.E0,-1.E0,0.E0));
#1421=VECTOR('',#1420,1.3E-1);
#1422=CARTESIAN_POINT('',(-3.55E0,4.5E-1,-2.55E0));
#1423=LINE('',#1422,#1421);
#1424=DIRECTION('',(0.E0,-1.E0,0.E0));
#1425=VECTOR('',#1424,3.8E-1);
#1426=CARTESIAN_POINT('',(-3.55E0,8.3E-1,-2.55E0));
#1427=LINE('',#1426,#1425);
#1428=DIRECTION('',(-1.E0,0.E0,0.E0));
#1429=VECTOR('',#1428,3.8E-1);
#1430=CARTESIAN_POINT('',(-3.55E0,8.3E-1,-2.55E0));
#1431=LINE('',#1430,#1429);
#1432=DIRECTION('',(0.E0,1.E0,0.E0));
#1433=VECTOR('',#1432,3.6E-1);
#1434=CARTESIAN_POINT('',(-3.78E0,3.2E-1,-2.55E0));
#1435=LINE('',#1434,#1433);
#1436=DIRECTION('',(-1.E0,0.E0,0.E0));
#1437=VECTOR('',#1436,2.3E-1);
#1438=CARTESIAN_POINT('',(-3.55E0,-2.8E-1,-2.55E0));
#1439=LINE('',#1438,#1437);
#1440=DIRECTION('',(0.E0,1.E0,0.E0));
#1441=VECTOR('',#1440,4.E-1);
#1442=CARTESIAN_POINT('',(-3.78E0,-6.8E-1,-2.55E0));
#1443=LINE('',#1442,#1441);
#1444=DIRECTION('',(1.E0,0.E0,0.E0));
#1445=VECTOR('',#1444,3.8E-1);
#1446=CARTESIAN_POINT('',(-3.93E0,-8.3E-1,-2.55E0));
#1447=LINE('',#1446,#1445);
#1448=DIRECTION('',(0.E0,-1.E0,0.E0));
#1449=VECTOR('',#1448,5.5E-1);
#1450=CARTESIAN_POINT('',(-3.55E0,-2.8E-1,-2.55E0));
#1451=LINE('',#1450,#1449);
#1452=DIRECTION('',(-1.E0,0.E0,0.E0));
#1453=VECTOR('',#1452,2.3E-1);
#1454=CARTESIAN_POINT('',(3.78E0,-2.8E-1,-2.55E0));
#1455=LINE('',#1454,#1453);
#1456=DIRECTION('',(0.E0,1.E0,0.E0));
#1457=VECTOR('',#1456,5.5E-1);
#1458=CARTESIAN_POINT('',(3.55E0,-8.3E-1,-2.55E0));
#1459=LINE('',#1458,#1457);
#1460=DIRECTION('',(1.E0,0.E0,0.E0));
#1461=VECTOR('',#1460,3.8E-1);
#1462=CARTESIAN_POINT('',(3.55E0,-8.3E-1,-2.55E0));
#1463=LINE('',#1462,#1461);
#1464=DIRECTION('',(0.E0,-1.E0,0.E0));
#1465=VECTOR('',#1464,4.E-1);
#1466=CARTESIAN_POINT('',(3.78E0,-2.8E-1,-2.55E0));
#1467=LINE('',#1466,#1465);
#1468=DIRECTION('',(1.E0,0.E0,0.E0));
#1469=VECTOR('',#1468,2.3E-1);
#1470=CARTESIAN_POINT('',(3.55E0,3.2E-1,-2.55E0));
#1471=LINE('',#1470,#1469);
#1472=DIRECTION('',(0.E0,-1.E0,0.E0));
#1473=VECTOR('',#1472,3.6E-1);
#1474=CARTESIAN_POINT('',(3.78E0,6.8E-1,-2.55E0));
#1475=LINE('',#1474,#1473);
#1476=DIRECTION('',(-1.E0,0.E0,0.E0));
#1477=VECTOR('',#1476,3.8E-1);
#1478=CARTESIAN_POINT('',(3.93E0,8.3E-1,-2.55E0));
#1479=LINE('',#1478,#1477);
#1480=DIRECTION('',(0.E0,1.E0,0.E0));
#1481=VECTOR('',#1480,3.8E-1);
#1482=CARTESIAN_POINT('',(3.55E0,4.5E-1,-2.55E0));
#1483=LINE('',#1482,#1481);
#1484=DIRECTION('',(0.E0,1.E0,0.E0));
#1485=VECTOR('',#1484,1.3E-1);
#1486=CARTESIAN_POINT('',(3.55E0,3.2E-1,-2.55E0));
#1487=LINE('',#1486,#1485);
#1488=DIRECTION('',(1.E0,0.E0,0.E0));
#1489=VECTOR('',#1488,2.3E-1);
#1490=CARTESIAN_POINT('',(-3.78E0,3.2E-1,-3.6E0));
#1491=LINE('',#1490,#1489);
#1492=CARTESIAN_POINT('',(-3.78E0,1.7E-1,-3.6E0));
#1493=DIRECTION('',(-1.E0,0.E0,0.E0));
#1494=DIRECTION('',(0.E0,1.E0,0.E0));
#1495=AXIS2_PLACEMENT_3D('',#1492,#1493,#1494);
#1497=CARTESIAN_POINT('',(-3.55E0,1.7E-1,-3.6E0));
#1498=DIRECTION('',(1.E0,0.E0,0.E0));
#1499=DIRECTION('',(0.E0,0.E0,-1.E0));
#1500=AXIS2_PLACEMENT_3D('',#1497,#1498,#1499);
#1502=DIRECTION('',(0.E0,-1.E0,0.E0));
#1503=VECTOR('',#1502,3.E-1);
#1504=CARTESIAN_POINT('',(-3.78E0,1.7E-1,-3.75E0));
#1505=LINE('',#1504,#1503);
#1506=DIRECTION('',(0.E0,0.E0,-1.E0));
#1507=VECTOR('',#1506,1.05E0);
#1508=CARTESIAN_POINT('',(-3.78E0,3.2E-1,-2.55E0));
#1509=LINE('',#1508,#1507);
#1510=DIRECTION('',(0.E0,0.E0,-1.E0));
#1511=VECTOR('',#1510,1.7E0);
#1512=CARTESIAN_POINT('',(-3.78E0,6.8E-1,-2.55E0));
#1513=LINE('',#1512,#1511);
#1514=DIRECTION('',(0.E0,-1.E0,0.E0));
#1515=VECTOR('',#1514,1.36E0);
#1516=CARTESIAN_POINT('',(-3.78E0,6.8E-1,-4.25E0));
#1517=LINE('',#1516,#1515);
#1518=DIRECTION('',(0.E0,0.E0,1.E0));
#1519=VECTOR('',#1518,1.7E0);
#1520=CARTESIAN_POINT('',(-3.78E0,-6.8E-1,-4.25E0));
#1521=LINE('',#1520,#1519);
#1522=DIRECTION('',(0.E0,0.E0,-1.E0));
#1523=VECTOR('',#1522,1.05E0);
#1524=CARTESIAN_POINT('',(-3.78E0,-2.8E-1,-2.55E0));
#1525=LINE('',#1524,#1523);
#1526=DIRECTION('',(-1.E0,0.E0,0.E0));
#1527=VECTOR('',#1526,2.3E-1);
#1528=CARTESIAN_POINT('',(-3.55E0,-1.3E-1,-3.75E0));
#1529=LINE('',#1528,#1527);
#1530=DIRECTION('',(1.E0,0.E0,0.E0));
#1531=VECTOR('',#1530,2.3E-1);
#1532=CARTESIAN_POINT('',(-3.78E0,1.7E-1,-3.75E0));
#1533=LINE('',#1532,#1531);
#1534=DIRECTION('',(1.E0,0.E0,0.E0));
#1535=VECTOR('',#1534,2.3E-1);
#1536=CARTESIAN_POINT('',(3.55E0,1.7E-1,-3.75E0));
#1537=LINE('',#1536,#1535);
#1538=DIRECTION('',(-1.E0,0.E0,0.E0));
#1539=VECTOR('',#1538,2.3E-1);
#1540=CARTESIAN_POINT('',(3.78E0,-1.3E-1,-3.75E0));
#1541=LINE('',#1540,#1539);
#1542=DIRECTION('',(-1.E0,0.E0,0.E0));
#1543=VECTOR('',#1542,2.E-1);
#1544=CARTESIAN_POINT('',(-3.565E0,-2.8E-1,-3.6E0));
#1545=LINE('',#1544,#1543);
#1546=CARTESIAN_POINT('',(-3.55E0,-1.3E-1,-3.6E0));
#1547=DIRECTION('',(1.E0,0.E0,0.E0));
#1548=DIRECTION('',(0.E0,-1.E0,0.E0));
#1549=AXIS2_PLACEMENT_3D('',#1546,#1547,#1548);
#1551=CARTESIAN_POINT('',(-3.78E0,-1.3E-1,-3.6E0));
#1552=DIRECTION('',(-1.E0,0.E0,0.E0));
#1553=DIRECTION('',(0.E0,0.E0,-1.E0));
#1554=AXIS2_PLACEMENT_3D('',#1551,#1552,#1553);
#1556=DIRECTION('',(0.E0,0.E0,1.E0));
#1557=VECTOR('',#1556,8.E-1);
#1558=CARTESIAN_POINT('',(-3.765E0,-2.8E-1,-4.4E0));
#1559=LINE('',#1558,#1557);
#1560=DIRECTION('',(0.E0,0.E0,1.E0));
#1561=VECTOR('',#1560,1.8E0);
#1562=CARTESIAN_POINT('',(-3.765E0,-6.79E-1,-4.4E0));
#1563=LINE('',#1562,#1561);
#1564=DIRECTION('',(0.E0,-1.E0,0.E0));
#1565=VECTOR('',#1564,2.E-1);
#1566=CARTESIAN_POINT('',(3.965E0,-8.3E-1,-2.6E0));
#1567=LINE('',#1566,#1565);
#1568=DIRECTION('',(-1.E0,0.E0,0.E0));
#1569=VECTOR('',#1568,4.9E-2);
#1570=CARTESIAN_POINT('',(3.965E0,-1.03E0,-2.6E0));
#1571=LINE('',#1570,#1569);
#1572=CARTESIAN_POINT('',(3.916E0,-6.79E-1,-2.6E0));
#1573=DIRECTION('',(0.E0,0.E0,-1.E0));
#1574=DIRECTION('',(0.E0,-1.E0,0.E0));
#1575=AXIS2_PLACEMENT_3D('',#1572,#1573,#1574);
#1577=DIRECTION('',(0.E0,1.E0,0.E0));
#1578=VECTOR('',#1577,3.99E-1);
#1579=CARTESIAN_POINT('',(3.565E0,-6.79E-1,-2.6E0));
#1580=LINE('',#1579,#1578);
#1581=DIRECTION('',(0.E0,-1.E0,0.E0));
#1582=VECTOR('',#1581,3.99E-1);
#1583=CARTESIAN_POINT('',(3.765E0,-2.8E-1,-2.6E0));
#1584=LINE('',#1583,#1582);
#1585=CARTESIAN_POINT('',(3.916E0,-6.79E-1,-2.6E0));
#1586=DIRECTION('',(0.E0,0.E0,1.E0));
#1587=DIRECTION('',(-1.E0,1.470494072351E-14,0.E0));
#1588=AXIS2_PLACEMENT_3D('',#1585,#1586,#1587);
#1590=DIRECTION('',(1.E0,0.E0,0.E0));
#1591=VECTOR('',#1590,1.4E-2);
#1592=CARTESIAN_POINT('',(3.916E0,-8.3E-1,-2.6E0));
#1593=LINE('',#1592,#1591);
#1594=DIRECTION('',(0.E0,1.E0,0.E0));
#1595=VECTOR('',#1594,2.E-1);
#1596=CARTESIAN_POINT('',(-3.965E0,-1.03E0,-2.6E0));
#1597=LINE('',#1596,#1595);
#1598=DIRECTION('',(1.E0,0.E0,0.E0));
#1599=VECTOR('',#1598,1.4E-2);
#1600=CARTESIAN_POINT('',(-3.93E0,-8.3E-1,-2.6E0));
#1601=LINE('',#1600,#1599);
#1602=CARTESIAN_POINT('',(-3.916E0,-6.79E-1,-2.6E0));
#1603=DIRECTION('',(0.E0,0.E0,1.E0));
#1604=DIRECTION('',(0.E0,-1.E0,0.E0));
#1605=AXIS2_PLACEMENT_3D('',#1602,#1603,#1604);
#1607=DIRECTION('',(0.E0,1.E0,0.E0));
#1608=VECTOR('',#1607,3.99E-1);
#1609=CARTESIAN_POINT('',(-3.765E0,-6.79E-1,-2.6E0));
#1610=LINE('',#1609,#1608);
#1611=DIRECTION('',(0.E0,-1.E0,0.E0));
#1612=VECTOR('',#1611,3.99E-1);
#1613=CARTESIAN_POINT('',(-3.565E0,-2.8E-1,-2.6E0));
#1614=LINE('',#1613,#1612);
#1615=CARTESIAN_POINT('',(-3.916E0,-6.79E-1,-2.6E0));
#1616=DIRECTION('',(0.E0,0.E0,-1.E0));
#1617=DIRECTION('',(1.E0,0.E0,0.E0));
#1618=AXIS2_PLACEMENT_3D('',#1615,#1616,#1617);
#1620=DIRECTION('',(-1.E0,0.E0,0.E0));
#1621=VECTOR('',#1620,4.9E-2);
#1622=CARTESIAN_POINT('',(-3.916E0,-1.03E0,-2.6E0));
#1623=LINE('',#1622,#1621);
#1624=CARTESIAN_POINT('',(3.965E0,-1.03E0,-2.55E0));
#1625=DIRECTION('',(0.E0,1.E0,0.E0));
#1626=DIRECTION('',(1.E0,0.E0,0.E0));
#1627=AXIS2_PLACEMENT_3D('',#1624,#1625,#1626);
#1629=CARTESIAN_POINT('',(-5.215E0,-1.03E0,-1.7E0));
#1630=DIRECTION('',(0.E0,-1.E0,0.E0));
#1631=DIRECTION('',(0.E0,0.E0,1.E0));
#1632=AXIS2_PLACEMENT_3D('',#1629,#1630,#1631);
#1634=DIRECTION('',(-1.E0,0.E0,0.E0));
#1635=VECTOR('',#1634,1.15E0);
#1636=CARTESIAN_POINT('',(-4.065E0,-1.03E0,-1.6E0));
#1637=LINE('',#1636,#1635);
#1638=CARTESIAN_POINT('',(-4.065E0,-1.03E0,-1.65E0));
#1639=DIRECTION('',(0.E0,-1.E0,0.E0));
#1640=DIRECTION('',(1.E0,0.E0,0.E0));
#1641=AXIS2_PLACEMENT_3D('',#1638,#1639,#1640);
#1643=DIRECTION('',(0.E0,0.E0,1.E0));
#1644=VECTOR('',#1643,9.E-1);
#1645=CARTESIAN_POINT('',(-4.015E0,-1.03E0,-2.55E0));
#1646=LINE('',#1645,#1644);
#1647=DIRECTION('',(0.E0,0.E0,1.E0));
#1648=VECTOR('',#1647,1.8E0);
#1649=CARTESIAN_POINT('',(-3.916E0,-1.03E0,-4.4E0));
#1650=LINE('',#1649,#1648);
#1651=CARTESIAN_POINT('',(-5.215E0,-1.03E0,-4.3E0));
#1652=DIRECTION('',(0.E0,-1.E0,0.E0));
#1653=DIRECTION('',(-1.E0,0.E0,0.E0));
#1654=AXIS2_PLACEMENT_3D('',#1651,#1652,#1653);
#1656=DIRECTION('',(0.E0,0.E0,1.E0));
#1657=VECTOR('',#1656,1.6E0);
#1658=CARTESIAN_POINT('',(-5.315E0,-1.03E0,-4.3E0));
#1659=LINE('',#1658,#1657);
#1660=DIRECTION('',(7.071067811865E-1,0.E0,7.071067811865E-1));
#1661=VECTOR('',#1660,2.121320343560E-1);
#1662=CARTESIAN_POINT('',(-5.315E0,-1.03E0,-2.7E0));
#1663=LINE('',#1662,#1661);
#1664=DIRECTION('',(0.E0,0.E0,1.E0));
#1665=VECTOR('',#1664,4.E-1);
#1666=CARTESIAN_POINT('',(-5.165E0,-1.03E0,-2.55E0));
#1667=LINE('',#1666,#1665);
#1668=DIRECTION('',(-7.071067811865E-1,0.E0,7.071067811866E-1));
#1669=VECTOR('',#1668,2.121320343560E-1);
#1670=CARTESIAN_POINT('',(-5.165E0,-1.03E0,-2.15E0));
#1671=LINE('',#1670,#1669);
#1672=DIRECTION('',(0.E0,0.E0,1.E0));
#1673=VECTOR('',#1672,3.E-1);
#1674=CARTESIAN_POINT('',(-5.315E0,-1.03E0,-2.E0));
#1675=LINE('',#1674,#1673);
#1676=CARTESIAN_POINT('',(5.215E0,-1.03E0,-4.3E0));
#1677=DIRECTION('',(0.E0,-1.E0,0.E0));
#1678=DIRECTION('',(0.E0,0.E0,-1.E0));
#1679=AXIS2_PLACEMENT_3D('',#1676,#1677,#1678);
#1681=DIRECTION('',(0.E0,0.E0,-1.E0));
#1682=VECTOR('',#1681,9.E-1);
#1683=CARTESIAN_POINT('',(4.015E0,-1.03E0,-1.65E0));
#1684=LINE('',#1683,#1682);
#1685=CARTESIAN_POINT('',(4.065E0,-1.03E0,-1.65E0));
#1686=DIRECTION('',(0.E0,-1.E0,0.E0));
#1687=DIRECTION('',(1.776356839400E-14,0.E0,1.E0));
#1688=AXIS2_PLACEMENT_3D('',#1685,#1686,#1687);
#1690=DIRECTION('',(-1.E0,0.E0,0.E0));
#1691=VECTOR('',#1690,1.15E0);
#1692=CARTESIAN_POINT('',(5.215E0,-1.03E0,-1.6E0));
#1693=LINE('',#1692,#1691);
#1694=CARTESIAN_POINT('',(5.215E0,-1.03E0,-1.7E0));
#1695=DIRECTION('',(0.E0,-1.E0,0.E0));
#1696=DIRECTION('',(1.E0,0.E0,0.E0));
#1697=AXIS2_PLACEMENT_3D('',#1694,#1695,#1696);
#1699=DIRECTION('',(0.E0,0.E0,-1.E0));
#1700=VECTOR('',#1699,3.E-1);
#1701=CARTESIAN_POINT('',(5.315E0,-1.03E0,-1.7E0));
#1702=LINE('',#1701,#1700);
#1703=DIRECTION('',(-7.071067811865E-1,0.E0,-7.071067811865E-1));
#1704=VECTOR('',#1703,2.121320343560E-1);
#1705=CARTESIAN_POINT('',(5.315E0,-1.03E0,-2.E0));
#1706=LINE('',#1705,#1704);
#1707=DIRECTION('',(0.E0,0.E0,-1.E0));
#1708=VECTOR('',#1707,4.E-1);
#1709=CARTESIAN_POINT('',(5.165E0,-1.03E0,-2.15E0));
#1710=LINE('',#1709,#1708);
#1711=DIRECTION('',(7.071067811865E-1,0.E0,-7.071067811865E-1));
#1712=VECTOR('',#1711,2.121320343560E-1);
#1713=CARTESIAN_POINT('',(5.165E0,-1.03E0,-2.55E0));
#1714=LINE('',#1713,#1712);
#1715=DIRECTION('',(0.E0,0.E0,-1.E0));
#1716=VECTOR('',#1715,1.6E0);
#1717=CARTESIAN_POINT('',(5.315E0,-1.03E0,-2.7E0));
#1718=LINE('',#1717,#1716);
#1719=DIRECTION('',(0.E0,1.E0,0.E0));
#1720=VECTOR('',#1719,2.E-1);
#1721=CARTESIAN_POINT('',(-5.215E0,-1.03E0,-1.6E0));
#1722=LINE('',#1721,#1720);
#1723=DIRECTION('',(0.E0,1.E0,0.E0));
#1724=VECTOR('',#1723,2.E-1);
#1725=CARTESIAN_POINT('',(-4.065E0,-1.03E0,-1.6E0));
#1726=LINE('',#1725,#1724);
#1727=CARTESIAN_POINT('',(-4.065E0,-8.3E-1,-1.65E0));
#1728=DIRECTION('',(0.E0,1.E0,0.E0));
#1729=DIRECTION('',(-1.776356839400E-14,0.E0,1.E0));
#1730=AXIS2_PLACEMENT_3D('',#1727,#1728,#1729);
#1732=DIRECTION('',(0.E0,1.E0,0.E0));
#1733=VECTOR('',#1732,2.E-1);
#1734=CARTESIAN_POINT('',(-4.015E0,-1.03E0,-1.65E0));
#1735=LINE('',#1734,#1733);
#1736=DIRECTION('',(0.E0,1.E0,0.E0));
#1737=VECTOR('',#1736,2.E-1);
#1738=CARTESIAN_POINT('',(-4.015E0,-1.03E0,-2.55E0));
#1739=LINE('',#1738,#1737);
#1740=CARTESIAN_POINT('',(-3.965E0,-1.03E0,-2.55E0));
#1741=DIRECTION('',(0.E0,1.E0,0.E0));
#1742=DIRECTION('',(0.E0,0.E0,-1.E0));
#1743=AXIS2_PLACEMENT_3D('',#1740,#1741,#1742);
#1745=DIRECTION('',(0.E0,1.E0,0.E0));
#1746=VECTOR('',#1745,2.E-1);
#1747=CARTESIAN_POINT('',(-5.315E0,-1.03E0,-1.7E0));
#1748=LINE('',#1747,#1746);
#1749=DIRECTION('',(0.E0,1.E0,0.E0));
#1750=VECTOR('',#1749,2.E-1);
#1751=CARTESIAN_POINT('',(-5.315E0,-1.03E0,-2.E0));
#1752=LINE('',#1751,#1750);
#1753=DIRECTION('',(0.E0,0.E0,1.E0));
#1754=VECTOR('',#1753,3.E-1);
#1755=CARTESIAN_POINT('',(-5.315E0,-8.3E-1,-2.E0));
#1756=LINE('',#1755,#1754);
#1757=DIRECTION('',(0.E0,1.E0,0.E0));
#1758=VECTOR('',#1757,2.E-1);
#1759=CARTESIAN_POINT('',(-5.315E0,-1.03E0,-4.3E0));
#1760=LINE('',#1759,#1758);
#1761=DIRECTION('',(0.E0,0.E0,1.E0));
#1762=VECTOR('',#1761,1.6E0);
#1763=CARTESIAN_POINT('',(-5.315E0,-8.3E-1,-4.3E0));
#1764=LINE('',#1763,#1762);
#1765=DIRECTION('',(0.E0,1.E0,0.E0));
#1766=VECTOR('',#1765,2.E-1);
#1767=CARTESIAN_POINT('',(-5.315E0,-1.03E0,-2.7E0));
#1768=LINE('',#1767,#1766);
#1769=DIRECTION('',(0.E0,1.E0,0.E0));
#1770=VECTOR('',#1769,2.E-1);
#1771=CARTESIAN_POINT('',(-5.165E0,-1.03E0,-2.15E0));
#1772=LINE('',#1771,#1770);
#1773=DIRECTION('',(0.E0,1.E0,0.E0));
#1774=VECTOR('',#1773,2.E-1);
#1775=CARTESIAN_POINT('',(-5.165E0,-1.03E0,-2.55E0));
#1776=LINE('',#1775,#1774);
#1777=DIRECTION('',(0.E0,0.E0,1.E0));
#1778=VECTOR('',#1777,1.8E0);
#1779=CARTESIAN_POINT('',(-3.565E0,-6.79E-1,-4.4E0));
#1780=LINE('',#1779,#1778);
#1781=DIRECTION('',(0.E0,0.E0,1.E0));
#1782=VECTOR('',#1781,8.E-1);
#1783=CARTESIAN_POINT('',(-3.565E0,-2.8E-1,-4.4E0));
#1784=LINE('',#1783,#1782);
#1785=DIRECTION('',(-1.E0,0.E0,0.E0));
#1786=VECTOR('',#1785,2.E-1);
#1787=CARTESIAN_POINT('',(-3.565E0,-2.8E-1,-2.6E0));
#1788=LINE('',#1787,#1786);
#1789=DIRECTION('',(0.E0,0.E0,1.E0));
#1790=VECTOR('',#1789,1.E0);
#1791=CARTESIAN_POINT('',(-3.765E0,-2.8E-1,-3.6E0));
#1792=LINE('',#1791,#1790);
#1793=DIRECTION('',(-1.E0,0.E0,2.960594732334E-14));
#1794=VECTOR('',#1793,1.5E-2);
#1795=CARTESIAN_POINT('',(-3.765E0,-2.8E-1,-3.6E0));
#1796=LINE('',#1795,#1794);
#1797=DIRECTION('',(-1.E0,0.E0,-2.960594732334E-14));
#1798=VECTOR('',#1797,1.5E-2);
#1799=CARTESIAN_POINT('',(-3.55E0,-2.8E-1,-3.6E0));
#1800=LINE('',#1799,#1798);
#1801=DIRECTION('',(0.E0,0.E0,1.E0));
#1802=VECTOR('',#1801,1.E0);
#1803=CARTESIAN_POINT('',(-3.565E0,-2.8E-1,-3.6E0));
#1804=LINE('',#1803,#1802);
#1805=DIRECTION('',(0.E0,-1.E0,0.E0));
#1806=VECTOR('',#1805,2.E-1);
#1807=CARTESIAN_POINT('',(5.315E0,-8.3E-1,-4.3E0));
#1808=LINE('',#1807,#1806);
#1809=DIRECTION('',(0.E0,-1.E0,0.E0));
#1810=VECTOR('',#1809,2.E-1);
#1811=CARTESIAN_POINT('',(5.315E0,-8.3E-1,-2.7E0));
#1812=LINE('',#1811,#1810);
#1813=DIRECTION('',(0.E0,0.E0,-1.E0));
#1814=VECTOR('',#1813,1.6E0);
#1815=CARTESIAN_POINT('',(5.315E0,-8.3E-1,-2.7E0));
#1816=LINE('',#1815,#1814);
#1817=DIRECTION('',(0.E0,1.E0,0.E0));
#1818=VECTOR('',#1817,2.E-1);
#1819=CARTESIAN_POINT('',(5.315E0,-1.03E0,-1.7E0));
#1820=LINE('',#1819,#1818);
#1821=DIRECTION('',(0.E0,0.E0,-1.E0));
#1822=VECTOR('',#1821,3.E-1);
#1823=CARTESIAN_POINT('',(5.315E0,-8.3E-1,-1.7E0));
#1824=LINE('',#1823,#1822);
#1825=DIRECTION('',(0.E0,-1.E0,0.E0));
#1826=VECTOR('',#1825,2.E-1);
#1827=CARTESIAN_POINT('',(5.315E0,-8.3E-1,-2.E0));
#1828=LINE('',#1827,#1826);
#1829=DIRECTION('',(0.E0,1.E0,0.E0));
#1830=VECTOR('',#1829,2.E-1);
#1831=CARTESIAN_POINT('',(5.165E0,-1.03E0,-2.55E0));
#1832=LINE('',#1831,#1830);
#1833=DIRECTION('',(0.E0,1.E0,0.E0));
#1834=VECTOR('',#1833,2.E-1);
#1835=CARTESIAN_POINT('',(5.165E0,-1.03E0,-2.15E0));
#1836=LINE('',#1835,#1834);
#1837=DIRECTION('',(0.E0,0.E0,1.E0));
#1838=VECTOR('',#1837,1.8E0);
#1839=CARTESIAN_POINT('',(3.916E0,-1.03E0,-4.4E0));
#1840=LINE('',#1839,#1838);
#1841=DIRECTION('',(0.E0,0.E0,1.E0));
#1842=VECTOR('',#1841,1.8E0);
#1843=CARTESIAN_POINT('',(3.565E0,-6.79E-1,-4.4E0));
#1844=LINE('',#1843,#1842);
#1845=DIRECTION('',(0.E0,0.E0,1.E0));
#1846=VECTOR('',#1845,8.E-1);
#1847=CARTESIAN_POINT('',(3.565E0,-2.8E-1,-4.4E0));
#1848=LINE('',#1847,#1846);
#1849=DIRECTION('',(0.E0,0.E0,1.E0));
#1850=VECTOR('',#1849,8.E-1);
#1851=CARTESIAN_POINT('',(3.765E0,-2.8E-1,-4.4E0));
#1852=LINE('',#1851,#1850);
#1853=DIRECTION('',(-1.E0,0.E0,0.E0));
#1854=VECTOR('',#1853,2.E-1);
#1855=CARTESIAN_POINT('',(3.765E0,-2.8E-1,-2.6E0));
#1856=LINE('',#1855,#1854);
#1857=DIRECTION('',(0.E0,0.E0,1.E0));
#1858=VECTOR('',#1857,1.E0);
#1859=CARTESIAN_POINT('',(3.565E0,-2.8E-1,-3.6E0));
#1860=LINE('',#1859,#1858);
#1861=DIRECTION('',(-1.E0,0.E0,2.960594732334E-14));
#1862=VECTOR('',#1861,1.5E-2);
#1863=CARTESIAN_POINT('',(3.565E0,-2.8E-1,-3.6E0));
#1864=LINE('',#1863,#1862);
#1865=DIRECTION('',(-1.E0,0.E0,-2.960594732334E-14));
#1866=VECTOR('',#1865,1.5E-2);
#1867=CARTESIAN_POINT('',(3.78E0,-2.8E-1,-3.6E0));
#1868=LINE('',#1867,#1866);
#1869=DIRECTION('',(0.E0,0.E0,1.E0));
#1870=VECTOR('',#1869,1.E0);
#1871=CARTESIAN_POINT('',(3.765E0,-2.8E-1,-3.6E0));
#1872=LINE('',#1871,#1870);
#1873=DIRECTION('',(-1.E0,0.E0,0.E0));
#1874=VECTOR('',#1873,2.E-1);
#1875=CARTESIAN_POINT('',(3.765E0,-2.8E-1,-3.6E0));
#1876=LINE('',#1875,#1874);
#1877=CARTESIAN_POINT('',(3.78E0,-1.3E-1,-3.6E0));
#1878=DIRECTION('',(1.E0,0.E0,0.E0));
#1879=DIRECTION('',(0.E0,-1.E0,0.E0));
#1880=AXIS2_PLACEMENT_3D('',#1877,#1878,#1879);
#1882=CARTESIAN_POINT('',(3.55E0,-1.3E-1,-3.6E0));
#1883=DIRECTION('',(-1.E0,0.E0,0.E0));
#1884=DIRECTION('',(0.E0,0.E0,-1.E0));
#1885=AXIS2_PLACEMENT_3D('',#1882,#1883,#1884);
#1887=DIRECTION('',(0.E0,-1.E0,0.E0));
#1888=VECTOR('',#1887,3.E-1);
#1889=CARTESIAN_POINT('',(3.78E0,1.7E-1,-3.75E0));
#1890=LINE('',#1889,#1888);
#1891=DIRECTION('',(0.E0,0.E0,-1.E0));
#1892=VECTOR('',#1891,1.05E0);
#1893=CARTESIAN_POINT('',(3.78E0,-2.8E-1,-2.55E0));
#1894=LINE('',#1893,#1892);
#1895=DIRECTION('',(0.E0,0.E0,-1.E0));
#1896=VECTOR('',#1895,1.7E0);
#1897=CARTESIAN_POINT('',(3.78E0,-6.8E-1,-2.55E0));
#1898=LINE('',#1897,#1896);
#1899=DIRECTION('',(0.E0,1.E0,0.E0));
#1900=VECTOR('',#1899,1.36E0);
#1901=CARTESIAN_POINT('',(3.78E0,-6.8E-1,-4.25E0));
#1902=LINE('',#1901,#1900);
#1903=DIRECTION('',(0.E0,0.E0,1.E0));
#1904=VECTOR('',#1903,1.7E0);
#1905=CARTESIAN_POINT('',(3.78E0,6.8E-1,-4.25E0));
#1906=LINE('',#1905,#1904);
#1907=DIRECTION('',(0.E0,0.E0,-1.E0));
#1908=VECTOR('',#1907,1.05E0);
#1909=CARTESIAN_POINT('',(3.78E0,3.2E-1,-2.55E0));
#1910=LINE('',#1909,#1908);
#1911=DIRECTION('',(0.E0,0.E0,1.E0));
#1912=VECTOR('',#1911,1.8E0);
#1913=CARTESIAN_POINT('',(3.93E0,-8.3E-1,-4.4E0));
#1914=LINE('',#1913,#1912);
#1915=DIRECTION('',(5.773502691896E-1,-5.773502691896E-1,-5.773502691896E-1));
#1916=VECTOR('',#1915,2.598076211353E-1);
#1917=CARTESIAN_POINT('',(3.78E0,-6.8E-1,-4.25E0));
#1918=LINE('',#1917,#1916);
#1919=DIRECTION('',(7.071067811865E-1,-7.071067811865E-1,0.E0));
#1920=VECTOR('',#1919,2.121320343560E-1);
#1921=CARTESIAN_POINT('',(3.78E0,-6.8E-1,-2.55E0));
#1922=LINE('',#1921,#1920);
#1923=DIRECTION('',(5.773502691896E-1,5.773502691896E-1,-5.773502691896E-1));
#1924=VECTOR('',#1923,2.598076211353E-1);
#1925=CARTESIAN_POINT('',(3.78E0,6.8E-1,-4.25E0));
#1926=LINE('',#1925,#1924);
#1927=DIRECTION('',(-7.071067811865E-1,-7.071067811865E-1,0.E0));
#1928=VECTOR('',#1927,2.121320343560E-1);
#1929=CARTESIAN_POINT('',(3.93E0,8.3E-1,-2.55E0));
#1930=LINE('',#1929,#1928);
#1931=DIRECTION('',(1.E0,0.E0,0.E0));
#1932=VECTOR('',#1931,2.3E-1);
#1933=CARTESIAN_POINT('',(3.55E0,3.2E-1,-3.6E0));
#1934=LINE('',#1933,#1932);
#1935=DIRECTION('',(0.E0,0.E0,-1.E0));
#1936=VECTOR('',#1935,8.4E-1);
#1937=CARTESIAN_POINT('',(3.55E0,3.2E-1,-2.55E0));
#1938=LINE('',#1937,#1936);
#1939=CARTESIAN_POINT('',(3.55E0,1.7E-1,-3.6E0));
#1940=DIRECTION('',(-1.E0,0.E0,0.E0));
#1941=DIRECTION('',(0.E0,1.E0,0.E0));
#1942=AXIS2_PLACEMENT_3D('',#1939,#1940,#1941);
#1944=CARTESIAN_POINT('',(3.78E0,1.7E-1,-3.6E0));
#1945=DIRECTION('',(1.E0,0.E0,0.E0));
#1946=DIRECTION('',(0.E0,0.E0,-1.E0));
#1947=AXIS2_PLACEMENT_3D('',#1944,#1945,#1946);
#1949=DIRECTION('',(0.E0,0.E0,-1.E0));
#1950=VECTOR('',#1949,1.94E0);
#1951=CARTESIAN_POINT('',(3.55E0,1.3E-1,-1.45E0));
#1952=LINE('',#1951,#1950);
#1953=DIRECTION('',(0.E0,-1.E0,0.E0));
#1954=VECTOR('',#1953,3.266664354748E-1);
#1955=CARTESIAN_POINT('',(3.55E0,4.566664354748E-1,-1.45E0));
#1956=LINE('',#1955,#1954);
#1957=DIRECTION('',(0.E0,-1.E0,0.E0));
#1958=VECTOR('',#1957,8.624968294988E-3);
#1959=CARTESIAN_POINT('',(2.9E0,4.5E-1,-3.39E0));
#1960=LINE('',#1959,#1958);
#1961=DIRECTION('',(-1.E0,0.E0,0.E0));
#1962=VECTOR('',#1961,2.E-1);
#1963=CARTESIAN_POINT('',(3.1E0,4.413750317050E-1,-3.39E0));
#1964=LINE('',#1963,#1962);
#1965=DIRECTION('',(0.E0,-1.E0,0.E0));
#1966=VECTOR('',#1965,8.624968294988E-3);
#1967=CARTESIAN_POINT('',(3.1E0,4.5E-1,-3.39E0));
#1968=LINE('',#1967,#1966);
#1969=DIRECTION('',(-1.E0,0.E0,0.E0));
#1970=VECTOR('',#1969,4.5E-1);
#1971=CARTESIAN_POINT('',(3.55E0,4.5E-1,-3.39E0));
#1972=LINE('',#1971,#1970);
#1973=DIRECTION('',(0.E0,1.E0,0.E0));
#1974=VECTOR('',#1973,1.9E-1);
#1975=CARTESIAN_POINT('',(3.55E0,1.3E-1,-3.39E0));
#1976=LINE('',#1975,#1974);
#1977=DIRECTION('',(1.E0,0.E0,0.E0));
#1978=VECTOR('',#1977,7.1E0);
#1979=CARTESIAN_POINT('',(-3.55E0,1.3E-1,-3.39E0));
#1980=LINE('',#1979,#1978);
#1981=DIRECTION('',(0.E0,1.E0,0.E0));
#1982=VECTOR('',#1981,1.9E-1);
#1983=CARTESIAN_POINT('',(-3.55E0,1.3E-1,-3.39E0));
#1984=LINE('',#1983,#1982);
#1985=DIRECTION('',(-1.E0,0.E0,0.E0));
#1986=VECTOR('',#1985,4.5E-1);
#1987=CARTESIAN_POINT('',(-3.1E0,4.5E-1,-3.39E0));
#1988=LINE('',#1987,#1986);
#1989=DIRECTION('',(0.E0,-1.E0,0.E0));
#1990=VECTOR('',#1989,8.624968294988E-3);
#1991=CARTESIAN_POINT('',(-3.1E0,4.5E-1,-3.39E0));
#1992=LINE('',#1991,#1990);
#1993=DIRECTION('',(-1.E0,0.E0,0.E0));
#1994=VECTOR('',#1993,2.E-1);
#1995=CARTESIAN_POINT('',(-2.9E0,4.413750317050E-1,-3.39E0));
#1996=LINE('',#1995,#1994);
#1997=DIRECTION('',(0.E0,-1.E0,0.E0));
#1998=VECTOR('',#1997,8.624968294988E-3);
#1999=CARTESIAN_POINT('',(-2.9E0,4.5E-1,-3.39E0));
#2000=LINE('',#1999,#1998);
#2001=DIRECTION('',(-1.E0,0.E0,0.E0));
#2002=VECTOR('',#2001,3.E-1);
#2003=CARTESIAN_POINT('',(-2.6E0,4.5E-1,-3.39E0));
#2004=LINE('',#2003,#2002);
#2005=DIRECTION('',(0.E0,-1.E0,0.E0));
#2006=VECTOR('',#2005,8.624968294988E-3);
#2007=CARTESIAN_POINT('',(-2.6E0,4.5E-1,-3.39E0));
#2008=LINE('',#2007,#2006);
#2009=DIRECTION('',(1.E0,0.E0,0.E0));
#2010=VECTOR('',#2009,2.E-1);
#2011=CARTESIAN_POINT('',(-2.6E0,4.413750317050E-1,-3.39E0));
#2012=LINE('',#2011,#2010);
#2013=DIRECTION('',(0.E0,-1.E0,0.E0));
#2014=VECTOR('',#2013,8.624968294988E-3);
#2015=CARTESIAN_POINT('',(-2.4E0,4.5E-1,-3.39E0));
#2016=LINE('',#2015,#2014);
#2017=DIRECTION('',(-1.E0,0.E0,0.E0));
#2018=VECTOR('',#2017,3.E-1);
#2019=CARTESIAN_POINT('',(-2.1E0,4.5E-1,-3.39E0));
#2020=LINE('',#2019,#2018);
#2021=DIRECTION('',(0.E0,-1.E0,0.E0));
#2022=VECTOR('',#2021,8.624968294988E-3);
#2023=CARTESIAN_POINT('',(-2.1E0,4.5E-1,-3.39E0));
#2024=LINE('',#2023,#2022);
#2025=DIRECTION('',(-1.E0,0.E0,0.E0));
#2026=VECTOR('',#2025,2.E-1);
#2027=CARTESIAN_POINT('',(-1.9E0,4.413750317050E-1,-3.39E0));
#2028=LINE('',#2027,#2026);
#2029=DIRECTION('',(0.E0,-1.E0,0.E0));
#2030=VECTOR('',#2029,8.624968294988E-3);
#2031=CARTESIAN_POINT('',(-1.9E0,4.5E-1,-3.39E0));
#2032=LINE('',#2031,#2030);
#2033=DIRECTION('',(-1.E0,0.E0,0.E0));
#2034=VECTOR('',#2033,3.E-1);
#2035=CARTESIAN_POINT('',(-1.6E0,4.5E-1,-3.39E0));
#2036=LINE('',#2035,#2034);
#2037=DIRECTION('',(0.E0,-1.E0,0.E0));
#2038=VECTOR('',#2037,8.624968294988E-3);
#2039=CARTESIAN_POINT('',(-1.6E0,4.5E-1,-3.39E0));
#2040=LINE('',#2039,#2038);
#2041=DIRECTION('',(-1.E0,0.E0,0.E0));
#2042=VECTOR('',#2041,2.E-1);
#2043=CARTESIAN_POINT('',(-1.4E0,4.413750317050E-1,-3.39E0));
#2044=LINE('',#2043,#2042);
#2045=DIRECTION('',(0.E0,-1.E0,0.E0));
#2046=VECTOR('',#2045,8.624968294988E-3);
#2047=CARTESIAN_POINT('',(-1.4E0,4.5E-1,-3.39E0));
#2048=LINE('',#2047,#2046);
#2049=DIRECTION('',(-1.E0,0.E0,0.E0));
#2050=VECTOR('',#2049,3.E-1);
#2051=CARTESIAN_POINT('',(-1.1E0,4.5E-1,-3.39E0));
#2052=LINE('',#2051,#2050);
#2053=DIRECTION('',(0.E0,-1.E0,0.E0));
#2054=VECTOR('',#2053,8.624968294988E-3);
#2055=CARTESIAN_POINT('',(-1.1E0,4.5E-1,-3.39E0));
#2056=LINE('',#2055,#2054);
#2057=DIRECTION('',(-1.E0,0.E0,0.E0));
#2058=VECTOR('',#2057,2.E-1);
#2059=CARTESIAN_POINT('',(-9.E-1,4.413750317050E-1,-3.39E0));
#2060=LINE('',#2059,#2058);
#2061=DIRECTION('',(0.E0,-1.E0,0.E0));
#2062=VECTOR('',#2061,8.624968294988E-3);
#2063=CARTESIAN_POINT('',(-9.E-1,4.5E-1,-3.39E0));
#2064=LINE('',#2063,#2062);
#2065=DIRECTION('',(-1.E0,0.E0,0.E0));
#2066=VECTOR('',#2065,3.E-1);
#2067=CARTESIAN_POINT('',(-6.E-1,4.5E-1,-3.39E0));
#2068=LINE('',#2067,#2066);
#2069=DIRECTION('',(0.E0,-1.E0,0.E0));
#2070=VECTOR('',#2069,8.624968294988E-3);
#2071=CARTESIAN_POINT('',(-6.E-1,4.5E-1,-3.39E0));
#2072=LINE('',#2071,#2070);
#2073=DIRECTION('',(-1.E0,0.E0,0.E0));
#2074=VECTOR('',#2073,2.E-1);
#2075=CARTESIAN_POINT('',(-4.E-1,4.413750317050E-1,-3.39E0));
#2076=LINE('',#2075,#2074);
#2077=DIRECTION('',(0.E0,-1.E0,0.E0));
#2078=VECTOR('',#2077,8.624968294988E-3);
#2079=CARTESIAN_POINT('',(-4.E-1,4.5E-1,-3.39E0));
#2080=LINE('',#2079,#2078);
#2081=DIRECTION('',(-1.E0,0.E0,0.E0));
#2082=VECTOR('',#2081,3.E-1);
#2083=CARTESIAN_POINT('',(-1.E-1,4.5E-1,-3.39E0));
#2084=LINE('',#2083,#2082);
#2085=DIRECTION('',(0.E0,-1.E0,0.E0));
#2086=VECTOR('',#2085,8.624968294988E-3);
#2087=CARTESIAN_POINT('',(-1.E-1,4.5E-1,-3.39E0));
#2088=LINE('',#2087,#2086);
#2089=DIRECTION('',(-1.E0,0.E0,0.E0));
#2090=VECTOR('',#2089,2.E-1);
#2091=CARTESIAN_POINT('',(1.E-1,4.413750317050E-1,-3.39E0));
#2092=LINE('',#2091,#2090);
#2093=DIRECTION('',(0.E0,-1.E0,0.E0));
#2094=VECTOR('',#2093,8.624968294988E-3);
#2095=CARTESIAN_POINT('',(1.E-1,4.5E-1,-3.39E0));
#2096=LINE('',#2095,#2094);
#2097=DIRECTION('',(-1.E0,0.E0,0.E0));
#2098=VECTOR('',#2097,3.E-1);
#2099=CARTESIAN_POINT('',(4.E-1,4.5E-1,-3.39E0));
#2100=LINE('',#2099,#2098);
#2101=DIRECTION('',(0.E0,-1.E0,0.E0));
#2102=VECTOR('',#2101,8.624968294988E-3);
#2103=CARTESIAN_POINT('',(4.E-1,4.5E-1,-3.39E0));
#2104=LINE('',#2103,#2102);
#2105=DIRECTION('',(-1.E0,0.E0,0.E0));
#2106=VECTOR('',#2105,2.E-1);
#2107=CARTESIAN_POINT('',(6.E-1,4.413750317050E-1,-3.39E0));
#2108=LINE('',#2107,#2106);
#2109=DIRECTION('',(0.E0,-1.E0,0.E0));
#2110=VECTOR('',#2109,8.624968294988E-3);
#2111=CARTESIAN_POINT('',(6.E-1,4.5E-1,-3.39E0));
#2112=LINE('',#2111,#2110);
#2113=DIRECTION('',(-1.E0,0.E0,0.E0));
#2114=VECTOR('',#2113,3.E-1);
#2115=CARTESIAN_POINT('',(9.E-1,4.5E-1,-3.39E0));
#2116=LINE('',#2115,#2114);
#2117=DIRECTION('',(0.E0,-1.E0,0.E0));
#2118=VECTOR('',#2117,8.624968294988E-3);
#2119=CARTESIAN_POINT('',(9.E-1,4.5E-1,-3.39E0));
#2120=LINE('',#2119,#2118);
#2121=DIRECTION('',(-1.E0,0.E0,0.E0));
#2122=VECTOR('',#2121,2.E-1);
#2123=CARTESIAN_POINT('',(1.1E0,4.413750317050E-1,-3.39E0));
#2124=LINE('',#2123,#2122);
#2125=DIRECTION('',(0.E0,-1.E0,0.E0));
#2126=VECTOR('',#2125,8.624968294988E-3);
#2127=CARTESIAN_POINT('',(1.1E0,4.5E-1,-3.39E0));
#2128=LINE('',#2127,#2126);
#2129=DIRECTION('',(-1.E0,0.E0,0.E0));
#2130=VECTOR('',#2129,3.E-1);
#2131=CARTESIAN_POINT('',(1.4E0,4.5E-1,-3.39E0));
#2132=LINE('',#2131,#2130);
#2133=DIRECTION('',(0.E0,-1.E0,0.E0));
#2134=VECTOR('',#2133,8.624968294988E-3);
#2135=CARTESIAN_POINT('',(1.4E0,4.5E-1,-3.39E0));
#2136=LINE('',#2135,#2134);
#2137=DIRECTION('',(-1.E0,0.E0,0.E0));
#2138=VECTOR('',#2137,2.E-1);
#2139=CARTESIAN_POINT('',(1.6E0,4.413750317050E-1,-3.39E0));
#2140=LINE('',#2139,#2138);
#2141=DIRECTION('',(0.E0,-1.E0,0.E0));
#2142=VECTOR('',#2141,8.624968294988E-3);
#2143=CARTESIAN_POINT('',(1.6E0,4.5E-1,-3.39E0));
#2144=LINE('',#2143,#2142);
#2145=DIRECTION('',(-1.E0,0.E0,0.E0));
#2146=VECTOR('',#2145,3.E-1);
#2147=CARTESIAN_POINT('',(1.9E0,4.5E-1,-3.39E0));
#2148=LINE('',#2147,#2146);
#2149=DIRECTION('',(0.E0,-1.E0,0.E0));
#2150=VECTOR('',#2149,8.624968294988E-3);
#2151=CARTESIAN_POINT('',(1.9E0,4.5E-1,-3.39E0));
#2152=LINE('',#2151,#2150);
#2153=DIRECTION('',(-1.E0,0.E0,0.E0));
#2154=VECTOR('',#2153,2.E-1);
#2155=CARTESIAN_POINT('',(2.1E0,4.413750317050E-1,-3.39E0));
#2156=LINE('',#2155,#2154);
#2157=DIRECTION('',(0.E0,-1.E0,0.E0));
#2158=VECTOR('',#2157,8.624968294988E-3);
#2159=CARTESIAN_POINT('',(2.1E0,4.5E-1,-3.39E0));
#2160=LINE('',#2159,#2158);
#2161=DIRECTION('',(-1.E0,0.E0,0.E0));
#2162=VECTOR('',#2161,3.E-1);
#2163=CARTESIAN_POINT('',(2.4E0,4.5E-1,-3.39E0));
#2164=LINE('',#2163,#2162);
#2165=DIRECTION('',(0.E0,-1.E0,0.E0));
#2166=VECTOR('',#2165,8.624968294988E-3);
#2167=CARTESIAN_POINT('',(2.4E0,4.5E-1,-3.39E0));
#2168=LINE('',#2167,#2166);
#2169=DIRECTION('',(-1.E0,0.E0,0.E0));
#2170=VECTOR('',#2169,2.E-1);
#2171=CARTESIAN_POINT('',(2.6E0,4.413750317050E-1,-3.39E0));
#2172=LINE('',#2171,#2170);
#2173=DIRECTION('',(0.E0,-1.E0,0.E0));
#2174=VECTOR('',#2173,8.624968294988E-3);
#2175=CARTESIAN_POINT('',(2.6E0,4.5E-1,-3.39E0));
#2176=LINE('',#2175,#2174);
#2177=DIRECTION('',(-1.E0,0.E0,0.E0));
#2178=VECTOR('',#2177,3.E-1);
#2179=CARTESIAN_POINT('',(2.9E0,4.5E-1,-3.39E0));
#2180=LINE('',#2179,#2178);
#2181=DIRECTION('',(0.E0,7.071067811865E-1,7.071067811865E-1));
#2182=VECTOR('',#2181,2.828427124746E-1);
#2183=CARTESIAN_POINT('',(2.9E0,-1.05E0,-4.6E0));
#2184=LINE('',#2183,#2182);
#2185=DIRECTION('',(0.E0,0.E0,1.E0));
#2186=VECTOR('',#2185,5.E-1);
#2187=CARTESIAN_POINT('',(2.9E0,-1.05E0,-5.1E0));
#2188=LINE('',#2187,#2186);
#2189=DIRECTION('',(0.E0,-1.E0,0.E0));
#2190=VECTOR('',#2189,3.E-1);
#2191=CARTESIAN_POINT('',(2.9E0,-7.5E-1,-5.1E0));
#2192=LINE('',#2191,#2190);
#2193=DIRECTION('',(0.E0,0.E0,-1.E0));
#2194=VECTOR('',#2193,3.7E-1);
#2195=CARTESIAN_POINT('',(2.9E0,-7.5E-1,-4.73E0));
#2196=LINE('',#2195,#2194);
#2197=DIRECTION('',(0.E0,-7.071067811865E-1,-7.071067811865E-1));
#2198=VECTOR('',#2197,4.666904755831E-1);
#2199=CARTESIAN_POINT('',(2.9E0,-4.2E-1,-4.4E0));
#2200=LINE('',#2199,#2198);
#2201=DIRECTION('',(0.E0,4.216293820650E-1,9.067682527413E-1));
#2202=VECTOR('',#2201,1.703387200692E-1);
#2203=CARTESIAN_POINT('',(2.9E0,3.781801907155E-1,-1.716957743571E0));
#2204=LINE('',#2203,#2202);
#2205=CARTESIAN_POINT('',(2.9E0,5.55E-1,-1.799175473074E0));
#2206=DIRECTION('',(-1.E0,0.E0,0.E0));
#2207=DIRECTION('',(0.E0,-9.986860302749E-1,-5.124658948458E-2));
#2208=AXIS2_PLACEMENT_3D('',#2205,#2206,#2207);
#2210=DIRECTION('',(0.E0,-5.124658948458E-2,9.986860302749E-1));
#2211=VECTOR('',#2210,1.582911339554E0);
#2212=CARTESIAN_POINT('',(2.9E0,4.413750317050E-1,-3.39E0));
#2213=LINE('',#2212,#2211);
#2214=DIRECTION('',(1.E0,0.E0,0.E0));
#2215=VECTOR('',#2214,2.E-1);
#2216=CARTESIAN_POINT('',(2.9E0,-1.05E0,-4.6E0));
#2217=LINE('',#2216,#2215);
#2218=DIRECTION('',(0.E0,-7.071067811865E-1,-7.071067811865E-1));
#2219=VECTOR('',#2218,4.666904755831E-1);
#2220=CARTESIAN_POINT('',(3.1E0,-4.2E-1,-4.4E0));
#2221=LINE('',#2220,#2219);
#2222=DIRECTION('',(0.E0,0.E0,-1.E0));
#2223=VECTOR('',#2222,3.7E-1);
#2224=CARTESIAN_POINT('',(3.1E0,-7.5E-1,-4.73E0));
#2225=LINE('',#2224,#2223);
#2226=DIRECTION('',(0.E0,-1.E0,0.E0));
#2227=VECTOR('',#2226,3.E-1);
#2228=CARTESIAN_POINT('',(3.1E0,-7.5E-1,-5.1E0));
#2229=LINE('',#2228,#2227);
#2230=DIRECTION('',(0.E0,0.E0,1.E0));
#2231=VECTOR('',#2230,5.E-1);
#2232=CARTESIAN_POINT('',(3.1E0,-1.05E0,-5.1E0));
#2233=LINE('',#2232,#2231);
#2234=DIRECTION('',(0.E0,7.071067811865E-1,7.071067811865E-1));
#2235=VECTOR('',#2234,2.828427124746E-1);
#2236=CARTESIAN_POINT('',(3.1E0,-1.05E0,-4.6E0));
#2237=LINE('',#2236,#2235);
#2238=DIRECTION('',(0.E0,-5.124658948458E-2,9.986860302749E-1));
#2239=VECTOR('',#2238,1.582911339554E0);
#2240=CARTESIAN_POINT('',(3.1E0,4.413750317050E-1,-3.39E0));
#2241=LINE('',#2240,#2239);
#2242=CARTESIAN_POINT('',(3.1E0,5.55E-1,-1.799175473074E0));
#2243=DIRECTION('',(-1.E0,0.E0,0.E0));
#2244=DIRECTION('',(0.E0,-9.986860302749E-1,-5.124658948458E-2));
#2245=AXIS2_PLACEMENT_3D('',#2242,#2243,#2244);
#2247=DIRECTION('',(0.E0,4.216293820650E-1,9.067682527413E-1));
#2248=VECTOR('',#2247,1.703387200692E-1);
#2249=CARTESIAN_POINT('',(3.1E0,3.781801907155E-1,-1.716957743571E0));
#2250=LINE('',#2249,#2248);
#2251=DIRECTION('',(1.E0,0.E0,0.E0));
#2252=VECTOR('',#2251,2.E-1);
#2253=CARTESIAN_POINT('',(2.9E0,-7.5E-1,-4.73E0));
#2254=LINE('',#2253,#2252);
#2255=DIRECTION('',(1.E0,0.E0,0.E0));
#2256=VECTOR('',#2255,2.E-1);
#2257=CARTESIAN_POINT('',(2.9E0,-7.5E-1,-5.1E0));
#2258=LINE('',#2257,#2256);
#2259=DIRECTION('',(1.E0,0.E0,0.E0));
#2260=VECTOR('',#2259,2.E-1);
#2261=CARTESIAN_POINT('',(2.9E0,-1.05E0,-5.1E0));
#2262=LINE('',#2261,#2260);
#2263=DIRECTION('',(0.E0,0.E0,1.E0));
#2264=VECTOR('',#2263,1.8275E0);
#2265=CARTESIAN_POINT('',(2.9E0,4.5E-1,-3.39E0));
#2266=LINE('',#2265,#2264);
#2267=DIRECTION('',(0.E0,0.E0,1.E0));
#2268=VECTOR('',#2267,1.8275E0);
#2269=CARTESIAN_POINT('',(2.6E0,4.5E-1,-3.39E0));
#2270=LINE('',#2269,#2268);
#2271=DIRECTION('',(-1.E0,0.E0,0.E0));
#2272=VECTOR('',#2271,2.E-1);
#2273=CARTESIAN_POINT('',(2.6E0,4.5E-1,-1.5625E0));
#2274=LINE('',#2273,#2272);
#2275=DIRECTION('',(0.E0,0.E0,1.E0));
#2276=VECTOR('',#2275,1.8275E0);
#2277=CARTESIAN_POINT('',(2.4E0,4.5E-1,-3.39E0));
#2278=LINE('',#2277,#2276);
#2279=DIRECTION('',(0.E0,0.E0,1.E0));
#2280=VECTOR('',#2279,1.8275E0);
#2281=CARTESIAN_POINT('',(2.1E0,4.5E-1,-3.39E0));
#2282=LINE('',#2281,#2280);
#2283=DIRECTION('',(-1.E0,0.E0,0.E0));
#2284=VECTOR('',#2283,2.E-1);
#2285=CARTESIAN_POINT('',(2.1E0,4.5E-1,-1.5625E0));
#2286=LINE('',#2285,#2284);
#2287=DIRECTION('',(0.E0,0.E0,1.E0));
#2288=VECTOR('',#2287,1.8275E0);
#2289=CARTESIAN_POINT('',(1.9E0,4.5E-1,-3.39E0));
#2290=LINE('',#2289,#2288);
#2291=DIRECTION('',(0.E0,0.E0,1.E0));
#2292=VECTOR('',#2291,1.8275E0);
#2293=CARTESIAN_POINT('',(1.6E0,4.5E-1,-3.39E0));
#2294=LINE('',#2293,#2292);
#2295=DIRECTION('',(-1.E0,0.E0,0.E0));
#2296=VECTOR('',#2295,2.E-1);
#2297=CARTESIAN_POINT('',(1.6E0,4.5E-1,-1.5625E0));
#2298=LINE('',#2297,#2296);
#2299=DIRECTION('',(0.E0,0.E0,1.E0));
#2300=VECTOR('',#2299,1.8275E0);
#2301=CARTESIAN_POINT('',(1.4E0,4.5E-1,-3.39E0));
#2302=LINE('',#2301,#2300);
#2303=DIRECTION('',(0.E0,0.E0,1.E0));
#2304=VECTOR('',#2303,1.8275E0);
#2305=CARTESIAN_POINT('',(1.1E0,4.5E-1,-3.39E0));
#2306=LINE('',#2305,#2304);
#2307=DIRECTION('',(-1.E0,0.E0,0.E0));
#2308=VECTOR('',#2307,2.E-1);
#2309=CARTESIAN_POINT('',(1.1E0,4.5E-1,-1.5625E0));
#2310=LINE('',#2309,#2308);
#2311=DIRECTION('',(0.E0,0.E0,1.E0));
#2312=VECTOR('',#2311,1.8275E0);
#2313=CARTESIAN_POINT('',(9.E-1,4.5E-1,-3.39E0));
#2314=LINE('',#2313,#2312);
#2315=DIRECTION('',(0.E0,0.E0,1.E0));
#2316=VECTOR('',#2315,1.8275E0);
#2317=CARTESIAN_POINT('',(6.E-1,4.5E-1,-3.39E0));
#2318=LINE('',#2317,#2316);
#2319=DIRECTION('',(-1.E0,0.E0,0.E0));
#2320=VECTOR('',#2319,2.E-1);
#2321=CARTESIAN_POINT('',(6.E-1,4.5E-1,-1.5625E0));
#2322=LINE('',#2321,#2320);
#2323=DIRECTION('',(0.E0,0.E0,1.E0));
#2324=VECTOR('',#2323,1.8275E0);
#2325=CARTESIAN_POINT('',(4.E-1,4.5E-1,-3.39E0));
#2326=LINE('',#2325,#2324);
#2327=DIRECTION('',(0.E0,0.E0,1.E0));
#2328=VECTOR('',#2327,1.8275E0);
#2329=CARTESIAN_POINT('',(1.E-1,4.5E-1,-3.39E0));
#2330=LINE('',#2329,#2328);
#2331=DIRECTION('',(-1.E0,0.E0,0.E0));
#2332=VECTOR('',#2331,2.E-1);
#2333=CARTESIAN_POINT('',(1.E-1,4.5E-1,-1.5625E0));
#2334=LINE('',#2333,#2332);
#2335=DIRECTION('',(0.E0,0.E0,1.E0));
#2336=VECTOR('',#2335,1.8275E0);
#2337=CARTESIAN_POINT('',(-1.E-1,4.5E-1,-3.39E0));
#2338=LINE('',#2337,#2336);
#2339=DIRECTION('',(0.E0,0.E0,1.E0));
#2340=VECTOR('',#2339,1.8275E0);
#2341=CARTESIAN_POINT('',(-4.E-1,4.5E-1,-3.39E0));
#2342=LINE('',#2341,#2340);
#2343=DIRECTION('',(-1.E0,0.E0,0.E0));
#2344=VECTOR('',#2343,2.E-1);
#2345=CARTESIAN_POINT('',(-4.E-1,4.5E-1,-1.5625E0));
#2346=LINE('',#2345,#2344);
#2347=DIRECTION('',(0.E0,0.E0,1.E0));
#2348=VECTOR('',#2347,1.8275E0);
#2349=CARTESIAN_POINT('',(-6.E-1,4.5E-1,-3.39E0));
#2350=LINE('',#2349,#2348);
#2351=DIRECTION('',(0.E0,0.E0,1.E0));
#2352=VECTOR('',#2351,1.8275E0);
#2353=CARTESIAN_POINT('',(-9.E-1,4.5E-1,-3.39E0));
#2354=LINE('',#2353,#2352);
#2355=DIRECTION('',(-1.E0,0.E0,0.E0));
#2356=VECTOR('',#2355,2.E-1);
#2357=CARTESIAN_POINT('',(-9.E-1,4.5E-1,-1.5625E0));
#2358=LINE('',#2357,#2356);
#2359=DIRECTION('',(0.E0,0.E0,1.E0));
#2360=VECTOR('',#2359,1.8275E0);
#2361=CARTESIAN_POINT('',(-1.1E0,4.5E-1,-3.39E0));
#2362=LINE('',#2361,#2360);
#2363=DIRECTION('',(0.E0,0.E0,1.E0));
#2364=VECTOR('',#2363,1.8275E0);
#2365=CARTESIAN_POINT('',(-1.4E0,4.5E-1,-3.39E0));
#2366=LINE('',#2365,#2364);
#2367=DIRECTION('',(-1.E0,0.E0,0.E0));
#2368=VECTOR('',#2367,2.E-1);
#2369=CARTESIAN_POINT('',(-1.4E0,4.5E-1,-1.5625E0));
#2370=LINE('',#2369,#2368);
#2371=DIRECTION('',(0.E0,0.E0,1.E0));
#2372=VECTOR('',#2371,1.8275E0);
#2373=CARTESIAN_POINT('',(-1.6E0,4.5E-1,-3.39E0));
#2374=LINE('',#2373,#2372);
#2375=DIRECTION('',(0.E0,0.E0,1.E0));
#2376=VECTOR('',#2375,1.8275E0);
#2377=CARTESIAN_POINT('',(-1.9E0,4.5E-1,-3.39E0));
#2378=LINE('',#2377,#2376);
#2379=DIRECTION('',(-1.E0,0.E0,0.E0));
#2380=VECTOR('',#2379,2.E-1);
#2381=CARTESIAN_POINT('',(-1.9E0,4.5E-1,-1.5625E0));
#2382=LINE('',#2381,#2380);
#2383=DIRECTION('',(0.E0,0.E0,1.E0));
#2384=VECTOR('',#2383,1.8275E0);
#2385=CARTESIAN_POINT('',(-2.1E0,4.5E-1,-3.39E0));
#2386=LINE('',#2385,#2384);
#2387=DIRECTION('',(0.E0,0.E0,1.E0));
#2388=VECTOR('',#2387,1.8275E0);
#2389=CARTESIAN_POINT('',(-2.4E0,4.5E-1,-3.39E0));
#2390=LINE('',#2389,#2388);
#2391=DIRECTION('',(1.E0,0.E0,0.E0));
#2392=VECTOR('',#2391,2.E-1);
#2393=CARTESIAN_POINT('',(-2.6E0,4.5E-1,-1.5625E0));
#2394=LINE('',#2393,#2392);
#2395=DIRECTION('',(0.E0,0.E0,1.E0));
#2396=VECTOR('',#2395,1.8275E0);
#2397=CARTESIAN_POINT('',(-2.6E0,4.5E-1,-3.39E0));
#2398=LINE('',#2397,#2396);
#2399=DIRECTION('',(0.E0,0.E0,1.E0));
#2400=VECTOR('',#2399,1.8275E0);
#2401=CARTESIAN_POINT('',(-2.9E0,4.5E-1,-3.39E0));
#2402=LINE('',#2401,#2400);
#2403=DIRECTION('',(-1.E0,0.E0,0.E0));
#2404=VECTOR('',#2403,2.E-1);
#2405=CARTESIAN_POINT('',(-2.9E0,4.5E-1,-1.5625E0));
#2406=LINE('',#2405,#2404);
#2407=DIRECTION('',(0.E0,0.E0,1.E0));
#2408=VECTOR('',#2407,1.8275E0);
#2409=CARTESIAN_POINT('',(-3.1E0,4.5E-1,-3.39E0));
#2410=LINE('',#2409,#2408);
#2411=DIRECTION('',(-1.E0,0.E0,0.E0));
#2412=VECTOR('',#2411,7.1E0);
#2413=CARTESIAN_POINT('',(3.55E0,4.5E-1,-1.49E0));
#2414=LINE('',#2413,#2412);
#2415=DIRECTION('',(0.E0,0.E0,-1.E0));
#2416=VECTOR('',#2415,1.06E0);
#2417=CARTESIAN_POINT('',(3.55E0,4.5E-1,-1.49E0));
#2418=LINE('',#2417,#2416);
#2419=DIRECTION('',(0.E0,0.E0,1.E0));
#2420=VECTOR('',#2419,1.8275E0);
#2421=CARTESIAN_POINT('',(3.1E0,4.5E-1,-3.39E0));
#2422=LINE('',#2421,#2420);
#2423=DIRECTION('',(-1.E0,0.E0,0.E0));
#2424=VECTOR('',#2423,2.E-1);
#2425=CARTESIAN_POINT('',(3.1E0,4.5E-1,-1.5625E0));
#2426=LINE('',#2425,#2424);
#2427=DIRECTION('',(0.E0,-7.071067811865E-1,-7.071067811865E-1));
#2428=VECTOR('',#2427,4.666904755831E-1);
#2429=CARTESIAN_POINT('',(2.6E0,-4.2E-1,-4.4E0));
#2430=LINE('',#2429,#2428);
#2431=DIRECTION('',(0.E0,0.E0,-1.E0));
#2432=VECTOR('',#2431,3.7E-1);
#2433=CARTESIAN_POINT('',(2.6E0,-7.5E-1,-4.73E0));
#2434=LINE('',#2433,#2432);
#2435=DIRECTION('',(0.E0,-1.E0,0.E0));
#2436=VECTOR('',#2435,3.E-1);
#2437=CARTESIAN_POINT('',(2.6E0,-7.5E-1,-5.1E0));
#2438=LINE('',#2437,#2436);
#2439=DIRECTION('',(0.E0,0.E0,1.E0));
#2440=VECTOR('',#2439,5.E-1);
#2441=CARTESIAN_POINT('',(2.6E0,-1.05E0,-5.1E0));
#2442=LINE('',#2441,#2440);
#2443=DIRECTION('',(0.E0,7.071067811865E-1,7.071067811865E-1));
#2444=VECTOR('',#2443,2.828427124746E-1);
#2445=CARTESIAN_POINT('',(2.6E0,-1.05E0,-4.6E0));
#2446=LINE('',#2445,#2444);
#2447=DIRECTION('',(0.E0,-5.124658948458E-2,9.986860302749E-1));
#2448=VECTOR('',#2447,1.582911339554E0);
#2449=CARTESIAN_POINT('',(2.6E0,4.413750317050E-1,-3.39E0));
#2450=LINE('',#2449,#2448);
#2451=CARTESIAN_POINT('',(2.6E0,5.55E-1,-1.799175473074E0));
#2452=DIRECTION('',(-1.E0,0.E0,0.E0));
#2453=DIRECTION('',(0.E0,-9.986860302749E-1,-5.124658948458E-2));
#2454=AXIS2_PLACEMENT_3D('',#2451,#2452,#2453);
#2456=DIRECTION('',(0.E0,4.216293820650E-1,9.067682527413E-1));
#2457=VECTOR('',#2456,1.703387200692E-1);
#2458=CARTESIAN_POINT('',(2.6E0,3.781801907155E-1,-1.716957743571E0));
#2459=LINE('',#2458,#2457);
#2460=DIRECTION('',(0.E0,7.071067811865E-1,7.071067811865E-1));
#2461=VECTOR('',#2460,2.828427124746E-1);
#2462=CARTESIAN_POINT('',(2.4E0,-1.05E0,-4.6E0));
#2463=LINE('',#2462,#2461);
#2464=DIRECTION('',(0.E0,0.E0,1.E0));
#2465=VECTOR('',#2464,5.E-1);
#2466=CARTESIAN_POINT('',(2.4E0,-1.05E0,-5.1E0));
#2467=LINE('',#2466,#2465);
#2468=DIRECTION('',(0.E0,-1.E0,0.E0));
#2469=VECTOR('',#2468,3.E-1);
#2470=CARTESIAN_POINT('',(2.4E0,-7.5E-1,-5.1E0));
#2471=LINE('',#2470,#2469);
#2472=DIRECTION('',(0.E0,0.E0,-1.E0));
#2473=VECTOR('',#2472,3.7E-1);
#2474=CARTESIAN_POINT('',(2.4E0,-7.5E-1,-4.73E0));
#2475=LINE('',#2474,#2473);
#2476=DIRECTION('',(0.E0,-7.071067811865E-1,-7.071067811865E-1));
#2477=VECTOR('',#2476,4.666904755831E-1);
#2478=CARTESIAN_POINT('',(2.4E0,-4.2E-1,-4.4E0));
#2479=LINE('',#2478,#2477);
#2480=DIRECTION('',(0.E0,4.216293820650E-1,9.067682527413E-1));
#2481=VECTOR('',#2480,1.703387200692E-1);
#2482=CARTESIAN_POINT('',(2.4E0,3.781801907155E-1,-1.716957743571E0));
#2483=LINE('',#2482,#2481);
#2484=CARTESIAN_POINT('',(2.4E0,5.55E-1,-1.799175473074E0));
#2485=DIRECTION('',(-1.E0,0.E0,0.E0));
#2486=DIRECTION('',(0.E0,-9.986860302749E-1,-5.124658948458E-2));
#2487=AXIS2_PLACEMENT_3D('',#2484,#2485,#2486);
#2489=DIRECTION('',(0.E0,-5.124658948458E-2,9.986860302749E-1));
#2490=VECTOR('',#2489,1.582911339554E0);
#2491=CARTESIAN_POINT('',(2.4E0,4.413750317050E-1,-3.39E0));
#2492=LINE('',#2491,#2490);
#2493=DIRECTION('',(1.E0,0.E0,0.E0));
#2494=VECTOR('',#2493,2.E-1);
#2495=CARTESIAN_POINT('',(2.4E0,-1.05E0,-4.6E0));
#2496=LINE('',#2495,#2494);
#2497=DIRECTION('',(1.E0,0.E0,0.E0));
#2498=VECTOR('',#2497,2.E-1);
#2499=CARTESIAN_POINT('',(2.4E0,-1.05E0,-5.1E0));
#2500=LINE('',#2499,#2498);
#2501=DIRECTION('',(1.E0,0.E0,0.E0));
#2502=VECTOR('',#2501,2.E-1);
#2503=CARTESIAN_POINT('',(2.4E0,-7.5E-1,-5.1E0));
#2504=LINE('',#2503,#2502);
#2505=DIRECTION('',(1.E0,0.E0,0.E0));
#2506=VECTOR('',#2505,2.E-1);
#2507=CARTESIAN_POINT('',(2.4E0,-7.5E-1,-4.73E0));
#2508=LINE('',#2507,#2506);
#2509=DIRECTION('',(1.E0,0.E0,0.E0));
#2510=VECTOR('',#2509,2.E-1);
#2511=CARTESIAN_POINT('',(2.4E0,3.781801907155E-1,-1.716957743571E0));
#2512=LINE('',#2511,#2510);
#2513=DIRECTION('',(1.E0,0.E0,0.E0));
#2514=VECTOR('',#2513,2.E-1);
#2515=CARTESIAN_POINT('',(2.4E0,3.602562240964E-1,-1.809168558024E0));
#2516=LINE('',#2515,#2514);
#2517=DIRECTION('',(0.E0,-7.071067811865E-1,-7.071067811865E-1));
#2518=VECTOR('',#2517,4.666904755831E-1);
#2519=CARTESIAN_POINT('',(2.1E0,-4.2E-1,-4.4E0));
#2520=LINE('',#2519,#2518);
#2521=DIRECTION('',(0.E0,0.E0,-1.E0));
#2522=VECTOR('',#2521,3.7E-1);
#2523=CARTESIAN_POINT('',(2.1E0,-7.5E-1,-4.73E0));
#2524=LINE('',#2523,#2522);
#2525=DIRECTION('',(0.E0,-1.E0,0.E0));
#2526=VECTOR('',#2525,3.E-1);
#2527=CARTESIAN_POINT('',(2.1E0,-7.5E-1,-5.1E0));
#2528=LINE('',#2527,#2526);
#2529=DIRECTION('',(0.E0,0.E0,1.E0));
#2530=VECTOR('',#2529,5.E-1);
#2531=CARTESIAN_POINT('',(2.1E0,-1.05E0,-5.1E0));
#2532=LINE('',#2531,#2530);
#2533=DIRECTION('',(0.E0,7.071067811865E-1,7.071067811865E-1));
#2534=VECTOR('',#2533,2.828427124746E-1);
#2535=CARTESIAN_POINT('',(2.1E0,-1.05E0,-4.6E0));
#2536=LINE('',#2535,#2534);
#2537=DIRECTION('',(0.E0,-5.124658948458E-2,9.986860302749E-1));
#2538=VECTOR('',#2537,1.582911339554E0);
#2539=CARTESIAN_POINT('',(2.1E0,4.413750317050E-1,-3.39E0));
#2540=LINE('',#2539,#2538);
#2541=CARTESIAN_POINT('',(2.1E0,5.55E-1,-1.799175473074E0));
#2542=DIRECTION('',(-1.E0,0.E0,0.E0));
#2543=DIRECTION('',(0.E0,-9.986860302749E-1,-5.124658948458E-2));
#2544=AXIS2_PLACEMENT_3D('',#2541,#2542,#2543);
#2546=DIRECTION('',(0.E0,4.216293820650E-1,9.067682527413E-1));
#2547=VECTOR('',#2546,1.703387200692E-1);
#2548=CARTESIAN_POINT('',(2.1E0,3.781801907155E-1,-1.716957743571E0));
#2549=LINE('',#2548,#2547);
#2550=DIRECTION('',(0.E0,7.071067811865E-1,7.071067811865E-1));
#2551=VECTOR('',#2550,2.828427124746E-1);
#2552=CARTESIAN_POINT('',(1.9E0,-1.05E0,-4.6E0));
#2553=LINE('',#2552,#2551);
#2554=DIRECTION('',(0.E0,0.E0,1.E0));
#2555=VECTOR('',#2554,5.E-1);
#2556=CARTESIAN_POINT('',(1.9E0,-1.05E0,-5.1E0));
#2557=LINE('',#2556,#2555);
#2558=DIRECTION('',(0.E0,-1.E0,0.E0));
#2559=VECTOR('',#2558,3.E-1);
#2560=CARTESIAN_POINT('',(1.9E0,-7.5E-1,-5.1E0));
#2561=LINE('',#2560,#2559);
#2562=DIRECTION('',(0.E0,0.E0,-1.E0));
#2563=VECTOR('',#2562,3.7E-1);
#2564=CARTESIAN_POINT('',(1.9E0,-7.5E-1,-4.73E0));
#2565=LINE('',#2564,#2563);
#2566=DIRECTION('',(0.E0,-7.071067811865E-1,-7.071067811865E-1));
#2567=VECTOR('',#2566,4.666904755831E-1);
#2568=CARTESIAN_POINT('',(1.9E0,-4.2E-1,-4.4E0));
#2569=LINE('',#2568,#2567);
#2570=DIRECTION('',(0.E0,4.216293820650E-1,9.067682527413E-1));
#2571=VECTOR('',#2570,1.703387200692E-1);
#2572=CARTESIAN_POINT('',(1.9E0,3.781801907155E-1,-1.716957743571E0));
#2573=LINE('',#2572,#2571);
#2574=CARTESIAN_POINT('',(1.9E0,5.55E-1,-1.799175473074E0));
#2575=DIRECTION('',(-1.E0,0.E0,0.E0));
#2576=DIRECTION('',(0.E0,-9.986860302749E-1,-5.124658948458E-2));
#2577=AXIS2_PLACEMENT_3D('',#2574,#2575,#2576);
#2579=DIRECTION('',(0.E0,-5.124658948458E-2,9.986860302749E-1));
#2580=VECTOR('',#2579,1.582911339554E0);
#2581=CARTESIAN_POINT('',(1.9E0,4.413750317050E-1,-3.39E0));
#2582=LINE('',#2581,#2580);
#2583=DIRECTION('',(1.E0,0.E0,0.E0));
#2584=VECTOR('',#2583,2.E-1);
#2585=CARTESIAN_POINT('',(1.9E0,-1.05E0,-4.6E0));
#2586=LINE('',#2585,#2584);
#2587=DIRECTION('',(1.E0,0.E0,0.E0));
#2588=VECTOR('',#2587,2.E-1);
#2589=CARTESIAN_POINT('',(1.9E0,-1.05E0,-5.1E0));
#2590=LINE('',#2589,#2588);
#2591=DIRECTION('',(1.E0,0.E0,0.E0));
#2592=VECTOR('',#2591,2.E-1);
#2593=CARTESIAN_POINT('',(1.9E0,-7.5E-1,-5.1E0));
#2594=LINE('',#2593,#2592);
#2595=DIRECTION('',(1.E0,0.E0,0.E0));
#2596=VECTOR('',#2595,2.E-1);
#2597=CARTESIAN_POINT('',(1.9E0,-7.5E-1,-4.73E0));
#2598=LINE('',#2597,#2596);
#2599=DIRECTION('',(1.E0,0.E0,0.E0));
#2600=VECTOR('',#2599,2.E-1);
#2601=CARTESIAN_POINT('',(1.9E0,3.781801907155E-1,-1.716957743571E0));
#2602=LINE('',#2601,#2600);
#2603=DIRECTION('',(1.E0,0.E0,0.E0));
#2604=VECTOR('',#2603,2.E-1);
#2605=CARTESIAN_POINT('',(1.9E0,3.602562240964E-1,-1.809168558024E0));
#2606=LINE('',#2605,#2604);
#2607=DIRECTION('',(0.E0,-7.071067811865E-1,-7.071067811865E-1));
#2608=VECTOR('',#2607,4.666904755831E-1);
#2609=CARTESIAN_POINT('',(1.6E0,-4.2E-1,-4.4E0));
#2610=LINE('',#2609,#2608);
#2611=DIRECTION('',(0.E0,0.E0,-1.E0));
#2612=VECTOR('',#2611,3.7E-1);
#2613=CARTESIAN_POINT('',(1.6E0,-7.5E-1,-4.73E0));
#2614=LINE('',#2613,#2612);
#2615=DIRECTION('',(0.E0,-1.E0,0.E0));
#2616=VECTOR('',#2615,3.E-1);
#2617=CARTESIAN_POINT('',(1.6E0,-7.5E-1,-5.1E0));
#2618=LINE('',#2617,#2616);
#2619=DIRECTION('',(0.E0,0.E0,1.E0));
#2620=VECTOR('',#2619,5.E-1);
#2621=CARTESIAN_POINT('',(1.6E0,-1.05E0,-5.1E0));
#2622=LINE('',#2621,#2620);
#2623=DIRECTION('',(0.E0,7.071067811865E-1,7.071067811865E-1));
#2624=VECTOR('',#2623,2.828427124746E-1);
#2625=CARTESIAN_POINT('',(1.6E0,-1.05E0,-4.6E0));
#2626=LINE('',#2625,#2624);
#2627=DIRECTION('',(0.E0,-5.124658948458E-2,9.986860302749E-1));
#2628=VECTOR('',#2627,1.582911339554E0);
#2629=CARTESIAN_POINT('',(1.6E0,4.413750317050E-1,-3.39E0));
#2630=LINE('',#2629,#2628);
#2631=CARTESIAN_POINT('',(1.6E0,5.55E-1,-1.799175473074E0));
#2632=DIRECTION('',(-1.E0,0.E0,0.E0));
#2633=DIRECTION('',(0.E0,-9.986860302749E-1,-5.124658948458E-2));
#2634=AXIS2_PLACEMENT_3D('',#2631,#2632,#2633);
#2636=DIRECTION('',(0.E0,4.216293820650E-1,9.067682527413E-1));
#2637=VECTOR('',#2636,1.703387200692E-1);
#2638=CARTESIAN_POINT('',(1.6E0,3.781801907155E-1,-1.716957743571E0));
#2639=LINE('',#2638,#2637);
#2640=DIRECTION('',(0.E0,7.071067811865E-1,7.071067811865E-1));
#2641=VECTOR('',#2640,2.828427124746E-1);
#2642=CARTESIAN_POINT('',(1.4E0,-1.05E0,-4.6E0));
#2643=LINE('',#2642,#2641);
#2644=DIRECTION('',(0.E0,0.E0,1.E0));
#2645=VECTOR('',#2644,5.E-1);
#2646=CARTESIAN_POINT('',(1.4E0,-1.05E0,-5.1E0));
#2647=LINE('',#2646,#2645);
#2648=DIRECTION('',(0.E0,-1.E0,0.E0));
#2649=VECTOR('',#2648,3.E-1);
#2650=CARTESIAN_POINT('',(1.4E0,-7.5E-1,-5.1E0));
#2651=LINE('',#2650,#2649);
#2652=DIRECTION('',(0.E0,0.E0,-1.E0));
#2653=VECTOR('',#2652,3.7E-1);
#2654=CARTESIAN_POINT('',(1.4E0,-7.5E-1,-4.73E0));
#2655=LINE('',#2654,#2653);
#2656=DIRECTION('',(0.E0,-7.071067811865E-1,-7.071067811865E-1));
#2657=VECTOR('',#2656,4.666904755831E-1);
#2658=CARTESIAN_POINT('',(1.4E0,-4.2E-1,-4.4E0));
#2659=LINE('',#2658,#2657);
#2660=DIRECTION('',(0.E0,4.216293820650E-1,9.067682527413E-1));
#2661=VECTOR('',#2660,1.703387200692E-1);
#2662=CARTESIAN_POINT('',(1.4E0,3.781801907155E-1,-1.716957743571E0));
#2663=LINE('',#2662,#2661);
#2664=CARTESIAN_POINT('',(1.4E0,5.55E-1,-1.799175473074E0));
#2665=DIRECTION('',(-1.E0,0.E0,0.E0));
#2666=DIRECTION('',(0.E0,-9.986860302749E-1,-5.124658948458E-2));
#2667=AXIS2_PLACEMENT_3D('',#2664,#2665,#2666);
#2669=DIRECTION('',(0.E0,-5.124658948458E-2,9.986860302749E-1));
#2670=VECTOR('',#2669,1.582911339554E0);
#2671=CARTESIAN_POINT('',(1.4E0,4.413750317050E-1,-3.39E0));
#2672=LINE('',#2671,#2670);
#2673=DIRECTION('',(1.E0,0.E0,0.E0));
#2674=VECTOR('',#2673,2.E-1);
#2675=CARTESIAN_POINT('',(1.4E0,-1.05E0,-4.6E0));
#2676=LINE('',#2675,#2674);
#2677=DIRECTION('',(1.E0,0.E0,0.E0));
#2678=VECTOR('',#2677,2.E-1);
#2679=CARTESIAN_POINT('',(1.4E0,-1.05E0,-5.1E0));
#2680=LINE('',#2679,#2678);
#2681=DIRECTION('',(1.E0,0.E0,0.E0));
#2682=VECTOR('',#2681,2.E-1);
#2683=CARTESIAN_POINT('',(1.4E0,-7.5E-1,-5.1E0));
#2684=LINE('',#2683,#2682);
#2685=DIRECTION('',(1.E0,0.E0,0.E0));
#2686=VECTOR('',#2685,2.E-1);
#2687=CARTESIAN_POINT('',(1.4E0,-7.5E-1,-4.73E0));
#2688=LINE('',#2687,#2686);
#2689=DIRECTION('',(1.E0,0.E0,0.E0));
#2690=VECTOR('',#2689,2.E-1);
#2691=CARTESIAN_POINT('',(1.4E0,3.781801907155E-1,-1.716957743571E0));
#2692=LINE('',#2691,#2690);
#2693=DIRECTION('',(1.E0,0.E0,0.E0));
#2694=VECTOR('',#2693,2.E-1);
#2695=CARTESIAN_POINT('',(1.4E0,3.602562240964E-1,-1.809168558024E0));
#2696=LINE('',#2695,#2694);
#2697=DIRECTION('',(0.E0,-7.071067811865E-1,-7.071067811865E-1));
#2698=VECTOR('',#2697,4.666904755831E-1);
#2699=CARTESIAN_POINT('',(1.1E0,-4.2E-1,-4.4E0));
#2700=LINE('',#2699,#2698);
#2701=DIRECTION('',(0.E0,0.E0,-1.E0));
#2702=VECTOR('',#2701,3.7E-1);
#2703=CARTESIAN_POINT('',(1.1E0,-7.5E-1,-4.73E0));
#2704=LINE('',#2703,#2702);
#2705=DIRECTION('',(0.E0,-1.E0,0.E0));
#2706=VECTOR('',#2705,3.E-1);
#2707=CARTESIAN_POINT('',(1.1E0,-7.5E-1,-5.1E0));
#2708=LINE('',#2707,#2706);
#2709=DIRECTION('',(0.E0,0.E0,1.E0));
#2710=VECTOR('',#2709,5.E-1);
#2711=CARTESIAN_POINT('',(1.1E0,-1.05E0,-5.1E0));
#2712=LINE('',#2711,#2710);
#2713=DIRECTION('',(0.E0,7.071067811865E-1,7.071067811865E-1));
#2714=VECTOR('',#2713,2.828427124746E-1);
#2715=CARTESIAN_POINT('',(1.1E0,-1.05E0,-4.6E0));
#2716=LINE('',#2715,#2714);
#2717=DIRECTION('',(0.E0,-5.124658948458E-2,9.986860302749E-1));
#2718=VECTOR('',#2717,1.582911339554E0);
#2719=CARTESIAN_POINT('',(1.1E0,4.413750317050E-1,-3.39E0));
#2720=LINE('',#2719,#2718);
#2721=CARTESIAN_POINT('',(1.1E0,5.55E-1,-1.799175473074E0));
#2722=DIRECTION('',(-1.E0,0.E0,0.E0));
#2723=DIRECTION('',(0.E0,-9.986860302749E-1,-5.124658948458E-2));
#2724=AXIS2_PLACEMENT_3D('',#2721,#2722,#2723);
#2726=DIRECTION('',(0.E0,4.216293820650E-1,9.067682527413E-1));
#2727=VECTOR('',#2726,1.703387200692E-1);
#2728=CARTESIAN_POINT('',(1.1E0,3.781801907155E-1,-1.716957743571E0));
#2729=LINE('',#2728,#2727);
#2730=DIRECTION('',(0.E0,7.071067811865E-1,7.071067811865E-1));
#2731=VECTOR('',#2730,2.828427124746E-1);
#2732=CARTESIAN_POINT('',(9.E-1,-1.05E0,-4.6E0));
#2733=LINE('',#2732,#2731);
#2734=DIRECTION('',(0.E0,0.E0,1.E0));
#2735=VECTOR('',#2734,5.E-1);
#2736=CARTESIAN_POINT('',(9.E-1,-1.05E0,-5.1E0));
#2737=LINE('',#2736,#2735);
#2738=DIRECTION('',(0.E0,-1.E0,0.E0));
#2739=VECTOR('',#2738,3.E-1);
#2740=CARTESIAN_POINT('',(9.E-1,-7.5E-1,-5.1E0));
#2741=LINE('',#2740,#2739);
#2742=DIRECTION('',(0.E0,0.E0,-1.E0));
#2743=VECTOR('',#2742,3.7E-1);
#2744=CARTESIAN_POINT('',(9.E-1,-7.5E-1,-4.73E0));
#2745=LINE('',#2744,#2743);
#2746=DIRECTION('',(0.E0,-7.071067811865E-1,-7.071067811865E-1));
#2747=VECTOR('',#2746,4.666904755831E-1);
#2748=CARTESIAN_POINT('',(9.E-1,-4.2E-1,-4.4E0));
#2749=LINE('',#2748,#2747);
#2750=DIRECTION('',(0.E0,4.216293820650E-1,9.067682527413E-1));
#2751=VECTOR('',#2750,1.703387200692E-1);
#2752=CARTESIAN_POINT('',(9.E-1,3.781801907155E-1,-1.716957743571E0));
#2753=LINE('',#2752,#2751);
#2754=CARTESIAN_POINT('',(9.E-1,5.55E-1,-1.799175473074E0));
#2755=DIRECTION('',(-1.E0,0.E0,0.E0));
#2756=DIRECTION('',(0.E0,-9.986860302749E-1,-5.124658948458E-2));
#2757=AXIS2_PLACEMENT_3D('',#2754,#2755,#2756);
#2759=DIRECTION('',(0.E0,-5.124658948458E-2,9.986860302749E-1));
#2760=VECTOR('',#2759,1.582911339554E0);
#2761=CARTESIAN_POINT('',(9.E-1,4.413750317050E-1,-3.39E0));
#2762=LINE('',#2761,#2760);
#2763=DIRECTION('',(1.E0,0.E0,0.E0));
#2764=VECTOR('',#2763,2.E-1);
#2765=CARTESIAN_POINT('',(9.E-1,-1.05E0,-4.6E0));
#2766=LINE('',#2765,#2764);
#2767=DIRECTION('',(1.E0,0.E0,0.E0));
#2768=VECTOR('',#2767,2.E-1);
#2769=CARTESIAN_POINT('',(9.E-1,-1.05E0,-5.1E0));
#2770=LINE('',#2769,#2768);
#2771=DIRECTION('',(1.E0,0.E0,0.E0));
#2772=VECTOR('',#2771,2.E-1);
#2773=CARTESIAN_POINT('',(9.E-1,-7.5E-1,-5.1E0));
#2774=LINE('',#2773,#2772);
#2775=DIRECTION('',(1.E0,0.E0,0.E0));
#2776=VECTOR('',#2775,2.E-1);
#2777=CARTESIAN_POINT('',(9.E-1,-7.5E-1,-4.73E0));
#2778=LINE('',#2777,#2776);
#2779=DIRECTION('',(1.E0,0.E0,0.E0));
#2780=VECTOR('',#2779,2.E-1);
#2781=CARTESIAN_POINT('',(9.E-1,3.781801907155E-1,-1.716957743571E0));
#2782=LINE('',#2781,#2780);
#2783=DIRECTION('',(1.E0,0.E0,0.E0));
#2784=VECTOR('',#2783,2.E-1);
#2785=CARTESIAN_POINT('',(9.E-1,3.602562240964E-1,-1.809168558024E0));
#2786=LINE('',#2785,#2784);
#2787=DIRECTION('',(0.E0,-7.071067811865E-1,-7.071067811865E-1));
#2788=VECTOR('',#2787,4.666904755831E-1);
#2789=CARTESIAN_POINT('',(6.E-1,-4.2E-1,-4.4E0));
#2790=LINE('',#2789,#2788);
#2791=DIRECTION('',(0.E0,0.E0,-1.E0));
#2792=VECTOR('',#2791,3.7E-1);
#2793=CARTESIAN_POINT('',(6.E-1,-7.5E-1,-4.73E0));
#2794=LINE('',#2793,#2792);
#2795=DIRECTION('',(0.E0,-1.E0,0.E0));
#2796=VECTOR('',#2795,3.E-1);
#2797=CARTESIAN_POINT('',(6.E-1,-7.5E-1,-5.1E0));
#2798=LINE('',#2797,#2796);
#2799=DIRECTION('',(0.E0,0.E0,1.E0));
#2800=VECTOR('',#2799,5.E-1);
#2801=CARTESIAN_POINT('',(6.E-1,-1.05E0,-5.1E0));
#2802=LINE('',#2801,#2800);
#2803=DIRECTION('',(0.E0,7.071067811865E-1,7.071067811865E-1));
#2804=VECTOR('',#2803,2.828427124746E-1);
#2805=CARTESIAN_POINT('',(6.E-1,-1.05E0,-4.6E0));
#2806=LINE('',#2805,#2804);
#2807=DIRECTION('',(0.E0,-5.124658948458E-2,9.986860302749E-1));
#2808=VECTOR('',#2807,1.582911339554E0);
#2809=CARTESIAN_POINT('',(6.E-1,4.413750317050E-1,-3.39E0));
#2810=LINE('',#2809,#2808);
#2811=CARTESIAN_POINT('',(6.E-1,5.55E-1,-1.799175473074E0));
#2812=DIRECTION('',(-1.E0,0.E0,0.E0));
#2813=DIRECTION('',(0.E0,-9.986860302749E-1,-5.124658948458E-2));
#2814=AXIS2_PLACEMENT_3D('',#2811,#2812,#2813);
#2816=DIRECTION('',(0.E0,4.216293820650E-1,9.067682527413E-1));
#2817=VECTOR('',#2816,1.703387200692E-1);
#2818=CARTESIAN_POINT('',(6.E-1,3.781801907155E-1,-1.716957743571E0));
#2819=LINE('',#2818,#2817);
#2820=DIRECTION('',(0.E0,7.071067811865E-1,7.071067811865E-1));
#2821=VECTOR('',#2820,2.828427124746E-1);
#2822=CARTESIAN_POINT('',(4.E-1,-1.05E0,-4.6E0));
#2823=LINE('',#2822,#2821);
#2824=DIRECTION('',(0.E0,0.E0,1.E0));
#2825=VECTOR('',#2824,5.E-1);
#2826=CARTESIAN_POINT('',(4.E-1,-1.05E0,-5.1E0));
#2827=LINE('',#2826,#2825);
#2828=DIRECTION('',(0.E0,-1.E0,0.E0));
#2829=VECTOR('',#2828,3.E-1);
#2830=CARTESIAN_POINT('',(4.E-1,-7.5E-1,-5.1E0));
#2831=LINE('',#2830,#2829);
#2832=DIRECTION('',(0.E0,0.E0,-1.E0));
#2833=VECTOR('',#2832,3.7E-1);
#2834=CARTESIAN_POINT('',(4.E-1,-7.5E-1,-4.73E0));
#2835=LINE('',#2834,#2833);
#2836=DIRECTION('',(0.E0,-7.071067811865E-1,-7.071067811865E-1));
#2837=VECTOR('',#2836,4.666904755831E-1);
#2838=CARTESIAN_POINT('',(4.E-1,-4.2E-1,-4.4E0));
#2839=LINE('',#2838,#2837);
#2840=DIRECTION('',(0.E0,4.216293820650E-1,9.067682527413E-1));
#2841=VECTOR('',#2840,1.703387200692E-1);
#2842=CARTESIAN_POINT('',(4.E-1,3.781801907155E-1,-1.716957743571E0));
#2843=LINE('',#2842,#2841);
#2844=CARTESIAN_POINT('',(4.E-1,5.55E-1,-1.799175473074E0));
#2845=DIRECTION('',(-1.E0,0.E0,0.E0));
#2846=DIRECTION('',(0.E0,-9.986860302749E-1,-5.124658948458E-2));
#2847=AXIS2_PLACEMENT_3D('',#2844,#2845,#2846);
#2849=DIRECTION('',(0.E0,-5.124658948458E-2,9.986860302749E-1));
#2850=VECTOR('',#2849,1.582911339554E0);
#2851=CARTESIAN_POINT('',(4.E-1,4.413750317050E-1,-3.39E0));
#2852=LINE('',#2851,#2850);
#2853=DIRECTION('',(1.E0,0.E0,0.E0));
#2854=VECTOR('',#2853,2.E-1);
#2855=CARTESIAN_POINT('',(4.E-1,-1.05E0,-4.6E0));
#2856=LINE('',#2855,#2854);
#2857=DIRECTION('',(1.E0,0.E0,0.E0));
#2858=VECTOR('',#2857,2.E-1);
#2859=CARTESIAN_POINT('',(4.E-1,-1.05E0,-5.1E0));
#2860=LINE('',#2859,#2858);
#2861=DIRECTION('',(1.E0,0.E0,0.E0));
#2862=VECTOR('',#2861,2.E-1);
#2863=CARTESIAN_POINT('',(4.E-1,-7.5E-1,-5.1E0));
#2864=LINE('',#2863,#2862);
#2865=DIRECTION('',(1.E0,0.E0,0.E0));
#2866=VECTOR('',#2865,2.E-1);
#2867=CARTESIAN_POINT('',(4.E-1,-7.5E-1,-4.73E0));
#2868=LINE('',#2867,#2866);
#2869=DIRECTION('',(1.E0,0.E0,0.E0));
#2870=VECTOR('',#2869,2.E-1);
#2871=CARTESIAN_POINT('',(4.E-1,3.781801907155E-1,-1.716957743571E0));
#2872=LINE('',#2871,#2870);
#2873=DIRECTION('',(1.E0,0.E0,0.E0));
#2874=VECTOR('',#2873,2.E-1);
#2875=CARTESIAN_POINT('',(4.E-1,3.602562240964E-1,-1.809168558024E0));
#2876=LINE('',#2875,#2874);
#2877=DIRECTION('',(0.E0,-7.071067811865E-1,-7.071067811865E-1));
#2878=VECTOR('',#2877,4.666904755831E-1);
#2879=CARTESIAN_POINT('',(1.E-1,-4.2E-1,-4.4E0));
#2880=LINE('',#2879,#2878);
#2881=DIRECTION('',(0.E0,0.E0,-1.E0));
#2882=VECTOR('',#2881,3.7E-1);
#2883=CARTESIAN_POINT('',(1.E-1,-7.5E-1,-4.73E0));
#2884=LINE('',#2883,#2882);
#2885=DIRECTION('',(0.E0,-1.E0,0.E0));
#2886=VECTOR('',#2885,3.E-1);
#2887=CARTESIAN_POINT('',(1.E-1,-7.5E-1,-5.1E0));
#2888=LINE('',#2887,#2886);
#2889=DIRECTION('',(0.E0,0.E0,1.E0));
#2890=VECTOR('',#2889,5.E-1);
#2891=CARTESIAN_POINT('',(1.E-1,-1.05E0,-5.1E0));
#2892=LINE('',#2891,#2890);
#2893=DIRECTION('',(0.E0,7.071067811865E-1,7.071067811865E-1));
#2894=VECTOR('',#2893,2.828427124746E-1);
#2895=CARTESIAN_POINT('',(1.E-1,-1.05E0,-4.6E0));
#2896=LINE('',#2895,#2894);
#2897=DIRECTION('',(0.E0,-5.124658948458E-2,9.986860302749E-1));
#2898=VECTOR('',#2897,1.582911339554E0);
#2899=CARTESIAN_POINT('',(1.E-1,4.413750317050E-1,-3.39E0));
#2900=LINE('',#2899,#2898);
#2901=CARTESIAN_POINT('',(1.E-1,5.55E-1,-1.799175473074E0));
#2902=DIRECTION('',(-1.E0,0.E0,0.E0));
#2903=DIRECTION('',(0.E0,-9.986860302749E-1,-5.124658948458E-2));
#2904=AXIS2_PLACEMENT_3D('',#2901,#2902,#2903);
#2906=DIRECTION('',(0.E0,4.216293820650E-1,9.067682527413E-1));
#2907=VECTOR('',#2906,1.703387200692E-1);
#2908=CARTESIAN_POINT('',(1.E-1,3.781801907155E-1,-1.716957743571E0));
#2909=LINE('',#2908,#2907);
#2910=DIRECTION('',(0.E0,7.071067811865E-1,7.071067811865E-1));
#2911=VECTOR('',#2910,2.828427124746E-1);
#2912=CARTESIAN_POINT('',(-1.E-1,-1.05E0,-4.6E0));
#2913=LINE('',#2912,#2911);
#2914=DIRECTION('',(0.E0,0.E0,1.E0));
#2915=VECTOR('',#2914,5.E-1);
#2916=CARTESIAN_POINT('',(-1.E-1,-1.05E0,-5.1E0));
#2917=LINE('',#2916,#2915);
#2918=DIRECTION('',(0.E0,-1.E0,0.E0));
#2919=VECTOR('',#2918,3.E-1);
#2920=CARTESIAN_POINT('',(-1.E-1,-7.5E-1,-5.1E0));
#2921=LINE('',#2920,#2919);
#2922=DIRECTION('',(0.E0,0.E0,-1.E0));
#2923=VECTOR('',#2922,3.7E-1);
#2924=CARTESIAN_POINT('',(-1.E-1,-7.5E-1,-4.73E0));
#2925=LINE('',#2924,#2923);
#2926=DIRECTION('',(0.E0,-7.071067811865E-1,-7.071067811865E-1));
#2927=VECTOR('',#2926,4.666904755831E-1);
#2928=CARTESIAN_POINT('',(-1.E-1,-4.2E-1,-4.4E0));
#2929=LINE('',#2928,#2927);
#2930=DIRECTION('',(0.E0,4.216293820650E-1,9.067682527413E-1));
#2931=VECTOR('',#2930,1.703387200692E-1);
#2932=CARTESIAN_POINT('',(-1.E-1,3.781801907155E-1,-1.716957743571E0));
#2933=LINE('',#2932,#2931);
#2934=CARTESIAN_POINT('',(-1.E-1,5.55E-1,-1.799175473074E0));
#2935=DIRECTION('',(-1.E0,0.E0,0.E0));
#2936=DIRECTION('',(0.E0,-9.986860302749E-1,-5.124658948458E-2));
#2937=AXIS2_PLACEMENT_3D('',#2934,#2935,#2936);
#2939=DIRECTION('',(0.E0,-5.124658948458E-2,9.986860302749E-1));
#2940=VECTOR('',#2939,1.582911339554E0);
#2941=CARTESIAN_POINT('',(-1.E-1,4.413750317050E-1,-3.39E0));
#2942=LINE('',#2941,#2940);
#2943=DIRECTION('',(1.E0,0.E0,0.E0));
#2944=VECTOR('',#2943,2.E-1);
#2945=CARTESIAN_POINT('',(-1.E-1,-1.05E0,-4.6E0));
#2946=LINE('',#2945,#2944);
#2947=DIRECTION('',(1.E0,0.E0,0.E0));
#2948=VECTOR('',#2947,2.E-1);
#2949=CARTESIAN_POINT('',(-1.E-1,-1.05E0,-5.1E0));
#2950=LINE('',#2949,#2948);
#2951=DIRECTION('',(1.E0,0.E0,0.E0));
#2952=VECTOR('',#2951,2.E-1);
#2953=CARTESIAN_POINT('',(-1.E-1,-7.5E-1,-5.1E0));
#2954=LINE('',#2953,#2952);
#2955=DIRECTION('',(1.E0,0.E0,0.E0));
#2956=VECTOR('',#2955,2.E-1);
#2957=CARTESIAN_POINT('',(-1.E-1,-7.5E-1,-4.73E0));
#2958=LINE('',#2957,#2956);
#2959=DIRECTION('',(1.E0,0.E0,0.E0));
#2960=VECTOR('',#2959,2.E-1);
#2961=CARTESIAN_POINT('',(-1.E-1,3.781801907155E-1,-1.716957743571E0));
#2962=LINE('',#2961,#2960);
#2963=DIRECTION('',(1.E0,0.E0,0.E0));
#2964=VECTOR('',#2963,2.E-1);
#2965=CARTESIAN_POINT('',(-1.E-1,3.602562240964E-1,-1.809168558024E0));
#2966=LINE('',#2965,#2964);
#2967=DIRECTION('',(0.E0,-7.071067811865E-1,-7.071067811865E-1));
#2968=VECTOR('',#2967,4.666904755831E-1);
#2969=CARTESIAN_POINT('',(-4.E-1,-4.2E-1,-4.4E0));
#2970=LINE('',#2969,#2968);
#2971=DIRECTION('',(0.E0,0.E0,-1.E0));
#2972=VECTOR('',#2971,3.7E-1);
#2973=CARTESIAN_POINT('',(-4.E-1,-7.5E-1,-4.73E0));
#2974=LINE('',#2973,#2972);
#2975=DIRECTION('',(0.E0,-1.E0,0.E0));
#2976=VECTOR('',#2975,3.E-1);
#2977=CARTESIAN_POINT('',(-4.E-1,-7.5E-1,-5.1E0));
#2978=LINE('',#2977,#2976);
#2979=DIRECTION('',(0.E0,0.E0,1.E0));
#2980=VECTOR('',#2979,5.E-1);
#2981=CARTESIAN_POINT('',(-4.E-1,-1.05E0,-5.1E0));
#2982=LINE('',#2981,#2980);
#2983=DIRECTION('',(0.E0,7.071067811865E-1,7.071067811865E-1));
#2984=VECTOR('',#2983,2.828427124746E-1);
#2985=CARTESIAN_POINT('',(-4.E-1,-1.05E0,-4.6E0));
#2986=LINE('',#2985,#2984);
#2987=DIRECTION('',(0.E0,-5.124658948458E-2,9.986860302749E-1));
#2988=VECTOR('',#2987,1.582911339554E0);
#2989=CARTESIAN_POINT('',(-4.E-1,4.413750317050E-1,-3.39E0));
#2990=LINE('',#2989,#2988);
#2991=CARTESIAN_POINT('',(-4.E-1,5.55E-1,-1.799175473074E0));
#2992=DIRECTION('',(-1.E0,0.E0,0.E0));
#2993=DIRECTION('',(0.E0,-9.986860302749E-1,-5.124658948458E-2));
#2994=AXIS2_PLACEMENT_3D('',#2991,#2992,#2993);
#2996=DIRECTION('',(0.E0,4.216293820650E-1,9.067682527413E-1));
#2997=VECTOR('',#2996,1.703387200692E-1);
#2998=CARTESIAN_POINT('',(-4.E-1,3.781801907155E-1,-1.716957743571E0));
#2999=LINE('',#2998,#2997);
#3000=DIRECTION('',(0.E0,7.071067811865E-1,7.071067811865E-1));
#3001=VECTOR('',#3000,2.828427124746E-1);
#3002=CARTESIAN_POINT('',(-6.E-1,-1.05E0,-4.6E0));
#3003=LINE('',#3002,#3001);
#3004=DIRECTION('',(0.E0,0.E0,1.E0));
#3005=VECTOR('',#3004,5.E-1);
#3006=CARTESIAN_POINT('',(-6.E-1,-1.05E0,-5.1E0));
#3007=LINE('',#3006,#3005);
#3008=DIRECTION('',(0.E0,-1.E0,0.E0));
#3009=VECTOR('',#3008,3.E-1);
#3010=CARTESIAN_POINT('',(-6.E-1,-7.5E-1,-5.1E0));
#3011=LINE('',#3010,#3009);
#3012=DIRECTION('',(0.E0,0.E0,-1.E0));
#3013=VECTOR('',#3012,3.7E-1);
#3014=CARTESIAN_POINT('',(-6.E-1,-7.5E-1,-4.73E0));
#3015=LINE('',#3014,#3013);
#3016=DIRECTION('',(0.E0,-7.071067811865E-1,-7.071067811865E-1));
#3017=VECTOR('',#3016,4.666904755831E-1);
#3018=CARTESIAN_POINT('',(-6.E-1,-4.2E-1,-4.4E0));
#3019=LINE('',#3018,#3017);
#3020=DIRECTION('',(0.E0,4.216293820650E-1,9.067682527413E-1));
#3021=VECTOR('',#3020,1.703387200692E-1);
#3022=CARTESIAN_POINT('',(-6.E-1,3.781801907155E-1,-1.716957743571E0));
#3023=LINE('',#3022,#3021);
#3024=CARTESIAN_POINT('',(-6.E-1,5.55E-1,-1.799175473074E0));
#3025=DIRECTION('',(-1.E0,0.E0,0.E0));
#3026=DIRECTION('',(0.E0,-9.986860302749E-1,-5.124658948458E-2));
#3027=AXIS2_PLACEMENT_3D('',#3024,#3025,#3026);
#3029=DIRECTION('',(0.E0,-5.124658948458E-2,9.986860302749E-1));
#3030=VECTOR('',#3029,1.582911339554E0);
#3031=CARTESIAN_POINT('',(-6.E-1,4.413750317050E-1,-3.39E0));
#3032=LINE('',#3031,#3030);
#3033=DIRECTION('',(1.E0,0.E0,0.E0));
#3034=VECTOR('',#3033,2.E-1);
#3035=CARTESIAN_POINT('',(-6.E-1,-1.05E0,-4.6E0));
#3036=LINE('',#3035,#3034);
#3037=DIRECTION('',(1.E0,0.E0,0.E0));
#3038=VECTOR('',#3037,2.E-1);
#3039=CARTESIAN_POINT('',(-6.E-1,-1.05E0,-5.1E0));
#3040=LINE('',#3039,#3038);
#3041=DIRECTION('',(1.E0,0.E0,0.E0));
#3042=VECTOR('',#3041,2.E-1);
#3043=CARTESIAN_POINT('',(-6.E-1,-7.5E-1,-5.1E0));
#3044=LINE('',#3043,#3042);
#3045=DIRECTION('',(1.E0,0.E0,0.E0));
#3046=VECTOR('',#3045,2.E-1);
#3047=CARTESIAN_POINT('',(-6.E-1,-7.5E-1,-4.73E0));
#3048=LINE('',#3047,#3046);
#3049=DIRECTION('',(1.E0,0.E0,0.E0));
#3050=VECTOR('',#3049,2.E-1);
#3051=CARTESIAN_POINT('',(-6.E-1,3.781801907155E-1,-1.716957743571E0));
#3052=LINE('',#3051,#3050);
#3053=DIRECTION('',(1.E0,0.E0,0.E0));
#3054=VECTOR('',#3053,2.E-1);
#3055=CARTESIAN_POINT('',(-6.E-1,3.602562240964E-1,-1.809168558024E0));
#3056=LINE('',#3055,#3054);
#3057=DIRECTION('',(0.E0,-7.071067811865E-1,-7.071067811865E-1));
#3058=VECTOR('',#3057,4.666904755831E-1);
#3059=CARTESIAN_POINT('',(-9.E-1,-4.2E-1,-4.4E0));
#3060=LINE('',#3059,#3058);
#3061=DIRECTION('',(0.E0,0.E0,-1.E0));
#3062=VECTOR('',#3061,3.7E-1);
#3063=CARTESIAN_POINT('',(-9.E-1,-7.5E-1,-4.73E0));
#3064=LINE('',#3063,#3062);
#3065=DIRECTION('',(0.E0,-1.E0,0.E0));
#3066=VECTOR('',#3065,3.E-1);
#3067=CARTESIAN_POINT('',(-9.E-1,-7.5E-1,-5.1E0));
#3068=LINE('',#3067,#3066);
#3069=DIRECTION('',(0.E0,0.E0,1.E0));
#3070=VECTOR('',#3069,5.E-1);
#3071=CARTESIAN_POINT('',(-9.E-1,-1.05E0,-5.1E0));
#3072=LINE('',#3071,#3070);
#3073=DIRECTION('',(0.E0,7.071067811865E-1,7.071067811865E-1));
#3074=VECTOR('',#3073,2.828427124746E-1);
#3075=CARTESIAN_POINT('',(-9.E-1,-1.05E0,-4.6E0));
#3076=LINE('',#3075,#3074);
#3077=DIRECTION('',(0.E0,-5.124658948458E-2,9.986860302749E-1));
#3078=VECTOR('',#3077,1.582911339554E0);
#3079=CARTESIAN_POINT('',(-9.E-1,4.413750317050E-1,-3.39E0));
#3080=LINE('',#3079,#3078);
#3081=CARTESIAN_POINT('',(-9.E-1,5.55E-1,-1.799175473074E0));
#3082=DIRECTION('',(-1.E0,0.E0,0.E0));
#3083=DIRECTION('',(0.E0,-9.986860302749E-1,-5.124658948458E-2));
#3084=AXIS2_PLACEMENT_3D('',#3081,#3082,#3083);
#3086=DIRECTION('',(0.E0,4.216293820650E-1,9.067682527413E-1));
#3087=VECTOR('',#3086,1.703387200692E-1);
#3088=CARTESIAN_POINT('',(-9.E-1,3.781801907155E-1,-1.716957743571E0));
#3089=LINE('',#3088,#3087);
#3090=DIRECTION('',(0.E0,-7.071067811865E-1,-7.071067811865E-1));
#3091=VECTOR('',#3090,4.666904755831E-1);
#3092=CARTESIAN_POINT('',(-1.1E0,-4.2E-1,-4.4E0));
#3093=LINE('',#3092,#3091);
#3094=DIRECTION('',(0.E0,7.071067811865E-1,7.071067811865E-1));
#3095=VECTOR('',#3094,2.828427124746E-1);
#3096=CARTESIAN_POINT('',(-1.1E0,-1.05E0,-4.6E0));
#3097=LINE('',#3096,#3095);
#3098=DIRECTION('',(0.E0,0.E0,1.E0));
#3099=VECTOR('',#3098,5.E-1);
#3100=CARTESIAN_POINT('',(-1.1E0,-1.05E0,-5.1E0));
#3101=LINE('',#3100,#3099);
#3102=DIRECTION('',(0.E0,-1.E0,0.E0));
#3103=VECTOR('',#3102,3.E-1);
#3104=CARTESIAN_POINT('',(-1.1E0,-7.5E-1,-5.1E0));
#3105=LINE('',#3104,#3103);
#3106=DIRECTION('',(0.E0,0.E0,-1.E0));
#3107=VECTOR('',#3106,3.7E-1);
#3108=CARTESIAN_POINT('',(-1.1E0,-7.5E-1,-4.73E0));
#3109=LINE('',#3108,#3107);
#3110=DIRECTION('',(0.E0,-5.124658948458E-2,9.986860302749E-1));
#3111=VECTOR('',#3110,1.582911339554E0);
#3112=CARTESIAN_POINT('',(-1.1E0,4.413750317050E-1,-3.39E0));
#3113=LINE('',#3112,#3111);
#3114=DIRECTION('',(0.E0,4.216293820650E-1,9.067682527413E-1));
#3115=VECTOR('',#3114,1.703387200692E-1);
#3116=CARTESIAN_POINT('',(-1.1E0,3.781801907155E-1,-1.716957743571E0));
#3117=LINE('',#3116,#3115);
#3118=CARTESIAN_POINT('',(-1.1E0,5.55E-1,-1.799175473074E0));
#3119=DIRECTION('',(-1.E0,0.E0,0.E0));
#3120=DIRECTION('',(0.E0,-9.986860302749E-1,-5.124658948458E-2));
#3121=AXIS2_PLACEMENT_3D('',#3118,#3119,#3120);
#3123=DIRECTION('',(1.E0,0.E0,0.E0));
#3124=VECTOR('',#3123,2.E-1);
#3125=CARTESIAN_POINT('',(-1.1E0,-1.05E0,-4.6E0));
#3126=LINE('',#3125,#3124);
#3127=DIRECTION('',(1.E0,0.E0,0.E0));
#3128=VECTOR('',#3127,2.E-1);
#3129=CARTESIAN_POINT('',(-1.1E0,-1.05E0,-5.1E0));
#3130=LINE('',#3129,#3128);
#3131=DIRECTION('',(1.E0,0.E0,0.E0));
#3132=VECTOR('',#3131,2.E-1);
#3133=CARTESIAN_POINT('',(-1.1E0,-7.5E-1,-5.1E0));
#3134=LINE('',#3133,#3132);
#3135=DIRECTION('',(1.E0,0.E0,0.E0));
#3136=VECTOR('',#3135,2.E-1);
#3137=CARTESIAN_POINT('',(-1.1E0,-7.5E-1,-4.73E0));
#3138=LINE('',#3137,#3136);
#3139=DIRECTION('',(1.E0,0.E0,0.E0));
#3140=VECTOR('',#3139,2.E-1);
#3141=CARTESIAN_POINT('',(-1.1E0,3.602562240964E-1,-1.809168558024E0));
#3142=LINE('',#3141,#3140);
#3143=DIRECTION('',(1.E0,0.E0,0.E0));
#3144=VECTOR('',#3143,2.E-1);
#3145=CARTESIAN_POINT('',(-1.1E0,3.781801907155E-1,-1.716957743571E0));
#3146=LINE('',#3145,#3144);
#3147=DIRECTION('',(0.E0,-7.071067811865E-1,-7.071067811865E-1));
#3148=VECTOR('',#3147,4.666904755831E-1);
#3149=CARTESIAN_POINT('',(-1.4E0,-4.2E-1,-4.4E0));
#3150=LINE('',#3149,#3148);
#3151=DIRECTION('',(0.E0,0.E0,-1.E0));
#3152=VECTOR('',#3151,3.7E-1);
#3153=CARTESIAN_POINT('',(-1.4E0,-7.5E-1,-4.73E0));
#3154=LINE('',#3153,#3152);
#3155=DIRECTION('',(0.E0,-1.E0,0.E0));
#3156=VECTOR('',#3155,3.E-1);
#3157=CARTESIAN_POINT('',(-1.4E0,-7.5E-1,-5.1E0));
#3158=LINE('',#3157,#3156);
#3159=DIRECTION('',(0.E0,0.E0,1.E0));
#3160=VECTOR('',#3159,5.E-1);
#3161=CARTESIAN_POINT('',(-1.4E0,-1.05E0,-5.1E0));
#3162=LINE('',#3161,#3160);
#3163=DIRECTION('',(0.E0,7.071067811865E-1,7.071067811865E-1));
#3164=VECTOR('',#3163,2.828427124746E-1);
#3165=CARTESIAN_POINT('',(-1.4E0,-1.05E0,-4.6E0));
#3166=LINE('',#3165,#3164);
#3167=DIRECTION('',(0.E0,-5.124658948458E-2,9.986860302749E-1));
#3168=VECTOR('',#3167,1.582911339554E0);
#3169=CARTESIAN_POINT('',(-1.4E0,4.413750317050E-1,-3.39E0));
#3170=LINE('',#3169,#3168);
#3171=CARTESIAN_POINT('',(-1.4E0,5.55E-1,-1.799175473074E0));
#3172=DIRECTION('',(-1.E0,0.E0,0.E0));
#3173=DIRECTION('',(0.E0,-9.986860302749E-1,-5.124658948458E-2));
#3174=AXIS2_PLACEMENT_3D('',#3171,#3172,#3173);
#3176=DIRECTION('',(0.E0,4.216293820650E-1,9.067682527413E-1));
#3177=VECTOR('',#3176,1.703387200692E-1);
#3178=CARTESIAN_POINT('',(-1.4E0,3.781801907155E-1,-1.716957743571E0));
#3179=LINE('',#3178,#3177);
#3180=DIRECTION('',(0.E0,-7.071067811865E-1,-7.071067811865E-1));
#3181=VECTOR('',#3180,4.666904755831E-1);
#3182=CARTESIAN_POINT('',(-1.6E0,-4.2E-1,-4.4E0));
#3183=LINE('',#3182,#3181);
#3184=DIRECTION('',(0.E0,7.071067811865E-1,7.071067811865E-1));
#3185=VECTOR('',#3184,2.828427124746E-1);
#3186=CARTESIAN_POINT('',(-1.6E0,-1.05E0,-4.6E0));
#3187=LINE('',#3186,#3185);
#3188=DIRECTION('',(0.E0,0.E0,1.E0));
#3189=VECTOR('',#3188,5.E-1);
#3190=CARTESIAN_POINT('',(-1.6E0,-1.05E0,-5.1E0));
#3191=LINE('',#3190,#3189);
#3192=DIRECTION('',(0.E0,-1.E0,0.E0));
#3193=VECTOR('',#3192,3.E-1);
#3194=CARTESIAN_POINT('',(-1.6E0,-7.5E-1,-5.1E0));
#3195=LINE('',#3194,#3193);
#3196=DIRECTION('',(0.E0,0.E0,-1.E0));
#3197=VECTOR('',#3196,3.7E-1);
#3198=CARTESIAN_POINT('',(-1.6E0,-7.5E-1,-4.73E0));
#3199=LINE('',#3198,#3197);
#3200=DIRECTION('',(0.E0,-5.124658948458E-2,9.986860302749E-1));
#3201=VECTOR('',#3200,1.582911339554E0);
#3202=CARTESIAN_POINT('',(-1.6E0,4.413750317050E-1,-3.39E0));
#3203=LINE('',#3202,#3201);
#3204=DIRECTION('',(0.E0,4.216293820650E-1,9.067682527413E-1));
#3205=VECTOR('',#3204,1.703387200692E-1);
#3206=CARTESIAN_POINT('',(-1.6E0,3.781801907155E-1,-1.716957743571E0));
#3207=LINE('',#3206,#3205);
#3208=CARTESIAN_POINT('',(-1.6E0,5.55E-1,-1.799175473074E0));
#3209=DIRECTION('',(-1.E0,0.E0,0.E0));
#3210=DIRECTION('',(0.E0,-9.986860302749E-1,-5.124658948458E-2));
#3211=AXIS2_PLACEMENT_3D('',#3208,#3209,#3210);
#3213=DIRECTION('',(1.E0,0.E0,0.E0));
#3214=VECTOR('',#3213,2.E-1);
#3215=CARTESIAN_POINT('',(-1.6E0,-1.05E0,-4.6E0));
#3216=LINE('',#3215,#3214);
#3217=DIRECTION('',(1.E0,0.E0,0.E0));
#3218=VECTOR('',#3217,2.E-1);
#3219=CARTESIAN_POINT('',(-1.6E0,-1.05E0,-5.1E0));
#3220=LINE('',#3219,#3218);
#3221=DIRECTION('',(1.E0,0.E0,0.E0));
#3222=VECTOR('',#3221,2.E-1);
#3223=CARTESIAN_POINT('',(-1.6E0,-7.5E-1,-5.1E0));
#3224=LINE('',#3223,#3222);
#3225=DIRECTION('',(1.E0,0.E0,0.E0));
#3226=VECTOR('',#3225,2.E-1);
#3227=CARTESIAN_POINT('',(-1.6E0,-7.5E-1,-4.73E0));
#3228=LINE('',#3227,#3226);
#3229=DIRECTION('',(1.E0,0.E0,0.E0));
#3230=VECTOR('',#3229,2.E-1);
#3231=CARTESIAN_POINT('',(-1.6E0,3.602562240964E-1,-1.809168558024E0));
#3232=LINE('',#3231,#3230);
#3233=DIRECTION('',(1.E0,0.E0,0.E0));
#3234=VECTOR('',#3233,2.E-1);
#3235=CARTESIAN_POINT('',(-1.6E0,3.781801907155E-1,-1.716957743571E0));
#3236=LINE('',#3235,#3234);
#3237=DIRECTION('',(0.E0,-7.071067811865E-1,-7.071067811865E-1));
#3238=VECTOR('',#3237,4.666904755831E-1);
#3239=CARTESIAN_POINT('',(-1.9E0,-4.2E-1,-4.4E0));
#3240=LINE('',#3239,#3238);
#3241=DIRECTION('',(0.E0,0.E0,-1.E0));
#3242=VECTOR('',#3241,3.7E-1);
#3243=CARTESIAN_POINT('',(-1.9E0,-7.5E-1,-4.73E0));
#3244=LINE('',#3243,#3242);
#3245=DIRECTION('',(0.E0,-1.E0,0.E0));
#3246=VECTOR('',#3245,3.E-1);
#3247=CARTESIAN_POINT('',(-1.9E0,-7.5E-1,-5.1E0));
#3248=LINE('',#3247,#3246);
#3249=DIRECTION('',(0.E0,0.E0,1.E0));
#3250=VECTOR('',#3249,5.E-1);
#3251=CARTESIAN_POINT('',(-1.9E0,-1.05E0,-5.1E0));
#3252=LINE('',#3251,#3250);
#3253=DIRECTION('',(0.E0,7.071067811865E-1,7.071067811865E-1));
#3254=VECTOR('',#3253,2.828427124746E-1);
#3255=CARTESIAN_POINT('',(-1.9E0,-1.05E0,-4.6E0));
#3256=LINE('',#3255,#3254);
#3257=DIRECTION('',(0.E0,-5.124658948458E-2,9.986860302749E-1));
#3258=VECTOR('',#3257,1.582911339554E0);
#3259=CARTESIAN_POINT('',(-1.9E0,4.413750317050E-1,-3.39E0));
#3260=LINE('',#3259,#3258);
#3261=CARTESIAN_POINT('',(-1.9E0,5.55E-1,-1.799175473074E0));
#3262=DIRECTION('',(-1.E0,0.E0,0.E0));
#3263=DIRECTION('',(0.E0,-9.986860302749E-1,-5.124658948458E-2));
#3264=AXIS2_PLACEMENT_3D('',#3261,#3262,#3263);
#3266=DIRECTION('',(0.E0,4.216293820650E-1,9.067682527413E-1));
#3267=VECTOR('',#3266,1.703387200692E-1);
#3268=CARTESIAN_POINT('',(-1.9E0,3.781801907155E-1,-1.716957743571E0));
#3269=LINE('',#3268,#3267);
#3270=DIRECTION('',(0.E0,-7.071067811865E-1,-7.071067811865E-1));
#3271=VECTOR('',#3270,4.666904755831E-1);
#3272=CARTESIAN_POINT('',(-2.1E0,-4.2E-1,-4.4E0));
#3273=LINE('',#3272,#3271);
#3274=DIRECTION('',(0.E0,7.071067811865E-1,7.071067811865E-1));
#3275=VECTOR('',#3274,2.828427124746E-1);
#3276=CARTESIAN_POINT('',(-2.1E0,-1.05E0,-4.6E0));
#3277=LINE('',#3276,#3275);
#3278=DIRECTION('',(0.E0,0.E0,1.E0));
#3279=VECTOR('',#3278,5.E-1);
#3280=CARTESIAN_POINT('',(-2.1E0,-1.05E0,-5.1E0));
#3281=LINE('',#3280,#3279);
#3282=DIRECTION('',(0.E0,-1.E0,0.E0));
#3283=VECTOR('',#3282,3.E-1);
#3284=CARTESIAN_POINT('',(-2.1E0,-7.5E-1,-5.1E0));
#3285=LINE('',#3284,#3283);
#3286=DIRECTION('',(0.E0,0.E0,-1.E0));
#3287=VECTOR('',#3286,3.7E-1);
#3288=CARTESIAN_POINT('',(-2.1E0,-7.5E-1,-4.73E0));
#3289=LINE('',#3288,#3287);
#3290=DIRECTION('',(0.E0,-5.124658948458E-2,9.986860302749E-1));
#3291=VECTOR('',#3290,1.582911339554E0);
#3292=CARTESIAN_POINT('',(-2.1E0,4.413750317050E-1,-3.39E0));
#3293=LINE('',#3292,#3291);
#3294=DIRECTION('',(0.E0,4.216293820650E-1,9.067682527413E-1));
#3295=VECTOR('',#3294,1.703387200692E-1);
#3296=CARTESIAN_POINT('',(-2.1E0,3.781801907155E-1,-1.716957743571E0));
#3297=LINE('',#3296,#3295);
#3298=CARTESIAN_POINT('',(-2.1E0,5.55E-1,-1.799175473074E0));
#3299=DIRECTION('',(-1.E0,0.E0,0.E0));
#3300=DIRECTION('',(0.E0,-9.986860302749E-1,-5.124658948458E-2));
#3301=AXIS2_PLACEMENT_3D('',#3298,#3299,#3300);
#3303=DIRECTION('',(1.E0,0.E0,0.E0));
#3304=VECTOR('',#3303,2.E-1);
#3305=CARTESIAN_POINT('',(-2.1E0,-1.05E0,-4.6E0));
#3306=LINE('',#3305,#3304);
#3307=DIRECTION('',(1.E0,0.E0,0.E0));
#3308=VECTOR('',#3307,2.E-1);
#3309=CARTESIAN_POINT('',(-2.1E0,-1.05E0,-5.1E0));
#3310=LINE('',#3309,#3308);
#3311=DIRECTION('',(1.E0,0.E0,0.E0));
#3312=VECTOR('',#3311,2.E-1);
#3313=CARTESIAN_POINT('',(-2.1E0,-7.5E-1,-5.1E0));
#3314=LINE('',#3313,#3312);
#3315=DIRECTION('',(1.E0,0.E0,0.E0));
#3316=VECTOR('',#3315,2.E-1);
#3317=CARTESIAN_POINT('',(-2.1E0,-7.5E-1,-4.73E0));
#3318=LINE('',#3317,#3316);
#3319=DIRECTION('',(1.E0,0.E0,0.E0));
#3320=VECTOR('',#3319,2.E-1);
#3321=CARTESIAN_POINT('',(-2.1E0,3.602562240964E-1,-1.809168558024E0));
#3322=LINE('',#3321,#3320);
#3323=DIRECTION('',(1.E0,0.E0,0.E0));
#3324=VECTOR('',#3323,2.E-1);
#3325=CARTESIAN_POINT('',(-2.1E0,3.781801907155E-1,-1.716957743571E0));
#3326=LINE('',#3325,#3324);
#3327=DIRECTION('',(0.E0,-7.071067811865E-1,-7.071067811865E-1));
#3328=VECTOR('',#3327,4.666904755831E-1);
#3329=CARTESIAN_POINT('',(-2.4E0,-4.2E-1,-4.4E0));
#3330=LINE('',#3329,#3328);
#3331=DIRECTION('',(0.E0,0.E0,-1.E0));
#3332=VECTOR('',#3331,3.7E-1);
#3333=CARTESIAN_POINT('',(-2.4E0,-7.5E-1,-4.73E0));
#3334=LINE('',#3333,#3332);
#3335=DIRECTION('',(0.E0,-1.E0,0.E0));
#3336=VECTOR('',#3335,3.E-1);
#3337=CARTESIAN_POINT('',(-2.4E0,-7.5E-1,-5.1E0));
#3338=LINE('',#3337,#3336);
#3339=DIRECTION('',(0.E0,0.E0,1.E0));
#3340=VECTOR('',#3339,5.E-1);
#3341=CARTESIAN_POINT('',(-2.4E0,-1.05E0,-5.1E0));
#3342=LINE('',#3341,#3340);
#3343=DIRECTION('',(0.E0,7.071067811865E-1,7.071067811865E-1));
#3344=VECTOR('',#3343,2.828427124746E-1);
#3345=CARTESIAN_POINT('',(-2.4E0,-1.05E0,-4.6E0));
#3346=LINE('',#3345,#3344);
#3347=DIRECTION('',(0.E0,-5.124658948458E-2,9.986860302749E-1));
#3348=VECTOR('',#3347,1.582911339554E0);
#3349=CARTESIAN_POINT('',(-2.4E0,4.413750317050E-1,-3.39E0));
#3350=LINE('',#3349,#3348);
#3351=CARTESIAN_POINT('',(-2.4E0,5.55E-1,-1.799175473074E0));
#3352=DIRECTION('',(-1.E0,0.E0,0.E0));
#3353=DIRECTION('',(0.E0,-9.986860302749E-1,-5.124658948458E-2));
#3354=AXIS2_PLACEMENT_3D('',#3351,#3352,#3353);
#3356=DIRECTION('',(0.E0,4.216293820650E-1,9.067682527413E-1));
#3357=VECTOR('',#3356,1.703387200692E-1);
#3358=CARTESIAN_POINT('',(-2.4E0,3.781801907155E-1,-1.716957743571E0));
#3359=LINE('',#3358,#3357);
#3360=DIRECTION('',(0.E0,-7.071067811865E-1,-7.071067811865E-1));
#3361=VECTOR('',#3360,4.666904755831E-1);
#3362=CARTESIAN_POINT('',(-2.6E0,-4.2E-1,-4.4E0));
#3363=LINE('',#3362,#3361);
#3364=DIRECTION('',(0.E0,7.071067811865E-1,7.071067811865E-1));
#3365=VECTOR('',#3364,2.828427124746E-1);
#3366=CARTESIAN_POINT('',(-2.6E0,-1.05E0,-4.6E0));
#3367=LINE('',#3366,#3365);
#3368=DIRECTION('',(0.E0,0.E0,1.E0));
#3369=VECTOR('',#3368,5.E-1);
#3370=CARTESIAN_POINT('',(-2.6E0,-1.05E0,-5.1E0));
#3371=LINE('',#3370,#3369);
#3372=DIRECTION('',(0.E0,-1.E0,0.E0));
#3373=VECTOR('',#3372,3.E-1);
#3374=CARTESIAN_POINT('',(-2.6E0,-7.5E-1,-5.1E0));
#3375=LINE('',#3374,#3373);
#3376=DIRECTION('',(0.E0,0.E0,-1.E0));
#3377=VECTOR('',#3376,3.7E-1);
#3378=CARTESIAN_POINT('',(-2.6E0,-7.5E-1,-4.73E0));
#3379=LINE('',#3378,#3377);
#3380=DIRECTION('',(0.E0,-5.124658948458E-2,9.986860302749E-1));
#3381=VECTOR('',#3380,1.582911339554E0);
#3382=CARTESIAN_POINT('',(-2.6E0,4.413750317050E-1,-3.39E0));
#3383=LINE('',#3382,#3381);
#3384=DIRECTION('',(0.E0,4.216293820650E-1,9.067682527413E-1));
#3385=VECTOR('',#3384,1.703387200692E-1);
#3386=CARTESIAN_POINT('',(-2.6E0,3.781801907155E-1,-1.716957743571E0));
#3387=LINE('',#3386,#3385);
#3388=CARTESIAN_POINT('',(-2.6E0,5.55E-1,-1.799175473074E0));
#3389=DIRECTION('',(-1.E0,0.E0,0.E0));
#3390=DIRECTION('',(0.E0,-9.986860302749E-1,-5.124658948458E-2));
#3391=AXIS2_PLACEMENT_3D('',#3388,#3389,#3390);
#3393=DIRECTION('',(1.E0,0.E0,0.E0));
#3394=VECTOR('',#3393,2.E-1);
#3395=CARTESIAN_POINT('',(-2.6E0,-1.05E0,-4.6E0));
#3396=LINE('',#3395,#3394);
#3397=DIRECTION('',(1.E0,0.E0,0.E0));
#3398=VECTOR('',#3397,2.E-1);
#3399=CARTESIAN_POINT('',(-2.6E0,-1.05E0,-5.1E0));
#3400=LINE('',#3399,#3398);
#3401=DIRECTION('',(1.E0,0.E0,0.E0));
#3402=VECTOR('',#3401,2.E-1);
#3403=CARTESIAN_POINT('',(-2.6E0,-7.5E-1,-5.1E0));
#3404=LINE('',#3403,#3402);
#3405=DIRECTION('',(1.E0,0.E0,0.E0));
#3406=VECTOR('',#3405,2.E-1);
#3407=CARTESIAN_POINT('',(-2.6E0,-7.5E-1,-4.73E0));
#3408=LINE('',#3407,#3406);
#3409=DIRECTION('',(1.E0,0.E0,0.E0));
#3410=VECTOR('',#3409,2.E-1);
#3411=CARTESIAN_POINT('',(-2.6E0,3.602562240964E-1,-1.809168558024E0));
#3412=LINE('',#3411,#3410);
#3413=DIRECTION('',(1.E0,0.E0,0.E0));
#3414=VECTOR('',#3413,2.E-1);
#3415=CARTESIAN_POINT('',(-2.6E0,3.781801907155E-1,-1.716957743571E0));
#3416=LINE('',#3415,#3414);
#3417=DIRECTION('',(0.E0,-7.071067811865E-1,-7.071067811865E-1));
#3418=VECTOR('',#3417,4.666904755831E-1);
#3419=CARTESIAN_POINT('',(-2.9E0,-4.2E-1,-4.4E0));
#3420=LINE('',#3419,#3418);
#3421=DIRECTION('',(0.E0,0.E0,-1.E0));
#3422=VECTOR('',#3421,3.7E-1);
#3423=CARTESIAN_POINT('',(-2.9E0,-7.5E-1,-4.73E0));
#3424=LINE('',#3423,#3422);
#3425=DIRECTION('',(0.E0,-1.E0,0.E0));
#3426=VECTOR('',#3425,3.E-1);
#3427=CARTESIAN_POINT('',(-2.9E0,-7.5E-1,-5.1E0));
#3428=LINE('',#3427,#3426);
#3429=DIRECTION('',(0.E0,0.E0,1.E0));
#3430=VECTOR('',#3429,5.E-1);
#3431=CARTESIAN_POINT('',(-2.9E0,-1.05E0,-5.1E0));
#3432=LINE('',#3431,#3430);
#3433=DIRECTION('',(0.E0,7.071067811865E-1,7.071067811865E-1));
#3434=VECTOR('',#3433,2.828427124746E-1);
#3435=CARTESIAN_POINT('',(-2.9E0,-1.05E0,-4.6E0));
#3436=LINE('',#3435,#3434);
#3437=DIRECTION('',(0.E0,-5.124658948458E-2,9.986860302749E-1));
#3438=VECTOR('',#3437,1.582911339554E0);
#3439=CARTESIAN_POINT('',(-2.9E0,4.413750317050E-1,-3.39E0));
#3440=LINE('',#3439,#3438);
#3441=CARTESIAN_POINT('',(-2.9E0,5.55E-1,-1.799175473074E0));
#3442=DIRECTION('',(-1.E0,0.E0,0.E0));
#3443=DIRECTION('',(0.E0,-9.986860302749E-1,-5.124658948458E-2));
#3444=AXIS2_PLACEMENT_3D('',#3441,#3442,#3443);
#3446=DIRECTION('',(0.E0,4.216293820650E-1,9.067682527413E-1));
#3447=VECTOR('',#3446,1.703387200692E-1);
#3448=CARTESIAN_POINT('',(-2.9E0,3.781801907155E-1,-1.716957743571E0));
#3449=LINE('',#3448,#3447);
#3450=DIRECTION('',(0.E0,-7.071067811865E-1,-7.071067811865E-1));
#3451=VECTOR('',#3450,4.666904755831E-1);
#3452=CARTESIAN_POINT('',(-3.1E0,-4.2E-1,-4.4E0));
#3453=LINE('',#3452,#3451);
#3454=DIRECTION('',(0.E0,7.071067811865E-1,7.071067811865E-1));
#3455=VECTOR('',#3454,2.828427124746E-1);
#3456=CARTESIAN_POINT('',(-3.1E0,-1.05E0,-4.6E0));
#3457=LINE('',#3456,#3455);
#3458=DIRECTION('',(0.E0,0.E0,1.E0));
#3459=VECTOR('',#3458,5.E-1);
#3460=CARTESIAN_POINT('',(-3.1E0,-1.05E0,-5.1E0));
#3461=LINE('',#3460,#3459);
#3462=DIRECTION('',(0.E0,-1.E0,0.E0));
#3463=VECTOR('',#3462,3.E-1);
#3464=CARTESIAN_POINT('',(-3.1E0,-7.5E-1,-5.1E0));
#3465=LINE('',#3464,#3463);
#3466=DIRECTION('',(0.E0,0.E0,-1.E0));
#3467=VECTOR('',#3466,3.7E-1);
#3468=CARTESIAN_POINT('',(-3.1E0,-7.5E-1,-4.73E0));
#3469=LINE('',#3468,#3467);
#3470=DIRECTION('',(0.E0,-5.124658948458E-2,9.986860302749E-1));
#3471=VECTOR('',#3470,1.582911339554E0);
#3472=CARTESIAN_POINT('',(-3.1E0,4.413750317050E-1,-3.39E0));
#3473=LINE('',#3472,#3471);
#3474=DIRECTION('',(0.E0,4.216293820650E-1,9.067682527413E-1));
#3475=VECTOR('',#3474,1.703387200692E-1);
#3476=CARTESIAN_POINT('',(-3.1E0,3.781801907155E-1,-1.716957743571E0));
#3477=LINE('',#3476,#3475);
#3478=CARTESIAN_POINT('',(-3.1E0,5.55E-1,-1.799175473074E0));
#3479=DIRECTION('',(-1.E0,0.E0,0.E0));
#3480=DIRECTION('',(0.E0,-9.986860302749E-1,-5.124658948458E-2));
#3481=AXIS2_PLACEMENT_3D('',#3478,#3479,#3480);
#3483=DIRECTION('',(1.E0,0.E0,0.E0));
#3484=VECTOR('',#3483,2.E-1);
#3485=CARTESIAN_POINT('',(-3.1E0,-1.05E0,-4.6E0));
#3486=LINE('',#3485,#3484);
#3487=DIRECTION('',(1.E0,0.E0,0.E0));
#3488=VECTOR('',#3487,2.E-1);
#3489=CARTESIAN_POINT('',(-3.1E0,-1.05E0,-5.1E0));
#3490=LINE('',#3489,#3488);
#3491=DIRECTION('',(1.E0,0.E0,0.E0));
#3492=VECTOR('',#3491,2.E-1);
#3493=CARTESIAN_POINT('',(-3.1E0,-7.5E-1,-5.1E0));
#3494=LINE('',#3493,#3492);
#3495=DIRECTION('',(1.E0,0.E0,0.E0));
#3496=VECTOR('',#3495,2.E-1);
#3497=CARTESIAN_POINT('',(-3.1E0,-7.5E-1,-4.73E0));
#3498=LINE('',#3497,#3496);
#3499=DIRECTION('',(1.E0,0.E0,0.E0));
#3500=VECTOR('',#3499,2.E-1);
#3501=CARTESIAN_POINT('',(-3.1E0,3.602562240964E-1,-1.809168558024E0));
#3502=LINE('',#3501,#3500);
#3503=DIRECTION('',(1.E0,0.E0,0.E0));
#3504=VECTOR('',#3503,2.E-1);
#3505=CARTESIAN_POINT('',(-3.1E0,3.781801907155E-1,-1.716957743571E0));
#3506=LINE('',#3505,#3504);
#3507=DIRECTION('',(-1.095118271987E-14,1.643934402268E-1,9.863948483292E-1));
#3508=VECTOR('',#3507,4.055171219492E-2);
#3509=CARTESIAN_POINT('',(-3.55E0,4.5E-1,-1.49E0));
#3510=LINE('',#3509,#3508);
#3511=DIRECTION('',(-1.095118271987E-14,-1.643934402268E-1,-9.863948483292E-1));
#3512=VECTOR('',#3511,4.055171219492E-2);
#3513=CARTESIAN_POINT('',(3.55E0,4.566664354748E-1,-1.45E0));
#3514=LINE('',#3513,#3512);
#3515=DIRECTION('',(-1.E0,0.E0,0.E0));
#3516=VECTOR('',#3515,7.1E0);
#3517=CARTESIAN_POINT('',(3.55E0,6.999913303055E-1,1.E-2));
#3518=LINE('',#3517,#3516);
#3519=DIRECTION('',(-7.071067811865E-1,0.E0,-7.071067811865E-1));
#3520=VECTOR('',#3519,2.121320343560E-1);
#3521=CARTESIAN_POINT('',(3.55E0,1.E0,-4.25E0));
#3522=LINE('',#3521,#3520);
#3523=DIRECTION('',(0.E0,0.E0,-1.E0));
#3524=VECTOR('',#3523,4.26E0);
#3525=CARTESIAN_POINT('',(3.55E0,1.E0,1.E-2));
#3526=LINE('',#3525,#3524);
#3527=DIRECTION('',(-1.E0,0.E0,0.E0));
#3528=VECTOR('',#3527,7.1E0);
#3529=CARTESIAN_POINT('',(3.55E0,1.E0,1.E-2));
#3530=LINE('',#3529,#3528);
#3531=DIRECTION('',(-7.071067811866E-1,0.E0,7.071067811865E-1));
#3532=VECTOR('',#3531,2.121320343560E-1);
#3533=CARTESIAN_POINT('',(-3.4E0,1.E0,-4.4E0));
#3534=LINE('',#3533,#3532);
#3535=DIRECTION('',(1.E0,0.E0,0.E0));
#3536=VECTOR('',#3535,2.E-1);
#3537=CARTESIAN_POINT('',(2.9E0,3.781801907155E-1,-1.716957743571E0));
#3538=LINE('',#3537,#3536);
#3539=DIRECTION('',(1.E0,0.E0,0.E0));
#3540=VECTOR('',#3539,2.E-1);
#3541=CARTESIAN_POINT('',(2.9E0,3.602562240964E-1,-1.809168558024E0));
#3542=LINE('',#3541,#3540);
#3543=DIRECTION('',(0.E0,0.E0,1.E0));
#3544=VECTOR('',#3543,1.8E0);
#3545=CARTESIAN_POINT('',(3.765E0,-6.79E-1,-4.4E0));
#3546=LINE('',#3545,#3544);
#3547=DIRECTION('',(0.E0,1.E0,0.E0));
#3548=VECTOR('',#3547,2.E-1);
#3549=CARTESIAN_POINT('',(4.015E0,-1.03E0,-1.65E0));
#3550=LINE('',#3549,#3548);
#3551=DIRECTION('',(0.E0,-1.E0,0.E0));
#3552=VECTOR('',#3551,2.E-1);
#3553=CARTESIAN_POINT('',(4.015E0,-8.3E-1,-2.55E0));
#3554=LINE('',#3553,#3552);
#3555=CARTESIAN_POINT('',(4.065E0,-8.3E-1,-1.65E0));
#3556=DIRECTION('',(0.E0,1.E0,0.E0));
#3557=DIRECTION('',(-1.E0,0.E0,0.E0));
#3558=AXIS2_PLACEMENT_3D('',#3555,#3556,#3557);
#3560=DIRECTION('',(0.E0,0.E0,1.E0));
#3561=VECTOR('',#3560,1.8E0);
#3562=CARTESIAN_POINT('',(-3.916E0,-8.3E-1,-4.4E0));
#3563=LINE('',#3562,#3561);
#3564=DIRECTION('',(-7.071067811865E-1,7.071067811865E-1,0.E0));
#3565=VECTOR('',#3564,2.121320343560E-1);
#3566=CARTESIAN_POINT('',(-3.78E0,6.8E-1,-2.55E0));
#3567=LINE('',#3566,#3565);
#3568=DIRECTION('',(-5.773502691896E-1,5.773502691896E-1,-5.773502691896E-1));
#3569=VECTOR('',#3568,2.598076211353E-1);
#3570=CARTESIAN_POINT('',(-3.78E0,6.8E-1,-4.25E0));
#3571=LINE('',#3570,#3569);
#3572=DIRECTION('',(-5.773502691896E-1,-5.773502691896E-1,-5.773502691896E-1));
#3573=VECTOR('',#3572,2.598076211353E-1);
#3574=CARTESIAN_POINT('',(-3.78E0,-6.8E-1,-4.25E0));
#3575=LINE('',#3574,#3573);
#3576=DIRECTION('',(0.E0,0.E0,1.E0));
#3577=VECTOR('',#3576,1.8E0);
#3578=CARTESIAN_POINT('',(-3.93E0,-8.3E-1,-4.4E0));
#3579=LINE('',#3578,#3577);
#3580=DIRECTION('',(7.071067811865E-1,7.071067811865E-1,0.E0));
#3581=VECTOR('',#3580,2.121320343560E-1);
#3582=CARTESIAN_POINT('',(-3.93E0,-8.3E-1,-2.55E0));
#3583=LINE('',#3582,#3581);
#3584=DIRECTION('',(0.E0,0.E0,-1.E0));
#3585=VECTOR('',#3584,4.E-2);
#3586=CARTESIAN_POINT('',(-4.14E0,5.E-1,-1.45E0));
#3587=LINE('',#3586,#3585);
#3588=DIRECTION('',(0.E0,0.E0,-1.E0));
#3589=VECTOR('',#3588,4.E-2);
#3590=CARTESIAN_POINT('',(-4.14E0,-5.E-1,-1.45E0));
#3591=LINE('',#3590,#3589);
#3592=DIRECTION('',(0.E0,-1.E0,0.E0));
#3593=VECTOR('',#3592,1.E0);
#3594=CARTESIAN_POINT('',(-4.14E0,5.E-1,-2.569986624807E0));
#3595=LINE('',#3594,#3593);
#3596=DIRECTION('',(0.E0,-1.E0,0.E0));
#3597=VECTOR('',#3596,1.E0);
#3598=CARTESIAN_POINT('',(-4.29E0,5.E-1,-2.73E0));
#3599=LINE('',#3598,#3597);
#3600=DIRECTION('',(0.E0,-1.E0,0.E0));
#3601=VECTOR('',#3600,1.E0);
#3602=CARTESIAN_POINT('',(-4.29E0,5.E-1,-3.23E0));
#3603=LINE('',#3602,#3601);
#3604=DIRECTION('',(0.E0,-1.E0,0.E0));
#3605=VECTOR('',#3604,1.E0);
#3606=CARTESIAN_POINT('',(-4.14E0,5.E-1,-3.38E0));
#3607=LINE('',#3606,#3605);
#3608=DIRECTION('',(0.E0,1.E0,0.E0));
#3609=VECTOR('',#3608,1.7E-1);
#3610=CARTESIAN_POINT('',(-3.4E0,-1.E0,-1.49E0));
#3611=LINE('',#3610,#3609);
#3612=DIRECTION('',(0.E0,0.E0,1.E0));
#3613=VECTOR('',#3612,2.91E0);
#3614=CARTESIAN_POINT('',(-3.4E0,-1.E0,-4.4E0));
#3615=LINE('',#3614,#3613);
#3616=DIRECTION('',(1.E0,0.E0,0.E0));
#3617=VECTOR('',#3616,6.8E0);
#3618=CARTESIAN_POINT('',(-3.4E0,-1.E0,-1.49E0));
#3619=LINE('',#3618,#3617);
#3620=DIRECTION('',(0.E0,0.E0,1.E0));
#3621=VECTOR('',#3620,2.91E0);
#3622=CARTESIAN_POINT('',(3.4E0,-1.E0,-4.4E0));
#3623=LINE('',#3622,#3621);
#3624=DIRECTION('',(0.E0,0.E0,-1.E0));
#3625=VECTOR('',#3624,8.5E-1);
#3626=CARTESIAN_POINT('',(-5.665E0,-1.E0,-3.E-1));
#3627=LINE('',#3626,#3625);
#3628=DIRECTION('',(1.E0,0.E0,0.E0));
#3629=VECTOR('',#3628,1.133E1);
#3630=CARTESIAN_POINT('',(-5.665E0,-1.E0,-3.E-1));
#3631=LINE('',#3630,#3629);
#3632=DIRECTION('',(0.E0,0.E0,-1.E0));
#3633=VECTOR('',#3632,8.5E-1);
#3634=CARTESIAN_POINT('',(5.665E0,-1.E0,-3.E-1));
#3635=LINE('',#3634,#3633);
#3636=DIRECTION('',(-1.E0,0.E0,0.E0));
#3637=VECTOR('',#3636,1.133E1);
#3638=CARTESIAN_POINT('',(5.665E0,-1.E0,-1.15E0));
#3639=LINE('',#3638,#3637);
#3640=DIRECTION('',(0.E0,-1.E0,0.E0));
#3641=VECTOR('',#3640,1.7E-1);
#3642=CARTESIAN_POINT('',(3.4E0,-8.3E-1,-1.49E0));
#3643=LINE('',#3642,#3641);
#3644=DIRECTION('',(0.E0,-1.E0,0.E0));
#3645=VECTOR('',#3644,1.4E0);
#3646=CARTESIAN_POINT('',(-5.965E0,7.E-1,-3.E-1));
#3647=LINE('',#3646,#3645);
#3648=DIRECTION('',(0.E0,0.E0,-1.E0));
#3649=VECTOR('',#3648,8.5E-1);
#3650=CARTESIAN_POINT('',(-5.965E0,-7.E-1,-3.E-1));
#3651=LINE('',#3650,#3649);
#3652=DIRECTION('',(0.E0,1.E0,0.E0));
#3653=VECTOR('',#3652,1.4E0);
#3654=CARTESIAN_POINT('',(-5.965E0,-7.E-1,-1.15E0));
#3655=LINE('',#3654,#3653);
#3656=DIRECTION('',(0.E0,0.E0,-1.E0));
#3657=VECTOR('',#3656,8.5E-1);
#3658=CARTESIAN_POINT('',(-5.965E0,7.E-1,-3.E-1));
#3659=LINE('',#3658,#3657);
#3660=CARTESIAN_POINT('',(-5.665E0,-7.E-1,-3.E-1));
#3661=DIRECTION('',(1.E0,0.E0,0.E0));
#3662=DIRECTION('',(0.E0,0.E0,1.E0));
#3663=AXIS2_PLACEMENT_3D('',#3660,#3661,#3662);
#3665=CARTESIAN_POINT('',(-5.665E0,-7.E-1,-3.E-1));
#3666=DIRECTION('',(0.E0,0.E0,-1.E0));
#3667=DIRECTION('',(0.E0,-1.E0,0.E0));
#3668=AXIS2_PLACEMENT_3D('',#3665,#3666,#3667);
#3670=CARTESIAN_POINT('',(-5.665E0,-7.E-1,-3.E-1));
#3671=DIRECTION('',(0.E0,1.E0,0.E0));
#3672=DIRECTION('',(-1.E0,0.E0,0.E0));
#3673=AXIS2_PLACEMENT_3D('',#3670,#3671,#3672);
#3675=CARTESIAN_POINT('',(5.665E0,-7.E-1,-3.E-1));
#3676=DIRECTION('',(0.E0,1.E0,0.E0));
#3677=DIRECTION('',(0.E0,0.E0,1.E0));
#3678=AXIS2_PLACEMENT_3D('',#3675,#3676,#3677);
#3680=CARTESIAN_POINT('',(5.665E0,-7.E-1,-3.E-1));
#3681=DIRECTION('',(0.E0,0.E0,-1.E0));
#3682=DIRECTION('',(1.E0,0.E0,0.E0));
#3683=AXIS2_PLACEMENT_3D('',#3680,#3681,#3682);
#3685=CARTESIAN_POINT('',(5.665E0,-7.E-1,-3.E-1));
#3686=DIRECTION('',(-1.E0,0.E0,0.E0));
#3687=DIRECTION('',(0.E0,-1.E0,0.E0));
#3688=AXIS2_PLACEMENT_3D('',#3685,#3686,#3687);
#3690=DIRECTION('',(0.E0,0.E0,-1.E0));
#3691=VECTOR('',#3690,8.5E-1);
#3692=CARTESIAN_POINT('',(5.965E0,-7.E-1,-3.E-1));
#3693=LINE('',#3692,#3691);
#3694=DIRECTION('',(0.E0,1.E0,0.E0));
#3695=VECTOR('',#3694,1.4E0);
#3696=CARTESIAN_POINT('',(5.965E0,-7.E-1,-3.E-1));
#3697=LINE('',#3696,#3695);
#3698=DIRECTION('',(0.E0,0.E0,-1.E0));
#3699=VECTOR('',#3698,8.5E-1);
#3700=CARTESIAN_POINT('',(5.965E0,7.E-1,-3.E-1));
#3701=LINE('',#3700,#3699);
#3702=DIRECTION('',(0.E0,-1.E0,0.E0));
#3703=VECTOR('',#3702,1.4E0);
#3704=CARTESIAN_POINT('',(5.965E0,7.E-1,-1.15E0));
#3705=LINE('',#3704,#3703);
#3706=DIRECTION('',(-1.E0,0.E0,0.E0));
#3707=VECTOR('',#3706,5.3E-1);
#3708=CARTESIAN_POINT('',(-4.59E0,-5.995902397623E-2,-4.36E0));
#3709=LINE('',#3708,#3707);
#3710=DIRECTION('',(0.E0,-1.E0,0.E0));
#3711=VECTOR('',#3710,4.400409760238E-1);
#3712=CARTESIAN_POINT('',(-5.12E0,-5.995902397623E-2,-4.36E0));
#3713=LINE('',#3712,#3711);
#3714=DIRECTION('',(6.847910787717E-1,2.492435693640E-1,6.847910787717E-1));
#3715=VECTOR('',#3714,6.133257471072E-1);
#3716=CARTESIAN_POINT('',(-4.59E0,-5.995902397623E-2,-4.36E0));
#3717=LINE('',#3716,#3715);
#3718=DIRECTION('',(0.E0,-1.E0,0.E0));
#3719=VECTOR('',#3718,4.400409760238E-1);
#3720=CARTESIAN_POINT('',(-4.59E0,-5.995902397623E-2,-4.36E0));
#3721=LINE('',#3720,#3719);
#3722=DIRECTION('',(0.E0,3.420201433257E-1,9.396926207859E-1));
#3723=VECTOR('',#3722,4.256711089904E-1);
#3724=CARTESIAN_POINT('',(-4.17E0,9.290847441557E-2,-3.94E0));
#3725=LINE('',#3724,#3723);
#3726=DIRECTION('',(0.E0,-1.E0,0.E0));
#3727=VECTOR('',#3726,5.929084744156E-1);
#3728=CARTESIAN_POINT('',(-4.17E0,9.290847441557E-2,-3.94E0));
#3729=LINE('',#3728,#3727);
#3730=DIRECTION('',(-6.847910787717E-1,2.492435693640E-1,6.847910787717E-1));
#3731=VECTOR('',#3730,3.665351488664E-1);
#3732=CARTESIAN_POINT('',(-4.17E0,2.384965681221E-1,-3.54E0));
#3733=LINE('',#3732,#3731);
#3734=DIRECTION('',(0.E0,-1.E0,0.E0));
#3735=VECTOR('',#3734,7.384965681221E-1);
#3736=CARTESIAN_POINT('',(-4.17E0,2.384965681221E-1,-3.54E0));
#3737=LINE('',#3736,#3735);
#3738=DIRECTION('',(0.E0,3.420201433257E-1,9.396926207859E-1));
#3739=VECTOR('',#3738,4.682382198894E-1);
#3740=CARTESIAN_POINT('',(-4.421E0,3.298530969229E-1,-3.289E0));
#3741=LINE('',#3740,#3739);
#3742=DIRECTION('',(0.E0,-1.E0,0.E0));
#3743=VECTOR('',#3742,8.298530969229E-1);
#3744=CARTESIAN_POINT('',(-4.421E0,3.298530969229E-1,-3.289E0));
#3745=LINE('',#3744,#3743);
#3746=DIRECTION('',(0.E0,-3.420201433257E-1,-9.396926207859E-1));
#3747=VECTOR('',#3746,4.682382198894E-1);
#3748=CARTESIAN_POINT('',(4.421E0,4.9E-1,-2.849E0));
#3749=LINE('',#3748,#3747);
#3750=DIRECTION('',(0.E0,-1.E0,0.E0));
#3751=VECTOR('',#3750,9.9E-1);
#3752=CARTESIAN_POINT('',(4.421E0,4.9E-1,-2.689E0));
#3753=LINE('',#3752,#3751);
#3754=DIRECTION('',(1.736481776669E-1,0.E0,-9.848077530122E-1));
#3755=VECTOR('',#3754,4.061706447543E-2);
#3756=CARTESIAN_POINT('',(4.202530870902E0,-5.E-1,-1.45E0));
#3757=LINE('',#3756,#3755);
#3758=DIRECTION('',(-6.847910787717E-1,-2.492435693640E-1,-6.847910787717E-1));
#3759=VECTOR('',#3758,3.665351488664E-1);
#3760=CARTESIAN_POINT('',(4.421E0,3.298530969229E-1,-3.289E0));
#3761=LINE('',#3760,#3759);
#3762=DIRECTION('',(0.E0,-1.E0,0.E0));
#3763=VECTOR('',#3762,8.298530969229E-1);
#3764=CARTESIAN_POINT('',(4.421E0,3.298530969229E-1,-3.289E0));
#3765=LINE('',#3764,#3763);
#3766=DIRECTION('',(0.E0,-3.420201433257E-1,-9.396926207859E-1));
#3767=VECTOR('',#3766,4.256711089904E-1);
#3768=CARTESIAN_POINT('',(4.17E0,2.384965681221E-1,-3.54E0));
#3769=LINE('',#3768,#3767);
#3770=DIRECTION('',(0.E0,-1.E0,0.E0));
#3771=VECTOR('',#3770,7.384965681221E-1);
#3772=CARTESIAN_POINT('',(4.17E0,2.384965681221E-1,-3.54E0));
#3773=LINE('',#3772,#3771);
#3774=DIRECTION('',(6.847910787717E-1,-2.492435693640E-1,-6.847910787717E-1));
#3775=VECTOR('',#3774,6.133257471072E-1);
#3776=CARTESIAN_POINT('',(4.17E0,9.290847441557E-2,-3.94E0));
#3777=LINE('',#3776,#3775);
#3778=DIRECTION('',(0.E0,-1.E0,0.E0));
#3779=VECTOR('',#3778,5.929084744156E-1);
#3780=CARTESIAN_POINT('',(4.17E0,9.290847441557E-2,-3.94E0));
#3781=LINE('',#3780,#3779);
#3782=DIRECTION('',(-1.E0,0.E0,0.E0));
#3783=VECTOR('',#3782,5.3E-1);
#3784=CARTESIAN_POINT('',(5.12E0,-5.995902397623E-2,-4.36E0));
#3785=LINE('',#3784,#3783);
#3786=DIRECTION('',(0.E0,-1.E0,0.E0));
#3787=VECTOR('',#3786,4.400409760238E-1);
#3788=CARTESIAN_POINT('',(4.59E0,-5.995902397623E-2,-4.36E0));
#3789=LINE('',#3788,#3787);
#3790=CARTESIAN_POINT('',(3.4E0,-1.E0,-4.4E0));
#3791=CARTESIAN_POINT('',(-3.4E0,-1.E0,-4.4E0));
#3792=VERTEX_POINT('',#3790);
#3793=VERTEX_POINT('',#3791);
#3794=CARTESIAN_POINT('',(-4.14E0,5.E-1,-3.38E0));
#3795=CARTESIAN_POINT('',(-4.29E0,5.E-1,-3.23E0));
#3796=VERTEX_POINT('',#3794);
#3797=VERTEX_POINT('',#3795);
#3798=CARTESIAN_POINT('',(-4.29E0,5.E-1,-2.73E0));
#3799=VERTEX_POINT('',#3798);
#3800=CARTESIAN_POINT('',(-4.14E0,5.E-1,-2.569986624807E0));
#3801=VERTEX_POINT('',#3800);
#3802=CARTESIAN_POINT('',(4.14E0,5.E-1,-2.569986624807E0));
#3803=CARTESIAN_POINT('',(4.29E0,5.E-1,-2.73E0));
#3804=VERTEX_POINT('',#3802);
#3805=VERTEX_POINT('',#3803);
#3806=CARTESIAN_POINT('',(4.29E0,5.E-1,-3.23E0));
#3807=VERTEX_POINT('',#3806);
#3808=CARTESIAN_POINT('',(4.14E0,5.E-1,-3.38E0));
#3809=VERTEX_POINT('',#3808);
#3810=CARTESIAN_POINT('',(-4.14E0,-5.E-1,-3.38E0));
#3811=CARTESIAN_POINT('',(-4.29E0,-5.E-1,-3.23E0));
#3812=VERTEX_POINT('',#3810);
#3813=VERTEX_POINT('',#3811);
#3814=CARTESIAN_POINT('',(-4.29E0,-5.E-1,-2.73E0));
#3815=VERTEX_POINT('',#3814);
#3816=CARTESIAN_POINT('',(-4.14E0,-5.E-1,-2.569986624807E0));
#3817=VERTEX_POINT('',#3816);
#3818=CARTESIAN_POINT('',(4.14E0,-5.E-1,-2.569986624807E0));
#3819=CARTESIAN_POINT('',(4.29E0,-5.E-1,-2.73E0));
#3820=VERTEX_POINT('',#3818);
#3821=VERTEX_POINT('',#3819);
#3822=CARTESIAN_POINT('',(4.29E0,-5.E-1,-3.23E0));
#3823=VERTEX_POINT('',#3822);
#3824=CARTESIAN_POINT('',(4.14E0,-5.E-1,-3.38E0));
#3825=VERTEX_POINT('',#3824);
#3826=CARTESIAN_POINT('',(-4.14E0,5.E-1,-4.4E0));
#3827=VERTEX_POINT('',#3826);
#3828=CARTESIAN_POINT('',(4.14E0,5.E-1,-4.4E0));
#3829=VERTEX_POINT('',#3828);
#3830=CARTESIAN_POINT('',(-4.14E0,-5.E-1,-4.4E0));
#3831=VERTEX_POINT('',#3830);
#3832=CARTESIAN_POINT('',(4.14E0,-5.E-1,-4.4E0));
#3833=VERTEX_POINT('',#3832);
#3834=CARTESIAN_POINT('',(-4.202530870902E0,4.9E-1,-1.45E0));
#3835=CARTESIAN_POINT('',(-4.421E0,4.9E-1,-2.689E0));
#3836=VERTEX_POINT('',#3834);
#3837=VERTEX_POINT('',#3835);
#3838=CARTESIAN_POINT('',(4.421E0,4.9E-1,-2.689E0));
#3839=CARTESIAN_POINT('',(4.202530870902E0,4.9E-1,-1.45E0));
#3840=VERTEX_POINT('',#3838);
#3841=VERTEX_POINT('',#3839);
#3842=CARTESIAN_POINT('',(-4.421E0,-5.E-1,-2.689E0));
#3843=VERTEX_POINT('',#3842);
#3844=CARTESIAN_POINT('',(4.421E0,-5.E-1,-2.689E0));
#3845=VERTEX_POINT('',#3844);
#3846=CARTESIAN_POINT('',(-3.55E0,4.5E-1,-1.49E0));
#3847=CARTESIAN_POINT('',(-3.55E0,4.566664354748E-1,-1.45E0));
#3848=VERTEX_POINT('',#3846);
#3849=VERTEX_POINT('',#3847);
#3850=CARTESIAN_POINT('',(3.78E0,6.8E-1,-4.25E0));
#3851=CARTESIAN_POINT('',(3.93E0,8.3E-1,-4.4E0));
#3852=VERTEX_POINT('',#3850);
#3853=VERTEX_POINT('',#3851);
#3854=CARTESIAN_POINT('',(3.78E0,-6.8E-1,-2.55E0));
#3855=CARTESIAN_POINT('',(3.93E0,-8.3E-1,-2.55E0));
#3856=VERTEX_POINT('',#3854);
#3857=VERTEX_POINT('',#3855);
#3858=CARTESIAN_POINT('',(-3.78E0,6.8E-1,-2.55E0));
#3859=CARTESIAN_POINT('',(-3.93E0,8.3E-1,-2.55E0));
#3860=VERTEX_POINT('',#3858);
#3861=VERTEX_POINT('',#3859);
#3862=CARTESIAN_POINT('',(-3.93E0,-8.3E-1,-2.55E0));
#3863=CARTESIAN_POINT('',(-3.78E0,-6.8E-1,-2.55E0));
#3864=VERTEX_POINT('',#3862);
#3865=VERTEX_POINT('',#3863);
#3866=CARTESIAN_POINT('',(3.595E0,1.3E-1,-3.E-1));
#3867=CARTESIAN_POINT('',(3.895E0,-1.7E-1,0.E0));
#3868=VERTEX_POINT('',#3866);
#3869=VERTEX_POINT('',#3867);
#3870=CARTESIAN_POINT('',(-3.595E0,1.3E-1,-3.E-1));
#3871=CARTESIAN_POINT('',(-3.895E0,-1.7E-1,0.E0));
#3872=VERTEX_POINT('',#3870);
#3873=VERTEX_POINT('',#3871);
#3874=CARTESIAN_POINT('',(3.55E0,4.566664354748E-1,-1.45E0));
#3875=CARTESIAN_POINT('',(3.55E0,4.5E-1,-1.49E0));
#3876=VERTEX_POINT('',#3874);
#3877=VERTEX_POINT('',#3875);
#3878=CARTESIAN_POINT('',(3.93E0,8.3E-1,-2.55E0));
#3879=CARTESIAN_POINT('',(3.78E0,6.8E-1,-2.55E0));
#3880=VERTEX_POINT('',#3878);
#3881=VERTEX_POINT('',#3879);
#3882=CARTESIAN_POINT('',(-3.78E0,6.8E-1,-4.25E0));
#3883=CARTESIAN_POINT('',(-3.93E0,8.3E-1,-4.4E0));
#3884=VERTEX_POINT('',#3882);
#3885=VERTEX_POINT('',#3883);
#3886=CARTESIAN_POINT('',(-3.55E0,3.2E-1,-2.55E0));
#3887=CARTESIAN_POINT('',(-3.55E0,3.2E-1,-3.39E0));
#3888=VERTEX_POINT('',#3886);
#3889=VERTEX_POINT('',#3887);
#3890=CARTESIAN_POINT('',(3.55E0,3.2E-1,-2.55E0));
#3891=CARTESIAN_POINT('',(3.55E0,3.2E-1,-3.39E0));
#3892=VERTEX_POINT('',#3890);
#3893=VERTEX_POINT('',#3891);
#3894=CARTESIAN_POINT('',(-3.55E0,-2.8E-1,-3.6E0));
#3895=CARTESIAN_POINT('',(-3.55E0,-1.3E-1,-3.75E0));
#3896=VERTEX_POINT('',#3894);
#3897=VERTEX_POINT('',#3895);
#3898=CARTESIAN_POINT('',(-3.78E0,-1.3E-1,-3.75E0));
#3899=CARTESIAN_POINT('',(-3.78E0,-2.8E-1,-3.6E0));
#3900=VERTEX_POINT('',#3898);
#3901=VERTEX_POINT('',#3899);
#3902=CARTESIAN_POINT('',(-3.78E0,3.2E-1,-3.6E0));
#3903=CARTESIAN_POINT('',(-3.78E0,1.7E-1,-3.75E0));
#3904=VERTEX_POINT('',#3902);
#3905=VERTEX_POINT('',#3903);
#3906=CARTESIAN_POINT('',(-3.55E0,1.7E-1,-3.75E0));
#3907=CARTESIAN_POINT('',(-3.55E0,3.2E-1,-3.6E0));
#3908=VERTEX_POINT('',#3906);
#3909=VERTEX_POINT('',#3907);
#3910=CARTESIAN_POINT('',(3.55E0,3.2E-1,-3.6E0));
#3911=CARTESIAN_POINT('',(3.55E0,1.7E-1,-3.75E0));
#3912=VERTEX_POINT('',#3910);
#3913=VERTEX_POINT('',#3911);
#3914=CARTESIAN_POINT('',(3.78E0,1.7E-1,-3.75E0));
#3915=CARTESIAN_POINT('',(3.78E0,3.2E-1,-3.6E0));
#3916=VERTEX_POINT('',#3914);
#3917=VERTEX_POINT('',#3915);
#3918=CARTESIAN_POINT('',(3.78E0,-2.8E-1,-3.6E0));
#3919=CARTESIAN_POINT('',(3.78E0,-1.3E-1,-3.75E0));
#3920=VERTEX_POINT('',#3918);
#3921=VERTEX_POINT('',#3919);
#3922=CARTESIAN_POINT('',(3.55E0,-1.3E-1,-3.75E0));
#3923=CARTESIAN_POINT('',(3.55E0,-2.8E-1,-3.6E0));
#3924=VERTEX_POINT('',#3922);
#3925=VERTEX_POINT('',#3923);
#3926=CARTESIAN_POINT('',(-3.916E0,-8.3E-1,-4.4E0));
#3927=CARTESIAN_POINT('',(-3.765E0,-6.79E-1,-4.4E0));
#3928=VERTEX_POINT('',#3926);
#3929=VERTEX_POINT('',#3927);
#3930=CARTESIAN_POINT('',(-3.765E0,-2.8E-1,-4.4E0));
#3931=VERTEX_POINT('',#3930);
#3932=CARTESIAN_POINT('',(-3.565E0,-2.8E-1,-4.4E0));
#3933=VERTEX_POINT('',#3932);
#3934=CARTESIAN_POINT('',(-3.565E0,-6.79E-1,-4.4E0));
#3935=VERTEX_POINT('',#3934);
#3936=CARTESIAN_POINT('',(-3.916E0,-1.03E0,-4.4E0));
#3937=VERTEX_POINT('',#3936);
#3938=CARTESIAN_POINT('',(3.916E0,-1.03E0,-4.4E0));
#3939=CARTESIAN_POINT('',(3.565E0,-6.79E-1,-4.4E0));
#3940=VERTEX_POINT('',#3938);
#3941=VERTEX_POINT('',#3939);
#3942=CARTESIAN_POINT('',(3.565E0,-2.8E-1,-4.4E0));
#3943=VERTEX_POINT('',#3942);
#3944=CARTESIAN_POINT('',(3.765E0,-2.8E-1,-4.4E0));
#3945=VERTEX_POINT('',#3944);
#3946=CARTESIAN_POINT('',(3.765E0,-6.79E-1,-4.4E0));
#3947=VERTEX_POINT('',#3946);
#3948=CARTESIAN_POINT('',(3.916E0,-8.3E-1,-4.4E0));
#3949=VERTEX_POINT('',#3948);
#3950=CARTESIAN_POINT('',(-3.916E0,-8.3E-1,-2.6E0));
#3951=CARTESIAN_POINT('',(-3.765E0,-6.79E-1,-2.6E0));
#3952=VERTEX_POINT('',#3950);
#3953=VERTEX_POINT('',#3951);
#3954=CARTESIAN_POINT('',(-3.565E0,-6.79E-1,-2.6E0));
#3955=CARTESIAN_POINT('',(-3.916E0,-1.03E0,-2.6E0));
#3956=VERTEX_POINT('',#3954);
#3957=VERTEX_POINT('',#3955);
#3958=CARTESIAN_POINT('',(3.916E0,-1.03E0,-2.6E0));
#3959=CARTESIAN_POINT('',(3.565E0,-6.79E-1,-2.6E0));
#3960=VERTEX_POINT('',#3958);
#3961=VERTEX_POINT('',#3959);
#3962=CARTESIAN_POINT('',(3.765E0,-6.79E-1,-2.6E0));
#3963=CARTESIAN_POINT('',(3.916E0,-8.3E-1,-2.6E0));
#3964=VERTEX_POINT('',#3962);
#3965=VERTEX_POINT('',#3963);
#3966=CARTESIAN_POINT('',(-3.93E0,-8.3E-1,-4.4E0));
#3967=VERTEX_POINT('',#3966);
#3968=CARTESIAN_POINT('',(3.93E0,-8.3E-1,-4.4E0));
#3969=VERTEX_POINT('',#3968);
#3970=CARTESIAN_POINT('',(-3.93E0,-8.3E-1,-2.6E0));
#3971=VERTEX_POINT('',#3970);
#3972=CARTESIAN_POINT('',(3.93E0,-8.3E-1,-2.6E0));
#3973=VERTEX_POINT('',#3972);
#3974=CARTESIAN_POINT('',(-3.765E0,-2.8E-1,-2.6E0));
#3975=VERTEX_POINT('',#3974);
#3976=CARTESIAN_POINT('',(-3.565E0,-2.8E-1,-2.6E0));
#3977=VERTEX_POINT('',#3976);
#3978=CARTESIAN_POINT('',(3.565E0,-2.8E-1,-2.6E0));
#3979=VERTEX_POINT('',#3978);
#3980=CARTESIAN_POINT('',(3.765E0,-2.8E-1,-2.6E0));
#3981=VERTEX_POINT('',#3980);
#3982=CARTESIAN_POINT('',(-3.765E0,-2.8E-1,-3.6E0));
#3983=VERTEX_POINT('',#3982);
#3984=CARTESIAN_POINT('',(-3.565E0,-2.8E-1,-3.6E0));
#3985=VERTEX_POINT('',#3984);
#3986=CARTESIAN_POINT('',(3.565E0,-2.8E-1,-3.6E0));
#3987=VERTEX_POINT('',#3986);
#3988=CARTESIAN_POINT('',(3.765E0,-2.8E-1,-3.6E0));
#3989=VERTEX_POINT('',#3988);
#3990=CARTESIAN_POINT('',(5.165E0,-1.03E0,-2.15E0));
#3991=CARTESIAN_POINT('',(5.165E0,-8.3E-1,-2.15E0));
#3992=VERTEX_POINT('',#3990);
#3993=VERTEX_POINT('',#3991);
#3994=CARTESIAN_POINT('',(5.165E0,-1.03E0,-2.55E0));
#3995=CARTESIAN_POINT('',(5.165E0,-8.3E-1,-2.55E0));
#3996=VERTEX_POINT('',#3994);
#3997=VERTEX_POINT('',#3995);
#3998=CARTESIAN_POINT('',(-5.165E0,-1.03E0,-2.55E0));
#3999=CARTESIAN_POINT('',(-5.165E0,-8.3E-1,-2.55E0));
#4000=VERTEX_POINT('',#3998);
#4001=VERTEX_POINT('',#3999);
#4002=CARTESIAN_POINT('',(-5.165E0,-1.03E0,-2.15E0));
#4003=CARTESIAN_POINT('',(-5.165E0,-8.3E-1,-2.15E0));
#4004=VERTEX_POINT('',#4002);
#4005=VERTEX_POINT('',#4003);
#4006=CARTESIAN_POINT('',(5.12E0,-5.E-1,-1.45E0));
#4007=CARTESIAN_POINT('',(4.202530870902E0,-5.E-1,-1.45E0));
#4008=VERTEX_POINT('',#4006);
#4009=VERTEX_POINT('',#4007);
#4010=CARTESIAN_POINT('',(4.14E0,-5.E-1,-1.45E0));
#4011=CARTESIAN_POINT('',(-4.14E0,-5.E-1,-1.45E0));
#4012=VERTEX_POINT('',#4010);
#4013=VERTEX_POINT('',#4011);
#4014=CARTESIAN_POINT('',(-4.202530870902E0,-5.E-1,-1.45E0));
#4015=CARTESIAN_POINT('',(-5.12E0,-5.E-1,-1.45E0));
#4016=VERTEX_POINT('',#4014);
#4017=VERTEX_POINT('',#4015);
#4018=CARTESIAN_POINT('',(-5.12E0,-5.E-1,-1.49E0));
#4019=CARTESIAN_POINT('',(-4.209583950131E0,-5.E-1,-1.49E0));
#4020=VERTEX_POINT('',#4018);
#4021=VERTEX_POINT('',#4019);
#4022=CARTESIAN_POINT('',(-4.14E0,-5.E-1,-1.49E0));
#4023=CARTESIAN_POINT('',(4.14E0,-5.E-1,-1.49E0));
#4024=VERTEX_POINT('',#4022);
#4025=VERTEX_POINT('',#4023);
#4026=CARTESIAN_POINT('',(4.209583950131E0,-5.E-1,-1.49E0));
#4027=CARTESIAN_POINT('',(5.12E0,-5.E-1,-1.49E0));
#4028=VERTEX_POINT('',#4026);
#4029=VERTEX_POINT('',#4027);
#4030=CARTESIAN_POINT('',(4.14E0,5.E-1,-1.49E0));
#4031=CARTESIAN_POINT('',(3.55E0,5.E-1,-1.49E0));
#4032=VERTEX_POINT('',#4030);
#4033=VERTEX_POINT('',#4031);
#4034=CARTESIAN_POINT('',(3.595E0,5.E-1,-1.45E0));
#4035=CARTESIAN_POINT('',(4.14E0,5.E-1,-1.45E0));
#4036=VERTEX_POINT('',#4034);
#4037=VERTEX_POINT('',#4035);
#4038=CARTESIAN_POINT('',(-4.14E0,5.E-1,-1.45E0));
#4039=CARTESIAN_POINT('',(-3.595E0,5.E-1,-1.45E0));
#4040=VERTEX_POINT('',#4038);
#4041=VERTEX_POINT('',#4039);
#4042=CARTESIAN_POINT('',(-3.55E0,5.E-1,-1.49E0));
#4043=CARTESIAN_POINT('',(-4.14E0,5.E-1,-1.49E0));
#4044=VERTEX_POINT('',#4042);
#4045=VERTEX_POINT('',#4043);
#4046=CARTESIAN_POINT('',(3.55E0,8.3E-1,-1.49E0));
#4047=VERTEX_POINT('',#4046);
#4048=CARTESIAN_POINT('',(-3.55E0,8.3E-1,-1.49E0));
#4049=VERTEX_POINT('',#4048);
#4050=CARTESIAN_POINT('',(3.55E0,5.E-1,-1.45E0));
#4051=VERTEX_POINT('',#4050);
#4052=CARTESIAN_POINT('',(-3.55E0,5.E-1,-1.45E0));
#4053=VERTEX_POINT('',#4052);
#4054=CARTESIAN_POINT('',(-5.665E0,1.E0,-3.E-1));
#4055=CARTESIAN_POINT('',(-5.665E0,7.E-1,0.E0));
#4056=VERTEX_POINT('',#4054);
#4057=VERTEX_POINT('',#4055);
#4058=CARTESIAN_POINT('',(-5.965E0,7.E-1,-3.E-1));
#4059=VERTEX_POINT('',#4058);
#4060=CARTESIAN_POINT('',(-5.665E0,1.E0,-1.15E0));
#4061=CARTESIAN_POINT('',(-5.965E0,7.E-1,-1.15E0));
#4062=VERTEX_POINT('',#4060);
#4063=VERTEX_POINT('',#4061);
#4064=CARTESIAN_POINT('',(-5.665E0,7.E-1,-1.45E0));
#4065=VERTEX_POINT('',#4064);
#4066=CARTESIAN_POINT('',(-5.665E0,-7.E-1,-1.45E0));
#4067=CARTESIAN_POINT('',(-5.965E0,-7.E-1,-1.15E0));
#4068=VERTEX_POINT('',#4066);
#4069=VERTEX_POINT('',#4067);
#4070=CARTESIAN_POINT('',(-5.665E0,-1.E0,-1.15E0));
#4071=VERTEX_POINT('',#4070);
#4072=CARTESIAN_POINT('',(5.665E0,-7.E-1,-1.45E0));
#4073=CARTESIAN_POINT('',(5.665E0,-1.E0,-1.15E0));
#4074=VERTEX_POINT('',#4072);
#4075=VERTEX_POINT('',#4073);
#4076=CARTESIAN_POINT('',(5.965E0,-7.E-1,-1.15E0));
#4077=VERTEX_POINT('',#4076);
#4078=CARTESIAN_POINT('',(5.665E0,1.E0,-3.E-1));
#4079=CARTESIAN_POINT('',(5.965E0,7.E-1,-3.E-1));
#4080=VERTEX_POINT('',#4078);
#4081=VERTEX_POINT('',#4079);
#4082=CARTESIAN_POINT('',(5.665E0,7.E-1,0.E0));
#4083=VERTEX_POINT('',#4082);
#4084=CARTESIAN_POINT('',(5.665E0,-7.E-1,0.E0));
#4085=CARTESIAN_POINT('',(5.965E0,-7.E-1,-3.E-1));
#4086=VERTEX_POINT('',#4084);
#4087=VERTEX_POINT('',#4085);
#4088=CARTESIAN_POINT('',(-5.665E0,-7.E-1,0.E0));
#4089=CARTESIAN_POINT('',(-5.665E0,-1.E0,-3.E-1));
#4090=VERTEX_POINT('',#4088);
#4091=VERTEX_POINT('',#4089);
#4092=CARTESIAN_POINT('',(-5.965E0,-7.E-1,-3.E-1));
#4093=VERTEX_POINT('',#4092);
#4094=CARTESIAN_POINT('',(5.665E0,1.E0,-1.15E0));
#4095=CARTESIAN_POINT('',(5.665E0,7.E-1,-1.45E0));
#4096=VERTEX_POINT('',#4094);
#4097=VERTEX_POINT('',#4095);
#4098=CARTESIAN_POINT('',(5.965E0,7.E-1,-1.15E0));
#4099=VERTEX_POINT('',#4098);
#4100=CARTESIAN_POINT('',(5.665E0,-1.E0,-3.E-1));
#4101=VERTEX_POINT('',#4100);
#4102=CARTESIAN_POINT('',(4.015E0,-8.3E-1,-1.65E0));
#4103=CARTESIAN_POINT('',(4.065E0,-8.3E-1,-1.6E0));
#4104=VERTEX_POINT('',#4102);
#4105=VERTEX_POINT('',#4103);
#4106=CARTESIAN_POINT('',(-4.065E0,-8.3E-1,-1.6E0));
#4107=CARTESIAN_POINT('',(-4.015E0,-8.3E-1,-1.65E0));
#4108=VERTEX_POINT('',#4106);
#4109=VERTEX_POINT('',#4107);
#4110=CARTESIAN_POINT('',(4.015E0,-1.03E0,-2.55E0));
#4111=CARTESIAN_POINT('',(3.965E0,-1.03E0,-2.6E0));
#4112=VERTEX_POINT('',#4110);
#4113=VERTEX_POINT('',#4111);
#4114=CARTESIAN_POINT('',(-3.965E0,-1.03E0,-2.6E0));
#4115=CARTESIAN_POINT('',(-4.015E0,-1.03E0,-2.55E0));
#4116=VERTEX_POINT('',#4114);
#4117=VERTEX_POINT('',#4115);
#4118=CARTESIAN_POINT('',(-3.1E0,-7.5E-1,-4.73E0));
#4119=CARTESIAN_POINT('',(-3.1E0,-7.5E-1,-5.1E0));
#4120=VERTEX_POINT('',#4118);
#4121=VERTEX_POINT('',#4119);
#4122=CARTESIAN_POINT('',(-3.1E0,-1.05E0,-5.1E0));
#4123=VERTEX_POINT('',#4122);
#4124=CARTESIAN_POINT('',(-3.1E0,-1.05E0,-4.6E0));
#4125=VERTEX_POINT('',#4124);
#4126=CARTESIAN_POINT('',(-3.1E0,3.602562240964E-1,-1.809168558024E0));
#4127=CARTESIAN_POINT('',(-3.1E0,3.781801907155E-1,-1.716957743571E0));
#4128=VERTEX_POINT('',#4126);
#4129=VERTEX_POINT('',#4127);
#4130=CARTESIAN_POINT('',(-2.9E0,-7.5E-1,-4.73E0));
#4131=CARTESIAN_POINT('',(-2.9E0,-7.5E-1,-5.1E0));
#4132=VERTEX_POINT('',#4130);
#4133=VERTEX_POINT('',#4131);
#4134=CARTESIAN_POINT('',(-2.9E0,-1.05E0,-5.1E0));
#4135=VERTEX_POINT('',#4134);
#4136=CARTESIAN_POINT('',(-2.9E0,-1.05E0,-4.6E0));
#4137=VERTEX_POINT('',#4136);
#4138=CARTESIAN_POINT('',(-2.9E0,3.602562240964E-1,-1.809168558024E0));
#4139=CARTESIAN_POINT('',(-2.9E0,3.781801907155E-1,-1.716957743571E0));
#4140=VERTEX_POINT('',#4138);
#4141=VERTEX_POINT('',#4139);
#4142=CARTESIAN_POINT('',(-3.1E0,-4.2E-1,-4.4E0));
#4143=VERTEX_POINT('',#4142);
#4144=CARTESIAN_POINT('',(-3.1E0,-8.5E-1,-4.4E0));
#4145=VERTEX_POINT('',#4144);
#4146=CARTESIAN_POINT('',(-3.1E0,4.413750317050E-1,-3.39E0));
#4147=VERTEX_POINT('',#4146);
#4148=CARTESIAN_POINT('',(-3.1E0,4.5E-1,-1.5625E0));
#4149=VERTEX_POINT('',#4148);
#4150=CARTESIAN_POINT('',(-2.9E0,-4.2E-1,-4.4E0));
#4151=VERTEX_POINT('',#4150);
#4152=CARTESIAN_POINT('',(-2.9E0,-8.5E-1,-4.4E0));
#4153=VERTEX_POINT('',#4152);
#4154=CARTESIAN_POINT('',(-2.9E0,4.413750317050E-1,-3.39E0));
#4155=VERTEX_POINT('',#4154);
#4156=CARTESIAN_POINT('',(-2.9E0,4.5E-1,-1.5625E0));
#4157=VERTEX_POINT('',#4156);
#4158=CARTESIAN_POINT('',(-2.6E0,-7.5E-1,-4.73E0));
#4159=CARTESIAN_POINT('',(-2.6E0,-7.5E-1,-5.1E0));
#4160=VERTEX_POINT('',#4158);
#4161=VERTEX_POINT('',#4159);
#4162=CARTESIAN_POINT('',(-2.6E0,-1.05E0,-5.1E0));
#4163=VERTEX_POINT('',#4162);
#4164=CARTESIAN_POINT('',(-2.6E0,-1.05E0,-4.6E0));
#4165=VERTEX_POINT('',#4164);
#4166=CARTESIAN_POINT('',(-2.6E0,3.602562240964E-1,-1.809168558024E0));
#4167=CARTESIAN_POINT('',(-2.6E0,3.781801907155E-1,-1.716957743571E0));
#4168=VERTEX_POINT('',#4166);
#4169=VERTEX_POINT('',#4167);
#4170=CARTESIAN_POINT('',(-2.4E0,-7.5E-1,-4.73E0));
#4171=CARTESIAN_POINT('',(-2.4E0,-7.5E-1,-5.1E0));
#4172=VERTEX_POINT('',#4170);
#4173=VERTEX_POINT('',#4171);
#4174=CARTESIAN_POINT('',(-2.4E0,-1.05E0,-5.1E0));
#4175=VERTEX_POINT('',#4174);
#4176=CARTESIAN_POINT('',(-2.4E0,-1.05E0,-4.6E0));
#4177=VERTEX_POINT('',#4176);
#4178=CARTESIAN_POINT('',(-2.4E0,3.602562240964E-1,-1.809168558024E0));
#4179=CARTESIAN_POINT('',(-2.4E0,3.781801907155E-1,-1.716957743571E0));
#4180=VERTEX_POINT('',#4178);
#4181=VERTEX_POINT('',#4179);
#4182=CARTESIAN_POINT('',(-2.6E0,-4.2E-1,-4.4E0));
#4183=VERTEX_POINT('',#4182);
#4184=CARTESIAN_POINT('',(-2.6E0,-8.5E-1,-4.4E0));
#4185=VERTEX_POINT('',#4184);
#4186=CARTESIAN_POINT('',(-2.6E0,4.413750317050E-1,-3.39E0));
#4187=VERTEX_POINT('',#4186);
#4188=CARTESIAN_POINT('',(-2.6E0,4.5E-1,-1.5625E0));
#4189=VERTEX_POINT('',#4188);
#4190=CARTESIAN_POINT('',(-2.4E0,-4.2E-1,-4.4E0));
#4191=VERTEX_POINT('',#4190);
#4192=CARTESIAN_POINT('',(-2.4E0,-8.5E-1,-4.4E0));
#4193=VERTEX_POINT('',#4192);
#4194=CARTESIAN_POINT('',(-2.4E0,4.413750317050E-1,-3.39E0));
#4195=VERTEX_POINT('',#4194);
#4196=CARTESIAN_POINT('',(-2.4E0,4.5E-1,-1.5625E0));
#4197=VERTEX_POINT('',#4196);
#4198=CARTESIAN_POINT('',(-2.1E0,-7.5E-1,-4.73E0));
#4199=CARTESIAN_POINT('',(-2.1E0,-7.5E-1,-5.1E0));
#4200=VERTEX_POINT('',#4198);
#4201=VERTEX_POINT('',#4199);
#4202=CARTESIAN_POINT('',(-2.1E0,-1.05E0,-5.1E0));
#4203=VERTEX_POINT('',#4202);
#4204=CARTESIAN_POINT('',(-2.1E0,-1.05E0,-4.6E0));
#4205=VERTEX_POINT('',#4204);
#4206=CARTESIAN_POINT('',(-2.1E0,3.602562240964E-1,-1.809168558024E0));
#4207=CARTESIAN_POINT('',(-2.1E0,3.781801907155E-1,-1.716957743571E0));
#4208=VERTEX_POINT('',#4206);
#4209=VERTEX_POINT('',#4207);
#4210=CARTESIAN_POINT('',(-1.9E0,-7.5E-1,-4.73E0));
#4211=CARTESIAN_POINT('',(-1.9E0,-7.5E-1,-5.1E0));
#4212=VERTEX_POINT('',#4210);
#4213=VERTEX_POINT('',#4211);
#4214=CARTESIAN_POINT('',(-1.9E0,-1.05E0,-5.1E0));
#4215=VERTEX_POINT('',#4214);
#4216=CARTESIAN_POINT('',(-1.9E0,-1.05E0,-4.6E0));
#4217=VERTEX_POINT('',#4216);
#4218=CARTESIAN_POINT('',(-1.9E0,3.602562240964E-1,-1.809168558024E0));
#4219=CARTESIAN_POINT('',(-1.9E0,3.781801907155E-1,-1.716957743571E0));
#4220=VERTEX_POINT('',#4218);
#4221=VERTEX_POINT('',#4219);
#4222=CARTESIAN_POINT('',(-2.1E0,-4.2E-1,-4.4E0));
#4223=VERTEX_POINT('',#4222);
#4224=CARTESIAN_POINT('',(-2.1E0,-8.5E-1,-4.4E0));
#4225=VERTEX_POINT('',#4224);
#4226=CARTESIAN_POINT('',(-2.1E0,4.413750317050E-1,-3.39E0));
#4227=VERTEX_POINT('',#4226);
#4228=CARTESIAN_POINT('',(-2.1E0,4.5E-1,-1.5625E0));
#4229=VERTEX_POINT('',#4228);
#4230=CARTESIAN_POINT('',(-1.9E0,-4.2E-1,-4.4E0));
#4231=VERTEX_POINT('',#4230);
#4232=CARTESIAN_POINT('',(-1.9E0,-8.5E-1,-4.4E0));
#4233=VERTEX_POINT('',#4232);
#4234=CARTESIAN_POINT('',(-1.9E0,4.413750317050E-1,-3.39E0));
#4235=VERTEX_POINT('',#4234);
#4236=CARTESIAN_POINT('',(-1.9E0,4.5E-1,-1.5625E0));
#4237=VERTEX_POINT('',#4236);
#4238=CARTESIAN_POINT('',(-1.6E0,-7.5E-1,-4.73E0));
#4239=CARTESIAN_POINT('',(-1.6E0,-7.5E-1,-5.1E0));
#4240=VERTEX_POINT('',#4238);
#4241=VERTEX_POINT('',#4239);
#4242=CARTESIAN_POINT('',(-1.6E0,-1.05E0,-5.1E0));
#4243=VERTEX_POINT('',#4242);
#4244=CARTESIAN_POINT('',(-1.6E0,-1.05E0,-4.6E0));
#4245=VERTEX_POINT('',#4244);
#4246=CARTESIAN_POINT('',(-1.6E0,3.602562240964E-1,-1.809168558024E0));
#4247=CARTESIAN_POINT('',(-1.6E0,3.781801907155E-1,-1.716957743571E0));
#4248=VERTEX_POINT('',#4246);
#4249=VERTEX_POINT('',#4247);
#4250=CARTESIAN_POINT('',(-1.4E0,-7.5E-1,-4.73E0));
#4251=CARTESIAN_POINT('',(-1.4E0,-7.5E-1,-5.1E0));
#4252=VERTEX_POINT('',#4250);
#4253=VERTEX_POINT('',#4251);
#4254=CARTESIAN_POINT('',(-1.4E0,-1.05E0,-5.1E0));
#4255=VERTEX_POINT('',#4254);
#4256=CARTESIAN_POINT('',(-1.4E0,-1.05E0,-4.6E0));
#4257=VERTEX_POINT('',#4256);
#4258=CARTESIAN_POINT('',(-1.4E0,3.602562240964E-1,-1.809168558024E0));
#4259=CARTESIAN_POINT('',(-1.4E0,3.781801907155E-1,-1.716957743571E0));
#4260=VERTEX_POINT('',#4258);
#4261=VERTEX_POINT('',#4259);
#4262=CARTESIAN_POINT('',(-1.6E0,-4.2E-1,-4.4E0));
#4263=VERTEX_POINT('',#4262);
#4264=CARTESIAN_POINT('',(-1.6E0,-8.5E-1,-4.4E0));
#4265=VERTEX_POINT('',#4264);
#4266=CARTESIAN_POINT('',(-1.6E0,4.413750317050E-1,-3.39E0));
#4267=VERTEX_POINT('',#4266);
#4268=CARTESIAN_POINT('',(-1.6E0,4.5E-1,-1.5625E0));
#4269=VERTEX_POINT('',#4268);
#4270=CARTESIAN_POINT('',(-1.4E0,-4.2E-1,-4.4E0));
#4271=VERTEX_POINT('',#4270);
#4272=CARTESIAN_POINT('',(-1.4E0,-8.5E-1,-4.4E0));
#4273=VERTEX_POINT('',#4272);
#4274=CARTESIAN_POINT('',(-1.4E0,4.413750317050E-1,-3.39E0));
#4275=VERTEX_POINT('',#4274);
#4276=CARTESIAN_POINT('',(-1.4E0,4.5E-1,-1.5625E0));
#4277=VERTEX_POINT('',#4276);
#4278=CARTESIAN_POINT('',(-1.1E0,-7.5E-1,-4.73E0));
#4279=CARTESIAN_POINT('',(-1.1E0,-7.5E-1,-5.1E0));
#4280=VERTEX_POINT('',#4278);
#4281=VERTEX_POINT('',#4279);
#4282=CARTESIAN_POINT('',(-1.1E0,-1.05E0,-5.1E0));
#4283=VERTEX_POINT('',#4282);
#4284=CARTESIAN_POINT('',(-1.1E0,-1.05E0,-4.6E0));
#4285=VERTEX_POINT('',#4284);
#4286=CARTESIAN_POINT('',(-1.1E0,3.602562240964E-1,-1.809168558024E0));
#4287=CARTESIAN_POINT('',(-1.1E0,3.781801907155E-1,-1.716957743571E0));
#4288=VERTEX_POINT('',#4286);
#4289=VERTEX_POINT('',#4287);
#4290=CARTESIAN_POINT('',(-9.E-1,-7.5E-1,-4.73E0));
#4291=CARTESIAN_POINT('',(-9.E-1,-7.5E-1,-5.1E0));
#4292=VERTEX_POINT('',#4290);
#4293=VERTEX_POINT('',#4291);
#4294=CARTESIAN_POINT('',(-9.E-1,-1.05E0,-5.1E0));
#4295=VERTEX_POINT('',#4294);
#4296=CARTESIAN_POINT('',(-9.E-1,-1.05E0,-4.6E0));
#4297=VERTEX_POINT('',#4296);
#4298=CARTESIAN_POINT('',(-9.E-1,3.602562240964E-1,-1.809168558024E0));
#4299=CARTESIAN_POINT('',(-9.E-1,3.781801907155E-1,-1.716957743571E0));
#4300=VERTEX_POINT('',#4298);
#4301=VERTEX_POINT('',#4299);
#4302=CARTESIAN_POINT('',(-1.1E0,-4.2E-1,-4.4E0));
#4303=VERTEX_POINT('',#4302);
#4304=CARTESIAN_POINT('',(-1.1E0,-8.5E-1,-4.4E0));
#4305=VERTEX_POINT('',#4304);
#4306=CARTESIAN_POINT('',(-1.1E0,4.413750317050E-1,-3.39E0));
#4307=VERTEX_POINT('',#4306);
#4308=CARTESIAN_POINT('',(-1.1E0,4.5E-1,-1.5625E0));
#4309=VERTEX_POINT('',#4308);
#4310=CARTESIAN_POINT('',(-9.E-1,-4.2E-1,-4.4E0));
#4311=VERTEX_POINT('',#4310);
#4312=CARTESIAN_POINT('',(-9.E-1,-8.5E-1,-4.4E0));
#4313=VERTEX_POINT('',#4312);
#4314=CARTESIAN_POINT('',(-9.E-1,4.413750317050E-1,-3.39E0));
#4315=VERTEX_POINT('',#4314);
#4316=CARTESIAN_POINT('',(-9.E-1,4.5E-1,-1.5625E0));
#4317=VERTEX_POINT('',#4316);
#4318=CARTESIAN_POINT('',(5.12E0,5.E-1,-4.4E0));
#4319=VERTEX_POINT('',#4318);
#4320=CARTESIAN_POINT('',(-5.12E0,5.E-1,-4.4E0));
#4321=VERTEX_POINT('',#4320);
#4322=CARTESIAN_POINT('',(5.12E0,-5.E-1,-4.4E0));
#4323=VERTEX_POINT('',#4322);
#4324=CARTESIAN_POINT('',(-5.12E0,-5.E-1,-4.4E0));
#4325=VERTEX_POINT('',#4324);
#4326=CARTESIAN_POINT('',(5.12E0,8.3E-1,-4.4E0));
#4327=VERTEX_POINT('',#4326);
#4328=CARTESIAN_POINT('',(-5.12E0,8.3E-1,-4.4E0));
#4329=VERTEX_POINT('',#4328);
#4330=CARTESIAN_POINT('',(5.12E0,4.9E-1,-1.45E0));
#4331=VERTEX_POINT('',#4330);
#4332=CARTESIAN_POINT('',(-5.12E0,4.9E-1,-1.45E0));
#4333=VERTEX_POINT('',#4332);
#4334=CARTESIAN_POINT('',(-5.12E0,-5.E-1,-4.36E0));
#4335=CARTESIAN_POINT('',(-4.59E0,-5.E-1,-4.36E0));
#4336=VERTEX_POINT('',#4334);
#4337=VERTEX_POINT('',#4335);
#4338=CARTESIAN_POINT('',(-4.17E0,-5.E-1,-3.94E0));
#4339=VERTEX_POINT('',#4338);
#4340=CARTESIAN_POINT('',(-4.17E0,-5.E-1,-3.54E0));
#4341=VERTEX_POINT('',#4340);
#4342=CARTESIAN_POINT('',(-4.421E0,-5.E-1,-3.289E0));
#4343=VERTEX_POINT('',#4342);
#4344=CARTESIAN_POINT('',(4.421E0,-5.E-1,-3.289E0));
#4345=VERTEX_POINT('',#4344);
#4346=CARTESIAN_POINT('',(4.17E0,-5.E-1,-3.54E0));
#4347=VERTEX_POINT('',#4346);
#4348=CARTESIAN_POINT('',(4.17E0,-5.E-1,-3.94E0));
#4349=VERTEX_POINT('',#4348);
#4350=CARTESIAN_POINT('',(4.59E0,-5.E-1,-4.36E0));
#4351=VERTEX_POINT('',#4350);
#4352=CARTESIAN_POINT('',(5.12E0,-5.E-1,-4.36E0));
#4353=VERTEX_POINT('',#4352);
#4354=CARTESIAN_POINT('',(-3.55E0,4.5E-1,-2.55E0));
#4355=CARTESIAN_POINT('',(-3.55E0,4.5E-1,-3.39E0));
#4356=VERTEX_POINT('',#4354);
#4357=VERTEX_POINT('',#4355);
#4358=CARTESIAN_POINT('',(3.55E0,4.5E-1,-2.55E0));
#4359=CARTESIAN_POINT('',(3.55E0,4.5E-1,-3.39E0));
#4360=VERTEX_POINT('',#4358);
#4361=VERTEX_POINT('',#4359);
#4362=CARTESIAN_POINT('',(3.595E0,1.3E-1,-1.45E0));
#4363=CARTESIAN_POINT('',(3.55E0,1.3E-1,-1.45E0));
#4364=VERTEX_POINT('',#4362);
#4365=VERTEX_POINT('',#4363);
#4366=CARTESIAN_POINT('',(-3.55E0,1.3E-1,-1.45E0));
#4367=CARTESIAN_POINT('',(-3.595E0,1.3E-1,-1.45E0));
#4368=VERTEX_POINT('',#4366);
#4369=VERTEX_POINT('',#4367);
#4370=CARTESIAN_POINT('',(-3.55E0,8.3E-1,-2.55E0));
#4371=VERTEX_POINT('',#4370);
#4372=CARTESIAN_POINT('',(3.55E0,8.3E-1,-2.55E0));
#4373=VERTEX_POINT('',#4372);
#4374=CARTESIAN_POINT('',(3.55E0,1.E0,1.E-2));
#4375=CARTESIAN_POINT('',(-3.55E0,1.E0,1.E-2));
#4376=VERTEX_POINT('',#4374);
#4377=VERTEX_POINT('',#4375);
#4378=CARTESIAN_POINT('',(-5.12E0,4.9E-1,-2.849E0));
#4379=CARTESIAN_POINT('',(-5.12E0,-5.995902397623E-2,-4.36E0));
#4380=VERTEX_POINT('',#4378);
#4381=VERTEX_POINT('',#4379);
#4382=CARTESIAN_POINT('',(-4.59E0,-5.995902397623E-2,-4.36E0));
#4383=VERTEX_POINT('',#4382);
#4384=CARTESIAN_POINT('',(-4.17E0,9.290847441557E-2,-3.94E0));
#4385=VERTEX_POINT('',#4384);
#4386=CARTESIAN_POINT('',(-4.17E0,2.384965681221E-1,-3.54E0));
#4387=VERTEX_POINT('',#4386);
#4388=CARTESIAN_POINT('',(-4.421E0,3.298530969229E-1,-3.289E0));
#4389=VERTEX_POINT('',#4388);
#4390=CARTESIAN_POINT('',(-4.421E0,4.9E-1,-2.849E0));
#4391=VERTEX_POINT('',#4390);
#4392=CARTESIAN_POINT('',(4.421E0,4.9E-1,-2.849E0));
#4393=CARTESIAN_POINT('',(4.421E0,3.298530969229E-1,-3.289E0));
#4394=VERTEX_POINT('',#4392);
#4395=VERTEX_POINT('',#4393);
#4396=CARTESIAN_POINT('',(4.17E0,2.384965681221E-1,-3.54E0));
#4397=VERTEX_POINT('',#4396);
#4398=CARTESIAN_POINT('',(4.17E0,9.290847441557E-2,-3.94E0));
#4399=VERTEX_POINT('',#4398);
#4400=CARTESIAN_POINT('',(4.59E0,-5.995902397623E-2,-4.36E0));
#4401=VERTEX_POINT('',#4400);
#4402=CARTESIAN_POINT('',(5.12E0,-5.995902397623E-2,-4.36E0));
#4403=VERTEX_POINT('',#4402);
#4404=CARTESIAN_POINT('',(5.12E0,4.9E-1,-2.849E0));
#4405=VERTEX_POINT('',#4404);
#4406=CARTESIAN_POINT('',(-3.55E0,6.999913303055E-1,1.E-2));
#4407=VERTEX_POINT('',#4406);
#4408=CARTESIAN_POINT('',(3.55E0,6.999913303055E-1,1.E-2));
#4409=VERTEX_POINT('',#4408);
#4410=CARTESIAN_POINT('',(3.78E0,-6.8E-1,-4.25E0));
#4411=VERTEX_POINT('',#4410);
#4412=CARTESIAN_POINT('',(3.4E0,-8.3E-1,-4.4E0));
#4413=CARTESIAN_POINT('',(3.55E0,-8.3E-1,-4.25E0));
#4414=VERTEX_POINT('',#4412);
#4415=VERTEX_POINT('',#4413);
#4416=CARTESIAN_POINT('',(3.55E0,1.E0,-4.25E0));
#4417=VERTEX_POINT('',#4416);
#4418=CARTESIAN_POINT('',(3.4E0,1.E0,-4.4E0));
#4419=VERTEX_POINT('',#4418);
#4420=CARTESIAN_POINT('',(-3.4E0,1.E0,-4.4E0));
#4421=CARTESIAN_POINT('',(-3.55E0,1.E0,-4.25E0));
#4422=VERTEX_POINT('',#4420);
#4423=VERTEX_POINT('',#4421);
#4424=CARTESIAN_POINT('',(-3.55E0,-8.3E-1,-4.25E0));
#4425=VERTEX_POINT('',#4424);
#4426=CARTESIAN_POINT('',(-3.4E0,-8.3E-1,-4.4E0));
#4427=VERTEX_POINT('',#4426);
#4428=CARTESIAN_POINT('',(-3.78E0,-6.8E-1,-4.25E0));
#4429=VERTEX_POINT('',#4428);
#4430=CARTESIAN_POINT('',(-3.595E0,7.E-1,-3.E-1));
#4431=VERTEX_POINT('',#4430);
#4432=CARTESIAN_POINT('',(3.595E0,7.E-1,-3.E-1));
#4433=VERTEX_POINT('',#4432);
#4434=CARTESIAN_POINT('',(-3.55E0,-8.3E-1,-2.55E0));
#4435=VERTEX_POINT('',#4434);
#4436=CARTESIAN_POINT('',(3.55E0,-8.3E-1,-2.55E0));
#4437=VERTEX_POINT('',#4436);
#4438=CARTESIAN_POINT('',(-3.78E0,3.2E-1,-2.55E0));
#4439=VERTEX_POINT('',#4438);
#4440=CARTESIAN_POINT('',(-3.55E0,-2.8E-1,-2.55E0));
#4441=CARTESIAN_POINT('',(-3.78E0,-2.8E-1,-2.55E0));
#4442=VERTEX_POINT('',#4440);
#4443=VERTEX_POINT('',#4441);
#4444=CARTESIAN_POINT('',(3.78E0,-2.8E-1,-2.55E0));
#4445=CARTESIAN_POINT('',(3.55E0,-2.8E-1,-2.55E0));
#4446=VERTEX_POINT('',#4444);
#4447=VERTEX_POINT('',#4445);
#4448=CARTESIAN_POINT('',(3.78E0,3.2E-1,-2.55E0));
#4449=VERTEX_POINT('',#4448);
#4450=CARTESIAN_POINT('',(-3.55E0,1.3E-1,-3.39E0));
#4451=VERTEX_POINT('',#4450);
#4452=CARTESIAN_POINT('',(3.55E0,1.3E-1,-3.39E0));
#4453=VERTEX_POINT('',#4452);
#4454=CARTESIAN_POINT('',(5.12E0,-8.3E-1,-4.4E0));
#4455=VERTEX_POINT('',#4454);
#4456=CARTESIAN_POINT('',(-5.12E0,-8.3E-1,-4.4E0));
#4457=VERTEX_POINT('',#4456);
#4458=CARTESIAN_POINT('',(-5.12E0,-8.3E-1,-1.6E0));
#4459=VERTEX_POINT('',#4458);
#4460=CARTESIAN_POINT('',(5.12E0,-8.3E-1,-1.6E0));
#4461=VERTEX_POINT('',#4460);
#4462=CARTESIAN_POINT('',(5.315E0,-8.3E-1,-2.E0));
#4463=VERTEX_POINT('',#4462);
#4464=CARTESIAN_POINT('',(5.315E0,-8.3E-1,-2.7E0));
#4465=VERTEX_POINT('',#4464);
#4466=CARTESIAN_POINT('',(-5.315E0,-8.3E-1,-2.7E0));
#4467=VERTEX_POINT('',#4466);
#4468=CARTESIAN_POINT('',(-5.315E0,-8.3E-1,-2.E0));
#4469=VERTEX_POINT('',#4468);
#4470=CARTESIAN_POINT('',(5.315E0,-1.03E0,-2.E0));
#4471=VERTEX_POINT('',#4470);
#4472=CARTESIAN_POINT('',(5.315E0,-1.03E0,-2.7E0));
#4473=VERTEX_POINT('',#4472);
#4474=CARTESIAN_POINT('',(-5.315E0,-1.03E0,-2.7E0));
#4475=VERTEX_POINT('',#4474);
#4476=CARTESIAN_POINT('',(-5.315E0,-1.03E0,-2.E0));
#4477=VERTEX_POINT('',#4476);
#4478=CARTESIAN_POINT('',(-3.4E0,-1.E0,-1.49E0));
#4479=CARTESIAN_POINT('',(3.4E0,-1.E0,-1.49E0));
#4480=VERTEX_POINT('',#4478);
#4481=VERTEX_POINT('',#4479);
#4482=CARTESIAN_POINT('',(5.12E0,-8.3E-1,-1.49E0));
#4483=VERTEX_POINT('',#4482);
#4484=CARTESIAN_POINT('',(-5.12E0,-8.3E-1,-1.49E0));
#4485=VERTEX_POINT('',#4484);
#4486=CARTESIAN_POINT('',(-3.4E0,-8.3E-1,-1.49E0));
#4487=VERTEX_POINT('',#4486);
#4488=CARTESIAN_POINT('',(3.4E0,-8.3E-1,-1.49E0));
#4489=VERTEX_POINT('',#4488);
#4490=CARTESIAN_POINT('',(5.12E0,8.3E-1,-1.49E0));
#4491=CARTESIAN_POINT('',(5.12E0,5.E-1,-1.49E0));
#4492=VERTEX_POINT('',#4490);
#4493=VERTEX_POINT('',#4491);
#4494=CARTESIAN_POINT('',(-5.12E0,8.3E-1,-1.49E0));
#4495=VERTEX_POINT('',#4494);
#4496=CARTESIAN_POINT('',(-5.12E0,5.E-1,-1.49E0));
#4497=VERTEX_POINT('',#4496);
#4498=CARTESIAN_POINT('',(3.965E0,-8.3E-1,-2.6E0));
#4499=VERTEX_POINT('',#4498);
#4500=CARTESIAN_POINT('',(4.015E0,-8.3E-1,-2.55E0));
#4501=VERTEX_POINT('',#4500);
#4502=CARTESIAN_POINT('',(-4.015E0,-8.3E-1,-2.55E0));
#4503=CARTESIAN_POINT('',(-3.965E0,-8.3E-1,-2.6E0));
#4504=VERTEX_POINT('',#4502);
#4505=VERTEX_POINT('',#4503);
#4506=VERTEX_POINT('',#1345);
#4507=VERTEX_POINT('',#1352);
#4508=VERTEX_POINT('',#1306);
#4509=VERTEX_POINT('',#1313);
#4510=VERTEX_POINT('',#1325);
#4511=VERTEX_POINT('',#1329);
#4512=VERTEX_POINT('',#1319);
#4513=VERTEX_POINT('',#1358);
#4514=VERTEX_POINT('',#1362);
#4515=VERTEX_POINT('',#1343);
#4516=CARTESIAN_POINT('',(-5.315E0,-8.3E-1,-1.7E0));
#4517=CARTESIAN_POINT('',(-5.215E0,-8.3E-1,-1.6E0));
#4518=VERTEX_POINT('',#4516);
#4519=VERTEX_POINT('',#4517);
#4520=CARTESIAN_POINT('',(-5.215E0,-1.03E0,-1.6E0));
#4521=VERTEX_POINT('',#4520);
#4522=CARTESIAN_POINT('',(-5.315E0,-1.03E0,-1.7E0));
#4523=VERTEX_POINT('',#4522);
#4524=CARTESIAN_POINT('',(-5.215E0,-8.3E-1,-4.4E0));
#4525=CARTESIAN_POINT('',(-5.315E0,-8.3E-1,-4.3E0));
#4526=VERTEX_POINT('',#4524);
#4527=VERTEX_POINT('',#4525);
#4528=CARTESIAN_POINT('',(-5.315E0,-1.03E0,-4.3E0));
#4529=VERTEX_POINT('',#4528);
#4530=CARTESIAN_POINT('',(-5.215E0,-1.03E0,-4.4E0));
#4531=VERTEX_POINT('',#4530);
#4532=CARTESIAN_POINT('',(5.215E0,-1.03E0,-4.4E0));
#4533=CARTESIAN_POINT('',(5.315E0,-1.03E0,-4.3E0));
#4534=VERTEX_POINT('',#4532);
#4535=VERTEX_POINT('',#4533);
#4536=CARTESIAN_POINT('',(5.315E0,-8.3E-1,-4.3E0));
#4537=VERTEX_POINT('',#4536);
#4538=CARTESIAN_POINT('',(5.215E0,-8.3E-1,-4.4E0));
#4539=VERTEX_POINT('',#4538);
#4540=CARTESIAN_POINT('',(5.215E0,-8.3E-1,-1.6E0));
#4541=CARTESIAN_POINT('',(5.315E0,-8.3E-1,-1.7E0));
#4542=VERTEX_POINT('',#4540);
#4543=VERTEX_POINT('',#4541);
#4544=CARTESIAN_POINT('',(5.315E0,-1.03E0,-1.7E0));
#4545=VERTEX_POINT('',#4544);
#4546=CARTESIAN_POINT('',(5.215E0,-1.03E0,-1.6E0));
#4547=VERTEX_POINT('',#4546);
#4548=CARTESIAN_POINT('',(4.065E0,-1.03E0,-1.6E0));
#4549=VERTEX_POINT('',#4548);
#4550=CARTESIAN_POINT('',(4.015E0,-1.03E0,-1.65E0));
#4551=VERTEX_POINT('',#4550);
#4552=CARTESIAN_POINT('',(-4.015E0,-1.03E0,-1.65E0));
#4553=VERTEX_POINT('',#4552);
#4554=CARTESIAN_POINT('',(-4.065E0,-1.03E0,-1.6E0));
#4555=VERTEX_POINT('',#4554);
#4556=CARTESIAN_POINT('',(-3.1E0,4.5E-1,-3.39E0));
#4557=VERTEX_POINT('',#4556);
#4558=CARTESIAN_POINT('',(-2.9E0,4.5E-1,-3.39E0));
#4559=VERTEX_POINT('',#4558);
#4560=CARTESIAN_POINT('',(-2.4E0,4.5E-1,-3.39E0));
#4561=VERTEX_POINT('',#4560);
#4562=CARTESIAN_POINT('',(-2.6E0,4.5E-1,-3.39E0));
#4563=VERTEX_POINT('',#4562);
#4564=CARTESIAN_POINT('',(-2.1E0,4.5E-1,-3.39E0));
#4565=VERTEX_POINT('',#4564);
#4566=CARTESIAN_POINT('',(-1.9E0,4.5E-1,-3.39E0));
#4567=VERTEX_POINT('',#4566);
#4568=CARTESIAN_POINT('',(-1.6E0,4.5E-1,-3.39E0));
#4569=VERTEX_POINT('',#4568);
#4570=CARTESIAN_POINT('',(-1.4E0,4.5E-1,-3.39E0));
#4571=VERTEX_POINT('',#4570);
#4572=CARTESIAN_POINT('',(-1.1E0,4.5E-1,-3.39E0));
#4573=VERTEX_POINT('',#4572);
#4574=CARTESIAN_POINT('',(-9.E-1,4.5E-1,-3.39E0));
#4575=VERTEX_POINT('',#4574);
#4576=CARTESIAN_POINT('',(-6.E-1,-7.5E-1,-4.73E0));
#4577=CARTESIAN_POINT('',(-6.E-1,-7.5E-1,-5.1E0));
#4578=VERTEX_POINT('',#4576);
#4579=VERTEX_POINT('',#4577);
#4580=CARTESIAN_POINT('',(-6.E-1,-1.05E0,-5.1E0));
#4581=VERTEX_POINT('',#4580);
#4582=CARTESIAN_POINT('',(-6.E-1,-1.05E0,-4.6E0));
#4583=VERTEX_POINT('',#4582);
#4584=CARTESIAN_POINT('',(-6.E-1,3.602562240964E-1,-1.809168558024E0));
#4585=CARTESIAN_POINT('',(-6.E-1,3.781801907155E-1,-1.716957743571E0));
#4586=VERTEX_POINT('',#4584);
#4587=VERTEX_POINT('',#4585);
#4588=CARTESIAN_POINT('',(-4.E-1,-7.5E-1,-4.73E0));
#4589=CARTESIAN_POINT('',(-4.E-1,-7.5E-1,-5.1E0));
#4590=VERTEX_POINT('',#4588);
#4591=VERTEX_POINT('',#4589);
#4592=CARTESIAN_POINT('',(-4.E-1,-1.05E0,-5.1E0));
#4593=VERTEX_POINT('',#4592);
#4594=CARTESIAN_POINT('',(-4.E-1,-1.05E0,-4.6E0));
#4595=VERTEX_POINT('',#4594);
#4596=CARTESIAN_POINT('',(-4.E-1,3.602562240964E-1,-1.809168558024E0));
#4597=CARTESIAN_POINT('',(-4.E-1,3.781801907155E-1,-1.716957743571E0));
#4598=VERTEX_POINT('',#4596);
#4599=VERTEX_POINT('',#4597);
#4600=CARTESIAN_POINT('',(-6.E-1,-8.5E-1,-4.4E0));
#4601=CARTESIAN_POINT('',(-6.E-1,-4.2E-1,-4.4E0));
#4602=VERTEX_POINT('',#4600);
#4603=VERTEX_POINT('',#4601);
#4604=CARTESIAN_POINT('',(-4.E-1,-8.5E-1,-4.4E0));
#4605=CARTESIAN_POINT('',(-4.E-1,-4.2E-1,-4.4E0));
#4606=VERTEX_POINT('',#4604);
#4607=VERTEX_POINT('',#4605);
#4608=CARTESIAN_POINT('',(-6.E-1,4.5E-1,-3.39E0));
#4609=CARTESIAN_POINT('',(-6.E-1,4.5E-1,-1.5625E0));
#4610=VERTEX_POINT('',#4608);
#4611=VERTEX_POINT('',#4609);
#4612=CARTESIAN_POINT('',(-4.E-1,4.5E-1,-3.39E0));
#4613=CARTESIAN_POINT('',(-4.E-1,4.5E-1,-1.5625E0));
#4614=VERTEX_POINT('',#4612);
#4615=VERTEX_POINT('',#4613);
#4616=CARTESIAN_POINT('',(-6.E-1,4.413750317050E-1,-3.39E0));
#4617=VERTEX_POINT('',#4616);
#4618=CARTESIAN_POINT('',(-4.E-1,4.413750317050E-1,-3.39E0));
#4619=VERTEX_POINT('',#4618);
#4620=CARTESIAN_POINT('',(-1.E-1,-7.5E-1,-4.73E0));
#4621=CARTESIAN_POINT('',(-1.E-1,-7.5E-1,-5.1E0));
#4622=VERTEX_POINT('',#4620);
#4623=VERTEX_POINT('',#4621);
#4624=CARTESIAN_POINT('',(-1.E-1,-1.05E0,-5.1E0));
#4625=VERTEX_POINT('',#4624);
#4626=CARTESIAN_POINT('',(-1.E-1,-1.05E0,-4.6E0));
#4627=VERTEX_POINT('',#4626);
#4628=CARTESIAN_POINT('',(-1.E-1,3.602562240964E-1,-1.809168558024E0));
#4629=CARTESIAN_POINT('',(-1.E-1,3.781801907155E-1,-1.716957743571E0));
#4630=VERTEX_POINT('',#4628);
#4631=VERTEX_POINT('',#4629);
#4632=CARTESIAN_POINT('',(1.E-1,-7.5E-1,-4.73E0));
#4633=CARTESIAN_POINT('',(1.E-1,-7.5E-1,-5.1E0));
#4634=VERTEX_POINT('',#4632);
#4635=VERTEX_POINT('',#4633);
#4636=CARTESIAN_POINT('',(1.E-1,-1.05E0,-5.1E0));
#4637=VERTEX_POINT('',#4636);
#4638=CARTESIAN_POINT('',(1.E-1,-1.05E0,-4.6E0));
#4639=VERTEX_POINT('',#4638);
#4640=CARTESIAN_POINT('',(1.E-1,3.602562240964E-1,-1.809168558024E0));
#4641=CARTESIAN_POINT('',(1.E-1,3.781801907155E-1,-1.716957743571E0));
#4642=VERTEX_POINT('',#4640);
#4643=VERTEX_POINT('',#4641);
#4644=CARTESIAN_POINT('',(-1.E-1,-8.5E-1,-4.4E0));
#4645=CARTESIAN_POINT('',(-1.E-1,-4.2E-1,-4.4E0));
#4646=VERTEX_POINT('',#4644);
#4647=VERTEX_POINT('',#4645);
#4648=CARTESIAN_POINT('',(1.E-1,-8.5E-1,-4.4E0));
#4649=CARTESIAN_POINT('',(1.E-1,-4.2E-1,-4.4E0));
#4650=VERTEX_POINT('',#4648);
#4651=VERTEX_POINT('',#4649);
#4652=CARTESIAN_POINT('',(-1.E-1,4.5E-1,-3.39E0));
#4653=CARTESIAN_POINT('',(-1.E-1,4.5E-1,-1.5625E0));
#4654=VERTEX_POINT('',#4652);
#4655=VERTEX_POINT('',#4653);
#4656=CARTESIAN_POINT('',(1.E-1,4.5E-1,-3.39E0));
#4657=CARTESIAN_POINT('',(1.E-1,4.5E-1,-1.5625E0));
#4658=VERTEX_POINT('',#4656);
#4659=VERTEX_POINT('',#4657);
#4660=CARTESIAN_POINT('',(-1.E-1,4.413750317050E-1,-3.39E0));
#4661=VERTEX_POINT('',#4660);
#4662=CARTESIAN_POINT('',(1.E-1,4.413750317050E-1,-3.39E0));
#4663=VERTEX_POINT('',#4662);
#4664=CARTESIAN_POINT('',(4.E-1,-7.5E-1,-4.73E0));
#4665=CARTESIAN_POINT('',(4.E-1,-7.5E-1,-5.1E0));
#4666=VERTEX_POINT('',#4664);
#4667=VERTEX_POINT('',#4665);
#4668=CARTESIAN_POINT('',(4.E-1,-1.05E0,-5.1E0));
#4669=VERTEX_POINT('',#4668);
#4670=CARTESIAN_POINT('',(4.E-1,-1.05E0,-4.6E0));
#4671=VERTEX_POINT('',#4670);
#4672=CARTESIAN_POINT('',(4.E-1,3.602562240964E-1,-1.809168558024E0));
#4673=CARTESIAN_POINT('',(4.E-1,3.781801907155E-1,-1.716957743571E0));
#4674=VERTEX_POINT('',#4672);
#4675=VERTEX_POINT('',#4673);
#4676=CARTESIAN_POINT('',(6.E-1,-7.5E-1,-4.73E0));
#4677=CARTESIAN_POINT('',(6.E-1,-7.5E-1,-5.1E0));
#4678=VERTEX_POINT('',#4676);
#4679=VERTEX_POINT('',#4677);
#4680=CARTESIAN_POINT('',(6.E-1,-1.05E0,-5.1E0));
#4681=VERTEX_POINT('',#4680);
#4682=CARTESIAN_POINT('',(6.E-1,-1.05E0,-4.6E0));
#4683=VERTEX_POINT('',#4682);
#4684=CARTESIAN_POINT('',(6.E-1,3.602562240964E-1,-1.809168558024E0));
#4685=CARTESIAN_POINT('',(6.E-1,3.781801907155E-1,-1.716957743571E0));
#4686=VERTEX_POINT('',#4684);
#4687=VERTEX_POINT('',#4685);
#4688=CARTESIAN_POINT('',(4.E-1,-8.5E-1,-4.4E0));
#4689=CARTESIAN_POINT('',(4.E-1,-4.2E-1,-4.4E0));
#4690=VERTEX_POINT('',#4688);
#4691=VERTEX_POINT('',#4689);
#4692=CARTESIAN_POINT('',(6.E-1,-8.5E-1,-4.4E0));
#4693=CARTESIAN_POINT('',(6.E-1,-4.2E-1,-4.4E0));
#4694=VERTEX_POINT('',#4692);
#4695=VERTEX_POINT('',#4693);
#4696=CARTESIAN_POINT('',(4.E-1,4.5E-1,-3.39E0));
#4697=CARTESIAN_POINT('',(4.E-1,4.5E-1,-1.5625E0));
#4698=VERTEX_POINT('',#4696);
#4699=VERTEX_POINT('',#4697);
#4700=CARTESIAN_POINT('',(6.E-1,4.5E-1,-3.39E0));
#4701=CARTESIAN_POINT('',(6.E-1,4.5E-1,-1.5625E0));
#4702=VERTEX_POINT('',#4700);
#4703=VERTEX_POINT('',#4701);
#4704=CARTESIAN_POINT('',(4.E-1,4.413750317050E-1,-3.39E0));
#4705=VERTEX_POINT('',#4704);
#4706=CARTESIAN_POINT('',(6.E-1,4.413750317050E-1,-3.39E0));
#4707=VERTEX_POINT('',#4706);
#4708=CARTESIAN_POINT('',(9.E-1,-7.5E-1,-4.73E0));
#4709=CARTESIAN_POINT('',(9.E-1,-7.5E-1,-5.1E0));
#4710=VERTEX_POINT('',#4708);
#4711=VERTEX_POINT('',#4709);
#4712=CARTESIAN_POINT('',(9.E-1,-1.05E0,-5.1E0));
#4713=VERTEX_POINT('',#4712);
#4714=CARTESIAN_POINT('',(9.E-1,-1.05E0,-4.6E0));
#4715=VERTEX_POINT('',#4714);
#4716=CARTESIAN_POINT('',(9.E-1,3.602562240964E-1,-1.809168558024E0));
#4717=CARTESIAN_POINT('',(9.E-1,3.781801907155E-1,-1.716957743571E0));
#4718=VERTEX_POINT('',#4716);
#4719=VERTEX_POINT('',#4717);
#4720=CARTESIAN_POINT('',(1.1E0,-7.5E-1,-4.73E0));
#4721=CARTESIAN_POINT('',(1.1E0,-7.5E-1,-5.1E0));
#4722=VERTEX_POINT('',#4720);
#4723=VERTEX_POINT('',#4721);
#4724=CARTESIAN_POINT('',(1.1E0,-1.05E0,-5.1E0));
#4725=VERTEX_POINT('',#4724);
#4726=CARTESIAN_POINT('',(1.1E0,-1.05E0,-4.6E0));
#4727=VERTEX_POINT('',#4726);
#4728=CARTESIAN_POINT('',(1.1E0,3.602562240964E-1,-1.809168558024E0));
#4729=CARTESIAN_POINT('',(1.1E0,3.781801907155E-1,-1.716957743571E0));
#4730=VERTEX_POINT('',#4728);
#4731=VERTEX_POINT('',#4729);
#4732=CARTESIAN_POINT('',(9.E-1,-8.5E-1,-4.4E0));
#4733=CARTESIAN_POINT('',(9.E-1,-4.2E-1,-4.4E0));
#4734=VERTEX_POINT('',#4732);
#4735=VERTEX_POINT('',#4733);
#4736=CARTESIAN_POINT('',(1.1E0,-8.5E-1,-4.4E0));
#4737=CARTESIAN_POINT('',(1.1E0,-4.2E-1,-4.4E0));
#4738=VERTEX_POINT('',#4736);
#4739=VERTEX_POINT('',#4737);
#4740=CARTESIAN_POINT('',(9.E-1,4.5E-1,-3.39E0));
#4741=CARTESIAN_POINT('',(9.E-1,4.5E-1,-1.5625E0));
#4742=VERTEX_POINT('',#4740);
#4743=VERTEX_POINT('',#4741);
#4744=CARTESIAN_POINT('',(1.1E0,4.5E-1,-3.39E0));
#4745=CARTESIAN_POINT('',(1.1E0,4.5E-1,-1.5625E0));
#4746=VERTEX_POINT('',#4744);
#4747=VERTEX_POINT('',#4745);
#4748=CARTESIAN_POINT('',(9.E-1,4.413750317050E-1,-3.39E0));
#4749=VERTEX_POINT('',#4748);
#4750=CARTESIAN_POINT('',(1.1E0,4.413750317050E-1,-3.39E0));
#4751=VERTEX_POINT('',#4750);
#4752=CARTESIAN_POINT('',(1.4E0,-7.5E-1,-4.73E0));
#4753=CARTESIAN_POINT('',(1.4E0,-7.5E-1,-5.1E0));
#4754=VERTEX_POINT('',#4752);
#4755=VERTEX_POINT('',#4753);
#4756=CARTESIAN_POINT('',(1.4E0,-1.05E0,-5.1E0));
#4757=VERTEX_POINT('',#4756);
#4758=CARTESIAN_POINT('',(1.4E0,-1.05E0,-4.6E0));
#4759=VERTEX_POINT('',#4758);
#4760=CARTESIAN_POINT('',(1.4E0,3.602562240964E-1,-1.809168558024E0));
#4761=CARTESIAN_POINT('',(1.4E0,3.781801907155E-1,-1.716957743571E0));
#4762=VERTEX_POINT('',#4760);
#4763=VERTEX_POINT('',#4761);
#4764=CARTESIAN_POINT('',(1.6E0,-7.5E-1,-4.73E0));
#4765=CARTESIAN_POINT('',(1.6E0,-7.5E-1,-5.1E0));
#4766=VERTEX_POINT('',#4764);
#4767=VERTEX_POINT('',#4765);
#4768=CARTESIAN_POINT('',(1.6E0,-1.05E0,-5.1E0));
#4769=VERTEX_POINT('',#4768);
#4770=CARTESIAN_POINT('',(1.6E0,-1.05E0,-4.6E0));
#4771=VERTEX_POINT('',#4770);
#4772=CARTESIAN_POINT('',(1.6E0,3.602562240964E-1,-1.809168558024E0));
#4773=CARTESIAN_POINT('',(1.6E0,3.781801907155E-1,-1.716957743571E0));
#4774=VERTEX_POINT('',#4772);
#4775=VERTEX_POINT('',#4773);
#4776=CARTESIAN_POINT('',(1.4E0,-8.5E-1,-4.4E0));
#4777=CARTESIAN_POINT('',(1.4E0,-4.2E-1,-4.4E0));
#4778=VERTEX_POINT('',#4776);
#4779=VERTEX_POINT('',#4777);
#4780=CARTESIAN_POINT('',(1.6E0,-8.5E-1,-4.4E0));
#4781=CARTESIAN_POINT('',(1.6E0,-4.2E-1,-4.4E0));
#4782=VERTEX_POINT('',#4780);
#4783=VERTEX_POINT('',#4781);
#4784=CARTESIAN_POINT('',(1.4E0,4.5E-1,-3.39E0));
#4785=CARTESIAN_POINT('',(1.4E0,4.5E-1,-1.5625E0));
#4786=VERTEX_POINT('',#4784);
#4787=VERTEX_POINT('',#4785);
#4788=CARTESIAN_POINT('',(1.6E0,4.5E-1,-3.39E0));
#4789=CARTESIAN_POINT('',(1.6E0,4.5E-1,-1.5625E0));
#4790=VERTEX_POINT('',#4788);
#4791=VERTEX_POINT('',#4789);
#4792=CARTESIAN_POINT('',(1.4E0,4.413750317050E-1,-3.39E0));
#4793=VERTEX_POINT('',#4792);
#4794=CARTESIAN_POINT('',(1.6E0,4.413750317050E-1,-3.39E0));
#4795=VERTEX_POINT('',#4794);
#4796=CARTESIAN_POINT('',(1.9E0,-7.5E-1,-4.73E0));
#4797=CARTESIAN_POINT('',(1.9E0,-7.5E-1,-5.1E0));
#4798=VERTEX_POINT('',#4796);
#4799=VERTEX_POINT('',#4797);
#4800=CARTESIAN_POINT('',(1.9E0,-1.05E0,-5.1E0));
#4801=VERTEX_POINT('',#4800);
#4802=CARTESIAN_POINT('',(1.9E0,-1.05E0,-4.6E0));
#4803=VERTEX_POINT('',#4802);
#4804=CARTESIAN_POINT('',(1.9E0,3.602562240964E-1,-1.809168558024E0));
#4805=CARTESIAN_POINT('',(1.9E0,3.781801907155E-1,-1.716957743571E0));
#4806=VERTEX_POINT('',#4804);
#4807=VERTEX_POINT('',#4805);
#4808=CARTESIAN_POINT('',(2.1E0,-7.5E-1,-4.73E0));
#4809=CARTESIAN_POINT('',(2.1E0,-7.5E-1,-5.1E0));
#4810=VERTEX_POINT('',#4808);
#4811=VERTEX_POINT('',#4809);
#4812=CARTESIAN_POINT('',(2.1E0,-1.05E0,-5.1E0));
#4813=VERTEX_POINT('',#4812);
#4814=CARTESIAN_POINT('',(2.1E0,-1.05E0,-4.6E0));
#4815=VERTEX_POINT('',#4814);
#4816=CARTESIAN_POINT('',(2.1E0,3.602562240964E-1,-1.809168558024E0));
#4817=CARTESIAN_POINT('',(2.1E0,3.781801907155E-1,-1.716957743571E0));
#4818=VERTEX_POINT('',#4816);
#4819=VERTEX_POINT('',#4817);
#4820=CARTESIAN_POINT('',(1.9E0,-8.5E-1,-4.4E0));
#4821=CARTESIAN_POINT('',(1.9E0,-4.2E-1,-4.4E0));
#4822=VERTEX_POINT('',#4820);
#4823=VERTEX_POINT('',#4821);
#4824=CARTESIAN_POINT('',(2.1E0,-8.5E-1,-4.4E0));
#4825=CARTESIAN_POINT('',(2.1E0,-4.2E-1,-4.4E0));
#4826=VERTEX_POINT('',#4824);
#4827=VERTEX_POINT('',#4825);
#4828=CARTESIAN_POINT('',(1.9E0,4.5E-1,-3.39E0));
#4829=CARTESIAN_POINT('',(1.9E0,4.5E-1,-1.5625E0));
#4830=VERTEX_POINT('',#4828);
#4831=VERTEX_POINT('',#4829);
#4832=CARTESIAN_POINT('',(2.1E0,4.5E-1,-3.39E0));
#4833=CARTESIAN_POINT('',(2.1E0,4.5E-1,-1.5625E0));
#4834=VERTEX_POINT('',#4832);
#4835=VERTEX_POINT('',#4833);
#4836=CARTESIAN_POINT('',(1.9E0,4.413750317050E-1,-3.39E0));
#4837=VERTEX_POINT('',#4836);
#4838=CARTESIAN_POINT('',(2.1E0,4.413750317050E-1,-3.39E0));
#4839=VERTEX_POINT('',#4838);
#4840=CARTESIAN_POINT('',(2.4E0,-7.5E-1,-4.73E0));
#4841=CARTESIAN_POINT('',(2.4E0,-7.5E-1,-5.1E0));
#4842=VERTEX_POINT('',#4840);
#4843=VERTEX_POINT('',#4841);
#4844=CARTESIAN_POINT('',(2.4E0,-1.05E0,-5.1E0));
#4845=VERTEX_POINT('',#4844);
#4846=CARTESIAN_POINT('',(2.4E0,-1.05E0,-4.6E0));
#4847=VERTEX_POINT('',#4846);
#4848=CARTESIAN_POINT('',(2.4E0,3.602562240964E-1,-1.809168558024E0));
#4849=CARTESIAN_POINT('',(2.4E0,3.781801907155E-1,-1.716957743571E0));
#4850=VERTEX_POINT('',#4848);
#4851=VERTEX_POINT('',#4849);
#4852=CARTESIAN_POINT('',(2.6E0,-7.5E-1,-4.73E0));
#4853=CARTESIAN_POINT('',(2.6E0,-7.5E-1,-5.1E0));
#4854=VERTEX_POINT('',#4852);
#4855=VERTEX_POINT('',#4853);
#4856=CARTESIAN_POINT('',(2.6E0,-1.05E0,-5.1E0));
#4857=VERTEX_POINT('',#4856);
#4858=CARTESIAN_POINT('',(2.6E0,-1.05E0,-4.6E0));
#4859=VERTEX_POINT('',#4858);
#4860=CARTESIAN_POINT('',(2.6E0,3.602562240964E-1,-1.809168558024E0));
#4861=CARTESIAN_POINT('',(2.6E0,3.781801907155E-1,-1.716957743571E0));
#4862=VERTEX_POINT('',#4860);
#4863=VERTEX_POINT('',#4861);
#4864=CARTESIAN_POINT('',(2.4E0,-8.5E-1,-4.4E0));
#4865=CARTESIAN_POINT('',(2.4E0,-4.2E-1,-4.4E0));
#4866=VERTEX_POINT('',#4864);
#4867=VERTEX_POINT('',#4865);
#4868=CARTESIAN_POINT('',(2.6E0,-8.5E-1,-4.4E0));
#4869=CARTESIAN_POINT('',(2.6E0,-4.2E-1,-4.4E0));
#4870=VERTEX_POINT('',#4868);
#4871=VERTEX_POINT('',#4869);
#4872=CARTESIAN_POINT('',(2.4E0,4.5E-1,-3.39E0));
#4873=CARTESIAN_POINT('',(2.4E0,4.5E-1,-1.5625E0));
#4874=VERTEX_POINT('',#4872);
#4875=VERTEX_POINT('',#4873);
#4876=CARTESIAN_POINT('',(2.6E0,4.5E-1,-3.39E0));
#4877=CARTESIAN_POINT('',(2.6E0,4.5E-1,-1.5625E0));
#4878=VERTEX_POINT('',#4876);
#4879=VERTEX_POINT('',#4877);
#4880=CARTESIAN_POINT('',(2.4E0,4.413750317050E-1,-3.39E0));
#4881=VERTEX_POINT('',#4880);
#4882=CARTESIAN_POINT('',(2.6E0,4.413750317050E-1,-3.39E0));
#4883=VERTEX_POINT('',#4882);
#4884=CARTESIAN_POINT('',(2.9E0,-7.5E-1,-4.73E0));
#4885=CARTESIAN_POINT('',(2.9E0,-7.5E-1,-5.1E0));
#4886=VERTEX_POINT('',#4884);
#4887=VERTEX_POINT('',#4885);
#4888=CARTESIAN_POINT('',(2.9E0,-1.05E0,-5.1E0));
#4889=VERTEX_POINT('',#4888);
#4890=CARTESIAN_POINT('',(2.9E0,-1.05E0,-4.6E0));
#4891=VERTEX_POINT('',#4890);
#4892=CARTESIAN_POINT('',(2.9E0,3.602562240964E-1,-1.809168558024E0));
#4893=CARTESIAN_POINT('',(2.9E0,3.781801907155E-1,-1.716957743571E0));
#4894=VERTEX_POINT('',#4892);
#4895=VERTEX_POINT('',#4893);
#4896=CARTESIAN_POINT('',(3.1E0,-7.5E-1,-4.73E0));
#4897=CARTESIAN_POINT('',(3.1E0,-7.5E-1,-5.1E0));
#4898=VERTEX_POINT('',#4896);
#4899=VERTEX_POINT('',#4897);
#4900=CARTESIAN_POINT('',(3.1E0,-1.05E0,-5.1E0));
#4901=VERTEX_POINT('',#4900);
#4902=CARTESIAN_POINT('',(3.1E0,-1.05E0,-4.6E0));
#4903=VERTEX_POINT('',#4902);
#4904=CARTESIAN_POINT('',(3.1E0,3.602562240964E-1,-1.809168558024E0));
#4905=CARTESIAN_POINT('',(3.1E0,3.781801907155E-1,-1.716957743571E0));
#4906=VERTEX_POINT('',#4904);
#4907=VERTEX_POINT('',#4905);
#4908=CARTESIAN_POINT('',(2.9E0,-8.5E-1,-4.4E0));
#4909=CARTESIAN_POINT('',(2.9E0,-4.2E-1,-4.4E0));
#4910=VERTEX_POINT('',#4908);
#4911=VERTEX_POINT('',#4909);
#4912=CARTESIAN_POINT('',(3.1E0,-8.5E-1,-4.4E0));
#4913=CARTESIAN_POINT('',(3.1E0,-4.2E-1,-4.4E0));
#4914=VERTEX_POINT('',#4912);
#4915=VERTEX_POINT('',#4913);
#4916=CARTESIAN_POINT('',(2.9E0,4.5E-1,-3.39E0));
#4917=CARTESIAN_POINT('',(2.9E0,4.5E-1,-1.5625E0));
#4918=VERTEX_POINT('',#4916);
#4919=VERTEX_POINT('',#4917);
#4920=CARTESIAN_POINT('',(3.1E0,4.5E-1,-3.39E0));
#4921=CARTESIAN_POINT('',(3.1E0,4.5E-1,-1.5625E0));
#4922=VERTEX_POINT('',#4920);
#4923=VERTEX_POINT('',#4921);
#4924=CARTESIAN_POINT('',(2.9E0,4.413750317050E-1,-3.39E0));
#4925=VERTEX_POINT('',#4924);
#4926=CARTESIAN_POINT('',(3.1E0,4.413750317050E-1,-3.39E0));
#4927=VERTEX_POINT('',#4926);
#4928=CARTESIAN_POINT('',(0.E0,0.E0,0.E0));
#4929=DIRECTION('',(0.E0,0.E0,1.E0));
#4930=DIRECTION('',(-1.E0,0.E0,0.E0));
#4931=AXIS2_PLACEMENT_3D('',#4928,#4929,#4930);
#4932=PLANE('',#4931);
#4934=ORIENTED_EDGE('',*,*,#4933,.F.);
#4936=ORIENTED_EDGE('',*,*,#4935,.F.);
#4938=ORIENTED_EDGE('',*,*,#4937,.F.);
#4940=ORIENTED_EDGE('',*,*,#4939,.F.);
#4942=ORIENTED_EDGE('',*,*,#4941,.F.);
#4944=ORIENTED_EDGE('',*,*,#4943,.F.);
#4946=ORIENTED_EDGE('',*,*,#4945,.F.);
#4948=ORIENTED_EDGE('',*,*,#4947,.F.);
#4949=EDGE_LOOP('',(#4934,#4936,#4938,#4940,#4942,#4944,#4946,#4948));
#4950=FACE_OUTER_BOUND('',#4949,.F.);
#4952=CARTESIAN_POINT('',(5.985459753487E0,7.E-1,-3.E-1));
#4953=DIRECTION('',(-1.E0,0.E0,0.E0));
#4954=DIRECTION('',(0.E0,0.E0,1.E0));
#4955=AXIS2_PLACEMENT_3D('',#4952,#4953,#4954);
#4956=CYLINDRICAL_SURFACE('',#4955,3.E-1);
#4958=ORIENTED_EDGE('',*,*,#4957,.F.);
#4959=ORIENTED_EDGE('',*,*,#4933,.T.);
#4961=ORIENTED_EDGE('',*,*,#4960,.T.);
#4963=ORIENTED_EDGE('',*,*,#4962,.T.);
#4965=ORIENTED_EDGE('',*,*,#4964,.F.);
#4966=EDGE_LOOP('',(#4958,#4959,#4961,#4963,#4965));
#4967=FACE_OUTER_BOUND('',#4966,.F.);
#4969=CARTESIAN_POINT('',(5.665E0,7.E-1,-3.E-1));
#4970=DIRECTION('',(7.071067811865E-1,-7.071067811865E-1,0.E0));
#4971=DIRECTION('',(7.071067811865E-1,7.071067811865E-1,0.E0));
#4972=AXIS2_PLACEMENT_3D('',#4969,#4970,#4971);
#4973=SPHERICAL_SURFACE('',#4972,3.E-1);
#4975=ORIENTED_EDGE('',*,*,#4974,.T.);
#4977=ORIENTED_EDGE('',*,*,#4976,.T.);
#4978=ORIENTED_EDGE('',*,*,#4957,.T.);
#4979=EDGE_LOOP('',(#4975,#4977,#4978));
#4980=FACE_OUTER_BOUND('',#4979,.F.);
#4982=CARTESIAN_POINT('',(5.665E0,7.E-1,2.082060133191E-2));
#4983=DIRECTION('',(0.E0,0.E0,-1.E0));
#4984=DIRECTION('',(0.E0,1.E0,0.E0));
#4985=AXIS2_PLACEMENT_3D('',#4982,#4983,#4984);
#4986=CYLINDRICAL_SURFACE('',#4985,3.E-1);
#4987=ORIENTED_EDGE('',*,*,#4974,.F.);
#4989=ORIENTED_EDGE('',*,*,#4988,.T.);
#4991=ORIENTED_EDGE('',*,*,#4990,.F.);
#4993=ORIENTED_EDGE('',*,*,#4992,.F.);
#4994=EDGE_LOOP('',(#4987,#4989,#4991,#4993));
#4995=FACE_OUTER_BOUND('',#4994,.F.);
#4997=CARTESIAN_POINT('',(5.965E0,1.E0,0.E0));
#4998=DIRECTION('',(0.E0,1.E0,0.E0));
#4999=DIRECTION('',(-1.E0,0.E0,0.E0));
#5000=AXIS2_PLACEMENT_3D('',#4997,#4998,#4999);
#5001=PLANE('',#5000);
#5003=ORIENTED_EDGE('',*,*,#5002,.T.);
#5004=ORIENTED_EDGE('',*,*,#4988,.F.);
#5005=ORIENTED_EDGE('',*,*,#4964,.T.);
#5007=ORIENTED_EDGE('',*,*,#5006,.T.);
#5008=EDGE_LOOP('',(#5003,#5004,#5005,#5007));
#5009=FACE_OUTER_BOUND('',#5008,.F.);
#5011=CARTESIAN_POINT('',(-5.995769821647E0,7.E-1,-1.15E0));
#5012=DIRECTION('',(1.E0,0.E0,0.E0));
#5013=DIRECTION('',(0.E0,0.E0,-1.E0));
#5014=AXIS2_PLACEMENT_3D('',#5011,#5012,#5013);
#5015=CYLINDRICAL_SURFACE('',#5014,3.E-1);
#5017=ORIENTED_EDGE('',*,*,#5016,.F.);
#5018=ORIENTED_EDGE('',*,*,#5002,.F.);
#5020=ORIENTED_EDGE('',*,*,#5019,.T.);
#5022=ORIENTED_EDGE('',*,*,#5021,.T.);
#5023=EDGE_LOOP('',(#5017,#5018,#5020,#5022));
#5024=FACE_OUTER_BOUND('',#5023,.F.);
#5026=CARTESIAN_POINT('',(5.665E0,7.E-1,-1.15E0));
#5027=DIRECTION('',(7.071067811865E-1,0.E0,7.071067811865E-1));
#5028=DIRECTION('',(7.071067811865E-1,0.E0,-7.071067811865E-1));
#5029=AXIS2_PLACEMENT_3D('',#5026,#5027,#5028);
#5030=SPHERICAL_SURFACE('',#5029,3.E-1);
#5031=ORIENTED_EDGE('',*,*,#5016,.T.);
#5033=ORIENTED_EDGE('',*,*,#5032,.T.);
#5034=ORIENTED_EDGE('',*,*,#4990,.T.);
#5035=EDGE_LOOP('',(#5031,#5033,#5034));
#5036=FACE_OUTER_BOUND('',#5035,.F.);
#5038=CARTESIAN_POINT('',(5.665E0,1.020065375532E0,-1.15E0));
#5039=DIRECTION('',(0.E0,-1.E0,0.E0));
#5040=DIRECTION('',(0.E0,0.E0,-1.E0));
#5041=AXIS2_PLACEMENT_3D('',#5038,#5039,#5040);
#5042=CYLINDRICAL_SURFACE('',#5041,3.E-1);
#5044=ORIENTED_EDGE('',*,*,#5043,.F.);
#5046=ORIENTED_EDGE('',*,*,#5045,.F.);
#5047=ORIENTED_EDGE('',*,*,#5032,.F.);
#5049=ORIENTED_EDGE('',*,*,#5048,.T.);
#5050=EDGE_LOOP('',(#5044,#5046,#5047,#5049));
#5051=FACE_OUTER_BOUND('',#5050,.F.);
#5053=CARTESIAN_POINT('',(5.665E0,-7.E-1,-1.15E0));
#5054=DIRECTION('',(7.071067811865E-1,7.071067811865E-1,0.E0));
#5055=DIRECTION('',(7.071067811865E-1,-7.071067811865E-1,0.E0));
#5056=AXIS2_PLACEMENT_3D('',#5053,#5054,#5055);
#5057=SPHERICAL_SURFACE('',#5056,3.E-1);
#5059=ORIENTED_EDGE('',*,*,#5058,.T.);
#5061=ORIENTED_EDGE('',*,*,#5060,.T.);
#5062=ORIENTED_EDGE('',*,*,#5043,.T.);
#5063=EDGE_LOOP('',(#5059,#5061,#5062));
#5064=FACE_OUTER_BOUND('',#5063,.F.);
#5066=CARTESIAN_POINT('',(5.986446496709E0,-7.E-1,-1.15E0));
#5067=DIRECTION('',(-1.E0,0.E0,0.E0));
#5068=DIRECTION('',(0.E0,0.E0,-1.E0));
#5069=AXIS2_PLACEMENT_3D('',#5066,#5067,#5068);
#5070=CYLINDRICAL_SURFACE('',#5069,3.E-1);
#5072=ORIENTED_EDGE('',*,*,#5071,.F.);
#5074=ORIENTED_EDGE('',*,*,#5073,.F.);
#5075=ORIENTED_EDGE('',*,*,#5058,.F.);
#5077=ORIENTED_EDGE('',*,*,#5076,.T.);
#5078=EDGE_LOOP('',(#5072,#5074,#5075,#5077));
#5079=FACE_OUTER_BOUND('',#5078,.F.);
#5081=CARTESIAN_POINT('',(-5.665E0,-7.E-1,-1.15E0));
#5082=DIRECTION('',(7.071067811865E-1,-7.071067811865E-1,0.E0));
#5083=DIRECTION('',(-7.071067811865E-1,-7.071067811865E-1,0.E0));
#5084=AXIS2_PLACEMENT_3D('',#5081,#5082,#5083);
#5085=SPHERICAL_SURFACE('',#5084,3.E-1);
#5087=ORIENTED_EDGE('',*,*,#5086,.T.);
#5089=ORIENTED_EDGE('',*,*,#5088,.T.);
#5090=ORIENTED_EDGE('',*,*,#5071,.T.);
#5091=EDGE_LOOP('',(#5087,#5089,#5090));
#5092=FACE_OUTER_BOUND('',#5091,.F.);
#5094=CARTESIAN_POINT('',(-5.665E0,-1.020820601332E0,-1.15E0));
#5095=DIRECTION('',(0.E0,1.E0,0.E0));
#5096=DIRECTION('',(0.E0,0.E0,-1.E0));
#5097=AXIS2_PLACEMENT_3D('',#5094,#5095,#5096);
#5098=CYLINDRICAL_SURFACE('',#5097,3.E-1);
#5100=ORIENTED_EDGE('',*,*,#5099,.F.);
#5102=ORIENTED_EDGE('',*,*,#5101,.F.);
#5103=ORIENTED_EDGE('',*,*,#5086,.F.);
#5105=ORIENTED_EDGE('',*,*,#5104,.T.);
#5106=EDGE_LOOP('',(#5100,#5102,#5103,#5105));
#5107=FACE_OUTER_BOUND('',#5106,.F.);
#5109=CARTESIAN_POINT('',(-5.665E0,7.E-1,-1.15E0));
#5110=DIRECTION('',(-7.071067811865E-1,-7.071067811865E-1,0.E0));
#5111=DIRECTION('',(-7.071067811865E-1,7.071067811865E-1,0.E0));
#5112=AXIS2_PLACEMENT_3D('',#5109,#5110,#5111);
#5113=SPHERICAL_SURFACE('',#5112,3.E-1);
#5115=ORIENTED_EDGE('',*,*,#5114,.T.);
#5116=ORIENTED_EDGE('',*,*,#5099,.T.);
#5118=ORIENTED_EDGE('',*,*,#5117,.T.);
#5119=EDGE_LOOP('',(#5115,#5116,#5118));
#5120=FACE_OUTER_BOUND('',#5119,.F.);
#5122=CARTESIAN_POINT('',(-5.665E0,7.E-1,2.082060133191E-2));
#5123=DIRECTION('',(0.E0,0.E0,-1.E0));
#5124=DIRECTION('',(-1.E0,0.E0,0.E0));
#5125=AXIS2_PLACEMENT_3D('',#5122,#5123,#5124);
#5126=CYLINDRICAL_SURFACE('',#5125,3.E-1);
#5128=ORIENTED_EDGE('',*,*,#5127,.F.);
#5130=ORIENTED_EDGE('',*,*,#5129,.T.);
#5131=ORIENTED_EDGE('',*,*,#5114,.F.);
#5133=ORIENTED_EDGE('',*,*,#5132,.F.);
#5134=EDGE_LOOP('',(#5128,#5130,#5131,#5133));
#5135=FACE_OUTER_BOUND('',#5134,.F.);
#5137=CARTESIAN_POINT('',(-5.665E0,7.E-1,-3.E-1));
#5138=DIRECTION('',(-7.071067811865E-1,0.E0,-7.071067811865E-1));
#5139=DIRECTION('',(-7.071067811865E-1,0.E0,7.071067811865E-1));
#5140=AXIS2_PLACEMENT_3D('',#5137,#5138,#5139);
#5141=SPHERICAL_SURFACE('',#5140,3.E-1);
#5143=ORIENTED_EDGE('',*,*,#5142,.T.);
#5145=ORIENTED_EDGE('',*,*,#5144,.T.);
#5146=ORIENTED_EDGE('',*,*,#5127,.T.);
#5147=EDGE_LOOP('',(#5143,#5145,#5146));
#5148=FACE_OUTER_BOUND('',#5147,.F.);
#5150=CARTESIAN_POINT('',(-3.874540246513E0,7.E-1,-3.E-1));
#5151=DIRECTION('',(-1.E0,0.E0,0.E0));
#5152=DIRECTION('',(0.E0,0.E0,1.E0));
#5153=AXIS2_PLACEMENT_3D('',#5150,#5151,#5152);
#5154=CYLINDRICAL_SURFACE('',#5153,3.E-1);
#5155=ORIENTED_EDGE('',*,*,#5142,.F.);
#5157=ORIENTED_EDGE('',*,*,#5156,.F.);
#5159=ORIENTED_EDGE('',*,*,#5158,.T.);
#5161=ORIENTED_EDGE('',*,*,#5160,.T.);
#5162=ORIENTED_EDGE('',*,*,#4941,.T.);
#5163=EDGE_LOOP('',(#5155,#5157,#5159,#5161,#5162));
#5164=FACE_OUTER_BOUND('',#5163,.F.);
#5166=CARTESIAN_POINT('',(-3.595E0,1.E0,0.E0));
#5167=DIRECTION('',(0.E0,1.E0,0.E0));
#5168=DIRECTION('',(-1.E0,0.E0,0.E0));
#5169=AXIS2_PLACEMENT_3D('',#5166,#5167,#5168);
#5170=PLANE('',#5169);
#5172=ORIENTED_EDGE('',*,*,#5171,.T.);
#5174=ORIENTED_EDGE('',*,*,#5173,.F.);
#5175=ORIENTED_EDGE('',*,*,#5156,.T.);
#5176=ORIENTED_EDGE('',*,*,#5132,.T.);
#5177=EDGE_LOOP('',(#5172,#5174,#5175,#5176));
#5178=FACE_OUTER_BOUND('',#5177,.F.);
#5180=CARTESIAN_POINT('',(-5.995769821647E0,7.E-1,-1.15E0));
#5181=DIRECTION('',(1.E0,0.E0,0.E0));
#5182=DIRECTION('',(0.E0,0.E0,-1.E0));
#5183=AXIS2_PLACEMENT_3D('',#5180,#5181,#5182);
#5184=CYLINDRICAL_SURFACE('',#5183,3.E-1);
#5185=ORIENTED_EDGE('',*,*,#5117,.F.);
#5187=ORIENTED_EDGE('',*,*,#5186,.T.);
#5189=ORIENTED_EDGE('',*,*,#5188,.T.);
#5190=ORIENTED_EDGE('',*,*,#5171,.F.);
#5191=EDGE_LOOP('',(#5185,#5187,#5189,#5190));
#5192=FACE_OUTER_BOUND('',#5191,.F.);
#5194=CARTESIAN_POINT('',(0.E0,0.E0,-1.45E0));
#5195=DIRECTION('',(0.E0,0.E0,1.E0));
#5196=DIRECTION('',(-1.E0,0.E0,0.E0));
#5197=AXIS2_PLACEMENT_3D('',#5194,#5195,#5196);
#5198=PLANE('',#5197);
#5199=ORIENTED_EDGE('',*,*,#5186,.F.);
#5200=ORIENTED_EDGE('',*,*,#5104,.F.);
#5201=ORIENTED_EDGE('',*,*,#5076,.F.);
#5202=ORIENTED_EDGE('',*,*,#5048,.F.);
#5203=ORIENTED_EDGE('',*,*,#5021,.F.);
#5205=ORIENTED_EDGE('',*,*,#5204,.T.);
#5207=ORIENTED_EDGE('',*,*,#5206,.T.);
#5209=ORIENTED_EDGE('',*,*,#5208,.T.);
#5211=ORIENTED_EDGE('',*,*,#5210,.T.);
#5213=ORIENTED_EDGE('',*,*,#5212,.F.);
#5215=ORIENTED_EDGE('',*,*,#5214,.T.);
#5217=ORIENTED_EDGE('',*,*,#5216,.F.);
#5218=EDGE_LOOP('',(#5199,#5200,#5201,#5202,#5203,#5205,#5207,#5209,#5211,#5213,
#5215,#5217));
#5219=FACE_OUTER_BOUND('',#5218,.F.);
#5221=ORIENTED_EDGE('',*,*,#5220,.T.);
#5223=ORIENTED_EDGE('',*,*,#5222,.T.);
#5225=ORIENTED_EDGE('',*,*,#5224,.F.);
#5227=ORIENTED_EDGE('',*,*,#5226,.F.);
#5228=EDGE_LOOP('',(#5221,#5223,#5225,#5227));
#5229=FACE_BOUND('',#5228,.F.);
#5231=ORIENTED_EDGE('',*,*,#5230,.F.);
#5233=ORIENTED_EDGE('',*,*,#5232,.T.);
#5235=ORIENTED_EDGE('',*,*,#5234,.F.);
#5237=ORIENTED_EDGE('',*,*,#5236,.F.);
#5238=EDGE_LOOP('',(#5231,#5233,#5235,#5237));
#5239=FACE_BOUND('',#5238,.F.);
#5241=CARTESIAN_POINT('',(5.12E0,-8.3E-1,-1.45E0));
#5242=DIRECTION('',(1.E0,0.E0,0.E0));
#5243=DIRECTION('',(0.E0,1.E0,0.E0));
#5244=AXIS2_PLACEMENT_3D('',#5241,#5242,#5243);
#5245=PLANE('',#5244);
#5247=ORIENTED_EDGE('',*,*,#5246,.F.);
#5248=ORIENTED_EDGE('',*,*,#5230,.T.);
#5250=ORIENTED_EDGE('',*,*,#5249,.F.);
#5252=ORIENTED_EDGE('',*,*,#5251,.F.);
#5254=ORIENTED_EDGE('',*,*,#5253,.T.);
#5256=ORIENTED_EDGE('',*,*,#5255,.F.);
#5258=ORIENTED_EDGE('',*,*,#5257,.F.);
#5260=ORIENTED_EDGE('',*,*,#5259,.F.);
#5262=ORIENTED_EDGE('',*,*,#5261,.F.);
#5264=ORIENTED_EDGE('',*,*,#5263,.T.);
#5265=EDGE_LOOP('',(#5247,#5248,#5250,#5252,#5254,#5256,#5258,#5260,#5262,
#5264));
#5266=FACE_OUTER_BOUND('',#5265,.F.);
#5268=CARTESIAN_POINT('',(5.12E0,-8.3E-1,-1.45E0));
#5269=DIRECTION('',(1.E0,0.E0,0.E0));
#5270=DIRECTION('',(0.E0,1.E0,0.E0));
#5271=AXIS2_PLACEMENT_3D('',#5268,#5269,#5270);
#5272=PLANE('',#5271);
#5274=ORIENTED_EDGE('',*,*,#5273,.F.);
#5276=ORIENTED_EDGE('',*,*,#5275,.T.);
#5278=ORIENTED_EDGE('',*,*,#5277,.F.);
#5280=ORIENTED_EDGE('',*,*,#5279,.T.);
#5281=EDGE_LOOP('',(#5274,#5276,#5278,#5280));
#5282=FACE_OUTER_BOUND('',#5281,.F.);
#5284=CARTESIAN_POINT('',(0.E0,-5.E-1,-1.45E0));
#5285=DIRECTION('',(0.E0,-1.E0,0.E0));
#5286=DIRECTION('',(-1.E0,0.E0,0.E0));
#5287=AXIS2_PLACEMENT_3D('',#5284,#5285,#5286);
#5288=PLANE('',#5287);
#5289=ORIENTED_EDGE('',*,*,#5232,.F.);
#5290=ORIENTED_EDGE('',*,*,#5246,.T.);
#5292=ORIENTED_EDGE('',*,*,#5291,.F.);
#5294=ORIENTED_EDGE('',*,*,#5293,.F.);
#5295=EDGE_LOOP('',(#5289,#5290,#5292,#5294));
#5296=FACE_OUTER_BOUND('',#5295,.F.);
#5298=CARTESIAN_POINT('',(0.E0,-5.E-1,-1.45E0));
#5299=DIRECTION('',(0.E0,-1.E0,0.E0));
#5300=DIRECTION('',(-1.E0,0.E0,0.E0));
#5301=AXIS2_PLACEMENT_3D('',#5298,#5299,#5300);
#5302=PLANE('',#5301);
#5303=ORIENTED_EDGE('',*,*,#5210,.F.);
#5305=ORIENTED_EDGE('',*,*,#5304,.T.);
#5307=ORIENTED_EDGE('',*,*,#5306,.F.);
#5309=ORIENTED_EDGE('',*,*,#5308,.F.);
#5310=EDGE_LOOP('',(#5303,#5305,#5307,#5309));
#5311=FACE_OUTER_BOUND('',#5310,.F.);
#5313=CARTESIAN_POINT('',(0.E0,-5.E-1,-1.45E0));
#5314=DIRECTION('',(0.E0,-1.E0,0.E0));
#5315=DIRECTION('',(-1.E0,0.E0,0.E0));
#5316=AXIS2_PLACEMENT_3D('',#5313,#5314,#5315);
#5317=PLANE('',#5316);
#5318=ORIENTED_EDGE('',*,*,#5222,.F.);
#5320=ORIENTED_EDGE('',*,*,#5319,.T.);
#5322=ORIENTED_EDGE('',*,*,#5321,.F.);
#5324=ORIENTED_EDGE('',*,*,#5323,.F.);
#5325=EDGE_LOOP('',(#5318,#5320,#5322,#5324));
#5326=FACE_OUTER_BOUND('',#5325,.F.);
#5328=CARTESIAN_POINT('',(-5.12E0,-1.E0,-1.49E0));
#5329=DIRECTION('',(0.E0,0.E0,-1.E0));
#5330=DIRECTION('',(1.E0,0.E0,0.E0));
#5331=AXIS2_PLACEMENT_3D('',#5328,#5329,#5330);
#5332=PLANE('',#5331);
#5333=ORIENTED_EDGE('',*,*,#5321,.T.);
#5335=ORIENTED_EDGE('',*,*,#5334,.T.);
#5336=ORIENTED_EDGE('',*,*,#5306,.T.);
#5338=ORIENTED_EDGE('',*,*,#5337,.T.);
#5339=ORIENTED_EDGE('',*,*,#5291,.T.);
#5340=ORIENTED_EDGE('',*,*,#5263,.F.);
#5342=ORIENTED_EDGE('',*,*,#5341,.F.);
#5344=ORIENTED_EDGE('',*,*,#5343,.T.);
#5346=ORIENTED_EDGE('',*,*,#5345,.F.);
#5348=ORIENTED_EDGE('',*,*,#5347,.T.);
#5350=ORIENTED_EDGE('',*,*,#5349,.F.);
#5352=ORIENTED_EDGE('',*,*,#5351,.T.);
#5353=EDGE_LOOP('',(#5333,#5335,#5336,#5338,#5339,#5340,#5342,#5344,#5346,#5348,
#5350,#5352));
#5354=FACE_OUTER_BOUND('',#5353,.F.);
#5356=CARTESIAN_POINT('',(0.E0,-5.E-1,0.E0));
#5357=DIRECTION('',(0.E0,-1.E0,0.E0));
#5358=DIRECTION('',(0.E0,0.E0,-1.E0));
#5359=AXIS2_PLACEMENT_3D('',#5356,#5357,#5358);
#5360=PLANE('',#5359);
#5361=ORIENTED_EDGE('',*,*,#5334,.F.);
#5363=ORIENTED_EDGE('',*,*,#5362,.F.);
#5365=ORIENTED_EDGE('',*,*,#5364,.F.);
#5367=ORIENTED_EDGE('',*,*,#5366,.F.);
#5369=ORIENTED_EDGE('',*,*,#5368,.F.);
#5371=ORIENTED_EDGE('',*,*,#5370,.F.);
#5373=ORIENTED_EDGE('',*,*,#5372,.F.);
#5375=ORIENTED_EDGE('',*,*,#5374,.F.);
#5377=ORIENTED_EDGE('',*,*,#5376,.F.);
#5379=ORIENTED_EDGE('',*,*,#5378,.T.);
#5381=ORIENTED_EDGE('',*,*,#5380,.T.);
#5383=ORIENTED_EDGE('',*,*,#5382,.T.);
#5385=ORIENTED_EDGE('',*,*,#5384,.T.);
#5387=ORIENTED_EDGE('',*,*,#5386,.T.);
#5388=EDGE_LOOP('',(#5361,#5363,#5365,#5367,#5369,#5371,#5373,#5375,#5377,#5379,
#5381,#5383,#5385,#5387));
#5389=FACE_OUTER_BOUND('',#5388,.F.);
#5391=CARTESIAN_POINT('',(0.E0,-5.E-1,0.E0));
#5392=DIRECTION('',(0.E0,-1.E0,0.E0));
#5393=DIRECTION('',(0.E0,0.E0,-1.E0));
#5394=AXIS2_PLACEMENT_3D('',#5391,#5392,#5393);
#5395=PLANE('',#5394);
#5396=ORIENTED_EDGE('',*,*,#5337,.F.);
#5398=ORIENTED_EDGE('',*,*,#5397,.T.);
#5400=ORIENTED_EDGE('',*,*,#5399,.T.);
#5402=ORIENTED_EDGE('',*,*,#5401,.T.);
#5404=ORIENTED_EDGE('',*,*,#5403,.T.);
#5406=ORIENTED_EDGE('',*,*,#5405,.T.);
#5408=ORIENTED_EDGE('',*,*,#5407,.F.);
#5409=ORIENTED_EDGE('',*,*,#5255,.T.);
#5411=ORIENTED_EDGE('',*,*,#5410,.T.);
#5413=ORIENTED_EDGE('',*,*,#5412,.F.);
#5415=ORIENTED_EDGE('',*,*,#5414,.F.);
#5417=ORIENTED_EDGE('',*,*,#5416,.F.);
#5419=ORIENTED_EDGE('',*,*,#5418,.F.);
#5421=ORIENTED_EDGE('',*,*,#5420,.F.);
#5422=EDGE_LOOP('',(#5396,#5398,#5400,#5402,#5404,#5406,#5408,#5409,#5411,#5413,
#5415,#5417,#5419,#5421));
#5423=FACE_OUTER_BOUND('',#5422,.F.);
#5425=CARTESIAN_POINT('',(-4.421E0,-5.E-1,-2.689E0));
#5426=DIRECTION('',(9.848077530122E-1,0.E0,-1.736481776669E-1));
#5427=DIRECTION('',(1.736481776669E-1,0.E0,9.848077530122E-1));
#5428=AXIS2_PLACEMENT_3D('',#5425,#5426,#5427);
#5429=PLANE('',#5428);
#5430=ORIENTED_EDGE('',*,*,#5319,.F.);
#5431=ORIENTED_EDGE('',*,*,#5220,.F.);
#5433=ORIENTED_EDGE('',*,*,#5432,.T.);
#5435=ORIENTED_EDGE('',*,*,#5434,.T.);
#5436=ORIENTED_EDGE('',*,*,#5362,.T.);
#5437=EDGE_LOOP('',(#5430,#5431,#5433,#5435,#5436));
#5438=FACE_OUTER_BOUND('',#5437,.F.);
#5440=CARTESIAN_POINT('',(0.E0,4.9E-1,0.E0));
#5441=DIRECTION('',(0.E0,-1.E0,0.E0));
#5442=DIRECTION('',(0.E0,0.E0,1.E0));
#5443=AXIS2_PLACEMENT_3D('',#5440,#5441,#5442);
#5444=PLANE('',#5443);
#5446=ORIENTED_EDGE('',*,*,#5445,.F.);
#5448=ORIENTED_EDGE('',*,*,#5447,.F.);
#5449=ORIENTED_EDGE('',*,*,#5432,.F.);
#5450=ORIENTED_EDGE('',*,*,#5226,.T.);
#5452=ORIENTED_EDGE('',*,*,#5451,.T.);
#5453=EDGE_LOOP('',(#5446,#5448,#5449,#5450,#5452));
#5454=FACE_OUTER_BOUND('',#5453,.F.);
#5456=CARTESIAN_POINT('',(0.E0,4.9E-1,0.E0));
#5457=DIRECTION('',(0.E0,-1.E0,0.E0));
#5458=DIRECTION('',(0.E0,0.E0,1.E0));
#5459=AXIS2_PLACEMENT_3D('',#5456,#5457,#5458);
#5460=PLANE('',#5459);
#5462=ORIENTED_EDGE('',*,*,#5461,.F.);
#5463=ORIENTED_EDGE('',*,*,#5249,.T.);
#5464=ORIENTED_EDGE('',*,*,#5236,.T.);
#5466=ORIENTED_EDGE('',*,*,#5465,.F.);
#5468=ORIENTED_EDGE('',*,*,#5467,.F.);
#5469=EDGE_LOOP('',(#5462,#5463,#5464,#5466,#5468));
#5470=FACE_OUTER_BOUND('',#5469,.F.);
#5472=CARTESIAN_POINT('',(-4.855E0,2.150204880119E-1,-3.6045E0));
#5473=DIRECTION('',(0.E0,9.396926207859E-1,-3.420201433257E-1));
#5474=DIRECTION('',(-1.E0,0.E0,0.E0));
#5475=AXIS2_PLACEMENT_3D('',#5472,#5473,#5474);
#5476=PLANE('',#5475);
#5478=ORIENTED_EDGE('',*,*,#5477,.T.);
#5480=ORIENTED_EDGE('',*,*,#5479,.F.);
#5482=ORIENTED_EDGE('',*,*,#5481,.T.);
#5484=ORIENTED_EDGE('',*,*,#5483,.T.);
#5486=ORIENTED_EDGE('',*,*,#5485,.T.);
#5488=ORIENTED_EDGE('',*,*,#5487,.T.);
#5489=ORIENTED_EDGE('',*,*,#5445,.T.);
#5490=EDGE_LOOP('',(#5478,#5480,#5482,#5484,#5486,#5488,#5489));
#5491=FACE_OUTER_BOUND('',#5490,.F.);
#5493=CARTESIAN_POINT('',(-5.12E0,8.3E-1,-1.45E0));
#5494=DIRECTION('',(-1.E0,0.E0,0.E0));
#5495=DIRECTION('',(0.E0,-1.E0,0.E0));
#5496=AXIS2_PLACEMENT_3D('',#5493,#5494,#5495);
#5497=PLANE('',#5496);
#5498=ORIENTED_EDGE('',*,*,#5323,.T.);
#5499=ORIENTED_EDGE('',*,*,#5351,.F.);
#5501=ORIENTED_EDGE('',*,*,#5500,.T.);
#5503=ORIENTED_EDGE('',*,*,#5502,.F.);
#5505=ORIENTED_EDGE('',*,*,#5504,.F.);
#5506=ORIENTED_EDGE('',*,*,#5374,.T.);
#5508=ORIENTED_EDGE('',*,*,#5507,.F.);
#5509=ORIENTED_EDGE('',*,*,#5477,.F.);
#5510=ORIENTED_EDGE('',*,*,#5451,.F.);
#5511=ORIENTED_EDGE('',*,*,#5224,.T.);
#5512=EDGE_LOOP('',(#5498,#5499,#5501,#5503,#5505,#5506,#5508,#5509,#5510,
#5511));
#5513=FACE_OUTER_BOUND('',#5512,.F.);
#5515=CARTESIAN_POINT('',(-5.12E0,8.3E-1,-1.45E0));
#5516=DIRECTION('',(-1.E0,0.E0,0.E0));
#5517=DIRECTION('',(0.E0,-1.E0,0.E0));
#5518=AXIS2_PLACEMENT_3D('',#5515,#5516,#5517);
#5519=PLANE('',#5518);
#5521=ORIENTED_EDGE('',*,*,#5520,.T.);
#5523=ORIENTED_EDGE('',*,*,#5522,.F.);
#5525=ORIENTED_EDGE('',*,*,#5524,.F.);
#5527=ORIENTED_EDGE('',*,*,#5526,.F.);
#5528=EDGE_LOOP('',(#5521,#5523,#5525,#5527));
#5529=FACE_OUTER_BOUND('',#5528,.F.);
#5531=CARTESIAN_POINT('',(-5.12E0,-8.3E-1,-1.45E0));
#5532=DIRECTION('',(0.E0,-1.E0,0.E0));
#5533=DIRECTION('',(1.E0,0.E0,0.E0));
#5534=AXIS2_PLACEMENT_3D('',#5531,#5532,#5533);
#5535=PLANE('',#5534);
#5537=ORIENTED_EDGE('',*,*,#5536,.T.);
#5539=ORIENTED_EDGE('',*,*,#5538,.F.);
#5541=ORIENTED_EDGE('',*,*,#5540,.T.);
#5543=ORIENTED_EDGE('',*,*,#5542,.F.);
#5545=ORIENTED_EDGE('',*,*,#5544,.F.);
#5547=ORIENTED_EDGE('',*,*,#5546,.F.);
#5549=ORIENTED_EDGE('',*,*,#5548,.F.);
#5551=ORIENTED_EDGE('',*,*,#5550,.F.);
#5553=ORIENTED_EDGE('',*,*,#5552,.F.);
#5555=ORIENTED_EDGE('',*,*,#5554,.T.);
#5556=ORIENTED_EDGE('',*,*,#5341,.T.);
#5557=ORIENTED_EDGE('',*,*,#5261,.T.);
#5558=EDGE_LOOP('',(#5537,#5539,#5541,#5543,#5545,#5547,#5549,#5551,#5553,#5555,
#5556,#5557));
#5559=FACE_OUTER_BOUND('',#5558,.F.);
#5561=CARTESIAN_POINT('',(-5.12E0,-8.3E-1,-1.45E0));
#5562=DIRECTION('',(0.E0,-1.E0,0.E0));
#5563=DIRECTION('',(1.E0,0.E0,0.E0));
#5564=AXIS2_PLACEMENT_3D('',#5561,#5562,#5563);
#5565=PLANE('',#5564);
#5567=ORIENTED_EDGE('',*,*,#5566,.T.);
#5569=ORIENTED_EDGE('',*,*,#5568,.F.);
#5571=ORIENTED_EDGE('',*,*,#5570,.F.);
#5572=ORIENTED_EDGE('',*,*,#5500,.F.);
#5573=ORIENTED_EDGE('',*,*,#5349,.T.);
#5575=ORIENTED_EDGE('',*,*,#5574,.F.);
#5577=ORIENTED_EDGE('',*,*,#5576,.F.);
#5579=ORIENTED_EDGE('',*,*,#5578,.T.);
#5581=ORIENTED_EDGE('',*,*,#5580,.F.);
#5583=ORIENTED_EDGE('',*,*,#5582,.F.);
#5585=ORIENTED_EDGE('',*,*,#5584,.F.);
#5587=ORIENTED_EDGE('',*,*,#5586,.F.);
#5588=EDGE_LOOP('',(#5567,#5569,#5571,#5572,#5573,#5575,#5577,#5579,#5581,#5583,
#5585,#5587));
#5589=FACE_OUTER_BOUND('',#5588,.F.);
#5591=CARTESIAN_POINT('',(5.315E0,-8.3E-1,-1.6E0));
#5592=DIRECTION('',(0.E0,0.E0,1.E0));
#5593=DIRECTION('',(-1.E0,0.E0,0.E0));
#5594=AXIS2_PLACEMENT_3D('',#5591,#5592,#5593);
#5595=PLANE('',#5594);
#5597=ORIENTED_EDGE('',*,*,#5596,.F.);
#5599=ORIENTED_EDGE('',*,*,#5598,.T.);
#5601=ORIENTED_EDGE('',*,*,#5600,.T.);
#5602=ORIENTED_EDGE('',*,*,#5536,.F.);
#5604=ORIENTED_EDGE('',*,*,#5603,.F.);
#5605=EDGE_LOOP('',(#5597,#5599,#5601,#5602,#5604));
#5606=FACE_OUTER_BOUND('',#5605,.F.);
#5608=CARTESIAN_POINT('',(5.215E0,-1.050820601332E0,-1.7E0));
#5609=DIRECTION('',(0.E0,1.E0,0.E0));
#5610=DIRECTION('',(0.E0,0.E0,1.E0));
#5611=AXIS2_PLACEMENT_3D('',#5608,#5609,#5610);
#5612=CYLINDRICAL_SURFACE('',#5611,1.E-1);
#5614=ORIENTED_EDGE('',*,*,#5613,.T.);
#5616=ORIENTED_EDGE('',*,*,#5615,.F.);
#5618=ORIENTED_EDGE('',*,*,#5617,.T.);
#5619=ORIENTED_EDGE('',*,*,#5596,.T.);
#5620=EDGE_LOOP('',(#5614,#5616,#5618,#5619));
#5621=FACE_OUTER_BOUND('',#5620,.F.);
#5623=CARTESIAN_POINT('',(-5.315E0,-8.3E-1,-4.4E0));
#5624=DIRECTION('',(0.E0,1.E0,0.E0));
#5625=DIRECTION('',(1.E0,0.E0,0.E0));
#5626=AXIS2_PLACEMENT_3D('',#5623,#5624,#5625);
#5627=PLANE('',#5626);
#5629=ORIENTED_EDGE('',*,*,#5628,.T.);
#5631=ORIENTED_EDGE('',*,*,#5630,.T.);
#5633=ORIENTED_EDGE('',*,*,#5632,.F.);
#5635=ORIENTED_EDGE('',*,*,#5634,.F.);
#5636=EDGE_LOOP('',(#5629,#5631,#5633,#5635));
#5637=FACE_OUTER_BOUND('',#5636,.F.);
#5639=CARTESIAN_POINT('',(-5.315E0,-8.3E-1,-4.4E0));
#5640=DIRECTION('',(0.E0,1.E0,0.E0));
#5641=DIRECTION('',(1.E0,0.E0,0.E0));
#5642=AXIS2_PLACEMENT_3D('',#5639,#5640,#5641);
#5643=PLANE('',#5642);
#5645=ORIENTED_EDGE('',*,*,#5644,.T.);
#5647=ORIENTED_EDGE('',*,*,#5646,.T.);
#5649=ORIENTED_EDGE('',*,*,#5648,.F.);
#5651=ORIENTED_EDGE('',*,*,#5650,.F.);
#5652=EDGE_LOOP('',(#5645,#5647,#5649,#5651));
#5653=FACE_OUTER_BOUND('',#5652,.F.);
#5655=CARTESIAN_POINT('',(-5.315E0,-8.3E-1,-4.4E0));
#5656=DIRECTION('',(0.E0,1.E0,0.E0));
#5657=DIRECTION('',(1.E0,0.E0,0.E0));
#5658=AXIS2_PLACEMENT_3D('',#5655,#5656,#5657);
#5659=PLANE('',#5658);
#5661=ORIENTED_EDGE('',*,*,#5660,.F.);
#5663=ORIENTED_EDGE('',*,*,#5662,.F.);
#5665=ORIENTED_EDGE('',*,*,#5664,.F.);
#5667=ORIENTED_EDGE('',*,*,#5666,.F.);
#5669=ORIENTED_EDGE('',*,*,#5668,.F.);
#5671=ORIENTED_EDGE('',*,*,#5670,.F.);
#5673=ORIENTED_EDGE('',*,*,#5672,.F.);
#5675=ORIENTED_EDGE('',*,*,#5674,.T.);
#5676=ORIENTED_EDGE('',*,*,#5502,.T.);
#5678=ORIENTED_EDGE('',*,*,#5677,.T.);
#5679=EDGE_LOOP('',(#5661,#5663,#5665,#5667,#5669,#5671,#5673,#5675,#5676,
#5678));
#5680=FACE_OUTER_BOUND('',#5679,.F.);
#5682=CARTESIAN_POINT('',(-5.315E0,-8.3E-1,-4.4E0));
#5683=DIRECTION('',(0.E0,1.E0,0.E0));
#5684=DIRECTION('',(1.E0,0.E0,0.E0));
#5685=AXIS2_PLACEMENT_3D('',#5682,#5683,#5684);
#5686=PLANE('',#5685);
#5688=ORIENTED_EDGE('',*,*,#5687,.F.);
#5690=ORIENTED_EDGE('',*,*,#5689,.F.);
#5692=ORIENTED_EDGE('',*,*,#5691,.F.);
#5694=ORIENTED_EDGE('',*,*,#5693,.F.);
#5696=ORIENTED_EDGE('',*,*,#5695,.F.);
#5698=ORIENTED_EDGE('',*,*,#5697,.F.);
#5699=ORIENTED_EDGE('',*,*,#5613,.F.);
#5700=ORIENTED_EDGE('',*,*,#5603,.T.);
#5701=ORIENTED_EDGE('',*,*,#5259,.T.);
#5703=ORIENTED_EDGE('',*,*,#5702,.T.);
#5704=EDGE_LOOP('',(#5688,#5690,#5692,#5694,#5696,#5698,#5699,#5700,#5701,
#5703));
#5705=FACE_OUTER_BOUND('',#5704,.F.);
#5707=CARTESIAN_POINT('',(0.E0,0.E0,-4.4E0));
#5708=DIRECTION('',(0.E0,0.E0,1.E0));
#5709=DIRECTION('',(-1.E0,0.E0,0.E0));
#5710=AXIS2_PLACEMENT_3D('',#5707,#5708,#5709);
#5711=PLANE('',#5710);
#5713=ORIENTED_EDGE('',*,*,#5712,.F.);
#5715=ORIENTED_EDGE('',*,*,#5714,.T.);
#5717=ORIENTED_EDGE('',*,*,#5716,.F.);
#5719=ORIENTED_EDGE('',*,*,#5718,.F.);
#5721=ORIENTED_EDGE('',*,*,#5720,.F.);
#5723=ORIENTED_EDGE('',*,*,#5722,.F.);
#5724=EDGE_LOOP('',(#5713,#5715,#5717,#5719,#5721,#5723));
#5725=FACE_OUTER_BOUND('',#5724,.F.);
#5727=ORIENTED_EDGE('',*,*,#5726,.T.);
#5729=ORIENTED_EDGE('',*,*,#5728,.F.);
#5731=ORIENTED_EDGE('',*,*,#5730,.F.);
#5733=ORIENTED_EDGE('',*,*,#5732,.T.);
#5734=EDGE_LOOP('',(#5727,#5729,#5731,#5733));
#5735=FACE_BOUND('',#5734,.F.);
#5737=ORIENTED_EDGE('',*,*,#5736,.T.);
#5739=ORIENTED_EDGE('',*,*,#5738,.F.);
#5741=ORIENTED_EDGE('',*,*,#5740,.F.);
#5743=ORIENTED_EDGE('',*,*,#5742,.T.);
#5744=EDGE_LOOP('',(#5737,#5739,#5741,#5743));
#5745=FACE_BOUND('',#5744,.F.);
#5747=ORIENTED_EDGE('',*,*,#5746,.T.);
#5749=ORIENTED_EDGE('',*,*,#5748,.F.);
#5751=ORIENTED_EDGE('',*,*,#5750,.F.);
#5753=ORIENTED_EDGE('',*,*,#5752,.T.);
#5754=EDGE_LOOP('',(#5747,#5749,#5751,#5753));
#5755=FACE_BOUND('',#5754,.F.);
#5757=ORIENTED_EDGE('',*,*,#5756,.T.);
#5759=ORIENTED_EDGE('',*,*,#5758,.F.);
#5761=ORIENTED_EDGE('',*,*,#5760,.F.);
#5763=ORIENTED_EDGE('',*,*,#5762,.T.);
#5764=EDGE_LOOP('',(#5757,#5759,#5761,#5763));
#5765=FACE_BOUND('',#5764,.F.);
#5767=ORIENTED_EDGE('',*,*,#5766,.T.);
#5769=ORIENTED_EDGE('',*,*,#5768,.F.);
#5771=ORIENTED_EDGE('',*,*,#5770,.F.);
#5773=ORIENTED_EDGE('',*,*,#5772,.T.);
#5774=EDGE_LOOP('',(#5767,#5769,#5771,#5773));
#5775=FACE_BOUND('',#5774,.F.);
#5777=ORIENTED_EDGE('',*,*,#5776,.T.);
#5779=ORIENTED_EDGE('',*,*,#5778,.F.);
#5781=ORIENTED_EDGE('',*,*,#5780,.F.);
#5783=ORIENTED_EDGE('',*,*,#5782,.T.);
#5784=EDGE_LOOP('',(#5777,#5779,#5781,#5783));
#5785=FACE_BOUND('',#5784,.F.);
#5787=ORIENTED_EDGE('',*,*,#5786,.T.);
#5789=ORIENTED_EDGE('',*,*,#5788,.F.);
#5791=ORIENTED_EDGE('',*,*,#5790,.F.);
#5793=ORIENTED_EDGE('',*,*,#5792,.T.);
#5794=EDGE_LOOP('',(#5787,#5789,#5791,#5793));
#5795=FACE_BOUND('',#5794,.F.);
#5797=ORIENTED_EDGE('',*,*,#5796,.T.);
#5799=ORIENTED_EDGE('',*,*,#5798,.F.);
#5801=ORIENTED_EDGE('',*,*,#5800,.F.);
#5803=ORIENTED_EDGE('',*,*,#5802,.T.);
#5804=EDGE_LOOP('',(#5797,#5799,#5801,#5803));
#5805=FACE_BOUND('',#5804,.F.);
#5807=ORIENTED_EDGE('',*,*,#5806,.T.);
#5809=ORIENTED_EDGE('',*,*,#5808,.F.);
#5811=ORIENTED_EDGE('',*,*,#5810,.F.);
#5813=ORIENTED_EDGE('',*,*,#5812,.T.);
#5814=EDGE_LOOP('',(#5807,#5809,#5811,#5813));
#5815=FACE_BOUND('',#5814,.F.);
#5817=ORIENTED_EDGE('',*,*,#5816,.T.);
#5819=ORIENTED_EDGE('',*,*,#5818,.F.);
#5821=ORIENTED_EDGE('',*,*,#5820,.F.);
#5823=ORIENTED_EDGE('',*,*,#5822,.T.);
#5824=EDGE_LOOP('',(#5817,#5819,#5821,#5823));
#5825=FACE_BOUND('',#5824,.F.);
#5827=ORIENTED_EDGE('',*,*,#5826,.T.);
#5829=ORIENTED_EDGE('',*,*,#5828,.F.);
#5831=ORIENTED_EDGE('',*,*,#5830,.F.);
#5833=ORIENTED_EDGE('',*,*,#5832,.T.);
#5834=EDGE_LOOP('',(#5827,#5829,#5831,#5833));
#5835=FACE_BOUND('',#5834,.F.);
#5837=ORIENTED_EDGE('',*,*,#5836,.T.);
#5839=ORIENTED_EDGE('',*,*,#5838,.F.);
#5841=ORIENTED_EDGE('',*,*,#5840,.F.);
#5843=ORIENTED_EDGE('',*,*,#5842,.T.);
#5844=EDGE_LOOP('',(#5837,#5839,#5841,#5843));
#5845=FACE_BOUND('',#5844,.F.);
#5847=ORIENTED_EDGE('',*,*,#5846,.T.);
#5849=ORIENTED_EDGE('',*,*,#5848,.F.);
#5851=ORIENTED_EDGE('',*,*,#5850,.F.);
#5853=ORIENTED_EDGE('',*,*,#5852,.T.);
#5854=EDGE_LOOP('',(#5847,#5849,#5851,#5853));
#5855=FACE_BOUND('',#5854,.F.);
#5857=CARTESIAN_POINT('',(0.E0,0.E0,-4.4E0));
#5858=DIRECTION('',(0.E0,0.E0,1.E0));
#5859=DIRECTION('',(-1.E0,0.E0,0.E0));
#5860=AXIS2_PLACEMENT_3D('',#5857,#5858,#5859);
#5861=PLANE('',#5860);
#5863=ORIENTED_EDGE('',*,*,#5862,.F.);
#5865=ORIENTED_EDGE('',*,*,#5864,.F.);
#5867=ORIENTED_EDGE('',*,*,#5866,.F.);
#5869=ORIENTED_EDGE('',*,*,#5868,.F.);
#5871=ORIENTED_EDGE('',*,*,#5870,.F.);
#5873=ORIENTED_EDGE('',*,*,#5872,.F.);
#5875=ORIENTED_EDGE('',*,*,#5874,.F.);
#5876=ORIENTED_EDGE('',*,*,#5644,.F.);
#5878=ORIENTED_EDGE('',*,*,#5877,.F.);
#5880=ORIENTED_EDGE('',*,*,#5879,.T.);
#5881=ORIENTED_EDGE('',*,*,#5524,.T.);
#5883=ORIENTED_EDGE('',*,*,#5882,.F.);
#5885=ORIENTED_EDGE('',*,*,#5884,.T.);
#5886=ORIENTED_EDGE('',*,*,#5376,.T.);
#5887=ORIENTED_EDGE('',*,*,#5504,.T.);
#5888=ORIENTED_EDGE('',*,*,#5674,.F.);
#5889=EDGE_LOOP('',(#5863,#5865,#5867,#5869,#5871,#5873,#5875,#5876,#5878,#5880,
#5881,#5883,#5885,#5886,#5887,#5888));
#5890=FACE_OUTER_BOUND('',#5889,.F.);
#5892=CARTESIAN_POINT('',(0.E0,0.E0,-4.4E0));
#5893=DIRECTION('',(0.E0,0.E0,1.E0));
#5894=DIRECTION('',(-1.E0,0.E0,0.E0));
#5895=AXIS2_PLACEMENT_3D('',#5892,#5893,#5894);
#5896=PLANE('',#5895);
#5898=ORIENTED_EDGE('',*,*,#5897,.F.);
#5899=ORIENTED_EDGE('',*,*,#5702,.F.);
#5900=ORIENTED_EDGE('',*,*,#5257,.T.);
#5901=ORIENTED_EDGE('',*,*,#5407,.T.);
#5903=ORIENTED_EDGE('',*,*,#5902,.F.);
#5905=ORIENTED_EDGE('',*,*,#5904,.F.);
#5906=ORIENTED_EDGE('',*,*,#5277,.T.);
#5908=ORIENTED_EDGE('',*,*,#5907,.T.);
#5910=ORIENTED_EDGE('',*,*,#5909,.F.);
#5911=ORIENTED_EDGE('',*,*,#5628,.F.);
#5913=ORIENTED_EDGE('',*,*,#5912,.F.);
#5915=ORIENTED_EDGE('',*,*,#5914,.F.);
#5917=ORIENTED_EDGE('',*,*,#5916,.F.);
#5919=ORIENTED_EDGE('',*,*,#5918,.F.);
#5921=ORIENTED_EDGE('',*,*,#5920,.F.);
#5923=ORIENTED_EDGE('',*,*,#5922,.F.);
#5924=EDGE_LOOP('',(#5898,#5899,#5900,#5901,#5903,#5905,#5906,#5908,#5910,#5911,
#5913,#5915,#5917,#5919,#5921,#5923));
#5925=FACE_OUTER_BOUND('',#5924,.F.);
#5927=CARTESIAN_POINT('',(3.475E0,8.5E-2,-4.325E0));
#5928=DIRECTION('',(7.071067811865E-1,0.E0,-7.071067811865E-1));
#5929=DIRECTION('',(0.E0,-1.E0,0.E0));
#5930=AXIS2_PLACEMENT_3D('',#5927,#5928,#5929);
#5931=PLANE('',#5930);
#5932=ORIENTED_EDGE('',*,*,#5552,.T.);
#5934=ORIENTED_EDGE('',*,*,#5933,.F.);
#5936=ORIENTED_EDGE('',*,*,#5935,.T.);
#5937=ORIENTED_EDGE('',*,*,#5712,.T.);
#5938=EDGE_LOOP('',(#5932,#5934,#5936,#5937));
#5939=FACE_OUTER_BOUND('',#5938,.F.);
#5941=CARTESIAN_POINT('',(3.55E0,-8.3E-1,-4.4E0));
#5942=DIRECTION('',(-1.E0,0.E0,0.E0));
#5943=DIRECTION('',(0.E0,1.E0,0.E0));
#5944=AXIS2_PLACEMENT_3D('',#5941,#5942,#5943);
#5945=PLANE('',#5944);
#5947=ORIENTED_EDGE('',*,*,#5946,.T.);
#5949=ORIENTED_EDGE('',*,*,#5948,.T.);
#5951=ORIENTED_EDGE('',*,*,#5950,.T.);
#5953=ORIENTED_EDGE('',*,*,#5952,.T.);
#5955=ORIENTED_EDGE('',*,*,#5954,.F.);
#5957=ORIENTED_EDGE('',*,*,#5956,.T.);
#5959=ORIENTED_EDGE('',*,*,#5958,.T.);
#5960=ORIENTED_EDGE('',*,*,#5933,.T.);
#5961=ORIENTED_EDGE('',*,*,#5550,.T.);
#5963=ORIENTED_EDGE('',*,*,#5962,.T.);
#5965=ORIENTED_EDGE('',*,*,#5964,.T.);
#5967=ORIENTED_EDGE('',*,*,#5966,.F.);
#5969=ORIENTED_EDGE('',*,*,#5968,.F.);
#5971=ORIENTED_EDGE('',*,*,#5970,.F.);
#5973=ORIENTED_EDGE('',*,*,#5972,.F.);
#5975=ORIENTED_EDGE('',*,*,#5974,.F.);
#5977=ORIENTED_EDGE('',*,*,#5976,.F.);
#5979=ORIENTED_EDGE('',*,*,#5978,.T.);
#5980=EDGE_LOOP('',(#5947,#5949,#5951,#5953,#5955,#5957,#5959,#5960,#5961,#5963,
#5965,#5967,#5969,#5971,#5973,#5975,#5977,#5979));
#5981=FACE_OUTER_BOUND('',#5980,.F.);
#5983=CARTESIAN_POINT('',(5.12E0,8.3E-1,-1.45E0));
#5984=DIRECTION('',(0.E0,1.E0,0.E0));
#5985=DIRECTION('',(-1.E0,0.E0,0.E0));
#5986=AXIS2_PLACEMENT_3D('',#5983,#5984,#5985);
#5987=PLANE('',#5986);
#5989=ORIENTED_EDGE('',*,*,#5988,.T.);
#5990=ORIENTED_EDGE('',*,*,#5946,.F.);
#5992=ORIENTED_EDGE('',*,*,#5991,.F.);
#5994=ORIENTED_EDGE('',*,*,#5993,.F.);
#5995=ORIENTED_EDGE('',*,*,#5907,.F.);
#5996=ORIENTED_EDGE('',*,*,#5275,.F.);
#5997=EDGE_LOOP('',(#5989,#5990,#5992,#5994,#5995,#5996));
#5998=FACE_OUTER_BOUND('',#5997,.F.);
#6000=CARTESIAN_POINT('',(5.12E0,8.3E-1,-1.45E0));
#6001=DIRECTION('',(0.E0,1.E0,0.E0));
#6002=DIRECTION('',(-1.E0,0.E0,0.E0));
#6003=AXIS2_PLACEMENT_3D('',#6000,#6001,#6002);
#6004=PLANE('',#6003);
#6006=ORIENTED_EDGE('',*,*,#6005,.F.);
#6007=ORIENTED_EDGE('',*,*,#5526,.T.);
#6008=ORIENTED_EDGE('',*,*,#5879,.F.);
#6010=ORIENTED_EDGE('',*,*,#6009,.F.);
#6012=ORIENTED_EDGE('',*,*,#6011,.F.);
#6014=ORIENTED_EDGE('',*,*,#6013,.T.);
#6015=EDGE_LOOP('',(#6006,#6007,#6008,#6010,#6012,#6014));
#6016=FACE_OUTER_BOUND('',#6015,.F.);
#6018=CARTESIAN_POINT('',(5.12E0,8.3E-1,-1.49E0));
#6019=DIRECTION('',(0.E0,0.E0,-1.E0));
#6020=DIRECTION('',(-1.E0,0.E0,0.E0));
#6021=AXIS2_PLACEMENT_3D('',#6018,#6019,#6020);
#6022=PLANE('',#6021);
#6024=ORIENTED_EDGE('',*,*,#6023,.T.);
#6025=ORIENTED_EDGE('',*,*,#5948,.F.);
#6026=ORIENTED_EDGE('',*,*,#5988,.F.);
#6027=ORIENTED_EDGE('',*,*,#5273,.T.);
#6029=ORIENTED_EDGE('',*,*,#6028,.T.);
#6030=EDGE_LOOP('',(#6024,#6025,#6026,#6027,#6029));
#6031=FACE_OUTER_BOUND('',#6030,.F.);
#6033=CARTESIAN_POINT('',(0.E0,5.E-1,-4.4E0));
#6034=DIRECTION('',(0.E0,1.E0,0.E0));
#6035=DIRECTION('',(-1.E0,0.E0,0.E0));
#6036=AXIS2_PLACEMENT_3D('',#6033,#6034,#6035);
#6037=PLANE('',#6036);
#6038=ORIENTED_EDGE('',*,*,#6023,.F.);
#6040=ORIENTED_EDGE('',*,*,#6039,.F.);
#6041=ORIENTED_EDGE('',*,*,#5206,.F.);
#6043=ORIENTED_EDGE('',*,*,#6042,.T.);
#6044=ORIENTED_EDGE('',*,*,#5950,.F.);
#6045=EDGE_LOOP('',(#6038,#6040,#6041,#6043,#6044));
#6046=FACE_OUTER_BOUND('',#6045,.F.);
#6048=CARTESIAN_POINT('',(0.E0,5.E-1,-4.4E0));
#6049=DIRECTION('',(0.E0,1.E0,0.E0));
#6050=DIRECTION('',(-1.E0,0.E0,0.E0));
#6051=AXIS2_PLACEMENT_3D('',#6048,#6049,#6050);
#6052=PLANE('',#6051);
#6053=ORIENTED_EDGE('',*,*,#5214,.F.);
#6055=ORIENTED_EDGE('',*,*,#6054,.T.);
#6057=ORIENTED_EDGE('',*,*,#6056,.F.);
#6059=ORIENTED_EDGE('',*,*,#6058,.F.);
#6061=ORIENTED_EDGE('',*,*,#6060,.T.);
#6062=EDGE_LOOP('',(#6053,#6055,#6057,#6059,#6061));
#6063=FACE_OUTER_BOUND('',#6062,.F.);
#6065=CARTESIAN_POINT('',(4.14E0,5.E-1,-1.45E0));
#6066=DIRECTION('',(-1.E0,0.E0,0.E0));
#6067=DIRECTION('',(0.E0,0.E0,-1.E0));
#6068=AXIS2_PLACEMENT_3D('',#6065,#6066,#6067);
#6069=PLANE('',#6068);
#6070=ORIENTED_EDGE('',*,*,#6039,.T.);
#6072=ORIENTED_EDGE('',*,*,#6071,.T.);
#6074=ORIENTED_EDGE('',*,*,#6073,.T.);
#6075=ORIENTED_EDGE('',*,*,#5397,.F.);
#6076=ORIENTED_EDGE('',*,*,#5304,.F.);
#6077=ORIENTED_EDGE('',*,*,#5208,.F.);
#6078=EDGE_LOOP('',(#6070,#6072,#6074,#6075,#6076,#6077));
#6079=FACE_OUTER_BOUND('',#6078,.F.);
#6081=CARTESIAN_POINT('',(0.E0,5.E-1,0.E0));
#6082=DIRECTION('',(0.E0,-1.E0,0.E0));
#6083=DIRECTION('',(0.E0,0.E0,-1.E0));
#6084=AXIS2_PLACEMENT_3D('',#6081,#6082,#6083);
#6085=PLANE('',#6084);
#6086=ORIENTED_EDGE('',*,*,#6028,.F.);
#6087=ORIENTED_EDGE('',*,*,#5279,.F.);
#6088=ORIENTED_EDGE('',*,*,#5904,.T.);
#6090=ORIENTED_EDGE('',*,*,#6089,.F.);
#6092=ORIENTED_EDGE('',*,*,#6091,.F.);
#6094=ORIENTED_EDGE('',*,*,#6093,.F.);
#6096=ORIENTED_EDGE('',*,*,#6095,.F.);
#6097=ORIENTED_EDGE('',*,*,#6071,.F.);
#6098=EDGE_LOOP('',(#6086,#6087,#6088,#6090,#6092,#6094,#6096,#6097));
#6099=FACE_OUTER_BOUND('',#6098,.F.);
#6101=CARTESIAN_POINT('',(0.E0,5.E-1,0.E0));
#6102=DIRECTION('',(0.E0,-1.E0,0.E0));
#6103=DIRECTION('',(0.E0,0.E0,-1.E0));
#6104=AXIS2_PLACEMENT_3D('',#6101,#6102,#6103);
#6105=PLANE('',#6104);
#6107=ORIENTED_EDGE('',*,*,#6106,.T.);
#6109=ORIENTED_EDGE('',*,*,#6108,.F.);
#6111=ORIENTED_EDGE('',*,*,#6110,.F.);
#6113=ORIENTED_EDGE('',*,*,#6112,.F.);
#6115=ORIENTED_EDGE('',*,*,#6114,.F.);
#6117=ORIENTED_EDGE('',*,*,#6116,.F.);
#6118=ORIENTED_EDGE('',*,*,#5882,.T.);
#6119=ORIENTED_EDGE('',*,*,#5522,.T.);
#6120=EDGE_LOOP('',(#6107,#6109,#6111,#6113,#6115,#6117,#6118,#6119));
#6121=FACE_OUTER_BOUND('',#6120,.F.);
#6123=CARTESIAN_POINT('',(4.14E0,5.E-1,-3.38E0));
#6124=DIRECTION('',(-1.E0,0.E0,0.E0));
#6125=DIRECTION('',(0.E0,0.E0,-1.E0));
#6126=AXIS2_PLACEMENT_3D('',#6123,#6124,#6125);
#6127=PLANE('',#6126);
#6128=ORIENTED_EDGE('',*,*,#6089,.T.);
#6129=ORIENTED_EDGE('',*,*,#5902,.T.);
#6130=ORIENTED_EDGE('',*,*,#5405,.F.);
#6132=ORIENTED_EDGE('',*,*,#6131,.F.);
#6133=EDGE_LOOP('',(#6128,#6129,#6130,#6132));
#6134=FACE_OUTER_BOUND('',#6133,.F.);
#6136=CARTESIAN_POINT('',(4.29E0,5.E-1,-3.23E0));
#6137=DIRECTION('',(-7.071067811865E-1,0.E0,7.071067811866E-1));
#6138=DIRECTION('',(-7.071067811866E-1,0.E0,-7.071067811865E-1));
#6139=AXIS2_PLACEMENT_3D('',#6136,#6137,#6138);
#6140=PLANE('',#6139);
#6141=ORIENTED_EDGE('',*,*,#6091,.T.);
#6142=ORIENTED_EDGE('',*,*,#6131,.T.);
#6143=ORIENTED_EDGE('',*,*,#5403,.F.);
#6145=ORIENTED_EDGE('',*,*,#6144,.F.);
#6146=EDGE_LOOP('',(#6141,#6142,#6143,#6145));
#6147=FACE_OUTER_BOUND('',#6146,.F.);
#6149=CARTESIAN_POINT('',(4.29E0,5.E-1,-2.73E0));
#6150=DIRECTION('',(-1.E0,0.E0,0.E0));
#6151=DIRECTION('',(0.E0,0.E0,-1.E0));
#6152=AXIS2_PLACEMENT_3D('',#6149,#6150,#6151);
#6153=PLANE('',#6152);
#6154=ORIENTED_EDGE('',*,*,#6093,.T.);
#6155=ORIENTED_EDGE('',*,*,#6144,.T.);
#6156=ORIENTED_EDGE('',*,*,#5401,.F.);
#6158=ORIENTED_EDGE('',*,*,#6157,.F.);
#6159=EDGE_LOOP('',(#6154,#6155,#6156,#6158));
#6160=FACE_OUTER_BOUND('',#6159,.F.);
#6162=CARTESIAN_POINT('',(4.14E0,5.E-1,-2.569986624807E0));
#6163=DIRECTION('',(-7.295657298191E-1,0.E0,-6.839107002186E-1));
#6164=DIRECTION('',(6.839107002186E-1,0.E0,-7.295657298191E-1));
#6165=AXIS2_PLACEMENT_3D('',#6162,#6163,#6164);
#6166=PLANE('',#6165);
#6167=ORIENTED_EDGE('',*,*,#6095,.T.);
#6168=ORIENTED_EDGE('',*,*,#6157,.T.);
#6169=ORIENTED_EDGE('',*,*,#5399,.F.);
#6170=ORIENTED_EDGE('',*,*,#6073,.F.);
#6171=EDGE_LOOP('',(#6167,#6168,#6169,#6170));
#6172=FACE_OUTER_BOUND('',#6171,.F.);
#6174=CARTESIAN_POINT('',(-3.55E0,8.3E-1,-1.49E0));
#6175=DIRECTION('',(0.E0,0.E0,-1.E0));
#6176=DIRECTION('',(-1.E0,0.E0,0.E0));
#6177=AXIS2_PLACEMENT_3D('',#6174,#6175,#6176);
#6178=PLANE('',#6177);
#6179=ORIENTED_EDGE('',*,*,#6056,.T.);
#6180=ORIENTED_EDGE('',*,*,#6106,.F.);
#6181=ORIENTED_EDGE('',*,*,#5520,.F.);
#6182=ORIENTED_EDGE('',*,*,#6005,.T.);
#6184=ORIENTED_EDGE('',*,*,#6183,.T.);
#6185=EDGE_LOOP('',(#6179,#6180,#6181,#6182,#6184));
#6186=FACE_OUTER_BOUND('',#6185,.F.);
#6188=CARTESIAN_POINT('',(-3.55E0,8.3E-1,-4.4E0));
#6189=DIRECTION('',(1.E0,0.E0,0.E0));
#6190=DIRECTION('',(0.E0,-1.E0,0.E0));
#6191=AXIS2_PLACEMENT_3D('',#6188,#6189,#6190);
#6192=PLANE('',#6191);
#6194=ORIENTED_EDGE('',*,*,#6193,.F.);
#6195=ORIENTED_EDGE('',*,*,#6058,.T.);
#6196=ORIENTED_EDGE('',*,*,#6183,.F.);
#6197=ORIENTED_EDGE('',*,*,#6013,.F.);
#6199=ORIENTED_EDGE('',*,*,#6198,.T.);
#6201=ORIENTED_EDGE('',*,*,#6200,.T.);
#6203=ORIENTED_EDGE('',*,*,#6202,.T.);
#6205=ORIENTED_EDGE('',*,*,#6204,.T.);
#6207=ORIENTED_EDGE('',*,*,#6206,.F.);
#6209=ORIENTED_EDGE('',*,*,#6208,.T.);
#6211=ORIENTED_EDGE('',*,*,#6210,.F.);
#6213=ORIENTED_EDGE('',*,*,#6212,.F.);
#6215=ORIENTED_EDGE('',*,*,#6214,.T.);
#6216=ORIENTED_EDGE('',*,*,#5578,.F.);
#6218=ORIENTED_EDGE('',*,*,#6217,.T.);
#6220=ORIENTED_EDGE('',*,*,#6219,.F.);
#6222=ORIENTED_EDGE('',*,*,#6221,.T.);
#6224=ORIENTED_EDGE('',*,*,#6223,.F.);
#6225=EDGE_LOOP('',(#6194,#6195,#6196,#6197,#6199,#6201,#6203,#6205,#6207,#6209,
#6211,#6213,#6215,#6216,#6218,#6220,#6222,#6224));
#6226=FACE_OUTER_BOUND('',#6225,.F.);
#6228=CARTESIAN_POINT('',(0.E0,0.E0,-1.45E0));
#6229=DIRECTION('',(0.E0,0.E0,1.E0));
#6230=DIRECTION('',(-1.E0,0.E0,0.E0));
#6231=AXIS2_PLACEMENT_3D('',#6228,#6229,#6230);
#6232=PLANE('',#6231);
#6233=ORIENTED_EDGE('',*,*,#6042,.F.);
#6235=ORIENTED_EDGE('',*,*,#6234,.F.);
#6237=ORIENTED_EDGE('',*,*,#6236,.T.);
#6239=ORIENTED_EDGE('',*,*,#6238,.F.);
#6240=ORIENTED_EDGE('',*,*,#5952,.F.);
#6241=EDGE_LOOP('',(#6233,#6235,#6237,#6239,#6240));
#6242=FACE_OUTER_BOUND('',#6241,.F.);
#6244=CARTESIAN_POINT('',(0.E0,0.E0,-1.45E0));
#6245=DIRECTION('',(0.E0,0.E0,1.E0));
#6246=DIRECTION('',(-1.E0,0.E0,0.E0));
#6247=AXIS2_PLACEMENT_3D('',#6244,#6245,#6246);
#6248=PLANE('',#6247);
#6249=ORIENTED_EDGE('',*,*,#6060,.F.);
#6250=ORIENTED_EDGE('',*,*,#6193,.T.);
#6252=ORIENTED_EDGE('',*,*,#6251,.F.);
#6254=ORIENTED_EDGE('',*,*,#6253,.T.);
#6256=ORIENTED_EDGE('',*,*,#6255,.T.);
#6257=EDGE_LOOP('',(#6249,#6250,#6252,#6254,#6256));
#6258=FACE_OUTER_BOUND('',#6257,.F.);
#6260=CARTESIAN_POINT('',(3.595E0,1.E0,0.E0));
#6261=DIRECTION('',(-1.E0,0.E0,0.E0));
#6262=DIRECTION('',(0.E0,-1.E0,0.E0));
#6263=AXIS2_PLACEMENT_3D('',#6260,#6261,#6262);
#6264=PLANE('',#6263);
#6265=ORIENTED_EDGE('',*,*,#5204,.F.);
#6267=ORIENTED_EDGE('',*,*,#6266,.F.);
#6269=ORIENTED_EDGE('',*,*,#6268,.T.);
#6271=ORIENTED_EDGE('',*,*,#6270,.T.);
#6272=ORIENTED_EDGE('',*,*,#6234,.T.);
#6273=EDGE_LOOP('',(#6265,#6267,#6269,#6271,#6272));
#6274=FACE_OUTER_BOUND('',#6273,.F.);
#6276=CARTESIAN_POINT('',(3.745E0,8.5E-1,-7.25E-1));
#6277=DIRECTION('',(-7.071067811865E-1,7.071067811865E-1,0.E0));
#6278=DIRECTION('',(0.E0,0.E0,-1.E0));
#6279=AXIS2_PLACEMENT_3D('',#6276,#6277,#6278);
#6280=PLANE('',#6279);
#6281=ORIENTED_EDGE('',*,*,#5019,.F.);
#6282=ORIENTED_EDGE('',*,*,#5006,.F.);
#6283=ORIENTED_EDGE('',*,*,#4962,.F.);
#6285=ORIENTED_EDGE('',*,*,#6284,.F.);
#6286=ORIENTED_EDGE('',*,*,#6266,.T.);
#6287=EDGE_LOOP('',(#6281,#6282,#6283,#6285,#6286));
#6288=FACE_OUTER_BOUND('',#6287,.F.);
#6290=CARTESIAN_POINT('',(3.745E0,5.65E-1,-1.5E-1));
#6291=DIRECTION('',(-7.071067811865E-1,0.E0,7.071067811865E-1));
#6292=DIRECTION('',(0.E0,-1.E0,0.E0));
#6293=AXIS2_PLACEMENT_3D('',#6290,#6291,#6292);
#6294=PLANE('',#6293);
#6295=ORIENTED_EDGE('',*,*,#4960,.F.);
#6296=ORIENTED_EDGE('',*,*,#4947,.T.);
#6298=ORIENTED_EDGE('',*,*,#6297,.F.);
#6299=ORIENTED_EDGE('',*,*,#6268,.F.);
#6300=ORIENTED_EDGE('',*,*,#6284,.T.);
#6301=EDGE_LOOP('',(#6295,#6296,#6298,#6299,#6300));
#6302=FACE_OUTER_BOUND('',#6301,.F.);
#6304=CARTESIAN_POINT('',(0.E0,-2.E-2,-1.5E-1));
#6305=DIRECTION('',(0.E0,7.071067811865E-1,7.071067811865E-1));
#6306=DIRECTION('',(-1.E0,0.E0,0.E0));
#6307=AXIS2_PLACEMENT_3D('',#6304,#6305,#6306);
#6308=PLANE('',#6307);
#6309=ORIENTED_EDGE('',*,*,#6297,.T.);
#6310=ORIENTED_EDGE('',*,*,#4945,.T.);
#6312=ORIENTED_EDGE('',*,*,#6311,.F.);
#6314=ORIENTED_EDGE('',*,*,#6313,.F.);
#6315=EDGE_LOOP('',(#6309,#6310,#6312,#6314));
#6316=FACE_OUTER_BOUND('',#6315,.F.);
#6318=CARTESIAN_POINT('',(-3.745E0,5.65E-1,-1.5E-1));
#6319=DIRECTION('',(7.071067811865E-1,0.E0,7.071067811865E-1));
#6320=DIRECTION('',(0.E0,-1.E0,0.E0));
#6321=AXIS2_PLACEMENT_3D('',#6318,#6319,#6320);
#6322=PLANE('',#6321);
#6323=ORIENTED_EDGE('',*,*,#5160,.F.);
#6325=ORIENTED_EDGE('',*,*,#6324,.T.);
#6327=ORIENTED_EDGE('',*,*,#6326,.F.);
#6328=ORIENTED_EDGE('',*,*,#6311,.T.);
#6329=ORIENTED_EDGE('',*,*,#4943,.T.);
#6330=EDGE_LOOP('',(#6323,#6325,#6327,#6328,#6329));
#6331=FACE_OUTER_BOUND('',#6330,.F.);
#6333=CARTESIAN_POINT('',(-3.745E0,8.5E-1,-7.25E-1));
#6334=DIRECTION('',(7.071067811865E-1,7.071067811865E-1,0.E0));
#6335=DIRECTION('',(0.E0,0.E0,-1.E0));
#6336=AXIS2_PLACEMENT_3D('',#6333,#6334,#6335);
#6337=PLANE('',#6336);
#6338=ORIENTED_EDGE('',*,*,#5188,.F.);
#6340=ORIENTED_EDGE('',*,*,#6339,.F.);
#6341=ORIENTED_EDGE('',*,*,#6324,.F.);
#6342=ORIENTED_EDGE('',*,*,#5158,.F.);
#6343=ORIENTED_EDGE('',*,*,#5173,.T.);
#6344=EDGE_LOOP('',(#6338,#6340,#6341,#6342,#6343));
#6345=FACE_OUTER_BOUND('',#6344,.F.);
#6347=CARTESIAN_POINT('',(-3.595E0,1.3E-1,0.E0));
#6348=DIRECTION('',(1.E0,0.E0,0.E0));
#6349=DIRECTION('',(0.E0,1.E0,0.E0));
#6350=AXIS2_PLACEMENT_3D('',#6347,#6348,#6349);
#6351=PLANE('',#6350);
#6352=ORIENTED_EDGE('',*,*,#5216,.T.);
#6353=ORIENTED_EDGE('',*,*,#6255,.F.);
#6355=ORIENTED_EDGE('',*,*,#6354,.F.);
#6356=ORIENTED_EDGE('',*,*,#6326,.T.);
#6357=ORIENTED_EDGE('',*,*,#6339,.T.);
#6358=EDGE_LOOP('',(#6352,#6353,#6355,#6356,#6357));
#6359=FACE_OUTER_BOUND('',#6358,.F.);
#6361=CARTESIAN_POINT('',(3.595E0,1.3E-1,0.E0));
#6362=DIRECTION('',(0.E0,1.E0,0.E0));
#6363=DIRECTION('',(-1.E0,0.E0,0.E0));
#6364=AXIS2_PLACEMENT_3D('',#6361,#6362,#6363);
#6365=PLANE('',#6364);
#6367=ORIENTED_EDGE('',*,*,#6366,.F.);
#6369=ORIENTED_EDGE('',*,*,#6368,.T.);
#6371=ORIENTED_EDGE('',*,*,#6370,.F.);
#6372=ORIENTED_EDGE('',*,*,#6236,.F.);
#6373=ORIENTED_EDGE('',*,*,#6270,.F.);
#6374=ORIENTED_EDGE('',*,*,#6313,.T.);
#6375=ORIENTED_EDGE('',*,*,#6354,.T.);
#6376=ORIENTED_EDGE('',*,*,#6253,.F.);
#6377=EDGE_LOOP('',(#6367,#6369,#6371,#6372,#6373,#6374,#6375,#6376));
#6378=FACE_OUTER_BOUND('',#6377,.F.);
#6380=CARTESIAN_POINT('',(-3.55E0,4.5E-1,0.E0));
#6381=DIRECTION('',(-1.E0,0.E0,0.E0));
#6382=DIRECTION('',(0.E0,-1.E0,0.E0));
#6383=AXIS2_PLACEMENT_3D('',#6380,#6381,#6382);
#6384=PLANE('',#6383);
#6386=ORIENTED_EDGE('',*,*,#6385,.T.);
#6388=ORIENTED_EDGE('',*,*,#6387,.T.);
#6390=ORIENTED_EDGE('',*,*,#6389,.F.);
#6391=ORIENTED_EDGE('',*,*,#6366,.T.);
#6392=ORIENTED_EDGE('',*,*,#6251,.T.);
#6394=ORIENTED_EDGE('',*,*,#6393,.F.);
#6396=ORIENTED_EDGE('',*,*,#6395,.T.);
#6397=EDGE_LOOP('',(#6386,#6388,#6390,#6391,#6392,#6394,#6396));
#6398=FACE_OUTER_BOUND('',#6397,.F.);
#6400=CARTESIAN_POINT('',(0.E0,0.E0,-2.55E0));
#6401=DIRECTION('',(0.E0,0.E0,-1.E0));
#6402=DIRECTION('',(1.E0,0.E0,0.E0));
#6403=AXIS2_PLACEMENT_3D('',#6400,#6401,#6402);
#6404=PLANE('',#6403);
#6406=ORIENTED_EDGE('',*,*,#6405,.T.);
#6407=ORIENTED_EDGE('',*,*,#6385,.F.);
#6408=ORIENTED_EDGE('',*,*,#6198,.F.);
#6409=ORIENTED_EDGE('',*,*,#6011,.T.);
#6411=ORIENTED_EDGE('',*,*,#6410,.F.);
#6413=ORIENTED_EDGE('',*,*,#6412,.F.);
#6414=EDGE_LOOP('',(#6406,#6407,#6408,#6409,#6411,#6413));
#6415=FACE_OUTER_BOUND('',#6414,.F.);
#6417=CARTESIAN_POINT('',(0.E0,0.E0,-2.55E0));
#6418=DIRECTION('',(0.E0,0.E0,-1.E0));
#6419=DIRECTION('',(1.E0,0.E0,0.E0));
#6420=AXIS2_PLACEMENT_3D('',#6417,#6418,#6419);
#6421=PLANE('',#6420);
#6423=ORIENTED_EDGE('',*,*,#6422,.T.);
#6425=ORIENTED_EDGE('',*,*,#6424,.F.);
#6427=ORIENTED_EDGE('',*,*,#6426,.F.);
#6428=ORIENTED_EDGE('',*,*,#5580,.T.);
#6429=ORIENTED_EDGE('',*,*,#6214,.F.);
#6430=EDGE_LOOP('',(#6423,#6425,#6427,#6428,#6429));
#6431=FACE_OUTER_BOUND('',#6430,.F.);
#6433=CARTESIAN_POINT('',(0.E0,0.E0,-2.55E0));
#6434=DIRECTION('',(0.E0,0.E0,-1.E0));
#6435=DIRECTION('',(1.E0,0.E0,0.E0));
#6436=AXIS2_PLACEMENT_3D('',#6433,#6434,#6435);
#6437=PLANE('',#6436);
#6439=ORIENTED_EDGE('',*,*,#6438,.T.);
#6440=ORIENTED_EDGE('',*,*,#5962,.F.);
#6441=ORIENTED_EDGE('',*,*,#5548,.T.);
#6443=ORIENTED_EDGE('',*,*,#6442,.F.);
#6445=ORIENTED_EDGE('',*,*,#6444,.F.);
#6446=EDGE_LOOP('',(#6439,#6440,#6441,#6443,#6445));
#6447=FACE_OUTER_BOUND('',#6446,.F.);
#6449=CARTESIAN_POINT('',(0.E0,0.E0,-2.55E0));
#6450=DIRECTION('',(0.E0,0.E0,-1.E0));
#6451=DIRECTION('',(1.E0,0.E0,0.E0));
#6452=AXIS2_PLACEMENT_3D('',#6449,#6450,#6451);
#6453=PLANE('',#6452);
#6455=ORIENTED_EDGE('',*,*,#6454,.T.);
#6457=ORIENTED_EDGE('',*,*,#6456,.F.);
#6459=ORIENTED_EDGE('',*,*,#6458,.F.);
#6460=ORIENTED_EDGE('',*,*,#5991,.T.);
#6461=ORIENTED_EDGE('',*,*,#5978,.F.);
#6463=ORIENTED_EDGE('',*,*,#6462,.F.);
#6464=EDGE_LOOP('',(#6455,#6457,#6459,#6460,#6461,#6463));
#6465=FACE_OUTER_BOUND('',#6464,.F.);
#6467=CARTESIAN_POINT('',(-3.78E0,3.2E-1,-2.55E0));
#6468=DIRECTION('',(0.E0,1.E0,0.E0));
#6469=DIRECTION('',(1.E0,0.E0,0.E0));
#6470=AXIS2_PLACEMENT_3D('',#6467,#6468,#6469);
#6471=PLANE('',#6470);
#6473=ORIENTED_EDGE('',*,*,#6472,.T.);
#6474=ORIENTED_EDGE('',*,*,#6204,.F.);
#6475=ORIENTED_EDGE('',*,*,#6387,.F.);
#6476=ORIENTED_EDGE('',*,*,#6405,.F.);
#6478=ORIENTED_EDGE('',*,*,#6477,.T.);
#6479=EDGE_LOOP('',(#6473,#6474,#6475,#6476,#6478));
#6480=FACE_OUTER_BOUND('',#6479,.F.);
#6482=CARTESIAN_POINT('',(-3.800459753487E0,1.7E-1,-3.6E0));
#6483=DIRECTION('',(1.E0,0.E0,0.E0));
#6484=DIRECTION('',(0.E0,0.E0,-1.E0));
#6485=AXIS2_PLACEMENT_3D('',#6482,#6483,#6484);
#6486=CYLINDRICAL_SURFACE('',#6485,1.5E-1);
#6488=ORIENTED_EDGE('',*,*,#6487,.T.);
#6490=ORIENTED_EDGE('',*,*,#6489,.T.);
#6491=ORIENTED_EDGE('',*,*,#6206,.T.);
#6492=ORIENTED_EDGE('',*,*,#6472,.F.);
#6493=EDGE_LOOP('',(#6488,#6490,#6491,#6492));
#6494=FACE_OUTER_BOUND('',#6493,.F.);
#6496=CARTESIAN_POINT('',(-3.78E0,-8.3E-1,-4.4E0));
#6497=DIRECTION('',(-1.E0,0.E0,0.E0));
#6498=DIRECTION('',(0.E0,1.E0,0.E0));
#6499=AXIS2_PLACEMENT_3D('',#6496,#6497,#6498);
#6500=PLANE('',#6499);
#6502=ORIENTED_EDGE('',*,*,#6501,.F.);
#6503=ORIENTED_EDGE('',*,*,#6487,.F.);
#6504=ORIENTED_EDGE('',*,*,#6477,.F.);
#6505=ORIENTED_EDGE('',*,*,#6412,.T.);
#6507=ORIENTED_EDGE('',*,*,#6506,.T.);
#6509=ORIENTED_EDGE('',*,*,#6508,.T.);
#6511=ORIENTED_EDGE('',*,*,#6510,.T.);
#6512=ORIENTED_EDGE('',*,*,#6424,.T.);
#6514=ORIENTED_EDGE('',*,*,#6513,.T.);
#6516=ORIENTED_EDGE('',*,*,#6515,.F.);
#6517=EDGE_LOOP('',(#6502,#6503,#6504,#6505,#6507,#6509,#6511,#6512,#6514,
#6516));
#6518=FACE_OUTER_BOUND('',#6517,.F.);
#6520=CARTESIAN_POINT('',(0.E0,0.E0,-3.75E0));
#6521=DIRECTION('',(0.E0,0.E0,-1.E0));
#6522=DIRECTION('',(1.E0,0.E0,0.E0));
#6523=AXIS2_PLACEMENT_3D('',#6520,#6521,#6522);
#6524=PLANE('',#6523);
#6526=ORIENTED_EDGE('',*,*,#6525,.F.);
#6527=ORIENTED_EDGE('',*,*,#6208,.F.);
#6528=ORIENTED_EDGE('',*,*,#6489,.F.);
#6529=ORIENTED_EDGE('',*,*,#6501,.T.);
#6530=EDGE_LOOP('',(#6526,#6527,#6528,#6529));
#6531=FACE_OUTER_BOUND('',#6530,.F.);
#6533=CARTESIAN_POINT('',(0.E0,0.E0,-3.75E0));
#6534=DIRECTION('',(0.E0,0.E0,-1.E0));
#6535=DIRECTION('',(1.E0,0.E0,0.E0));
#6536=AXIS2_PLACEMENT_3D('',#6533,#6534,#6535);
#6537=PLANE('',#6536);
#6539=ORIENTED_EDGE('',*,*,#6538,.F.);
#6540=ORIENTED_EDGE('',*,*,#5968,.T.);
#6542=ORIENTED_EDGE('',*,*,#6541,.F.);
#6544=ORIENTED_EDGE('',*,*,#6543,.F.);
#6545=EDGE_LOOP('',(#6539,#6540,#6542,#6544));
#6546=FACE_OUTER_BOUND('',#6545,.F.);
#6548=CARTESIAN_POINT('',(-3.529540246513E0,-1.3E-1,-3.6E0));
#6549=DIRECTION('',(-1.E0,0.E0,0.E0));
#6550=DIRECTION('',(0.E0,0.E0,-1.E0));
#6551=AXIS2_PLACEMENT_3D('',#6548,#6549,#6550);
#6552=CYLINDRICAL_SURFACE('',#6551,1.5E-1);
#6554=ORIENTED_EDGE('',*,*,#6553,.F.);
#6556=ORIENTED_EDGE('',*,*,#6555,.F.);
#6557=ORIENTED_EDGE('',*,*,#6210,.T.);
#6558=ORIENTED_EDGE('',*,*,#6525,.T.);
#6559=ORIENTED_EDGE('',*,*,#6515,.T.);
#6561=ORIENTED_EDGE('',*,*,#6560,.F.);
#6562=EDGE_LOOP('',(#6554,#6556,#6557,#6558,#6559,#6561));
#6563=FACE_OUTER_BOUND('',#6562,.F.);
#6565=CARTESIAN_POINT('',(-3.765E0,-2.8E-1,-4.4E0));
#6566=DIRECTION('',(0.E0,1.E0,0.E0));
#6567=DIRECTION('',(1.E0,0.E0,0.E0));
#6568=AXIS2_PLACEMENT_3D('',#6565,#6566,#6567);
#6569=PLANE('',#6568);
#6571=ORIENTED_EDGE('',*,*,#6570,.F.);
#6572=ORIENTED_EDGE('',*,*,#5870,.T.);
#6574=ORIENTED_EDGE('',*,*,#6573,.T.);
#6575=ORIENTED_EDGE('',*,*,#6553,.T.);
#6576=EDGE_LOOP('',(#6571,#6572,#6574,#6575));
#6577=FACE_OUTER_BOUND('',#6576,.F.);
#6579=CARTESIAN_POINT('',(-3.765E0,-6.79E-1,-4.4E0));
#6580=DIRECTION('',(-1.E0,0.E0,0.E0));
#6581=DIRECTION('',(0.E0,1.E0,0.E0));
#6582=AXIS2_PLACEMENT_3D('',#6579,#6580,#6581);
#6583=PLANE('',#6582);
#6585=ORIENTED_EDGE('',*,*,#6584,.F.);
#6587=ORIENTED_EDGE('',*,*,#6586,.F.);
#6588=ORIENTED_EDGE('',*,*,#5872,.T.);
#6589=ORIENTED_EDGE('',*,*,#6570,.T.);
#6591=ORIENTED_EDGE('',*,*,#6590,.T.);
#6592=EDGE_LOOP('',(#6585,#6587,#6588,#6589,#6591));
#6593=FACE_OUTER_BOUND('',#6592,.F.);
#6595=CARTESIAN_POINT('',(0.E0,0.E0,-2.6E0));
#6596=DIRECTION('',(0.E0,0.E0,-1.E0));
#6597=DIRECTION('',(1.E0,0.E0,0.E0));
#6598=AXIS2_PLACEMENT_3D('',#6595,#6596,#6597);
#6599=PLANE('',#6598);
#6601=ORIENTED_EDGE('',*,*,#6600,.T.);
#6603=ORIENTED_EDGE('',*,*,#6602,.T.);
#6605=ORIENTED_EDGE('',*,*,#6604,.T.);
#6607=ORIENTED_EDGE('',*,*,#6606,.T.);
#6609=ORIENTED_EDGE('',*,*,#6608,.F.);
#6611=ORIENTED_EDGE('',*,*,#6610,.T.);
#6613=ORIENTED_EDGE('',*,*,#6612,.T.);
#6614=ORIENTED_EDGE('',*,*,#5632,.T.);
#6615=ORIENTED_EDGE('',*,*,#5544,.T.);
#6616=EDGE_LOOP('',(#6601,#6603,#6605,#6607,#6609,#6611,#6613,#6614,#6615));
#6617=FACE_OUTER_BOUND('',#6616,.F.);
#6619=CARTESIAN_POINT('',(0.E0,0.E0,-2.6E0));
#6620=DIRECTION('',(0.E0,0.E0,-1.E0));
#6621=DIRECTION('',(1.E0,0.E0,0.E0));
#6622=AXIS2_PLACEMENT_3D('',#6619,#6620,#6621);
#6623=PLANE('',#6622);
#6625=ORIENTED_EDGE('',*,*,#6624,.T.);
#6626=ORIENTED_EDGE('',*,*,#5584,.T.);
#6627=ORIENTED_EDGE('',*,*,#5648,.T.);
#6629=ORIENTED_EDGE('',*,*,#6628,.T.);
#6630=ORIENTED_EDGE('',*,*,#6584,.T.);
#6632=ORIENTED_EDGE('',*,*,#6631,.F.);
#6634=ORIENTED_EDGE('',*,*,#6633,.T.);
#6636=ORIENTED_EDGE('',*,*,#6635,.T.);
#6638=ORIENTED_EDGE('',*,*,#6637,.T.);
#6639=EDGE_LOOP('',(#6625,#6626,#6627,#6629,#6630,#6632,#6634,#6636,#6638));
#6640=FACE_OUTER_BOUND('',#6639,.F.);
#6642=CARTESIAN_POINT('',(3.965E0,-8.122098818988E-1,-2.55E0));
#6643=DIRECTION('',(0.E0,-1.E0,0.E0));
#6644=DIRECTION('',(0.E0,0.E0,-1.E0));
#6645=AXIS2_PLACEMENT_3D('',#6642,#6643,#6644);
#6646=CYLINDRICAL_SURFACE('',#6645,5.E-2);
#6648=ORIENTED_EDGE('',*,*,#6647,.T.);
#6649=ORIENTED_EDGE('',*,*,#6600,.F.);
#6650=ORIENTED_EDGE('',*,*,#5542,.T.);
#6652=ORIENTED_EDGE('',*,*,#6651,.T.);
#6653=EDGE_LOOP('',(#6648,#6649,#6650,#6652));
#6654=FACE_OUTER_BOUND('',#6653,.F.);
#6656=CARTESIAN_POINT('',(-3.916E0,-1.03E0,-4.4E0));
#6657=DIRECTION('',(0.E0,-1.E0,0.E0));
#6658=DIRECTION('',(-1.E0,0.E0,0.E0));
#6659=AXIS2_PLACEMENT_3D('',#6656,#6657,#6658);
#6660=PLANE('',#6659);
#6662=ORIENTED_EDGE('',*,*,#6661,.F.);
#6664=ORIENTED_EDGE('',*,*,#6663,.F.);
#6666=ORIENTED_EDGE('',*,*,#6665,.F.);
#6668=ORIENTED_EDGE('',*,*,#6667,.F.);
#6670=ORIENTED_EDGE('',*,*,#6669,.F.);
#6671=ORIENTED_EDGE('',*,*,#6637,.F.);
#6673=ORIENTED_EDGE('',*,*,#6672,.F.);
#6674=ORIENTED_EDGE('',*,*,#5864,.T.);
#6676=ORIENTED_EDGE('',*,*,#6675,.F.);
#6678=ORIENTED_EDGE('',*,*,#6677,.T.);
#6680=ORIENTED_EDGE('',*,*,#6679,.T.);
#6682=ORIENTED_EDGE('',*,*,#6681,.T.);
#6684=ORIENTED_EDGE('',*,*,#6683,.T.);
#6686=ORIENTED_EDGE('',*,*,#6685,.T.);
#6687=EDGE_LOOP('',(#6662,#6664,#6666,#6668,#6670,#6671,#6673,#6674,#6676,#6678,
#6680,#6682,#6684,#6686));
#6688=FACE_OUTER_BOUND('',#6687,.F.);
#6690=CARTESIAN_POINT('',(-3.916E0,-1.03E0,-4.4E0));
#6691=DIRECTION('',(0.E0,-1.E0,0.E0));
#6692=DIRECTION('',(-1.E0,0.E0,0.E0));
#6693=AXIS2_PLACEMENT_3D('',#6690,#6691,#6692);
#6694=PLANE('',#6693);
#6696=ORIENTED_EDGE('',*,*,#6695,.F.);
#6697=ORIENTED_EDGE('',*,*,#5922,.T.);
#6699=ORIENTED_EDGE('',*,*,#6698,.T.);
#6700=ORIENTED_EDGE('',*,*,#6602,.F.);
#6701=ORIENTED_EDGE('',*,*,#6647,.F.);
#6703=ORIENTED_EDGE('',*,*,#6702,.F.);
#6705=ORIENTED_EDGE('',*,*,#6704,.F.);
#6706=ORIENTED_EDGE('',*,*,#5598,.F.);
#6707=ORIENTED_EDGE('',*,*,#5617,.F.);
#6709=ORIENTED_EDGE('',*,*,#6708,.T.);
#6711=ORIENTED_EDGE('',*,*,#6710,.T.);
#6713=ORIENTED_EDGE('',*,*,#6712,.T.);
#6715=ORIENTED_EDGE('',*,*,#6714,.T.);
#6717=ORIENTED_EDGE('',*,*,#6716,.T.);
#6718=EDGE_LOOP('',(#6696,#6697,#6699,#6700,#6701,#6703,#6705,#6706,#6707,#6709,
#6711,#6713,#6715,#6717));
#6719=FACE_OUTER_BOUND('',#6718,.F.);
#6721=CARTESIAN_POINT('',(-5.215E0,-1.051446496709E0,-1.7E0));
#6722=DIRECTION('',(0.E0,1.E0,0.E0));
#6723=DIRECTION('',(-1.E0,0.E0,0.E0));
#6724=AXIS2_PLACEMENT_3D('',#6721,#6722,#6723);
#6725=CYLINDRICAL_SURFACE('',#6724,1.E-1);
#6726=ORIENTED_EDGE('',*,*,#5660,.T.);
#6728=ORIENTED_EDGE('',*,*,#6727,.F.);
#6729=ORIENTED_EDGE('',*,*,#6661,.T.);
#6731=ORIENTED_EDGE('',*,*,#6730,.T.);
#6732=EDGE_LOOP('',(#6726,#6728,#6729,#6731));
#6733=FACE_OUTER_BOUND('',#6732,.F.);
#6735=CARTESIAN_POINT('',(-4.015E0,-8.3E-1,-1.6E0));
#6736=DIRECTION('',(0.E0,0.E0,1.E0));
#6737=DIRECTION('',(-1.E0,0.E0,0.E0));
#6738=AXIS2_PLACEMENT_3D('',#6735,#6736,#6737);
#6739=PLANE('',#6738);
#6740=ORIENTED_EDGE('',*,*,#6727,.T.);
#6741=ORIENTED_EDGE('',*,*,#5677,.F.);
#6742=ORIENTED_EDGE('',*,*,#5570,.T.);
#6744=ORIENTED_EDGE('',*,*,#6743,.F.);
#6745=ORIENTED_EDGE('',*,*,#6663,.T.);
#6746=EDGE_LOOP('',(#6740,#6741,#6742,#6744,#6745));
#6747=FACE_OUTER_BOUND('',#6746,.F.);
#6749=CARTESIAN_POINT('',(-4.065E0,-1.050820601332E0,-1.65E0));
#6750=DIRECTION('',(0.E0,1.E0,0.E0));
#6751=DIRECTION('',(0.E0,0.E0,1.E0));
#6752=AXIS2_PLACEMENT_3D('',#6749,#6750,#6751);
#6753=CYLINDRICAL_SURFACE('',#6752,5.E-2);
#6754=ORIENTED_EDGE('',*,*,#5568,.T.);
#6756=ORIENTED_EDGE('',*,*,#6755,.F.);
#6757=ORIENTED_EDGE('',*,*,#6665,.T.);
#6758=ORIENTED_EDGE('',*,*,#6743,.T.);
#6759=EDGE_LOOP('',(#6754,#6756,#6757,#6758));
#6760=FACE_OUTER_BOUND('',#6759,.F.);
#6762=CARTESIAN_POINT('',(-4.015E0,-8.3E-1,-2.6E0));
#6763=DIRECTION('',(1.E0,0.E0,0.E0));
#6764=DIRECTION('',(0.E0,0.E0,1.E0));
#6765=AXIS2_PLACEMENT_3D('',#6762,#6763,#6764);
#6766=PLANE('',#6765);
#6767=ORIENTED_EDGE('',*,*,#6755,.T.);
#6768=ORIENTED_EDGE('',*,*,#5566,.F.);
#6770=ORIENTED_EDGE('',*,*,#6769,.F.);
#6771=ORIENTED_EDGE('',*,*,#6667,.T.);
#6772=EDGE_LOOP('',(#6767,#6768,#6770,#6771));
#6773=FACE_OUTER_BOUND('',#6772,.F.);
#6775=CARTESIAN_POINT('',(-3.965E0,-1.050820601332E0,-2.55E0));
#6776=DIRECTION('',(0.E0,1.E0,0.E0));
#6777=DIRECTION('',(0.E0,0.E0,-1.E0));
#6778=AXIS2_PLACEMENT_3D('',#6775,#6776,#6777);
#6779=CYLINDRICAL_SURFACE('',#6778,5.E-2);
#6780=ORIENTED_EDGE('',*,*,#6669,.T.);
#6781=ORIENTED_EDGE('',*,*,#6769,.T.);
#6782=ORIENTED_EDGE('',*,*,#5586,.T.);
#6783=ORIENTED_EDGE('',*,*,#6624,.F.);
#6784=EDGE_LOOP('',(#6780,#6781,#6782,#6783));
#6785=FACE_OUTER_BOUND('',#6784,.F.);
#6787=CARTESIAN_POINT('',(-5.315E0,-1.03E0,-4.4E0));
#6788=DIRECTION('',(-1.E0,0.E0,0.E0));
#6789=DIRECTION('',(0.E0,1.E0,0.E0));
#6790=AXIS2_PLACEMENT_3D('',#6787,#6788,#6789);
#6791=PLANE('',#6790);
#6792=ORIENTED_EDGE('',*,*,#6730,.F.);
#6793=ORIENTED_EDGE('',*,*,#6685,.F.);
#6795=ORIENTED_EDGE('',*,*,#6794,.T.);
#6796=ORIENTED_EDGE('',*,*,#5662,.T.);
#6797=EDGE_LOOP('',(#6792,#6793,#6795,#6796));
#6798=FACE_OUTER_BOUND('',#6797,.F.);
#6800=CARTESIAN_POINT('',(-5.315E0,-1.03E0,-4.4E0));
#6801=DIRECTION('',(-1.E0,0.E0,0.E0));
#6802=DIRECTION('',(0.E0,1.E0,0.E0));
#6803=AXIS2_PLACEMENT_3D('',#6800,#6801,#6802);
#6804=PLANE('',#6803);
#6806=ORIENTED_EDGE('',*,*,#6805,.T.);
#6807=ORIENTED_EDGE('',*,*,#5670,.T.);
#6809=ORIENTED_EDGE('',*,*,#6808,.F.);
#6810=ORIENTED_EDGE('',*,*,#6677,.F.);
#6811=EDGE_LOOP('',(#6806,#6807,#6809,#6810));
#6812=FACE_OUTER_BOUND('',#6811,.F.);
#6814=CARTESIAN_POINT('',(-5.165E0,-1.03E0,-2.15E0));
#6815=DIRECTION('',(7.071067811865E-1,0.E0,7.071067811865E-1));
#6816=DIRECTION('',(-7.071067811865E-1,0.E0,7.071067811865E-1));
#6817=AXIS2_PLACEMENT_3D('',#6814,#6815,#6816);
#6818=PLANE('',#6817);
#6820=ORIENTED_EDGE('',*,*,#6819,.T.);
#6821=ORIENTED_EDGE('',*,*,#5664,.T.);
#6822=ORIENTED_EDGE('',*,*,#6794,.F.);
#6823=ORIENTED_EDGE('',*,*,#6683,.F.);
#6824=EDGE_LOOP('',(#6820,#6821,#6822,#6823));
#6825=FACE_OUTER_BOUND('',#6824,.F.);
#6827=CARTESIAN_POINT('',(-5.165E0,-1.03E0,-2.55E0));
#6828=DIRECTION('',(1.E0,0.E0,0.E0));
#6829=DIRECTION('',(0.E0,0.E0,1.E0));
#6830=AXIS2_PLACEMENT_3D('',#6827,#6828,#6829);
#6831=PLANE('',#6830);
#6833=ORIENTED_EDGE('',*,*,#6832,.T.);
#6834=ORIENTED_EDGE('',*,*,#5666,.T.);
#6835=ORIENTED_EDGE('',*,*,#6819,.F.);
#6836=ORIENTED_EDGE('',*,*,#6681,.F.);
#6837=EDGE_LOOP('',(#6833,#6834,#6835,#6836));
#6838=FACE_OUTER_BOUND('',#6837,.F.);
#6840=CARTESIAN_POINT('',(-5.315E0,-1.03E0,-2.7E0));
#6841=DIRECTION('',(7.071067811865E-1,0.E0,-7.071067811865E-1));
#6842=DIRECTION('',(7.071067811865E-1,0.E0,7.071067811865E-1));
#6843=AXIS2_PLACEMENT_3D('',#6840,#6841,#6842);
#6844=PLANE('',#6843);
#6845=ORIENTED_EDGE('',*,*,#6832,.F.);
#6846=ORIENTED_EDGE('',*,*,#6679,.F.);
#6847=ORIENTED_EDGE('',*,*,#6808,.T.);
#6848=ORIENTED_EDGE('',*,*,#5668,.T.);
#6849=EDGE_LOOP('',(#6845,#6846,#6847,#6848));
#6850=FACE_OUTER_BOUND('',#6849,.F.);
#6852=CARTESIAN_POINT('',(-5.215E0,-1.050459753487E0,-4.3E0));
#6853=DIRECTION('',(0.E0,1.E0,0.E0));
#6854=DIRECTION('',(0.E0,0.E0,-1.E0));
#6855=AXIS2_PLACEMENT_3D('',#6852,#6853,#6854);
#6856=CYLINDRICAL_SURFACE('',#6855,1.E-1);
#6857=ORIENTED_EDGE('',*,*,#5672,.T.);
#6858=ORIENTED_EDGE('',*,*,#6805,.F.);
#6859=ORIENTED_EDGE('',*,*,#6675,.T.);
#6860=ORIENTED_EDGE('',*,*,#5862,.T.);
#6861=EDGE_LOOP('',(#6857,#6858,#6859,#6860));
#6862=FACE_OUTER_BOUND('',#6861,.F.);
#6864=CARTESIAN_POINT('',(-3.916E0,-6.79E-1,-4.4E0));
#6865=DIRECTION('',(0.E0,0.E0,-1.E0));
#6866=DIRECTION('',(1.E0,0.E0,0.E0));
#6867=AXIS2_PLACEMENT_3D('',#6864,#6865,#6866);
#6868=CYLINDRICAL_SURFACE('',#6867,3.51E-1);
#6869=ORIENTED_EDGE('',*,*,#5866,.T.);
#6870=ORIENTED_EDGE('',*,*,#6672,.T.);
#6871=ORIENTED_EDGE('',*,*,#6635,.F.);
#6873=ORIENTED_EDGE('',*,*,#6872,.F.);
#6874=EDGE_LOOP('',(#6869,#6870,#6871,#6873));
#6875=FACE_OUTER_BOUND('',#6874,.F.);
#6877=CARTESIAN_POINT('',(-3.565E0,-2.8E-1,-4.4E0));
#6878=DIRECTION('',(1.E0,0.E0,0.E0));
#6879=DIRECTION('',(0.E0,-1.E0,0.E0));
#6880=AXIS2_PLACEMENT_3D('',#6877,#6878,#6879);
#6881=PLANE('',#6880);
#6882=ORIENTED_EDGE('',*,*,#6633,.F.);
#6884=ORIENTED_EDGE('',*,*,#6883,.F.);
#6885=ORIENTED_EDGE('',*,*,#6573,.F.);
#6886=ORIENTED_EDGE('',*,*,#5868,.T.);
#6887=ORIENTED_EDGE('',*,*,#6872,.T.);
#6888=EDGE_LOOP('',(#6882,#6884,#6885,#6886,#6887));
#6889=FACE_OUTER_BOUND('',#6888,.F.);
#6891=CARTESIAN_POINT('',(-3.55E0,-2.8E-1,-2.55E0));
#6892=DIRECTION('',(0.E0,-1.E0,0.E0));
#6893=DIRECTION('',(-1.E0,0.E0,0.E0));
#6894=AXIS2_PLACEMENT_3D('',#6891,#6892,#6893);
#6895=PLANE('',#6894);
#6896=ORIENTED_EDGE('',*,*,#6631,.T.);
#6897=ORIENTED_EDGE('',*,*,#6590,.F.);
#6898=ORIENTED_EDGE('',*,*,#6560,.T.);
#6899=ORIENTED_EDGE('',*,*,#6513,.F.);
#6900=ORIENTED_EDGE('',*,*,#6422,.F.);
#6901=ORIENTED_EDGE('',*,*,#6212,.T.);
#6902=ORIENTED_EDGE('',*,*,#6555,.T.);
#6903=ORIENTED_EDGE('',*,*,#6883,.T.);
#6904=EDGE_LOOP('',(#6896,#6897,#6898,#6899,#6900,#6901,#6902,#6903));
#6905=FACE_OUTER_BOUND('',#6904,.F.);
#6907=CARTESIAN_POINT('',(5.215E0,-8.095402465133E-1,-4.3E0));
#6908=DIRECTION('',(0.E0,-1.E0,0.E0));
#6909=DIRECTION('',(0.E0,0.E0,-1.E0));
#6910=AXIS2_PLACEMENT_3D('',#6907,#6908,#6909);
#6911=CYLINDRICAL_SURFACE('',#6910,1.E-1);
#6912=ORIENTED_EDGE('',*,*,#6695,.T.);
#6914=ORIENTED_EDGE('',*,*,#6913,.F.);
#6915=ORIENTED_EDGE('',*,*,#5687,.T.);
#6916=ORIENTED_EDGE('',*,*,#5897,.T.);
#6917=EDGE_LOOP('',(#6912,#6914,#6915,#6916));
#6918=FACE_OUTER_BOUND('',#6917,.F.);
#6920=CARTESIAN_POINT('',(5.315E0,-8.3E-1,-4.4E0));
#6921=DIRECTION('',(1.E0,0.E0,0.E0));
#6922=DIRECTION('',(0.E0,-1.E0,0.E0));
#6923=AXIS2_PLACEMENT_3D('',#6920,#6921,#6922);
#6924=PLANE('',#6923);
#6925=ORIENTED_EDGE('',*,*,#6913,.T.);
#6926=ORIENTED_EDGE('',*,*,#6716,.F.);
#6928=ORIENTED_EDGE('',*,*,#6927,.F.);
#6929=ORIENTED_EDGE('',*,*,#5689,.T.);
#6930=EDGE_LOOP('',(#6925,#6926,#6928,#6929));
#6931=FACE_OUTER_BOUND('',#6930,.F.);
#6933=CARTESIAN_POINT('',(5.315E0,-8.3E-1,-4.4E0));
#6934=DIRECTION('',(1.E0,0.E0,0.E0));
#6935=DIRECTION('',(0.E0,-1.E0,0.E0));
#6936=AXIS2_PLACEMENT_3D('',#6933,#6934,#6935);
#6937=PLANE('',#6936);
#6938=ORIENTED_EDGE('',*,*,#5615,.T.);
#6939=ORIENTED_EDGE('',*,*,#5697,.T.);
#6941=ORIENTED_EDGE('',*,*,#6940,.T.);
#6942=ORIENTED_EDGE('',*,*,#6708,.F.);
#6943=EDGE_LOOP('',(#6938,#6939,#6941,#6942));
#6944=FACE_OUTER_BOUND('',#6943,.F.);
#6946=CARTESIAN_POINT('',(5.165E0,-1.03E0,-2.55E0));
#6947=DIRECTION('',(-7.071067811865E-1,0.E0,-7.071067811865E-1));
#6948=DIRECTION('',(7.071067811865E-1,0.E0,-7.071067811865E-1));
#6949=AXIS2_PLACEMENT_3D('',#6946,#6947,#6948);
#6950=PLANE('',#6949);
#6952=ORIENTED_EDGE('',*,*,#6951,.T.);
#6953=ORIENTED_EDGE('',*,*,#5691,.T.);
#6954=ORIENTED_EDGE('',*,*,#6927,.T.);
#6955=ORIENTED_EDGE('',*,*,#6714,.F.);
#6956=EDGE_LOOP('',(#6952,#6953,#6954,#6955));
#6957=FACE_OUTER_BOUND('',#6956,.F.);
#6959=CARTESIAN_POINT('',(5.165E0,-1.03E0,-2.15E0));
#6960=DIRECTION('',(-1.E0,0.E0,0.E0));
#6961=DIRECTION('',(0.E0,0.E0,-1.E0));
#6962=AXIS2_PLACEMENT_3D('',#6959,#6960,#6961);
#6963=PLANE('',#6962);
#6965=ORIENTED_EDGE('',*,*,#6964,.T.);
#6966=ORIENTED_EDGE('',*,*,#5693,.T.);
#6967=ORIENTED_EDGE('',*,*,#6951,.F.);
#6968=ORIENTED_EDGE('',*,*,#6712,.F.);
#6969=EDGE_LOOP('',(#6965,#6966,#6967,#6968));
#6970=FACE_OUTER_BOUND('',#6969,.F.);
#6972=CARTESIAN_POINT('',(5.315E0,-1.03E0,-2.E0));
#6973=DIRECTION('',(-7.071067811865E-1,0.E0,7.071067811865E-1));
#6974=DIRECTION('',(-7.071067811865E-1,0.E0,-7.071067811865E-1));
#6975=AXIS2_PLACEMENT_3D('',#6972,#6973,#6974);
#6976=PLANE('',#6975);
#6977=ORIENTED_EDGE('',*,*,#6964,.F.);
#6978=ORIENTED_EDGE('',*,*,#6710,.F.);
#6979=ORIENTED_EDGE('',*,*,#6940,.F.);
#6980=ORIENTED_EDGE('',*,*,#5695,.T.);
#6981=EDGE_LOOP('',(#6977,#6978,#6979,#6980));
#6982=FACE_OUTER_BOUND('',#6981,.F.);
#6984=CARTESIAN_POINT('',(3.916E0,-6.79E-1,-4.4E0));
#6985=DIRECTION('',(0.E0,0.E0,-1.E0));
#6986=DIRECTION('',(1.E0,0.E0,0.E0));
#6987=AXIS2_PLACEMENT_3D('',#6984,#6985,#6986);
#6988=CYLINDRICAL_SURFACE('',#6987,3.51E-1);
#6989=ORIENTED_EDGE('',*,*,#5920,.T.);
#6991=ORIENTED_EDGE('',*,*,#6990,.T.);
#6992=ORIENTED_EDGE('',*,*,#6604,.F.);
#6993=ORIENTED_EDGE('',*,*,#6698,.F.);
#6994=EDGE_LOOP('',(#6989,#6991,#6992,#6993));
#6995=FACE_OUTER_BOUND('',#6994,.F.);
#6997=CARTESIAN_POINT('',(3.565E0,-6.79E-1,-4.4E0));
#6998=DIRECTION('',(-1.E0,0.E0,0.E0));
#6999=DIRECTION('',(0.E0,1.E0,0.E0));
#7000=AXIS2_PLACEMENT_3D('',#6997,#6998,#6999);
#7001=PLANE('',#7000);
#7002=ORIENTED_EDGE('',*,*,#6606,.F.);
#7003=ORIENTED_EDGE('',*,*,#6990,.F.);
#7004=ORIENTED_EDGE('',*,*,#5918,.T.);
#7006=ORIENTED_EDGE('',*,*,#7005,.T.);
#7008=ORIENTED_EDGE('',*,*,#7007,.T.);
#7009=EDGE_LOOP('',(#7002,#7003,#7004,#7006,#7008));
#7010=FACE_OUTER_BOUND('',#7009,.F.);
#7012=CARTESIAN_POINT('',(3.565E0,-2.8E-1,-4.4E0));
#7013=DIRECTION('',(0.E0,1.E0,0.E0));
#7014=DIRECTION('',(1.E0,0.E0,0.E0));
#7015=AXIS2_PLACEMENT_3D('',#7012,#7013,#7014);
#7016=PLANE('',#7015);
#7017=ORIENTED_EDGE('',*,*,#7005,.F.);
#7018=ORIENTED_EDGE('',*,*,#5916,.T.);
#7020=ORIENTED_EDGE('',*,*,#7019,.T.);
#7022=ORIENTED_EDGE('',*,*,#7021,.T.);
#7023=EDGE_LOOP('',(#7017,#7018,#7020,#7022));
#7024=FACE_OUTER_BOUND('',#7023,.F.);
#7026=CARTESIAN_POINT('',(3.765E0,-2.8E-1,-4.4E0));
#7027=DIRECTION('',(1.E0,0.E0,0.E0));
#7028=DIRECTION('',(0.E0,-1.E0,0.E0));
#7029=AXIS2_PLACEMENT_3D('',#7026,#7027,#7028);
#7030=PLANE('',#7029);
#7031=ORIENTED_EDGE('',*,*,#6610,.F.);
#7033=ORIENTED_EDGE('',*,*,#7032,.F.);
#7034=ORIENTED_EDGE('',*,*,#7019,.F.);
#7035=ORIENTED_EDGE('',*,*,#5914,.T.);
#7037=ORIENTED_EDGE('',*,*,#7036,.T.);
#7038=EDGE_LOOP('',(#7031,#7033,#7034,#7035,#7037));
#7039=FACE_OUTER_BOUND('',#7038,.F.);
#7041=CARTESIAN_POINT('',(3.78E0,-2.8E-1,-2.55E0));
#7042=DIRECTION('',(0.E0,-1.E0,0.E0));
#7043=DIRECTION('',(-1.E0,0.E0,0.E0));
#7044=AXIS2_PLACEMENT_3D('',#7041,#7042,#7043);
#7045=PLANE('',#7044);
#7046=ORIENTED_EDGE('',*,*,#6608,.T.);
#7047=ORIENTED_EDGE('',*,*,#7007,.F.);
#7049=ORIENTED_EDGE('',*,*,#7048,.T.);
#7050=ORIENTED_EDGE('',*,*,#5964,.F.);
#7051=ORIENTED_EDGE('',*,*,#6438,.F.);
#7053=ORIENTED_EDGE('',*,*,#7052,.T.);
#7055=ORIENTED_EDGE('',*,*,#7054,.T.);
#7056=ORIENTED_EDGE('',*,*,#7032,.T.);
#7057=EDGE_LOOP('',(#7046,#7047,#7049,#7050,#7051,#7053,#7055,#7056));
#7058=FACE_OUTER_BOUND('',#7057,.F.);
#7060=CARTESIAN_POINT('',(3.799672594249E0,-1.3E-1,-3.6E0));
#7061=DIRECTION('',(-1.E0,0.E0,0.E0));
#7062=DIRECTION('',(0.E0,0.E0,-1.E0));
#7063=AXIS2_PLACEMENT_3D('',#7060,#7061,#7062);
#7064=CYLINDRICAL_SURFACE('',#7063,1.5E-1);
#7065=ORIENTED_EDGE('',*,*,#7021,.F.);
#7066=ORIENTED_EDGE('',*,*,#7054,.F.);
#7068=ORIENTED_EDGE('',*,*,#7067,.T.);
#7069=ORIENTED_EDGE('',*,*,#6541,.T.);
#7070=ORIENTED_EDGE('',*,*,#5966,.T.);
#7071=ORIENTED_EDGE('',*,*,#7048,.F.);
#7072=EDGE_LOOP('',(#7065,#7066,#7068,#7069,#7070,#7071));
#7073=FACE_OUTER_BOUND('',#7072,.F.);
#7075=CARTESIAN_POINT('',(3.78E0,8.3E-1,-4.4E0));
#7076=DIRECTION('',(1.E0,0.E0,0.E0));
#7077=DIRECTION('',(0.E0,-1.E0,0.E0));
#7078=AXIS2_PLACEMENT_3D('',#7075,#7076,#7077);
#7079=PLANE('',#7078);
#7080=ORIENTED_EDGE('',*,*,#6543,.T.);
#7081=ORIENTED_EDGE('',*,*,#7067,.F.);
#7082=ORIENTED_EDGE('',*,*,#7052,.F.);
#7083=ORIENTED_EDGE('',*,*,#6444,.T.);
#7085=ORIENTED_EDGE('',*,*,#7084,.T.);
#7087=ORIENTED_EDGE('',*,*,#7086,.T.);
#7089=ORIENTED_EDGE('',*,*,#7088,.T.);
#7090=ORIENTED_EDGE('',*,*,#6456,.T.);
#7092=ORIENTED_EDGE('',*,*,#7091,.T.);
#7094=ORIENTED_EDGE('',*,*,#7093,.F.);
#7095=EDGE_LOOP('',(#7080,#7081,#7082,#7083,#7085,#7087,#7089,#7090,#7092,
#7094));
#7096=FACE_OUTER_BOUND('',#7095,.F.);
#7098=CARTESIAN_POINT('',(3.855E0,-7.55E-1,-3.475E0));
#7099=DIRECTION('',(-7.071067811865E-1,-7.071067811865E-1,0.E0));
#7100=DIRECTION('',(0.E0,0.E0,-1.E0));
#7101=AXIS2_PLACEMENT_3D('',#7098,#7099,#7100);
#7102=PLANE('',#7101);
#7103=ORIENTED_EDGE('',*,*,#5630,.F.);
#7105=ORIENTED_EDGE('',*,*,#7104,.F.);
#7106=ORIENTED_EDGE('',*,*,#7084,.F.);
#7107=ORIENTED_EDGE('',*,*,#6442,.T.);
#7108=ORIENTED_EDGE('',*,*,#5546,.T.);
#7109=EDGE_LOOP('',(#7103,#7105,#7106,#7107,#7108));
#7110=FACE_OUTER_BOUND('',#7109,.F.);
#7112=CARTESIAN_POINT('',(3.855E0,0.E0,-4.325E0));
#7113=DIRECTION('',(-7.071067811865E-1,0.E0,-7.071067811866E-1));
#7114=DIRECTION('',(0.E0,-1.E0,0.E0));
#7115=AXIS2_PLACEMENT_3D('',#7112,#7113,#7114);
#7116=PLANE('',#7115);
#7117=ORIENTED_EDGE('',*,*,#7104,.T.);
#7118=ORIENTED_EDGE('',*,*,#5909,.T.);
#7120=ORIENTED_EDGE('',*,*,#7119,.F.);
#7121=ORIENTED_EDGE('',*,*,#7086,.F.);
#7122=EDGE_LOOP('',(#7117,#7118,#7120,#7121));
#7123=FACE_OUTER_BOUND('',#7122,.F.);
#7125=CARTESIAN_POINT('',(3.855E0,7.55E-1,-3.475E0));
#7126=DIRECTION('',(-7.071067811865E-1,7.071067811865E-1,0.E0));
#7127=DIRECTION('',(0.E0,0.E0,-1.E0));
#7128=AXIS2_PLACEMENT_3D('',#7125,#7126,#7127);
#7129=PLANE('',#7128);
#7130=ORIENTED_EDGE('',*,*,#7119,.T.);
#7131=ORIENTED_EDGE('',*,*,#5993,.T.);
#7132=ORIENTED_EDGE('',*,*,#6458,.T.);
#7133=ORIENTED_EDGE('',*,*,#7088,.F.);
#7134=EDGE_LOOP('',(#7130,#7131,#7132,#7133));
#7135=FACE_OUTER_BOUND('',#7134,.F.);
#7137=CARTESIAN_POINT('',(3.55E0,3.2E-1,-2.55E0));
#7138=DIRECTION('',(0.E0,1.E0,0.E0));
#7139=DIRECTION('',(1.E0,0.E0,0.E0));
#7140=AXIS2_PLACEMENT_3D('',#7137,#7138,#7139);
#7141=PLANE('',#7140);
#7143=ORIENTED_EDGE('',*,*,#7142,.T.);
#7144=ORIENTED_EDGE('',*,*,#7091,.F.);
#7145=ORIENTED_EDGE('',*,*,#6454,.F.);
#7147=ORIENTED_EDGE('',*,*,#7146,.T.);
#7148=ORIENTED_EDGE('',*,*,#5972,.T.);
#7149=EDGE_LOOP('',(#7143,#7144,#7145,#7147,#7148));
#7150=FACE_OUTER_BOUND('',#7149,.F.);
#7152=CARTESIAN_POINT('',(3.529540246513E0,1.7E-1,-3.6E0));
#7153=DIRECTION('',(1.E0,0.E0,0.E0));
#7154=DIRECTION('',(0.E0,0.E0,-1.E0));
#7155=AXIS2_PLACEMENT_3D('',#7152,#7153,#7154);
#7156=CYLINDRICAL_SURFACE('',#7155,1.5E-1);
#7157=ORIENTED_EDGE('',*,*,#5970,.T.);
#7158=ORIENTED_EDGE('',*,*,#6538,.T.);
#7159=ORIENTED_EDGE('',*,*,#7093,.T.);
#7160=ORIENTED_EDGE('',*,*,#7142,.F.);
#7161=EDGE_LOOP('',(#7157,#7158,#7159,#7160));
#7162=FACE_OUTER_BOUND('',#7161,.F.);
#7164=CARTESIAN_POINT('',(3.55E0,1.3E-1,0.E0));
#7165=DIRECTION('',(1.E0,0.E0,0.E0));
#7166=DIRECTION('',(0.E0,1.E0,0.E0));
#7167=AXIS2_PLACEMENT_3D('',#7164,#7165,#7166);
#7168=PLANE('',#7167);
#7169=ORIENTED_EDGE('',*,*,#6370,.T.);
#7171=ORIENTED_EDGE('',*,*,#7170,.T.);
#7172=ORIENTED_EDGE('',*,*,#7146,.F.);
#7173=ORIENTED_EDGE('',*,*,#6462,.T.);
#7175=ORIENTED_EDGE('',*,*,#7174,.F.);
#7177=ORIENTED_EDGE('',*,*,#7176,.F.);
#7178=ORIENTED_EDGE('',*,*,#6238,.T.);
#7179=EDGE_LOOP('',(#7169,#7171,#7172,#7173,#7175,#7177,#7178));
#7180=FACE_OUTER_BOUND('',#7179,.F.);
#7182=CARTESIAN_POINT('',(0.E0,0.E0,-3.39E0));
#7183=DIRECTION('',(0.E0,0.E0,1.E0));
#7184=DIRECTION('',(-1.E0,0.E0,0.E0));
#7185=AXIS2_PLACEMENT_3D('',#7182,#7183,#7184);
#7186=PLANE('',#7185);
#7188=ORIENTED_EDGE('',*,*,#7187,.T.);
#7190=ORIENTED_EDGE('',*,*,#7189,.F.);
#7192=ORIENTED_EDGE('',*,*,#7191,.F.);
#7194=ORIENTED_EDGE('',*,*,#7193,.F.);
#7195=ORIENTED_EDGE('',*,*,#5974,.T.);
#7196=ORIENTED_EDGE('',*,*,#7170,.F.);
#7197=ORIENTED_EDGE('',*,*,#6368,.F.);
#7198=ORIENTED_EDGE('',*,*,#6389,.T.);
#7199=ORIENTED_EDGE('',*,*,#6202,.F.);
#7201=ORIENTED_EDGE('',*,*,#7200,.F.);
#7203=ORIENTED_EDGE('',*,*,#7202,.T.);
#7205=ORIENTED_EDGE('',*,*,#7204,.F.);
#7207=ORIENTED_EDGE('',*,*,#7206,.F.);
#7209=ORIENTED_EDGE('',*,*,#7208,.F.);
#7211=ORIENTED_EDGE('',*,*,#7210,.T.);
#7213=ORIENTED_EDGE('',*,*,#7212,.T.);
#7215=ORIENTED_EDGE('',*,*,#7214,.F.);
#7217=ORIENTED_EDGE('',*,*,#7216,.F.);
#7219=ORIENTED_EDGE('',*,*,#7218,.T.);
#7221=ORIENTED_EDGE('',*,*,#7220,.F.);
#7223=ORIENTED_EDGE('',*,*,#7222,.F.);
#7225=ORIENTED_EDGE('',*,*,#7224,.F.);
#7227=ORIENTED_EDGE('',*,*,#7226,.T.);
#7229=ORIENTED_EDGE('',*,*,#7228,.F.);
#7231=ORIENTED_EDGE('',*,*,#7230,.F.);
#7233=ORIENTED_EDGE('',*,*,#7232,.F.);
#7235=ORIENTED_EDGE('',*,*,#7234,.T.);
#7237=ORIENTED_EDGE('',*,*,#7236,.F.);
#7239=ORIENTED_EDGE('',*,*,#7238,.F.);
#7241=ORIENTED_EDGE('',*,*,#7240,.F.);
#7243=ORIENTED_EDGE('',*,*,#7242,.T.);
#7245=ORIENTED_EDGE('',*,*,#7244,.F.);
#7247=ORIENTED_EDGE('',*,*,#7246,.F.);
#7249=ORIENTED_EDGE('',*,*,#7248,.F.);
#7251=ORIENTED_EDGE('',*,*,#7250,.T.);
#7253=ORIENTED_EDGE('',*,*,#7252,.F.);
#7255=ORIENTED_EDGE('',*,*,#7254,.F.);
#7257=ORIENTED_EDGE('',*,*,#7256,.F.);
#7259=ORIENTED_EDGE('',*,*,#7258,.T.);
#7261=ORIENTED_EDGE('',*,*,#7260,.F.);
#7263=ORIENTED_EDGE('',*,*,#7262,.F.);
#7265=ORIENTED_EDGE('',*,*,#7264,.F.);
#7267=ORIENTED_EDGE('',*,*,#7266,.T.);
#7269=ORIENTED_EDGE('',*,*,#7268,.F.);
#7271=ORIENTED_EDGE('',*,*,#7270,.F.);
#7273=ORIENTED_EDGE('',*,*,#7272,.F.);
#7275=ORIENTED_EDGE('',*,*,#7274,.T.);
#7277=ORIENTED_EDGE('',*,*,#7276,.F.);
#7279=ORIENTED_EDGE('',*,*,#7278,.F.);
#7281=ORIENTED_EDGE('',*,*,#7280,.F.);
#7283=ORIENTED_EDGE('',*,*,#7282,.T.);
#7285=ORIENTED_EDGE('',*,*,#7284,.F.);
#7287=ORIENTED_EDGE('',*,*,#7286,.F.);
#7289=ORIENTED_EDGE('',*,*,#7288,.F.);
#7291=ORIENTED_EDGE('',*,*,#7290,.T.);
#7293=ORIENTED_EDGE('',*,*,#7292,.F.);
#7295=ORIENTED_EDGE('',*,*,#7294,.F.);
#7297=ORIENTED_EDGE('',*,*,#7296,.F.);
#7298=EDGE_LOOP('',(#7188,#7190,#7192,#7194,#7195,#7196,#7197,#7198,#7199,#7201,
#7203,#7205,#7207,#7209,#7211,#7213,#7215,#7217,#7219,#7221,#7223,#7225,#7227,
#7229,#7231,#7233,#7235,#7237,#7239,#7241,#7243,#7245,#7247,#7249,#7251,#7253,
#7255,#7257,#7259,#7261,#7263,#7265,#7267,#7269,#7271,#7273,#7275,#7277,#7279,
#7281,#7283,#7285,#7287,#7289,#7291,#7293,#7295,#7297));
#7299=FACE_OUTER_BOUND('',#7298,.F.);
#7301=CARTESIAN_POINT('',(2.9E0,0.E0,0.E0));
#7302=DIRECTION('',(-1.E0,0.E0,0.E0));
#7303=DIRECTION('',(0.E0,0.E0,-1.E0));
#7304=AXIS2_PLACEMENT_3D('',#7301,#7302,#7303);
#7305=PLANE('',#7304);
#7306=ORIENTED_EDGE('',*,*,#5846,.F.);
#7308=ORIENTED_EDGE('',*,*,#7307,.F.);
#7310=ORIENTED_EDGE('',*,*,#7309,.F.);
#7312=ORIENTED_EDGE('',*,*,#7311,.F.);
#7314=ORIENTED_EDGE('',*,*,#7313,.F.);
#7316=ORIENTED_EDGE('',*,*,#7315,.F.);
#7317=EDGE_LOOP('',(#7306,#7308,#7310,#7312,#7314,#7316));
#7318=FACE_OUTER_BOUND('',#7317,.F.);
#7320=CARTESIAN_POINT('',(2.9E0,0.E0,0.E0));
#7321=DIRECTION('',(-1.E0,0.E0,0.E0));
#7322=DIRECTION('',(0.E0,0.E0,-1.E0));
#7323=AXIS2_PLACEMENT_3D('',#7320,#7321,#7322);
#7324=PLANE('',#7323);
#7326=ORIENTED_EDGE('',*,*,#7325,.T.);
#7328=ORIENTED_EDGE('',*,*,#7327,.F.);
#7330=ORIENTED_EDGE('',*,*,#7329,.F.);
#7332=ORIENTED_EDGE('',*,*,#7331,.F.);
#7333=ORIENTED_EDGE('',*,*,#7187,.F.);
#7334=EDGE_LOOP('',(#7326,#7328,#7330,#7332,#7333));
#7335=FACE_OUTER_BOUND('',#7334,.F.);
#7337=CARTESIAN_POINT('',(2.9E0,-1.05E0,-4.6E0));
#7338=DIRECTION('',(0.E0,-7.071067811865E-1,7.071067811865E-1));
#7339=DIRECTION('',(0.E0,7.071067811865E-1,7.071067811865E-1));
#7340=AXIS2_PLACEMENT_3D('',#7337,#7338,#7339);
#7341=PLANE('',#7340);
#7342=ORIENTED_EDGE('',*,*,#5852,.F.);
#7344=ORIENTED_EDGE('',*,*,#7343,.F.);
#7346=ORIENTED_EDGE('',*,*,#7345,.F.);
#7347=ORIENTED_EDGE('',*,*,#7307,.T.);
#7348=EDGE_LOOP('',(#7342,#7344,#7346,#7347));
#7349=FACE_OUTER_BOUND('',#7348,.F.);
#7351=CARTESIAN_POINT('',(3.1E0,0.E0,0.E0));
#7352=DIRECTION('',(-1.E0,0.E0,0.E0));
#7353=DIRECTION('',(0.E0,0.E0,-1.E0));
#7354=AXIS2_PLACEMENT_3D('',#7351,#7352,#7353);
#7355=PLANE('',#7354);
#7356=ORIENTED_EDGE('',*,*,#5850,.T.);
#7358=ORIENTED_EDGE('',*,*,#7357,.T.);
#7360=ORIENTED_EDGE('',*,*,#7359,.T.);
#7362=ORIENTED_EDGE('',*,*,#7361,.T.);
#7364=ORIENTED_EDGE('',*,*,#7363,.T.);
#7365=ORIENTED_EDGE('',*,*,#7343,.T.);
#7366=EDGE_LOOP('',(#7356,#7358,#7360,#7362,#7364,#7365));
#7367=FACE_OUTER_BOUND('',#7366,.F.);
#7369=CARTESIAN_POINT('',(3.1E0,0.E0,0.E0));
#7370=DIRECTION('',(-1.E0,0.E0,0.E0));
#7371=DIRECTION('',(0.E0,0.E0,-1.E0));
#7372=AXIS2_PLACEMENT_3D('',#7369,#7370,#7371);
#7373=PLANE('',#7372);
#7375=ORIENTED_EDGE('',*,*,#7374,.F.);
#7376=ORIENTED_EDGE('',*,*,#7191,.T.);
#7378=ORIENTED_EDGE('',*,*,#7377,.T.);
#7380=ORIENTED_EDGE('',*,*,#7379,.T.);
#7382=ORIENTED_EDGE('',*,*,#7381,.T.);
#7383=EDGE_LOOP('',(#7375,#7376,#7378,#7380,#7382));
#7384=FACE_OUTER_BOUND('',#7383,.F.);
#7386=CARTESIAN_POINT('',(2.9E0,-4.2E-1,-4.4E0));
#7387=DIRECTION('',(0.E0,7.071067811865E-1,-7.071067811865E-1));
#7388=DIRECTION('',(0.E0,-7.071067811865E-1,-7.071067811865E-1));
#7389=AXIS2_PLACEMENT_3D('',#7386,#7387,#7388);
#7390=PLANE('',#7389);
#7391=ORIENTED_EDGE('',*,*,#5848,.T.);
#7392=ORIENTED_EDGE('',*,*,#7315,.T.);
#7394=ORIENTED_EDGE('',*,*,#7393,.T.);
#7395=ORIENTED_EDGE('',*,*,#7357,.F.);
#7396=EDGE_LOOP('',(#7391,#7392,#7394,#7395));
#7397=FACE_OUTER_BOUND('',#7396,.F.);
#7399=CARTESIAN_POINT('',(2.9E0,-7.5E-1,-4.73E0));
#7400=DIRECTION('',(0.E0,1.E0,0.E0));
#7401=DIRECTION('',(0.E0,0.E0,-1.E0));
#7402=AXIS2_PLACEMENT_3D('',#7399,#7400,#7401);
#7403=PLANE('',#7402);
#7404=ORIENTED_EDGE('',*,*,#7313,.T.);
#7406=ORIENTED_EDGE('',*,*,#7405,.T.);
#7407=ORIENTED_EDGE('',*,*,#7359,.F.);
#7408=ORIENTED_EDGE('',*,*,#7393,.F.);
#7409=EDGE_LOOP('',(#7404,#7406,#7407,#7408));
#7410=FACE_OUTER_BOUND('',#7409,.F.);
#7412=CARTESIAN_POINT('',(2.9E0,-7.5E-1,-5.1E0));
#7413=DIRECTION('',(0.E0,0.E0,-1.E0));
#7414=DIRECTION('',(0.E0,-1.E0,0.E0));
#7415=AXIS2_PLACEMENT_3D('',#7412,#7413,#7414);
#7416=PLANE('',#7415);
#7417=ORIENTED_EDGE('',*,*,#7311,.T.);
#7419=ORIENTED_EDGE('',*,*,#7418,.T.);
#7420=ORIENTED_EDGE('',*,*,#7361,.F.);
#7421=ORIENTED_EDGE('',*,*,#7405,.F.);
#7422=EDGE_LOOP('',(#7417,#7419,#7420,#7421));
#7423=FACE_OUTER_BOUND('',#7422,.F.);
#7425=CARTESIAN_POINT('',(2.9E0,-1.05E0,-5.1E0));
#7426=DIRECTION('',(0.E0,-1.E0,0.E0));
#7427=DIRECTION('',(0.E0,0.E0,1.E0));
#7428=AXIS2_PLACEMENT_3D('',#7425,#7426,#7427);
#7429=PLANE('',#7428);
#7430=ORIENTED_EDGE('',*,*,#7309,.T.);
#7431=ORIENTED_EDGE('',*,*,#7345,.T.);
#7432=ORIENTED_EDGE('',*,*,#7363,.F.);
#7433=ORIENTED_EDGE('',*,*,#7418,.F.);
#7434=EDGE_LOOP('',(#7430,#7431,#7432,#7433));
#7435=FACE_OUTER_BOUND('',#7434,.F.);
#7437=CARTESIAN_POINT('',(0.E0,4.5E-1,-4.4E0));
#7438=DIRECTION('',(0.E0,-1.E0,0.E0));
#7439=DIRECTION('',(-1.E0,0.E0,0.E0));
#7440=AXIS2_PLACEMENT_3D('',#7437,#7438,#7439);
#7441=PLANE('',#7440);
#7442=ORIENTED_EDGE('',*,*,#7325,.F.);
#7443=ORIENTED_EDGE('',*,*,#7296,.T.);
#7445=ORIENTED_EDGE('',*,*,#7444,.T.);
#7447=ORIENTED_EDGE('',*,*,#7446,.T.);
#7449=ORIENTED_EDGE('',*,*,#7448,.F.);
#7450=ORIENTED_EDGE('',*,*,#7288,.T.);
#7452=ORIENTED_EDGE('',*,*,#7451,.T.);
#7454=ORIENTED_EDGE('',*,*,#7453,.T.);
#7456=ORIENTED_EDGE('',*,*,#7455,.F.);
#7457=ORIENTED_EDGE('',*,*,#7280,.T.);
#7459=ORIENTED_EDGE('',*,*,#7458,.T.);
#7461=ORIENTED_EDGE('',*,*,#7460,.T.);
#7463=ORIENTED_EDGE('',*,*,#7462,.F.);
#7464=ORIENTED_EDGE('',*,*,#7272,.T.);
#7466=ORIENTED_EDGE('',*,*,#7465,.T.);
#7468=ORIENTED_EDGE('',*,*,#7467,.T.);
#7470=ORIENTED_EDGE('',*,*,#7469,.F.);
#7471=ORIENTED_EDGE('',*,*,#7264,.T.);
#7473=ORIENTED_EDGE('',*,*,#7472,.T.);
#7475=ORIENTED_EDGE('',*,*,#7474,.T.);
#7477=ORIENTED_EDGE('',*,*,#7476,.F.);
#7478=ORIENTED_EDGE('',*,*,#7256,.T.);
#7480=ORIENTED_EDGE('',*,*,#7479,.T.);
#7482=ORIENTED_EDGE('',*,*,#7481,.T.);
#7484=ORIENTED_EDGE('',*,*,#7483,.F.);
#7485=ORIENTED_EDGE('',*,*,#7248,.T.);
#7487=ORIENTED_EDGE('',*,*,#7486,.T.);
#7489=ORIENTED_EDGE('',*,*,#7488,.T.);
#7491=ORIENTED_EDGE('',*,*,#7490,.F.);
#7492=ORIENTED_EDGE('',*,*,#7240,.T.);
#7494=ORIENTED_EDGE('',*,*,#7493,.T.);
#7496=ORIENTED_EDGE('',*,*,#7495,.T.);
#7498=ORIENTED_EDGE('',*,*,#7497,.F.);
#7499=ORIENTED_EDGE('',*,*,#7232,.T.);
#7501=ORIENTED_EDGE('',*,*,#7500,.T.);
#7503=ORIENTED_EDGE('',*,*,#7502,.T.);
#7505=ORIENTED_EDGE('',*,*,#7504,.F.);
#7506=ORIENTED_EDGE('',*,*,#7224,.T.);
#7508=ORIENTED_EDGE('',*,*,#7507,.T.);
#7510=ORIENTED_EDGE('',*,*,#7509,.T.);
#7512=ORIENTED_EDGE('',*,*,#7511,.F.);
#7513=ORIENTED_EDGE('',*,*,#7216,.T.);
#7515=ORIENTED_EDGE('',*,*,#7514,.T.);
#7517=ORIENTED_EDGE('',*,*,#7516,.F.);
#7519=ORIENTED_EDGE('',*,*,#7518,.F.);
#7520=ORIENTED_EDGE('',*,*,#7208,.T.);
#7522=ORIENTED_EDGE('',*,*,#7521,.T.);
#7524=ORIENTED_EDGE('',*,*,#7523,.T.);
#7526=ORIENTED_EDGE('',*,*,#7525,.F.);
#7527=ORIENTED_EDGE('',*,*,#7200,.T.);
#7528=ORIENTED_EDGE('',*,*,#6200,.F.);
#7529=ORIENTED_EDGE('',*,*,#6395,.F.);
#7531=ORIENTED_EDGE('',*,*,#7530,.F.);
#7532=ORIENTED_EDGE('',*,*,#7174,.T.);
#7533=ORIENTED_EDGE('',*,*,#5976,.T.);
#7534=ORIENTED_EDGE('',*,*,#7193,.T.);
#7535=ORIENTED_EDGE('',*,*,#7374,.T.);
#7537=ORIENTED_EDGE('',*,*,#7536,.T.);
#7538=EDGE_LOOP('',(#7442,#7443,#7445,#7447,#7449,#7450,#7452,#7454,#7456,#7457,
#7459,#7461,#7463,#7464,#7466,#7468,#7470,#7471,#7473,#7475,#7477,#7478,#7480,
#7482,#7484,#7485,#7487,#7489,#7491,#7492,#7494,#7496,#7498,#7499,#7501,#7503,
#7505,#7506,#7508,#7510,#7512,#7513,#7515,#7517,#7519,#7520,#7522,#7524,#7526,
#7527,#7528,#7529,#7531,#7532,#7533,#7534,#7535,#7537));
#7539=FACE_OUTER_BOUND('',#7538,.F.);
#7541=CARTESIAN_POINT('',(2.6E0,0.E0,0.E0));
#7542=DIRECTION('',(-1.E0,0.E0,0.E0));
#7543=DIRECTION('',(0.E0,0.E0,-1.E0));
#7544=AXIS2_PLACEMENT_3D('',#7541,#7542,#7543);
#7545=PLANE('',#7544);
#7546=ORIENTED_EDGE('',*,*,#5840,.T.);
#7548=ORIENTED_EDGE('',*,*,#7547,.T.);
#7550=ORIENTED_EDGE('',*,*,#7549,.T.);
#7552=ORIENTED_EDGE('',*,*,#7551,.T.);
#7554=ORIENTED_EDGE('',*,*,#7553,.T.);
#7556=ORIENTED_EDGE('',*,*,#7555,.T.);
#7557=EDGE_LOOP('',(#7546,#7548,#7550,#7552,#7554,#7556));
#7558=FACE_OUTER_BOUND('',#7557,.F.);
#7560=CARTESIAN_POINT('',(2.6E0,0.E0,0.E0));
#7561=DIRECTION('',(-1.E0,0.E0,0.E0));
#7562=DIRECTION('',(0.E0,0.E0,-1.E0));
#7563=AXIS2_PLACEMENT_3D('',#7560,#7561,#7562);
#7564=PLANE('',#7563);
#7565=ORIENTED_EDGE('',*,*,#7444,.F.);
#7566=ORIENTED_EDGE('',*,*,#7294,.T.);
#7568=ORIENTED_EDGE('',*,*,#7567,.T.);
#7570=ORIENTED_EDGE('',*,*,#7569,.T.);
#7572=ORIENTED_EDGE('',*,*,#7571,.T.);
#7573=EDGE_LOOP('',(#7565,#7566,#7568,#7570,#7572));
#7574=FACE_OUTER_BOUND('',#7573,.F.);
#7576=CARTESIAN_POINT('',(2.4E0,-4.2E-1,-4.4E0));
#7577=DIRECTION('',(0.E0,7.071067811865E-1,-7.071067811865E-1));
#7578=DIRECTION('',(0.E0,-7.071067811865E-1,-7.071067811865E-1));
#7579=AXIS2_PLACEMENT_3D('',#7576,#7577,#7578);
#7580=PLANE('',#7579);
#7581=ORIENTED_EDGE('',*,*,#5838,.T.);
#7583=ORIENTED_EDGE('',*,*,#7582,.T.);
#7585=ORIENTED_EDGE('',*,*,#7584,.T.);
#7586=ORIENTED_EDGE('',*,*,#7547,.F.);
#7587=EDGE_LOOP('',(#7581,#7583,#7585,#7586));
#7588=FACE_OUTER_BOUND('',#7587,.F.);
#7590=CARTESIAN_POINT('',(2.4E0,0.E0,0.E0));
#7591=DIRECTION('',(-1.E0,0.E0,0.E0));
#7592=DIRECTION('',(0.E0,0.E0,-1.E0));
#7593=AXIS2_PLACEMENT_3D('',#7590,#7591,#7592);
#7594=PLANE('',#7593);
#7595=ORIENTED_EDGE('',*,*,#5836,.F.);
#7597=ORIENTED_EDGE('',*,*,#7596,.F.);
#7599=ORIENTED_EDGE('',*,*,#7598,.F.);
#7601=ORIENTED_EDGE('',*,*,#7600,.F.);
#7603=ORIENTED_EDGE('',*,*,#7602,.F.);
#7604=ORIENTED_EDGE('',*,*,#7582,.F.);
#7605=EDGE_LOOP('',(#7595,#7597,#7599,#7601,#7603,#7604));
#7606=FACE_OUTER_BOUND('',#7605,.F.);
#7608=CARTESIAN_POINT('',(2.4E0,0.E0,0.E0));
#7609=DIRECTION('',(-1.E0,0.E0,0.E0));
#7610=DIRECTION('',(0.E0,0.E0,-1.E0));
#7611=AXIS2_PLACEMENT_3D('',#7608,#7609,#7610);
#7612=PLANE('',#7611);
#7613=ORIENTED_EDGE('',*,*,#7448,.T.);
#7615=ORIENTED_EDGE('',*,*,#7614,.F.);
#7617=ORIENTED_EDGE('',*,*,#7616,.F.);
#7619=ORIENTED_EDGE('',*,*,#7618,.F.);
#7620=ORIENTED_EDGE('',*,*,#7290,.F.);
#7621=EDGE_LOOP('',(#7613,#7615,#7617,#7619,#7620));
#7622=FACE_OUTER_BOUND('',#7621,.F.);
#7624=CARTESIAN_POINT('',(2.4E0,-1.05E0,-4.6E0));
#7625=DIRECTION('',(0.E0,-7.071067811865E-1,7.071067811865E-1));
#7626=DIRECTION('',(0.E0,7.071067811865E-1,7.071067811865E-1));
#7627=AXIS2_PLACEMENT_3D('',#7624,#7625,#7626);
#7628=PLANE('',#7627);
#7629=ORIENTED_EDGE('',*,*,#5842,.F.);
#7630=ORIENTED_EDGE('',*,*,#7555,.F.);
#7632=ORIENTED_EDGE('',*,*,#7631,.F.);
#7633=ORIENTED_EDGE('',*,*,#7596,.T.);
#7634=EDGE_LOOP('',(#7629,#7630,#7632,#7633));
#7635=FACE_OUTER_BOUND('',#7634,.F.);
#7637=CARTESIAN_POINT('',(2.4E0,-1.05E0,-5.1E0));
#7638=DIRECTION('',(0.E0,-1.E0,0.E0));
#7639=DIRECTION('',(0.E0,0.E0,1.E0));
#7640=AXIS2_PLACEMENT_3D('',#7637,#7638,#7639);
#7641=PLANE('',#7640);
#7642=ORIENTED_EDGE('',*,*,#7598,.T.);
#7643=ORIENTED_EDGE('',*,*,#7631,.T.);
#7644=ORIENTED_EDGE('',*,*,#7553,.F.);
#7646=ORIENTED_EDGE('',*,*,#7645,.F.);
#7647=EDGE_LOOP('',(#7642,#7643,#7644,#7646));
#7648=FACE_OUTER_BOUND('',#7647,.F.);
#7650=CARTESIAN_POINT('',(2.4E0,-7.5E-1,-5.1E0));
#7651=DIRECTION('',(0.E0,0.E0,-1.E0));
#7652=DIRECTION('',(0.E0,-1.E0,0.E0));
#7653=AXIS2_PLACEMENT_3D('',#7650,#7651,#7652);
#7654=PLANE('',#7653);
#7655=ORIENTED_EDGE('',*,*,#7600,.T.);
#7656=ORIENTED_EDGE('',*,*,#7645,.T.);
#7657=ORIENTED_EDGE('',*,*,#7551,.F.);
#7659=ORIENTED_EDGE('',*,*,#7658,.F.);
#7660=EDGE_LOOP('',(#7655,#7656,#7657,#7659));
#7661=FACE_OUTER_BOUND('',#7660,.F.);
#7663=CARTESIAN_POINT('',(2.4E0,-7.5E-1,-4.73E0));
#7664=DIRECTION('',(0.E0,1.E0,0.E0));
#7665=DIRECTION('',(0.E0,0.E0,-1.E0));
#7666=AXIS2_PLACEMENT_3D('',#7663,#7664,#7665);
#7667=PLANE('',#7666);
#7668=ORIENTED_EDGE('',*,*,#7602,.T.);
#7669=ORIENTED_EDGE('',*,*,#7658,.T.);
#7670=ORIENTED_EDGE('',*,*,#7549,.F.);
#7671=ORIENTED_EDGE('',*,*,#7584,.F.);
#7672=EDGE_LOOP('',(#7668,#7669,#7670,#7671));
#7673=FACE_OUTER_BOUND('',#7672,.F.);
#7675=CARTESIAN_POINT('',(2.4E0,3.781801907155E-1,-1.716957743571E0));
#7676=DIRECTION('',(0.E0,-9.067682527413E-1,4.216293820650E-1));
#7677=DIRECTION('',(0.E0,4.216293820650E-1,9.067682527413E-1));
#7678=AXIS2_PLACEMENT_3D('',#7675,#7676,#7677);
#7679=PLANE('',#7678);
#7680=ORIENTED_EDGE('',*,*,#7446,.F.);
#7681=ORIENTED_EDGE('',*,*,#7571,.F.);
#7683=ORIENTED_EDGE('',*,*,#7682,.F.);
#7684=ORIENTED_EDGE('',*,*,#7614,.T.);
#7685=EDGE_LOOP('',(#7680,#7681,#7683,#7684));
#7686=FACE_OUTER_BOUND('',#7685,.F.);
#7688=CARTESIAN_POINT('',(2.4E0,5.55E-1,-1.799175473074E0));
#7689=DIRECTION('',(-1.E0,0.E0,0.E0));
#7690=DIRECTION('',(0.E0,0.E0,-1.E0));
#7691=AXIS2_PLACEMENT_3D('',#7688,#7689,#7690);
#7692=CYLINDRICAL_SURFACE('',#7691,1.95E-1);
#7693=ORIENTED_EDGE('',*,*,#7616,.T.);
#7694=ORIENTED_EDGE('',*,*,#7682,.T.);
#7695=ORIENTED_EDGE('',*,*,#7569,.F.);
#7697=ORIENTED_EDGE('',*,*,#7696,.F.);
#7698=EDGE_LOOP('',(#7693,#7694,#7695,#7697));
#7699=FACE_OUTER_BOUND('',#7698,.F.);
#7701=CARTESIAN_POINT('',(2.4E0,4.413750317050E-1,-3.39E0));
#7702=DIRECTION('',(0.E0,-9.986860302749E-1,-5.124658948458E-2));
#7703=DIRECTION('',(0.E0,-5.124658948458E-2,9.986860302749E-1));
#7704=AXIS2_PLACEMENT_3D('',#7701,#7702,#7703);
#7705=PLANE('',#7704);
#7706=ORIENTED_EDGE('',*,*,#7292,.T.);
#7707=ORIENTED_EDGE('',*,*,#7618,.T.);
#7708=ORIENTED_EDGE('',*,*,#7696,.T.);
#7709=ORIENTED_EDGE('',*,*,#7567,.F.);
#7710=EDGE_LOOP('',(#7706,#7707,#7708,#7709));
#7711=FACE_OUTER_BOUND('',#7710,.F.);
#7713=CARTESIAN_POINT('',(2.1E0,0.E0,0.E0));
#7714=DIRECTION('',(-1.E0,0.E0,0.E0));
#7715=DIRECTION('',(0.E0,0.E0,-1.E0));
#7716=AXIS2_PLACEMENT_3D('',#7713,#7714,#7715);
#7717=PLANE('',#7716);
#7718=ORIENTED_EDGE('',*,*,#5830,.T.);
#7720=ORIENTED_EDGE('',*,*,#7719,.T.);
#7722=ORIENTED_EDGE('',*,*,#7721,.T.);
#7724=ORIENTED_EDGE('',*,*,#7723,.T.);
#7726=ORIENTED_EDGE('',*,*,#7725,.T.);
#7728=ORIENTED_EDGE('',*,*,#7727,.T.);
#7729=EDGE_LOOP('',(#7718,#7720,#7722,#7724,#7726,#7728));
#7730=FACE_OUTER_BOUND('',#7729,.F.);
#7732=CARTESIAN_POINT('',(2.1E0,0.E0,0.E0));
#7733=DIRECTION('',(-1.E0,0.E0,0.E0));
#7734=DIRECTION('',(0.E0,0.E0,-1.E0));
#7735=AXIS2_PLACEMENT_3D('',#7732,#7733,#7734);
#7736=PLANE('',#7735);
#7737=ORIENTED_EDGE('',*,*,#7451,.F.);
#7738=ORIENTED_EDGE('',*,*,#7286,.T.);
#7740=ORIENTED_EDGE('',*,*,#7739,.T.);
#7742=ORIENTED_EDGE('',*,*,#7741,.T.);
#7744=ORIENTED_EDGE('',*,*,#7743,.T.);
#7745=EDGE_LOOP('',(#7737,#7738,#7740,#7742,#7744));
#7746=FACE_OUTER_BOUND('',#7745,.F.);
#7748=CARTESIAN_POINT('',(1.9E0,-4.2E-1,-4.4E0));
#7749=DIRECTION('',(0.E0,7.071067811865E-1,-7.071067811865E-1));
#7750=DIRECTION('',(0.E0,-7.071067811865E-1,-7.071067811865E-1));
#7751=AXIS2_PLACEMENT_3D('',#7748,#7749,#7750);
#7752=PLANE('',#7751);
#7753=ORIENTED_EDGE('',*,*,#5828,.T.);
#7755=ORIENTED_EDGE('',*,*,#7754,.T.);
#7757=ORIENTED_EDGE('',*,*,#7756,.T.);
#7758=ORIENTED_EDGE('',*,*,#7719,.F.);
#7759=EDGE_LOOP('',(#7753,#7755,#7757,#7758));
#7760=FACE_OUTER_BOUND('',#7759,.F.);
#7762=CARTESIAN_POINT('',(1.9E0,0.E0,0.E0));
#7763=DIRECTION('',(-1.E0,0.E0,0.E0));
#7764=DIRECTION('',(0.E0,0.E0,-1.E0));
#7765=AXIS2_PLACEMENT_3D('',#7762,#7763,#7764);
#7766=PLANE('',#7765);
#7767=ORIENTED_EDGE('',*,*,#5826,.F.);
#7769=ORIENTED_EDGE('',*,*,#7768,.F.);
#7771=ORIENTED_EDGE('',*,*,#7770,.F.);
#7773=ORIENTED_EDGE('',*,*,#7772,.F.);
#7775=ORIENTED_EDGE('',*,*,#7774,.F.);
#7776=ORIENTED_EDGE('',*,*,#7754,.F.);
#7777=EDGE_LOOP('',(#7767,#7769,#7771,#7773,#7775,#7776));
#7778=FACE_OUTER_BOUND('',#7777,.F.);
#7780=CARTESIAN_POINT('',(1.9E0,0.E0,0.E0));
#7781=DIRECTION('',(-1.E0,0.E0,0.E0));
#7782=DIRECTION('',(0.E0,0.E0,-1.E0));
#7783=AXIS2_PLACEMENT_3D('',#7780,#7781,#7782);
#7784=PLANE('',#7783);
#7785=ORIENTED_EDGE('',*,*,#7455,.T.);
#7787=ORIENTED_EDGE('',*,*,#7786,.F.);
#7789=ORIENTED_EDGE('',*,*,#7788,.F.);
#7791=ORIENTED_EDGE('',*,*,#7790,.F.);
#7792=ORIENTED_EDGE('',*,*,#7282,.F.);
#7793=EDGE_LOOP('',(#7785,#7787,#7789,#7791,#7792));
#7794=FACE_OUTER_BOUND('',#7793,.F.);
#7796=CARTESIAN_POINT('',(1.9E0,-1.05E0,-4.6E0));
#7797=DIRECTION('',(0.E0,-7.071067811865E-1,7.071067811865E-1));
#7798=DIRECTION('',(0.E0,7.071067811865E-1,7.071067811865E-1));
#7799=AXIS2_PLACEMENT_3D('',#7796,#7797,#7798);
#7800=PLANE('',#7799);
#7801=ORIENTED_EDGE('',*,*,#5832,.F.);
#7802=ORIENTED_EDGE('',*,*,#7727,.F.);
#7804=ORIENTED_EDGE('',*,*,#7803,.F.);
#7805=ORIENTED_EDGE('',*,*,#7768,.T.);
#7806=EDGE_LOOP('',(#7801,#7802,#7804,#7805));
#7807=FACE_OUTER_BOUND('',#7806,.F.);
#7809=CARTESIAN_POINT('',(1.9E0,-1.05E0,-5.1E0));
#7810=DIRECTION('',(0.E0,-1.E0,0.E0));
#7811=DIRECTION('',(0.E0,0.E0,1.E0));
#7812=AXIS2_PLACEMENT_3D('',#7809,#7810,#7811);
#7813=PLANE('',#7812);
#7814=ORIENTED_EDGE('',*,*,#7770,.T.);
#7815=ORIENTED_EDGE('',*,*,#7803,.T.);
#7816=ORIENTED_EDGE('',*,*,#7725,.F.);
#7818=ORIENTED_EDGE('',*,*,#7817,.F.);
#7819=EDGE_LOOP('',(#7814,#7815,#7816,#7818));
#7820=FACE_OUTER_BOUND('',#7819,.F.);
#7822=CARTESIAN_POINT('',(1.9E0,-7.5E-1,-5.1E0));
#7823=DIRECTION('',(0.E0,0.E0,-1.E0));
#7824=DIRECTION('',(0.E0,-1.E0,0.E0));
#7825=AXIS2_PLACEMENT_3D('',#7822,#7823,#7824);
#7826=PLANE('',#7825);
#7827=ORIENTED_EDGE('',*,*,#7772,.T.);
#7828=ORIENTED_EDGE('',*,*,#7817,.T.);
#7829=ORIENTED_EDGE('',*,*,#7723,.F.);
#7831=ORIENTED_EDGE('',*,*,#7830,.F.);
#7832=EDGE_LOOP('',(#7827,#7828,#7829,#7831));
#7833=FACE_OUTER_BOUND('',#7832,.F.);
#7835=CARTESIAN_POINT('',(1.9E0,-7.5E-1,-4.73E0));
#7836=DIRECTION('',(0.E0,1.E0,0.E0));
#7837=DIRECTION('',(0.E0,0.E0,-1.E0));
#7838=AXIS2_PLACEMENT_3D('',#7835,#7836,#7837);
#7839=PLANE('',#7838);
#7840=ORIENTED_EDGE('',*,*,#7774,.T.);
#7841=ORIENTED_EDGE('',*,*,#7830,.T.);
#7842=ORIENTED_EDGE('',*,*,#7721,.F.);
#7843=ORIENTED_EDGE('',*,*,#7756,.F.);
#7844=EDGE_LOOP('',(#7840,#7841,#7842,#7843));
#7845=FACE_OUTER_BOUND('',#7844,.F.);
#7847=CARTESIAN_POINT('',(1.9E0,3.781801907155E-1,-1.716957743571E0));
#7848=DIRECTION('',(0.E0,-9.067682527413E-1,4.216293820650E-1));
#7849=DIRECTION('',(0.E0,4.216293820650E-1,9.067682527413E-1));
#7850=AXIS2_PLACEMENT_3D('',#7847,#7848,#7849);
#7851=PLANE('',#7850);
#7852=ORIENTED_EDGE('',*,*,#7453,.F.);
#7853=ORIENTED_EDGE('',*,*,#7743,.F.);
#7855=ORIENTED_EDGE('',*,*,#7854,.F.);
#7856=ORIENTED_EDGE('',*,*,#7786,.T.);
#7857=EDGE_LOOP('',(#7852,#7853,#7855,#7856));
#7858=FACE_OUTER_BOUND('',#7857,.F.);
#7860=CARTESIAN_POINT('',(1.9E0,5.55E-1,-1.799175473074E0));
#7861=DIRECTION('',(-1.E0,0.E0,0.E0));
#7862=DIRECTION('',(0.E0,0.E0,-1.E0));
#7863=AXIS2_PLACEMENT_3D('',#7860,#7861,#7862);
#7864=CYLINDRICAL_SURFACE('',#7863,1.95E-1);
#7865=ORIENTED_EDGE('',*,*,#7788,.T.);
#7866=ORIENTED_EDGE('',*,*,#7854,.T.);
#7867=ORIENTED_EDGE('',*,*,#7741,.F.);
#7869=ORIENTED_EDGE('',*,*,#7868,.F.);
#7870=EDGE_LOOP('',(#7865,#7866,#7867,#7869));
#7871=FACE_OUTER_BOUND('',#7870,.F.);
#7873=CARTESIAN_POINT('',(1.9E0,4.413750317050E-1,-3.39E0));
#7874=DIRECTION('',(0.E0,-9.986860302749E-1,-5.124658948458E-2));
#7875=DIRECTION('',(0.E0,-5.124658948458E-2,9.986860302749E-1));
#7876=AXIS2_PLACEMENT_3D('',#7873,#7874,#7875);
#7877=PLANE('',#7876);
#7878=ORIENTED_EDGE('',*,*,#7284,.T.);
#7879=ORIENTED_EDGE('',*,*,#7790,.T.);
#7880=ORIENTED_EDGE('',*,*,#7868,.T.);
#7881=ORIENTED_EDGE('',*,*,#7739,.F.);
#7882=EDGE_LOOP('',(#7878,#7879,#7880,#7881));
#7883=FACE_OUTER_BOUND('',#7882,.F.);
#7885=CARTESIAN_POINT('',(1.6E0,0.E0,0.E0));
#7886=DIRECTION('',(-1.E0,0.E0,0.E0));
#7887=DIRECTION('',(0.E0,0.E0,-1.E0));
#7888=AXIS2_PLACEMENT_3D('',#7885,#7886,#7887);
#7889=PLANE('',#7888);
#7890=ORIENTED_EDGE('',*,*,#5820,.T.);
#7892=ORIENTED_EDGE('',*,*,#7891,.T.);
#7894=ORIENTED_EDGE('',*,*,#7893,.T.);
#7896=ORIENTED_EDGE('',*,*,#7895,.T.);
#7898=ORIENTED_EDGE('',*,*,#7897,.T.);
#7900=ORIENTED_EDGE('',*,*,#7899,.T.);
#7901=EDGE_LOOP('',(#7890,#7892,#7894,#7896,#7898,#7900));
#7902=FACE_OUTER_BOUND('',#7901,.F.);
#7904=CARTESIAN_POINT('',(1.6E0,0.E0,0.E0));
#7905=DIRECTION('',(-1.E0,0.E0,0.E0));
#7906=DIRECTION('',(0.E0,0.E0,-1.E0));
#7907=AXIS2_PLACEMENT_3D('',#7904,#7905,#7906);
#7908=PLANE('',#7907);
#7909=ORIENTED_EDGE('',*,*,#7458,.F.);
#7910=ORIENTED_EDGE('',*,*,#7278,.T.);
#7912=ORIENTED_EDGE('',*,*,#7911,.T.);
#7914=ORIENTED_EDGE('',*,*,#7913,.T.);
#7916=ORIENTED_EDGE('',*,*,#7915,.T.);
#7917=EDGE_LOOP('',(#7909,#7910,#7912,#7914,#7916));
#7918=FACE_OUTER_BOUND('',#7917,.F.);
#7920=CARTESIAN_POINT('',(1.4E0,-4.2E-1,-4.4E0));
#7921=DIRECTION('',(0.E0,7.071067811865E-1,-7.071067811865E-1));
#7922=DIRECTION('',(0.E0,-7.071067811865E-1,-7.071067811865E-1));
#7923=AXIS2_PLACEMENT_3D('',#7920,#7921,#7922);
#7924=PLANE('',#7923);
#7925=ORIENTED_EDGE('',*,*,#5818,.T.);
#7927=ORIENTED_EDGE('',*,*,#7926,.T.);
#7929=ORIENTED_EDGE('',*,*,#7928,.T.);
#7930=ORIENTED_EDGE('',*,*,#7891,.F.);
#7931=EDGE_LOOP('',(#7925,#7927,#7929,#7930));
#7932=FACE_OUTER_BOUND('',#7931,.F.);
#7934=CARTESIAN_POINT('',(1.4E0,0.E0,0.E0));
#7935=DIRECTION('',(-1.E0,0.E0,0.E0));
#7936=DIRECTION('',(0.E0,0.E0,-1.E0));
#7937=AXIS2_PLACEMENT_3D('',#7934,#7935,#7936);
#7938=PLANE('',#7937);
#7939=ORIENTED_EDGE('',*,*,#5816,.F.);
#7941=ORIENTED_EDGE('',*,*,#7940,.F.);
#7943=ORIENTED_EDGE('',*,*,#7942,.F.);
#7945=ORIENTED_EDGE('',*,*,#7944,.F.);
#7947=ORIENTED_EDGE('',*,*,#7946,.F.);
#7948=ORIENTED_EDGE('',*,*,#7926,.F.);
#7949=EDGE_LOOP('',(#7939,#7941,#7943,#7945,#7947,#7948));
#7950=FACE_OUTER_BOUND('',#7949,.F.);
#7952=CARTESIAN_POINT('',(1.4E0,0.E0,0.E0));
#7953=DIRECTION('',(-1.E0,0.E0,0.E0));
#7954=DIRECTION('',(0.E0,0.E0,-1.E0));
#7955=AXIS2_PLACEMENT_3D('',#7952,#7953,#7954);
#7956=PLANE('',#7955);
#7957=ORIENTED_EDGE('',*,*,#7462,.T.);
#7959=ORIENTED_EDGE('',*,*,#7958,.F.);
#7961=ORIENTED_EDGE('',*,*,#7960,.F.);
#7963=ORIENTED_EDGE('',*,*,#7962,.F.);
#7964=ORIENTED_EDGE('',*,*,#7274,.F.);
#7965=EDGE_LOOP('',(#7957,#7959,#7961,#7963,#7964));
#7966=FACE_OUTER_BOUND('',#7965,.F.);
#7968=CARTESIAN_POINT('',(1.4E0,-1.05E0,-4.6E0));
#7969=DIRECTION('',(0.E0,-7.071067811865E-1,7.071067811865E-1));
#7970=DIRECTION('',(0.E0,7.071067811865E-1,7.071067811865E-1));
#7971=AXIS2_PLACEMENT_3D('',#7968,#7969,#7970);
#7972=PLANE('',#7971);
#7973=ORIENTED_EDGE('',*,*,#5822,.F.);
#7974=ORIENTED_EDGE('',*,*,#7899,.F.);
#7976=ORIENTED_EDGE('',*,*,#7975,.F.);
#7977=ORIENTED_EDGE('',*,*,#7940,.T.);
#7978=EDGE_LOOP('',(#7973,#7974,#7976,#7977));
#7979=FACE_OUTER_BOUND('',#7978,.F.);
#7981=CARTESIAN_POINT('',(1.4E0,-1.05E0,-5.1E0));
#7982=DIRECTION('',(0.E0,-1.E0,0.E0));
#7983=DIRECTION('',(0.E0,0.E0,1.E0));
#7984=AXIS2_PLACEMENT_3D('',#7981,#7982,#7983);
#7985=PLANE('',#7984);
#7986=ORIENTED_EDGE('',*,*,#7942,.T.);
#7987=ORIENTED_EDGE('',*,*,#7975,.T.);
#7988=ORIENTED_EDGE('',*,*,#7897,.F.);
#7990=ORIENTED_EDGE('',*,*,#7989,.F.);
#7991=EDGE_LOOP('',(#7986,#7987,#7988,#7990));
#7992=FACE_OUTER_BOUND('',#7991,.F.);
#7994=CARTESIAN_POINT('',(1.4E0,-7.5E-1,-5.1E0));
#7995=DIRECTION('',(0.E0,0.E0,-1.E0));
#7996=DIRECTION('',(0.E0,-1.E0,0.E0));
#7997=AXIS2_PLACEMENT_3D('',#7994,#7995,#7996);
#7998=PLANE('',#7997);
#7999=ORIENTED_EDGE('',*,*,#7944,.T.);
#8000=ORIENTED_EDGE('',*,*,#7989,.T.);
#8001=ORIENTED_EDGE('',*,*,#7895,.F.);
#8003=ORIENTED_EDGE('',*,*,#8002,.F.);
#8004=EDGE_LOOP('',(#7999,#8000,#8001,#8003));
#8005=FACE_OUTER_BOUND('',#8004,.F.);
#8007=CARTESIAN_POINT('',(1.4E0,-7.5E-1,-4.73E0));
#8008=DIRECTION('',(0.E0,1.E0,0.E0));
#8009=DIRECTION('',(0.E0,0.E0,-1.E0));
#8010=AXIS2_PLACEMENT_3D('',#8007,#8008,#8009);
#8011=PLANE('',#8010);
#8012=ORIENTED_EDGE('',*,*,#7946,.T.);
#8013=ORIENTED_EDGE('',*,*,#8002,.T.);
#8014=ORIENTED_EDGE('',*,*,#7893,.F.);
#8015=ORIENTED_EDGE('',*,*,#7928,.F.);
#8016=EDGE_LOOP('',(#8012,#8013,#8014,#8015));
#8017=FACE_OUTER_BOUND('',#8016,.F.);
#8019=CARTESIAN_POINT('',(1.4E0,3.781801907155E-1,-1.716957743571E0));
#8020=DIRECTION('',(0.E0,-9.067682527413E-1,4.216293820650E-1));
#8021=DIRECTION('',(0.E0,4.216293820650E-1,9.067682527413E-1));
#8022=AXIS2_PLACEMENT_3D('',#8019,#8020,#8021);
#8023=PLANE('',#8022);
#8024=ORIENTED_EDGE('',*,*,#7460,.F.);
#8025=ORIENTED_EDGE('',*,*,#7915,.F.);
#8027=ORIENTED_EDGE('',*,*,#8026,.F.);
#8028=ORIENTED_EDGE('',*,*,#7958,.T.);
#8029=EDGE_LOOP('',(#8024,#8025,#8027,#8028));
#8030=FACE_OUTER_BOUND('',#8029,.F.);
#8032=CARTESIAN_POINT('',(1.4E0,5.55E-1,-1.799175473074E0));
#8033=DIRECTION('',(-1.E0,0.E0,0.E0));
#8034=DIRECTION('',(0.E0,0.E0,-1.E0));
#8035=AXIS2_PLACEMENT_3D('',#8032,#8033,#8034);
#8036=CYLINDRICAL_SURFACE('',#8035,1.95E-1);
#8037=ORIENTED_EDGE('',*,*,#7960,.T.);
#8038=ORIENTED_EDGE('',*,*,#8026,.T.);
#8039=ORIENTED_EDGE('',*,*,#7913,.F.);
#8041=ORIENTED_EDGE('',*,*,#8040,.F.);
#8042=EDGE_LOOP('',(#8037,#8038,#8039,#8041));
#8043=FACE_OUTER_BOUND('',#8042,.F.);
#8045=CARTESIAN_POINT('',(1.4E0,4.413750317050E-1,-3.39E0));
#8046=DIRECTION('',(0.E0,-9.986860302749E-1,-5.124658948458E-2));
#8047=DIRECTION('',(0.E0,-5.124658948458E-2,9.986860302749E-1));
#8048=AXIS2_PLACEMENT_3D('',#8045,#8046,#8047);
#8049=PLANE('',#8048);
#8050=ORIENTED_EDGE('',*,*,#7276,.T.);
#8051=ORIENTED_EDGE('',*,*,#7962,.T.);
#8052=ORIENTED_EDGE('',*,*,#8040,.T.);
#8053=ORIENTED_EDGE('',*,*,#7911,.F.);
#8054=EDGE_LOOP('',(#8050,#8051,#8052,#8053));
#8055=FACE_OUTER_BOUND('',#8054,.F.);
#8057=CARTESIAN_POINT('',(1.1E0,0.E0,0.E0));
#8058=DIRECTION('',(-1.E0,0.E0,0.E0));
#8059=DIRECTION('',(0.E0,0.E0,-1.E0));
#8060=AXIS2_PLACEMENT_3D('',#8057,#8058,#8059);
#8061=PLANE('',#8060);
#8062=ORIENTED_EDGE('',*,*,#5810,.T.);
#8064=ORIENTED_EDGE('',*,*,#8063,.T.);
#8066=ORIENTED_EDGE('',*,*,#8065,.T.);
#8068=ORIENTED_EDGE('',*,*,#8067,.T.);
#8070=ORIENTED_EDGE('',*,*,#8069,.T.);
#8072=ORIENTED_EDGE('',*,*,#8071,.T.);
#8073=EDGE_LOOP('',(#8062,#8064,#8066,#8068,#8070,#8072));
#8074=FACE_OUTER_BOUND('',#8073,.F.);
#8076=CARTESIAN_POINT('',(1.1E0,0.E0,0.E0));
#8077=DIRECTION('',(-1.E0,0.E0,0.E0));
#8078=DIRECTION('',(0.E0,0.E0,-1.E0));
#8079=AXIS2_PLACEMENT_3D('',#8076,#8077,#8078);
#8080=PLANE('',#8079);
#8081=ORIENTED_EDGE('',*,*,#7465,.F.);
#8082=ORIENTED_EDGE('',*,*,#7270,.T.);
#8084=ORIENTED_EDGE('',*,*,#8083,.T.);
#8086=ORIENTED_EDGE('',*,*,#8085,.T.);
#8088=ORIENTED_EDGE('',*,*,#8087,.T.);
#8089=EDGE_LOOP('',(#8081,#8082,#8084,#8086,#8088));
#8090=FACE_OUTER_BOUND('',#8089,.F.);
#8092=CARTESIAN_POINT('',(9.E-1,-4.2E-1,-4.4E0));
#8093=DIRECTION('',(0.E0,7.071067811865E-1,-7.071067811865E-1));
#8094=DIRECTION('',(0.E0,-7.071067811865E-1,-7.071067811865E-1));
#8095=AXIS2_PLACEMENT_3D('',#8092,#8093,#8094);
#8096=PLANE('',#8095);
#8097=ORIENTED_EDGE('',*,*,#5808,.T.);
#8099=ORIENTED_EDGE('',*,*,#8098,.T.);
#8101=ORIENTED_EDGE('',*,*,#8100,.T.);
#8102=ORIENTED_EDGE('',*,*,#8063,.F.);
#8103=EDGE_LOOP('',(#8097,#8099,#8101,#8102));
#8104=FACE_OUTER_BOUND('',#8103,.F.);
#8106=CARTESIAN_POINT('',(9.E-1,0.E0,0.E0));
#8107=DIRECTION('',(-1.E0,0.E0,0.E0));
#8108=DIRECTION('',(0.E0,0.E0,-1.E0));
#8109=AXIS2_PLACEMENT_3D('',#8106,#8107,#8108);
#8110=PLANE('',#8109);
#8111=ORIENTED_EDGE('',*,*,#5806,.F.);
#8113=ORIENTED_EDGE('',*,*,#8112,.F.);
#8115=ORIENTED_EDGE('',*,*,#8114,.F.);
#8117=ORIENTED_EDGE('',*,*,#8116,.F.);
#8119=ORIENTED_EDGE('',*,*,#8118,.F.);
#8120=ORIENTED_EDGE('',*,*,#8098,.F.);
#8121=EDGE_LOOP('',(#8111,#8113,#8115,#8117,#8119,#8120));
#8122=FACE_OUTER_BOUND('',#8121,.F.);
#8124=CARTESIAN_POINT('',(9.E-1,0.E0,0.E0));
#8125=DIRECTION('',(-1.E0,0.E0,0.E0));
#8126=DIRECTION('',(0.E0,0.E0,-1.E0));
#8127=AXIS2_PLACEMENT_3D('',#8124,#8125,#8126);
#8128=PLANE('',#8127);
#8129=ORIENTED_EDGE('',*,*,#7469,.T.);
#8131=ORIENTED_EDGE('',*,*,#8130,.F.);
#8133=ORIENTED_EDGE('',*,*,#8132,.F.);
#8135=ORIENTED_EDGE('',*,*,#8134,.F.);
#8136=ORIENTED_EDGE('',*,*,#7266,.F.);
#8137=EDGE_LOOP('',(#8129,#8131,#8133,#8135,#8136));
#8138=FACE_OUTER_BOUND('',#8137,.F.);
#8140=CARTESIAN_POINT('',(9.E-1,-1.05E0,-4.6E0));
#8141=DIRECTION('',(0.E0,-7.071067811865E-1,7.071067811865E-1));
#8142=DIRECTION('',(0.E0,7.071067811865E-1,7.071067811865E-1));
#8143=AXIS2_PLACEMENT_3D('',#8140,#8141,#8142);
#8144=PLANE('',#8143);
#8145=ORIENTED_EDGE('',*,*,#5812,.F.);
#8146=ORIENTED_EDGE('',*,*,#8071,.F.);
#8148=ORIENTED_EDGE('',*,*,#8147,.F.);
#8149=ORIENTED_EDGE('',*,*,#8112,.T.);
#8150=EDGE_LOOP('',(#8145,#8146,#8148,#8149));
#8151=FACE_OUTER_BOUND('',#8150,.F.);
#8153=CARTESIAN_POINT('',(9.E-1,-1.05E0,-5.1E0));
#8154=DIRECTION('',(0.E0,-1.E0,0.E0));
#8155=DIRECTION('',(0.E0,0.E0,1.E0));
#8156=AXIS2_PLACEMENT_3D('',#8153,#8154,#8155);
#8157=PLANE('',#8156);
#8158=ORIENTED_EDGE('',*,*,#8114,.T.);
#8159=ORIENTED_EDGE('',*,*,#8147,.T.);
#8160=ORIENTED_EDGE('',*,*,#8069,.F.);
#8162=ORIENTED_EDGE('',*,*,#8161,.F.);
#8163=EDGE_LOOP('',(#8158,#8159,#8160,#8162));
#8164=FACE_OUTER_BOUND('',#8163,.F.);
#8166=CARTESIAN_POINT('',(9.E-1,-7.5E-1,-5.1E0));
#8167=DIRECTION('',(0.E0,0.E0,-1.E0));
#8168=DIRECTION('',(0.E0,-1.E0,0.E0));
#8169=AXIS2_PLACEMENT_3D('',#8166,#8167,#8168);
#8170=PLANE('',#8169);
#8171=ORIENTED_EDGE('',*,*,#8116,.T.);
#8172=ORIENTED_EDGE('',*,*,#8161,.T.);
#8173=ORIENTED_EDGE('',*,*,#8067,.F.);
#8175=ORIENTED_EDGE('',*,*,#8174,.F.);
#8176=EDGE_LOOP('',(#8171,#8172,#8173,#8175));
#8177=FACE_OUTER_BOUND('',#8176,.F.);
#8179=CARTESIAN_POINT('',(9.E-1,-7.5E-1,-4.73E0));
#8180=DIRECTION('',(0.E0,1.E0,0.E0));
#8181=DIRECTION('',(0.E0,0.E0,-1.E0));
#8182=AXIS2_PLACEMENT_3D('',#8179,#8180,#8181);
#8183=PLANE('',#8182);
#8184=ORIENTED_EDGE('',*,*,#8118,.T.);
#8185=ORIENTED_EDGE('',*,*,#8174,.T.);
#8186=ORIENTED_EDGE('',*,*,#8065,.F.);
#8187=ORIENTED_EDGE('',*,*,#8100,.F.);
#8188=EDGE_LOOP('',(#8184,#8185,#8186,#8187));
#8189=FACE_OUTER_BOUND('',#8188,.F.);
#8191=CARTESIAN_POINT('',(9.E-1,3.781801907155E-1,-1.716957743571E0));
#8192=DIRECTION('',(0.E0,-9.067682527413E-1,4.216293820650E-1));
#8193=DIRECTION('',(0.E0,4.216293820650E-1,9.067682527413E-1));
#8194=AXIS2_PLACEMENT_3D('',#8191,#8192,#8193);
#8195=PLANE('',#8194);
#8196=ORIENTED_EDGE('',*,*,#7467,.F.);
#8197=ORIENTED_EDGE('',*,*,#8087,.F.);
#8199=ORIENTED_EDGE('',*,*,#8198,.F.);
#8200=ORIENTED_EDGE('',*,*,#8130,.T.);
#8201=EDGE_LOOP('',(#8196,#8197,#8199,#8200));
#8202=FACE_OUTER_BOUND('',#8201,.F.);
#8204=CARTESIAN_POINT('',(9.E-1,5.55E-1,-1.799175473074E0));
#8205=DIRECTION('',(-1.E0,0.E0,0.E0));
#8206=DIRECTION('',(0.E0,0.E0,-1.E0));
#8207=AXIS2_PLACEMENT_3D('',#8204,#8205,#8206);
#8208=CYLINDRICAL_SURFACE('',#8207,1.95E-1);
#8209=ORIENTED_EDGE('',*,*,#8132,.T.);
#8210=ORIENTED_EDGE('',*,*,#8198,.T.);
#8211=ORIENTED_EDGE('',*,*,#8085,.F.);
#8213=ORIENTED_EDGE('',*,*,#8212,.F.);
#8214=EDGE_LOOP('',(#8209,#8210,#8211,#8213));
#8215=FACE_OUTER_BOUND('',#8214,.F.);
#8217=CARTESIAN_POINT('',(9.E-1,4.413750317050E-1,-3.39E0));
#8218=DIRECTION('',(0.E0,-9.986860302749E-1,-5.124658948458E-2));
#8219=DIRECTION('',(0.E0,-5.124658948458E-2,9.986860302749E-1));
#8220=AXIS2_PLACEMENT_3D('',#8217,#8218,#8219);
#8221=PLANE('',#8220);
#8222=ORIENTED_EDGE('',*,*,#7268,.T.);
#8223=ORIENTED_EDGE('',*,*,#8134,.T.);
#8224=ORIENTED_EDGE('',*,*,#8212,.T.);
#8225=ORIENTED_EDGE('',*,*,#8083,.F.);
#8226=EDGE_LOOP('',(#8222,#8223,#8224,#8225));
#8227=FACE_OUTER_BOUND('',#8226,.F.);
#8229=CARTESIAN_POINT('',(6.E-1,0.E0,0.E0));
#8230=DIRECTION('',(-1.E0,0.E0,0.E0));
#8231=DIRECTION('',(0.E0,0.E0,-1.E0));
#8232=AXIS2_PLACEMENT_3D('',#8229,#8230,#8231);
#8233=PLANE('',#8232);
#8234=ORIENTED_EDGE('',*,*,#5800,.T.);
#8236=ORIENTED_EDGE('',*,*,#8235,.T.);
#8238=ORIENTED_EDGE('',*,*,#8237,.T.);
#8240=ORIENTED_EDGE('',*,*,#8239,.T.);
#8242=ORIENTED_EDGE('',*,*,#8241,.T.);
#8244=ORIENTED_EDGE('',*,*,#8243,.T.);
#8245=EDGE_LOOP('',(#8234,#8236,#8238,#8240,#8242,#8244));
#8246=FACE_OUTER_BOUND('',#8245,.F.);
#8248=CARTESIAN_POINT('',(6.E-1,0.E0,0.E0));
#8249=DIRECTION('',(-1.E0,0.E0,0.E0));
#8250=DIRECTION('',(0.E0,0.E0,-1.E0));
#8251=AXIS2_PLACEMENT_3D('',#8248,#8249,#8250);
#8252=PLANE('',#8251);
#8253=ORIENTED_EDGE('',*,*,#7472,.F.);
#8254=ORIENTED_EDGE('',*,*,#7262,.T.);
#8256=ORIENTED_EDGE('',*,*,#8255,.T.);
#8258=ORIENTED_EDGE('',*,*,#8257,.T.);
#8260=ORIENTED_EDGE('',*,*,#8259,.T.);
#8261=EDGE_LOOP('',(#8253,#8254,#8256,#8258,#8260));
#8262=FACE_OUTER_BOUND('',#8261,.F.);
#8264=CARTESIAN_POINT('',(4.E-1,-4.2E-1,-4.4E0));
#8265=DIRECTION('',(0.E0,7.071067811865E-1,-7.071067811865E-1));
#8266=DIRECTION('',(0.E0,-7.071067811865E-1,-7.071067811865E-1));
#8267=AXIS2_PLACEMENT_3D('',#8264,#8265,#8266);
#8268=PLANE('',#8267);
#8269=ORIENTED_EDGE('',*,*,#5798,.T.);
#8271=ORIENTED_EDGE('',*,*,#8270,.T.);
#8273=ORIENTED_EDGE('',*,*,#8272,.T.);
#8274=ORIENTED_EDGE('',*,*,#8235,.F.);
#8275=EDGE_LOOP('',(#8269,#8271,#8273,#8274));
#8276=FACE_OUTER_BOUND('',#8275,.F.);
#8278=CARTESIAN_POINT('',(4.E-1,0.E0,0.E0));
#8279=DIRECTION('',(-1.E0,0.E0,0.E0));
#8280=DIRECTION('',(0.E0,0.E0,-1.E0));
#8281=AXIS2_PLACEMENT_3D('',#8278,#8279,#8280);
#8282=PLANE('',#8281);
#8283=ORIENTED_EDGE('',*,*,#5796,.F.);
#8285=ORIENTED_EDGE('',*,*,#8284,.F.);
#8287=ORIENTED_EDGE('',*,*,#8286,.F.);
#8289=ORIENTED_EDGE('',*,*,#8288,.F.);
#8291=ORIENTED_EDGE('',*,*,#8290,.F.);
#8292=ORIENTED_EDGE('',*,*,#8270,.F.);
#8293=EDGE_LOOP('',(#8283,#8285,#8287,#8289,#8291,#8292));
#8294=FACE_OUTER_BOUND('',#8293,.F.);
#8296=CARTESIAN_POINT('',(4.E-1,0.E0,0.E0));
#8297=DIRECTION('',(-1.E0,0.E0,0.E0));
#8298=DIRECTION('',(0.E0,0.E0,-1.E0));
#8299=AXIS2_PLACEMENT_3D('',#8296,#8297,#8298);
#8300=PLANE('',#8299);
#8301=ORIENTED_EDGE('',*,*,#7476,.T.);
#8303=ORIENTED_EDGE('',*,*,#8302,.F.);
#8305=ORIENTED_EDGE('',*,*,#8304,.F.);
#8307=ORIENTED_EDGE('',*,*,#8306,.F.);
#8308=ORIENTED_EDGE('',*,*,#7258,.F.);
#8309=EDGE_LOOP('',(#8301,#8303,#8305,#8307,#8308));
#8310=FACE_OUTER_BOUND('',#8309,.F.);
#8312=CARTESIAN_POINT('',(4.E-1,-1.05E0,-4.6E0));
#8313=DIRECTION('',(0.E0,-7.071067811865E-1,7.071067811865E-1));
#8314=DIRECTION('',(0.E0,7.071067811865E-1,7.071067811865E-1));
#8315=AXIS2_PLACEMENT_3D('',#8312,#8313,#8314);
#8316=PLANE('',#8315);
#8317=ORIENTED_EDGE('',*,*,#5802,.F.);
#8318=ORIENTED_EDGE('',*,*,#8243,.F.);
#8320=ORIENTED_EDGE('',*,*,#8319,.F.);
#8321=ORIENTED_EDGE('',*,*,#8284,.T.);
#8322=EDGE_LOOP('',(#8317,#8318,#8320,#8321));
#8323=FACE_OUTER_BOUND('',#8322,.F.);
#8325=CARTESIAN_POINT('',(4.E-1,-1.05E0,-5.1E0));
#8326=DIRECTION('',(0.E0,-1.E0,0.E0));
#8327=DIRECTION('',(0.E0,0.E0,1.E0));
#8328=AXIS2_PLACEMENT_3D('',#8325,#8326,#8327);
#8329=PLANE('',#8328);
#8330=ORIENTED_EDGE('',*,*,#8286,.T.);
#8331=ORIENTED_EDGE('',*,*,#8319,.T.);
#8332=ORIENTED_EDGE('',*,*,#8241,.F.);
#8334=ORIENTED_EDGE('',*,*,#8333,.F.);
#8335=EDGE_LOOP('',(#8330,#8331,#8332,#8334));
#8336=FACE_OUTER_BOUND('',#8335,.F.);
#8338=CARTESIAN_POINT('',(4.E-1,-7.5E-1,-5.1E0));
#8339=DIRECTION('',(0.E0,0.E0,-1.E0));
#8340=DIRECTION('',(0.E0,-1.E0,0.E0));
#8341=AXIS2_PLACEMENT_3D('',#8338,#8339,#8340);
#8342=PLANE('',#8341);
#8343=ORIENTED_EDGE('',*,*,#8288,.T.);
#8344=ORIENTED_EDGE('',*,*,#8333,.T.);
#8345=ORIENTED_EDGE('',*,*,#8239,.F.);
#8347=ORIENTED_EDGE('',*,*,#8346,.F.);
#8348=EDGE_LOOP('',(#8343,#8344,#8345,#8347));
#8349=FACE_OUTER_BOUND('',#8348,.F.);
#8351=CARTESIAN_POINT('',(4.E-1,-7.5E-1,-4.73E0));
#8352=DIRECTION('',(0.E0,1.E0,0.E0));
#8353=DIRECTION('',(0.E0,0.E0,-1.E0));
#8354=AXIS2_PLACEMENT_3D('',#8351,#8352,#8353);
#8355=PLANE('',#8354);
#8356=ORIENTED_EDGE('',*,*,#8290,.T.);
#8357=ORIENTED_EDGE('',*,*,#8346,.T.);
#8358=ORIENTED_EDGE('',*,*,#8237,.F.);
#8359=ORIENTED_EDGE('',*,*,#8272,.F.);
#8360=EDGE_LOOP('',(#8356,#8357,#8358,#8359));
#8361=FACE_OUTER_BOUND('',#8360,.F.);
#8363=CARTESIAN_POINT('',(4.E-1,3.781801907155E-1,-1.716957743571E0));
#8364=DIRECTION('',(0.E0,-9.067682527413E-1,4.216293820650E-1));
#8365=DIRECTION('',(0.E0,4.216293820650E-1,9.067682527413E-1));
#8366=AXIS2_PLACEMENT_3D('',#8363,#8364,#8365);
#8367=PLANE('',#8366);
#8368=ORIENTED_EDGE('',*,*,#7474,.F.);
#8369=ORIENTED_EDGE('',*,*,#8259,.F.);
#8371=ORIENTED_EDGE('',*,*,#8370,.F.);
#8372=ORIENTED_EDGE('',*,*,#8302,.T.);
#8373=EDGE_LOOP('',(#8368,#8369,#8371,#8372));
#8374=FACE_OUTER_BOUND('',#8373,.F.);
#8376=CARTESIAN_POINT('',(4.E-1,5.55E-1,-1.799175473074E0));
#8377=DIRECTION('',(-1.E0,0.E0,0.E0));
#8378=DIRECTION('',(0.E0,0.E0,-1.E0));
#8379=AXIS2_PLACEMENT_3D('',#8376,#8377,#8378);
#8380=CYLINDRICAL_SURFACE('',#8379,1.95E-1);
#8381=ORIENTED_EDGE('',*,*,#8304,.T.);
#8382=ORIENTED_EDGE('',*,*,#8370,.T.);
#8383=ORIENTED_EDGE('',*,*,#8257,.F.);
#8385=ORIENTED_EDGE('',*,*,#8384,.F.);
#8386=EDGE_LOOP('',(#8381,#8382,#8383,#8385));
#8387=FACE_OUTER_BOUND('',#8386,.F.);
#8389=CARTESIAN_POINT('',(4.E-1,4.413750317050E-1,-3.39E0));
#8390=DIRECTION('',(0.E0,-9.986860302749E-1,-5.124658948458E-2));
#8391=DIRECTION('',(0.E0,-5.124658948458E-2,9.986860302749E-1));
#8392=AXIS2_PLACEMENT_3D('',#8389,#8390,#8391);
#8393=PLANE('',#8392);
#8394=ORIENTED_EDGE('',*,*,#7260,.T.);
#8395=ORIENTED_EDGE('',*,*,#8306,.T.);
#8396=ORIENTED_EDGE('',*,*,#8384,.T.);
#8397=ORIENTED_EDGE('',*,*,#8255,.F.);
#8398=EDGE_LOOP('',(#8394,#8395,#8396,#8397));
#8399=FACE_OUTER_BOUND('',#8398,.F.);
#8401=CARTESIAN_POINT('',(1.E-1,0.E0,0.E0));
#8402=DIRECTION('',(-1.E0,0.E0,0.E0));
#8403=DIRECTION('',(0.E0,0.E0,-1.E0));
#8404=AXIS2_PLACEMENT_3D('',#8401,#8402,#8403);
#8405=PLANE('',#8404);
#8406=ORIENTED_EDGE('',*,*,#5790,.T.);
#8408=ORIENTED_EDGE('',*,*,#8407,.T.);
#8410=ORIENTED_EDGE('',*,*,#8409,.T.);
#8412=ORIENTED_EDGE('',*,*,#8411,.T.);
#8414=ORIENTED_EDGE('',*,*,#8413,.T.);
#8416=ORIENTED_EDGE('',*,*,#8415,.T.);
#8417=EDGE_LOOP('',(#8406,#8408,#8410,#8412,#8414,#8416));
#8418=FACE_OUTER_BOUND('',#8417,.F.);
#8420=CARTESIAN_POINT('',(1.E-1,0.E0,0.E0));
#8421=DIRECTION('',(-1.E0,0.E0,0.E0));
#8422=DIRECTION('',(0.E0,0.E0,-1.E0));
#8423=AXIS2_PLACEMENT_3D('',#8420,#8421,#8422);
#8424=PLANE('',#8423);
#8425=ORIENTED_EDGE('',*,*,#7479,.F.);
#8426=ORIENTED_EDGE('',*,*,#7254,.T.);
#8428=ORIENTED_EDGE('',*,*,#8427,.T.);
#8430=ORIENTED_EDGE('',*,*,#8429,.T.);
#8432=ORIENTED_EDGE('',*,*,#8431,.T.);
#8433=EDGE_LOOP('',(#8425,#8426,#8428,#8430,#8432));
#8434=FACE_OUTER_BOUND('',#8433,.F.);
#8436=CARTESIAN_POINT('',(-1.E-1,-4.2E-1,-4.4E0));
#8437=DIRECTION('',(0.E0,7.071067811865E-1,-7.071067811865E-1));
#8438=DIRECTION('',(0.E0,-7.071067811865E-1,-7.071067811865E-1));
#8439=AXIS2_PLACEMENT_3D('',#8436,#8437,#8438);
#8440=PLANE('',#8439);
#8441=ORIENTED_EDGE('',*,*,#5788,.T.);
#8443=ORIENTED_EDGE('',*,*,#8442,.T.);
#8445=ORIENTED_EDGE('',*,*,#8444,.T.);
#8446=ORIENTED_EDGE('',*,*,#8407,.F.);
#8447=EDGE_LOOP('',(#8441,#8443,#8445,#8446));
#8448=FACE_OUTER_BOUND('',#8447,.F.);
#8450=CARTESIAN_POINT('',(-1.E-1,0.E0,0.E0));
#8451=DIRECTION('',(-1.E0,0.E0,0.E0));
#8452=DIRECTION('',(0.E0,0.E0,-1.E0));
#8453=AXIS2_PLACEMENT_3D('',#8450,#8451,#8452);
#8454=PLANE('',#8453);
#8455=ORIENTED_EDGE('',*,*,#5786,.F.);
#8457=ORIENTED_EDGE('',*,*,#8456,.F.);
#8459=ORIENTED_EDGE('',*,*,#8458,.F.);
#8461=ORIENTED_EDGE('',*,*,#8460,.F.);
#8463=ORIENTED_EDGE('',*,*,#8462,.F.);
#8464=ORIENTED_EDGE('',*,*,#8442,.F.);
#8465=EDGE_LOOP('',(#8455,#8457,#8459,#8461,#8463,#8464));
#8466=FACE_OUTER_BOUND('',#8465,.F.);
#8468=CARTESIAN_POINT('',(-1.E-1,0.E0,0.E0));
#8469=DIRECTION('',(-1.E0,0.E0,0.E0));
#8470=DIRECTION('',(0.E0,0.E0,-1.E0));
#8471=AXIS2_PLACEMENT_3D('',#8468,#8469,#8470);
#8472=PLANE('',#8471);
#8473=ORIENTED_EDGE('',*,*,#7483,.T.);
#8475=ORIENTED_EDGE('',*,*,#8474,.F.);
#8477=ORIENTED_EDGE('',*,*,#8476,.F.);
#8479=ORIENTED_EDGE('',*,*,#8478,.F.);
#8480=ORIENTED_EDGE('',*,*,#7250,.F.);
#8481=EDGE_LOOP('',(#8473,#8475,#8477,#8479,#8480));
#8482=FACE_OUTER_BOUND('',#8481,.F.);
#8484=CARTESIAN_POINT('',(-1.E-1,-1.05E0,-4.6E0));
#8485=DIRECTION('',(0.E0,-7.071067811865E-1,7.071067811865E-1));
#8486=DIRECTION('',(0.E0,7.071067811865E-1,7.071067811865E-1));
#8487=AXIS2_PLACEMENT_3D('',#8484,#8485,#8486);
#8488=PLANE('',#8487);
#8489=ORIENTED_EDGE('',*,*,#5792,.F.);
#8490=ORIENTED_EDGE('',*,*,#8415,.F.);
#8492=ORIENTED_EDGE('',*,*,#8491,.F.);
#8493=ORIENTED_EDGE('',*,*,#8456,.T.);
#8494=EDGE_LOOP('',(#8489,#8490,#8492,#8493));
#8495=FACE_OUTER_BOUND('',#8494,.F.);
#8497=CARTESIAN_POINT('',(-1.E-1,-1.05E0,-5.1E0));
#8498=DIRECTION('',(0.E0,-1.E0,0.E0));
#8499=DIRECTION('',(0.E0,0.E0,1.E0));
#8500=AXIS2_PLACEMENT_3D('',#8497,#8498,#8499);
#8501=PLANE('',#8500);
#8502=ORIENTED_EDGE('',*,*,#8458,.T.);
#8503=ORIENTED_EDGE('',*,*,#8491,.T.);
#8504=ORIENTED_EDGE('',*,*,#8413,.F.);
#8506=ORIENTED_EDGE('',*,*,#8505,.F.);
#8507=EDGE_LOOP('',(#8502,#8503,#8504,#8506));
#8508=FACE_OUTER_BOUND('',#8507,.F.);
#8510=CARTESIAN_POINT('',(-1.E-1,-7.5E-1,-5.1E0));
#8511=DIRECTION('',(0.E0,0.E0,-1.E0));
#8512=DIRECTION('',(0.E0,-1.E0,0.E0));
#8513=AXIS2_PLACEMENT_3D('',#8510,#8511,#8512);
#8514=PLANE('',#8513);
#8515=ORIENTED_EDGE('',*,*,#8460,.T.);
#8516=ORIENTED_EDGE('',*,*,#8505,.T.);
#8517=ORIENTED_EDGE('',*,*,#8411,.F.);
#8519=ORIENTED_EDGE('',*,*,#8518,.F.);
#8520=EDGE_LOOP('',(#8515,#8516,#8517,#8519));
#8521=FACE_OUTER_BOUND('',#8520,.F.);
#8523=CARTESIAN_POINT('',(-1.E-1,-7.5E-1,-4.73E0));
#8524=DIRECTION('',(0.E0,1.E0,0.E0));
#8525=DIRECTION('',(0.E0,0.E0,-1.E0));
#8526=AXIS2_PLACEMENT_3D('',#8523,#8524,#8525);
#8527=PLANE('',#8526);
#8528=ORIENTED_EDGE('',*,*,#8462,.T.);
#8529=ORIENTED_EDGE('',*,*,#8518,.T.);
#8530=ORIENTED_EDGE('',*,*,#8409,.F.);
#8531=ORIENTED_EDGE('',*,*,#8444,.F.);
#8532=EDGE_LOOP('',(#8528,#8529,#8530,#8531));
#8533=FACE_OUTER_BOUND('',#8532,.F.);
#8535=CARTESIAN_POINT('',(-1.E-1,3.781801907155E-1,-1.716957743571E0));
#8536=DIRECTION('',(0.E0,-9.067682527413E-1,4.216293820650E-1));
#8537=DIRECTION('',(0.E0,4.216293820650E-1,9.067682527413E-1));
#8538=AXIS2_PLACEMENT_3D('',#8535,#8536,#8537);
#8539=PLANE('',#8538);
#8540=ORIENTED_EDGE('',*,*,#7481,.F.);
#8541=ORIENTED_EDGE('',*,*,#8431,.F.);
#8543=ORIENTED_EDGE('',*,*,#8542,.F.);
#8544=ORIENTED_EDGE('',*,*,#8474,.T.);
#8545=EDGE_LOOP('',(#8540,#8541,#8543,#8544));
#8546=FACE_OUTER_BOUND('',#8545,.F.);
#8548=CARTESIAN_POINT('',(-1.E-1,5.55E-1,-1.799175473074E0));
#8549=DIRECTION('',(-1.E0,0.E0,0.E0));
#8550=DIRECTION('',(0.E0,0.E0,-1.E0));
#8551=AXIS2_PLACEMENT_3D('',#8548,#8549,#8550);
#8552=CYLINDRICAL_SURFACE('',#8551,1.95E-1);
#8553=ORIENTED_EDGE('',*,*,#8476,.T.);
#8554=ORIENTED_EDGE('',*,*,#8542,.T.);
#8555=ORIENTED_EDGE('',*,*,#8429,.F.);
#8557=ORIENTED_EDGE('',*,*,#8556,.F.);
#8558=EDGE_LOOP('',(#8553,#8554,#8555,#8557));
#8559=FACE_OUTER_BOUND('',#8558,.F.);
#8561=CARTESIAN_POINT('',(-1.E-1,4.413750317050E-1,-3.39E0));
#8562=DIRECTION('',(0.E0,-9.986860302749E-1,-5.124658948458E-2));
#8563=DIRECTION('',(0.E0,-5.124658948458E-2,9.986860302749E-1));
#8564=AXIS2_PLACEMENT_3D('',#8561,#8562,#8563);
#8565=PLANE('',#8564);
#8566=ORIENTED_EDGE('',*,*,#7252,.T.);
#8567=ORIENTED_EDGE('',*,*,#8478,.T.);
#8568=ORIENTED_EDGE('',*,*,#8556,.T.);
#8569=ORIENTED_EDGE('',*,*,#8427,.F.);
#8570=EDGE_LOOP('',(#8566,#8567,#8568,#8569));
#8571=FACE_OUTER_BOUND('',#8570,.F.);
#8573=CARTESIAN_POINT('',(-4.E-1,0.E0,0.E0));
#8574=DIRECTION('',(-1.E0,0.E0,0.E0));
#8575=DIRECTION('',(0.E0,0.E0,-1.E0));
#8576=AXIS2_PLACEMENT_3D('',#8573,#8574,#8575);
#8577=PLANE('',#8576);
#8578=ORIENTED_EDGE('',*,*,#5780,.T.);
#8580=ORIENTED_EDGE('',*,*,#8579,.T.);
#8582=ORIENTED_EDGE('',*,*,#8581,.T.);
#8584=ORIENTED_EDGE('',*,*,#8583,.T.);
#8586=ORIENTED_EDGE('',*,*,#8585,.T.);
#8588=ORIENTED_EDGE('',*,*,#8587,.T.);
#8589=EDGE_LOOP('',(#8578,#8580,#8582,#8584,#8586,#8588));
#8590=FACE_OUTER_BOUND('',#8589,.F.);
#8592=CARTESIAN_POINT('',(-4.E-1,0.E0,0.E0));
#8593=DIRECTION('',(-1.E0,0.E0,0.E0));
#8594=DIRECTION('',(0.E0,0.E0,-1.E0));
#8595=AXIS2_PLACEMENT_3D('',#8592,#8593,#8594);
#8596=PLANE('',#8595);
#8597=ORIENTED_EDGE('',*,*,#7486,.F.);
#8598=ORIENTED_EDGE('',*,*,#7246,.T.);
#8600=ORIENTED_EDGE('',*,*,#8599,.T.);
#8602=ORIENTED_EDGE('',*,*,#8601,.T.);
#8604=ORIENTED_EDGE('',*,*,#8603,.T.);
#8605=EDGE_LOOP('',(#8597,#8598,#8600,#8602,#8604));
#8606=FACE_OUTER_BOUND('',#8605,.F.);
#8608=CARTESIAN_POINT('',(-6.E-1,-4.2E-1,-4.4E0));
#8609=DIRECTION('',(0.E0,7.071067811865E-1,-7.071067811865E-1));
#8610=DIRECTION('',(0.E0,-7.071067811865E-1,-7.071067811865E-1));
#8611=AXIS2_PLACEMENT_3D('',#8608,#8609,#8610);
#8612=PLANE('',#8611);
#8613=ORIENTED_EDGE('',*,*,#5778,.T.);
#8615=ORIENTED_EDGE('',*,*,#8614,.T.);
#8617=ORIENTED_EDGE('',*,*,#8616,.T.);
#8618=ORIENTED_EDGE('',*,*,#8579,.F.);
#8619=EDGE_LOOP('',(#8613,#8615,#8617,#8618));
#8620=FACE_OUTER_BOUND('',#8619,.F.);
#8622=CARTESIAN_POINT('',(-6.E-1,0.E0,0.E0));
#8623=DIRECTION('',(-1.E0,0.E0,0.E0));
#8624=DIRECTION('',(0.E0,0.E0,-1.E0));
#8625=AXIS2_PLACEMENT_3D('',#8622,#8623,#8624);
#8626=PLANE('',#8625);
#8627=ORIENTED_EDGE('',*,*,#5776,.F.);
#8629=ORIENTED_EDGE('',*,*,#8628,.F.);
#8631=ORIENTED_EDGE('',*,*,#8630,.F.);
#8633=ORIENTED_EDGE('',*,*,#8632,.F.);
#8635=ORIENTED_EDGE('',*,*,#8634,.F.);
#8636=ORIENTED_EDGE('',*,*,#8614,.F.);
#8637=EDGE_LOOP('',(#8627,#8629,#8631,#8633,#8635,#8636));
#8638=FACE_OUTER_BOUND('',#8637,.F.);
#8640=CARTESIAN_POINT('',(-6.E-1,0.E0,0.E0));
#8641=DIRECTION('',(-1.E0,0.E0,0.E0));
#8642=DIRECTION('',(0.E0,0.E0,-1.E0));
#8643=AXIS2_PLACEMENT_3D('',#8640,#8641,#8642);
#8644=PLANE('',#8643);
#8645=ORIENTED_EDGE('',*,*,#7490,.T.);
#8647=ORIENTED_EDGE('',*,*,#8646,.F.);
#8649=ORIENTED_EDGE('',*,*,#8648,.F.);
#8651=ORIENTED_EDGE('',*,*,#8650,.F.);
#8652=ORIENTED_EDGE('',*,*,#7242,.F.);
#8653=EDGE_LOOP('',(#8645,#8647,#8649,#8651,#8652));
#8654=FACE_OUTER_BOUND('',#8653,.F.);
#8656=CARTESIAN_POINT('',(-6.E-1,-1.05E0,-4.6E0));
#8657=DIRECTION('',(0.E0,-7.071067811865E-1,7.071067811865E-1));
#8658=DIRECTION('',(0.E0,7.071067811865E-1,7.071067811865E-1));
#8659=AXIS2_PLACEMENT_3D('',#8656,#8657,#8658);
#8660=PLANE('',#8659);
#8661=ORIENTED_EDGE('',*,*,#5782,.F.);
#8662=ORIENTED_EDGE('',*,*,#8587,.F.);
#8664=ORIENTED_EDGE('',*,*,#8663,.F.);
#8665=ORIENTED_EDGE('',*,*,#8628,.T.);
#8666=EDGE_LOOP('',(#8661,#8662,#8664,#8665));
#8667=FACE_OUTER_BOUND('',#8666,.F.);
#8669=CARTESIAN_POINT('',(-6.E-1,-1.05E0,-5.1E0));
#8670=DIRECTION('',(0.E0,-1.E0,0.E0));
#8671=DIRECTION('',(0.E0,0.E0,1.E0));
#8672=AXIS2_PLACEMENT_3D('',#8669,#8670,#8671);
#8673=PLANE('',#8672);
#8674=ORIENTED_EDGE('',*,*,#8630,.T.);
#8675=ORIENTED_EDGE('',*,*,#8663,.T.);
#8676=ORIENTED_EDGE('',*,*,#8585,.F.);
#8678=ORIENTED_EDGE('',*,*,#8677,.F.);
#8679=EDGE_LOOP('',(#8674,#8675,#8676,#8678));
#8680=FACE_OUTER_BOUND('',#8679,.F.);
#8682=CARTESIAN_POINT('',(-6.E-1,-7.5E-1,-5.1E0));
#8683=DIRECTION('',(0.E0,0.E0,-1.E0));
#8684=DIRECTION('',(0.E0,-1.E0,0.E0));
#8685=AXIS2_PLACEMENT_3D('',#8682,#8683,#8684);
#8686=PLANE('',#8685);
#8687=ORIENTED_EDGE('',*,*,#8632,.T.);
#8688=ORIENTED_EDGE('',*,*,#8677,.T.);
#8689=ORIENTED_EDGE('',*,*,#8583,.F.);
#8691=ORIENTED_EDGE('',*,*,#8690,.F.);
#8692=EDGE_LOOP('',(#8687,#8688,#8689,#8691));
#8693=FACE_OUTER_BOUND('',#8692,.F.);
#8695=CARTESIAN_POINT('',(-6.E-1,-7.5E-1,-4.73E0));
#8696=DIRECTION('',(0.E0,1.E0,0.E0));
#8697=DIRECTION('',(0.E0,0.E0,-1.E0));
#8698=AXIS2_PLACEMENT_3D('',#8695,#8696,#8697);
#8699=PLANE('',#8698);
#8700=ORIENTED_EDGE('',*,*,#8634,.T.);
#8701=ORIENTED_EDGE('',*,*,#8690,.T.);
#8702=ORIENTED_EDGE('',*,*,#8581,.F.);
#8703=ORIENTED_EDGE('',*,*,#8616,.F.);
#8704=EDGE_LOOP('',(#8700,#8701,#8702,#8703));
#8705=FACE_OUTER_BOUND('',#8704,.F.);
#8707=CARTESIAN_POINT('',(-6.E-1,3.781801907155E-1,-1.716957743571E0));
#8708=DIRECTION('',(0.E0,-9.067682527413E-1,4.216293820650E-1));
#8709=DIRECTION('',(0.E0,4.216293820650E-1,9.067682527413E-1));
#8710=AXIS2_PLACEMENT_3D('',#8707,#8708,#8709);
#8711=PLANE('',#8710);
#8712=ORIENTED_EDGE('',*,*,#7488,.F.);
#8713=ORIENTED_EDGE('',*,*,#8603,.F.);
#8715=ORIENTED_EDGE('',*,*,#8714,.F.);
#8716=ORIENTED_EDGE('',*,*,#8646,.T.);
#8717=EDGE_LOOP('',(#8712,#8713,#8715,#8716));
#8718=FACE_OUTER_BOUND('',#8717,.F.);
#8720=CARTESIAN_POINT('',(-6.E-1,5.55E-1,-1.799175473074E0));
#8721=DIRECTION('',(-1.E0,0.E0,0.E0));
#8722=DIRECTION('',(0.E0,0.E0,-1.E0));
#8723=AXIS2_PLACEMENT_3D('',#8720,#8721,#8722);
#8724=CYLINDRICAL_SURFACE('',#8723,1.95E-1);
#8725=ORIENTED_EDGE('',*,*,#8648,.T.);
#8726=ORIENTED_EDGE('',*,*,#8714,.T.);
#8727=ORIENTED_EDGE('',*,*,#8601,.F.);
#8729=ORIENTED_EDGE('',*,*,#8728,.F.);
#8730=EDGE_LOOP('',(#8725,#8726,#8727,#8729));
#8731=FACE_OUTER_BOUND('',#8730,.F.);
#8733=CARTESIAN_POINT('',(-6.E-1,4.413750317050E-1,-3.39E0));
#8734=DIRECTION('',(0.E0,-9.986860302749E-1,-5.124658948458E-2));
#8735=DIRECTION('',(0.E0,-5.124658948458E-2,9.986860302749E-1));
#8736=AXIS2_PLACEMENT_3D('',#8733,#8734,#8735);
#8737=PLANE('',#8736);
#8738=ORIENTED_EDGE('',*,*,#7244,.T.);
#8739=ORIENTED_EDGE('',*,*,#8650,.T.);
#8740=ORIENTED_EDGE('',*,*,#8728,.T.);
#8741=ORIENTED_EDGE('',*,*,#8599,.F.);
#8742=EDGE_LOOP('',(#8738,#8739,#8740,#8741));
#8743=FACE_OUTER_BOUND('',#8742,.F.);
#8745=CARTESIAN_POINT('',(-9.E-1,0.E0,0.E0));
#8746=DIRECTION('',(-1.E0,0.E0,0.E0));
#8747=DIRECTION('',(0.E0,0.E0,-1.E0));
#8748=AXIS2_PLACEMENT_3D('',#8745,#8746,#8747);
#8749=PLANE('',#8748);
#8751=ORIENTED_EDGE('',*,*,#8750,.T.);
#8753=ORIENTED_EDGE('',*,*,#8752,.T.);
#8755=ORIENTED_EDGE('',*,*,#8754,.T.);
#8757=ORIENTED_EDGE('',*,*,#8756,.T.);
#8759=ORIENTED_EDGE('',*,*,#8758,.T.);
#8760=ORIENTED_EDGE('',*,*,#5770,.T.);
#8761=EDGE_LOOP('',(#8751,#8753,#8755,#8757,#8759,#8760));
#8762=FACE_OUTER_BOUND('',#8761,.F.);
#8764=CARTESIAN_POINT('',(-9.E-1,0.E0,0.E0));
#8765=DIRECTION('',(-1.E0,0.E0,0.E0));
#8766=DIRECTION('',(0.E0,0.E0,-1.E0));
#8767=AXIS2_PLACEMENT_3D('',#8764,#8765,#8766);
#8768=PLANE('',#8767);
#8770=ORIENTED_EDGE('',*,*,#8769,.T.);
#8772=ORIENTED_EDGE('',*,*,#8771,.T.);
#8774=ORIENTED_EDGE('',*,*,#8773,.T.);
#8775=ORIENTED_EDGE('',*,*,#7493,.F.);
#8776=ORIENTED_EDGE('',*,*,#7238,.T.);
#8777=EDGE_LOOP('',(#8770,#8772,#8774,#8775,#8776));
#8778=FACE_OUTER_BOUND('',#8777,.F.);
#8780=CARTESIAN_POINT('',(-1.1E0,-4.2E-1,-4.4E0));
#8781=DIRECTION('',(0.E0,7.071067811865E-1,-7.071067811865E-1));
#8782=DIRECTION('',(0.E0,-7.071067811865E-1,-7.071067811865E-1));
#8783=AXIS2_PLACEMENT_3D('',#8780,#8781,#8782);
#8784=PLANE('',#8783);
#8786=ORIENTED_EDGE('',*,*,#8785,.T.);
#8788=ORIENTED_EDGE('',*,*,#8787,.T.);
#8789=ORIENTED_EDGE('',*,*,#8750,.F.);
#8790=ORIENTED_EDGE('',*,*,#5768,.T.);
#8791=EDGE_LOOP('',(#8786,#8788,#8789,#8790));
#8792=FACE_OUTER_BOUND('',#8791,.F.);
#8794=CARTESIAN_POINT('',(-1.1E0,0.E0,0.E0));
#8795=DIRECTION('',(-1.E0,0.E0,0.E0));
#8796=DIRECTION('',(0.E0,0.E0,-1.E0));
#8797=AXIS2_PLACEMENT_3D('',#8794,#8795,#8796);
#8798=PLANE('',#8797);
#8799=ORIENTED_EDGE('',*,*,#8785,.F.);
#8800=ORIENTED_EDGE('',*,*,#5766,.F.);
#8802=ORIENTED_EDGE('',*,*,#8801,.F.);
#8804=ORIENTED_EDGE('',*,*,#8803,.F.);
#8806=ORIENTED_EDGE('',*,*,#8805,.F.);
#8808=ORIENTED_EDGE('',*,*,#8807,.F.);
#8809=EDGE_LOOP('',(#8799,#8800,#8802,#8804,#8806,#8808));
#8810=FACE_OUTER_BOUND('',#8809,.F.);
#8812=CARTESIAN_POINT('',(-1.1E0,0.E0,0.E0));
#8813=DIRECTION('',(-1.E0,0.E0,0.E0));
#8814=DIRECTION('',(0.E0,0.E0,-1.E0));
#8815=AXIS2_PLACEMENT_3D('',#8812,#8813,#8814);
#8816=PLANE('',#8815);
#8818=ORIENTED_EDGE('',*,*,#8817,.F.);
#8819=ORIENTED_EDGE('',*,*,#7234,.F.);
#8820=ORIENTED_EDGE('',*,*,#7497,.T.);
#8822=ORIENTED_EDGE('',*,*,#8821,.F.);
#8824=ORIENTED_EDGE('',*,*,#8823,.F.);
#8825=EDGE_LOOP('',(#8818,#8819,#8820,#8822,#8824));
#8826=FACE_OUTER_BOUND('',#8825,.F.);
#8828=CARTESIAN_POINT('',(-1.1E0,-1.05E0,-4.6E0));
#8829=DIRECTION('',(0.E0,-7.071067811865E-1,7.071067811865E-1));
#8830=DIRECTION('',(0.E0,7.071067811865E-1,7.071067811865E-1));
#8831=AXIS2_PLACEMENT_3D('',#8828,#8829,#8830);
#8832=PLANE('',#8831);
#8833=ORIENTED_EDGE('',*,*,#8801,.T.);
#8834=ORIENTED_EDGE('',*,*,#5772,.F.);
#8835=ORIENTED_EDGE('',*,*,#8758,.F.);
#8837=ORIENTED_EDGE('',*,*,#8836,.F.);
#8838=EDGE_LOOP('',(#8833,#8834,#8835,#8837));
#8839=FACE_OUTER_BOUND('',#8838,.F.);
#8841=CARTESIAN_POINT('',(-1.1E0,-1.05E0,-5.1E0));
#8842=DIRECTION('',(0.E0,-1.E0,0.E0));
#8843=DIRECTION('',(0.E0,0.E0,1.E0));
#8844=AXIS2_PLACEMENT_3D('',#8841,#8842,#8843);
#8845=PLANE('',#8844);
#8846=ORIENTED_EDGE('',*,*,#8803,.T.);
#8847=ORIENTED_EDGE('',*,*,#8836,.T.);
#8848=ORIENTED_EDGE('',*,*,#8756,.F.);
#8850=ORIENTED_EDGE('',*,*,#8849,.F.);
#8851=EDGE_LOOP('',(#8846,#8847,#8848,#8850));
#8852=FACE_OUTER_BOUND('',#8851,.F.);
#8854=CARTESIAN_POINT('',(-1.1E0,-7.5E-1,-5.1E0));
#8855=DIRECTION('',(0.E0,0.E0,-1.E0));
#8856=DIRECTION('',(0.E0,-1.E0,0.E0));
#8857=AXIS2_PLACEMENT_3D('',#8854,#8855,#8856);
#8858=PLANE('',#8857);
#8859=ORIENTED_EDGE('',*,*,#8805,.T.);
#8860=ORIENTED_EDGE('',*,*,#8849,.T.);
#8861=ORIENTED_EDGE('',*,*,#8754,.F.);
#8863=ORIENTED_EDGE('',*,*,#8862,.F.);
#8864=EDGE_LOOP('',(#8859,#8860,#8861,#8863));
#8865=FACE_OUTER_BOUND('',#8864,.F.);
#8867=CARTESIAN_POINT('',(-1.1E0,-7.5E-1,-4.73E0));
#8868=DIRECTION('',(0.E0,1.E0,0.E0));
#8869=DIRECTION('',(0.E0,0.E0,-1.E0));
#8870=AXIS2_PLACEMENT_3D('',#8867,#8868,#8869);
#8871=PLANE('',#8870);
#8872=ORIENTED_EDGE('',*,*,#8807,.T.);
#8873=ORIENTED_EDGE('',*,*,#8862,.T.);
#8874=ORIENTED_EDGE('',*,*,#8752,.F.);
#8875=ORIENTED_EDGE('',*,*,#8787,.F.);
#8876=EDGE_LOOP('',(#8872,#8873,#8874,#8875));
#8877=FACE_OUTER_BOUND('',#8876,.F.);
#8879=CARTESIAN_POINT('',(-1.1E0,4.413750317050E-1,-3.39E0));
#8880=DIRECTION('',(0.E0,-9.986860302749E-1,-5.124658948458E-2));
#8881=DIRECTION('',(0.E0,-5.124658948458E-2,9.986860302749E-1));
#8882=AXIS2_PLACEMENT_3D('',#8879,#8880,#8881);
#8883=PLANE('',#8882);
#8884=ORIENTED_EDGE('',*,*,#8817,.T.);
#8886=ORIENTED_EDGE('',*,*,#8885,.T.);
#8887=ORIENTED_EDGE('',*,*,#8769,.F.);
#8888=ORIENTED_EDGE('',*,*,#7236,.T.);
#8889=EDGE_LOOP('',(#8884,#8886,#8887,#8888));
#8890=FACE_OUTER_BOUND('',#8889,.F.);
#8892=CARTESIAN_POINT('',(-1.1E0,5.55E-1,-1.799175473074E0));
#8893=DIRECTION('',(-1.E0,0.E0,0.E0));
#8894=DIRECTION('',(0.E0,0.E0,-1.E0));
#8895=AXIS2_PLACEMENT_3D('',#8892,#8893,#8894);
#8896=CYLINDRICAL_SURFACE('',#8895,1.95E-1);
#8897=ORIENTED_EDGE('',*,*,#8823,.T.);
#8899=ORIENTED_EDGE('',*,*,#8898,.T.);
#8900=ORIENTED_EDGE('',*,*,#8771,.F.);
#8901=ORIENTED_EDGE('',*,*,#8885,.F.);
#8902=EDGE_LOOP('',(#8897,#8899,#8900,#8901));
#8903=FACE_OUTER_BOUND('',#8902,.F.);
#8905=CARTESIAN_POINT('',(-1.1E0,3.781801907155E-1,-1.716957743571E0));
#8906=DIRECTION('',(0.E0,-9.067682527413E-1,4.216293820650E-1));
#8907=DIRECTION('',(0.E0,4.216293820650E-1,9.067682527413E-1));
#8908=AXIS2_PLACEMENT_3D('',#8905,#8906,#8907);
#8909=PLANE('',#8908);
#8910=ORIENTED_EDGE('',*,*,#8821,.T.);
#8911=ORIENTED_EDGE('',*,*,#7495,.F.);
#8912=ORIENTED_EDGE('',*,*,#8773,.F.);
#8913=ORIENTED_EDGE('',*,*,#8898,.F.);
#8914=EDGE_LOOP('',(#8910,#8911,#8912,#8913));
#8915=FACE_OUTER_BOUND('',#8914,.F.);
#8917=CARTESIAN_POINT('',(-1.4E0,0.E0,0.E0));
#8918=DIRECTION('',(-1.E0,0.E0,0.E0));
#8919=DIRECTION('',(0.E0,0.E0,-1.E0));
#8920=AXIS2_PLACEMENT_3D('',#8917,#8918,#8919);
#8921=PLANE('',#8920);
#8923=ORIENTED_EDGE('',*,*,#8922,.T.);
#8925=ORIENTED_EDGE('',*,*,#8924,.T.);
#8927=ORIENTED_EDGE('',*,*,#8926,.T.);
#8929=ORIENTED_EDGE('',*,*,#8928,.T.);
#8931=ORIENTED_EDGE('',*,*,#8930,.T.);
#8932=ORIENTED_EDGE('',*,*,#5760,.T.);
#8933=EDGE_LOOP('',(#8923,#8925,#8927,#8929,#8931,#8932));
#8934=FACE_OUTER_BOUND('',#8933,.F.);
#8936=CARTESIAN_POINT('',(-1.4E0,0.E0,0.E0));
#8937=DIRECTION('',(-1.E0,0.E0,0.E0));
#8938=DIRECTION('',(0.E0,0.E0,-1.E0));
#8939=AXIS2_PLACEMENT_3D('',#8936,#8937,#8938);
#8940=PLANE('',#8939);
#8942=ORIENTED_EDGE('',*,*,#8941,.T.);
#8944=ORIENTED_EDGE('',*,*,#8943,.T.);
#8946=ORIENTED_EDGE('',*,*,#8945,.T.);
#8947=ORIENTED_EDGE('',*,*,#7500,.F.);
#8948=ORIENTED_EDGE('',*,*,#7230,.T.);
#8949=EDGE_LOOP('',(#8942,#8944,#8946,#8947,#8948));
#8950=FACE_OUTER_BOUND('',#8949,.F.);
#8952=CARTESIAN_POINT('',(-1.6E0,-4.2E-1,-4.4E0));
#8953=DIRECTION('',(0.E0,7.071067811865E-1,-7.071067811865E-1));
#8954=DIRECTION('',(0.E0,-7.071067811865E-1,-7.071067811865E-1));
#8955=AXIS2_PLACEMENT_3D('',#8952,#8953,#8954);
#8956=PLANE('',#8955);
#8958=ORIENTED_EDGE('',*,*,#8957,.T.);
#8960=ORIENTED_EDGE('',*,*,#8959,.T.);
#8961=ORIENTED_EDGE('',*,*,#8922,.F.);
#8962=ORIENTED_EDGE('',*,*,#5758,.T.);
#8963=EDGE_LOOP('',(#8958,#8960,#8961,#8962));
#8964=FACE_OUTER_BOUND('',#8963,.F.);
#8966=CARTESIAN_POINT('',(-1.6E0,0.E0,0.E0));
#8967=DIRECTION('',(-1.E0,0.E0,0.E0));
#8968=DIRECTION('',(0.E0,0.E0,-1.E0));
#8969=AXIS2_PLACEMENT_3D('',#8966,#8967,#8968);
#8970=PLANE('',#8969);
#8971=ORIENTED_EDGE('',*,*,#8957,.F.);
#8972=ORIENTED_EDGE('',*,*,#5756,.F.);
#8974=ORIENTED_EDGE('',*,*,#8973,.F.);
#8976=ORIENTED_EDGE('',*,*,#8975,.F.);
#8978=ORIENTED_EDGE('',*,*,#8977,.F.);
#8980=ORIENTED_EDGE('',*,*,#8979,.F.);
#8981=EDGE_LOOP('',(#8971,#8972,#8974,#8976,#8978,#8980));
#8982=FACE_OUTER_BOUND('',#8981,.F.);
#8984=CARTESIAN_POINT('',(-1.6E0,0.E0,0.E0));
#8985=DIRECTION('',(-1.E0,0.E0,0.E0));
#8986=DIRECTION('',(0.E0,0.E0,-1.E0));
#8987=AXIS2_PLACEMENT_3D('',#8984,#8985,#8986);
#8988=PLANE('',#8987);
#8990=ORIENTED_EDGE('',*,*,#8989,.F.);
#8991=ORIENTED_EDGE('',*,*,#7226,.F.);
#8992=ORIENTED_EDGE('',*,*,#7504,.T.);
#8994=ORIENTED_EDGE('',*,*,#8993,.F.);
#8996=ORIENTED_EDGE('',*,*,#8995,.F.);
#8997=EDGE_LOOP('',(#8990,#8991,#8992,#8994,#8996));
#8998=FACE_OUTER_BOUND('',#8997,.F.);
#9000=CARTESIAN_POINT('',(-1.6E0,-1.05E0,-4.6E0));
#9001=DIRECTION('',(0.E0,-7.071067811865E-1,7.071067811865E-1));
#9002=DIRECTION('',(0.E0,7.071067811865E-1,7.071067811865E-1));
#9003=AXIS2_PLACEMENT_3D('',#9000,#9001,#9002);
#9004=PLANE('',#9003);
#9005=ORIENTED_EDGE('',*,*,#8973,.T.);
#9006=ORIENTED_EDGE('',*,*,#5762,.F.);
#9007=ORIENTED_EDGE('',*,*,#8930,.F.);
#9009=ORIENTED_EDGE('',*,*,#9008,.F.);
#9010=EDGE_LOOP('',(#9005,#9006,#9007,#9009));
#9011=FACE_OUTER_BOUND('',#9010,.F.);
#9013=CARTESIAN_POINT('',(-1.6E0,-1.05E0,-5.1E0));
#9014=DIRECTION('',(0.E0,-1.E0,0.E0));
#9015=DIRECTION('',(0.E0,0.E0,1.E0));
#9016=AXIS2_PLACEMENT_3D('',#9013,#9014,#9015);
#9017=PLANE('',#9016);
#9018=ORIENTED_EDGE('',*,*,#8975,.T.);
#9019=ORIENTED_EDGE('',*,*,#9008,.T.);
#9020=ORIENTED_EDGE('',*,*,#8928,.F.);
#9022=ORIENTED_EDGE('',*,*,#9021,.F.);
#9023=EDGE_LOOP('',(#9018,#9019,#9020,#9022));
#9024=FACE_OUTER_BOUND('',#9023,.F.);
#9026=CARTESIAN_POINT('',(-1.6E0,-7.5E-1,-5.1E0));
#9027=DIRECTION('',(0.E0,0.E0,-1.E0));
#9028=DIRECTION('',(0.E0,-1.E0,0.E0));
#9029=AXIS2_PLACEMENT_3D('',#9026,#9027,#9028);
#9030=PLANE('',#9029);
#9031=ORIENTED_EDGE('',*,*,#8977,.T.);
#9032=ORIENTED_EDGE('',*,*,#9021,.T.);
#9033=ORIENTED_EDGE('',*,*,#8926,.F.);
#9035=ORIENTED_EDGE('',*,*,#9034,.F.);
#9036=EDGE_LOOP('',(#9031,#9032,#9033,#9035));
#9037=FACE_OUTER_BOUND('',#9036,.F.);
#9039=CARTESIAN_POINT('',(-1.6E0,-7.5E-1,-4.73E0));
#9040=DIRECTION('',(0.E0,1.E0,0.E0));
#9041=DIRECTION('',(0.E0,0.E0,-1.E0));
#9042=AXIS2_PLACEMENT_3D('',#9039,#9040,#9041);
#9043=PLANE('',#9042);
#9044=ORIENTED_EDGE('',*,*,#8979,.T.);
#9045=ORIENTED_EDGE('',*,*,#9034,.T.);
#9046=ORIENTED_EDGE('',*,*,#8924,.F.);
#9047=ORIENTED_EDGE('',*,*,#8959,.F.);
#9048=EDGE_LOOP('',(#9044,#9045,#9046,#9047));
#9049=FACE_OUTER_BOUND('',#9048,.F.);
#9051=CARTESIAN_POINT('',(-1.6E0,4.413750317050E-1,-3.39E0));
#9052=DIRECTION('',(0.E0,-9.986860302749E-1,-5.124658948458E-2));
#9053=DIRECTION('',(0.E0,-5.124658948458E-2,9.986860302749E-1));
#9054=AXIS2_PLACEMENT_3D('',#9051,#9052,#9053);
#9055=PLANE('',#9054);
#9056=ORIENTED_EDGE('',*,*,#8989,.T.);
#9058=ORIENTED_EDGE('',*,*,#9057,.T.);
#9059=ORIENTED_EDGE('',*,*,#8941,.F.);
#9060=ORIENTED_EDGE('',*,*,#7228,.T.);
#9061=EDGE_LOOP('',(#9056,#9058,#9059,#9060));
#9062=FACE_OUTER_BOUND('',#9061,.F.);
#9064=CARTESIAN_POINT('',(-1.6E0,5.55E-1,-1.799175473074E0));
#9065=DIRECTION('',(-1.E0,0.E0,0.E0));
#9066=DIRECTION('',(0.E0,0.E0,-1.E0));
#9067=AXIS2_PLACEMENT_3D('',#9064,#9065,#9066);
#9068=CYLINDRICAL_SURFACE('',#9067,1.95E-1);
#9069=ORIENTED_EDGE('',*,*,#8995,.T.);
#9071=ORIENTED_EDGE('',*,*,#9070,.T.);
#9072=ORIENTED_EDGE('',*,*,#8943,.F.);
#9073=ORIENTED_EDGE('',*,*,#9057,.F.);
#9074=EDGE_LOOP('',(#9069,#9071,#9072,#9073));
#9075=FACE_OUTER_BOUND('',#9074,.F.);
#9077=CARTESIAN_POINT('',(-1.6E0,3.781801907155E-1,-1.716957743571E0));
#9078=DIRECTION('',(0.E0,-9.067682527413E-1,4.216293820650E-1));
#9079=DIRECTION('',(0.E0,4.216293820650E-1,9.067682527413E-1));
#9080=AXIS2_PLACEMENT_3D('',#9077,#9078,#9079);
#9081=PLANE('',#9080);
#9082=ORIENTED_EDGE('',*,*,#8993,.T.);
#9083=ORIENTED_EDGE('',*,*,#7502,.F.);
#9084=ORIENTED_EDGE('',*,*,#8945,.F.);
#9085=ORIENTED_EDGE('',*,*,#9070,.F.);
#9086=EDGE_LOOP('',(#9082,#9083,#9084,#9085));
#9087=FACE_OUTER_BOUND('',#9086,.F.);
#9089=CARTESIAN_POINT('',(-1.9E0,0.E0,0.E0));
#9090=DIRECTION('',(-1.E0,0.E0,0.E0));
#9091=DIRECTION('',(0.E0,0.E0,-1.E0));
#9092=AXIS2_PLACEMENT_3D('',#9089,#9090,#9091);
#9093=PLANE('',#9092);
#9095=ORIENTED_EDGE('',*,*,#9094,.T.);
#9097=ORIENTED_EDGE('',*,*,#9096,.T.);
#9099=ORIENTED_EDGE('',*,*,#9098,.T.);
#9101=ORIENTED_EDGE('',*,*,#9100,.T.);
#9103=ORIENTED_EDGE('',*,*,#9102,.T.);
#9104=ORIENTED_EDGE('',*,*,#5750,.T.);
#9105=EDGE_LOOP('',(#9095,#9097,#9099,#9101,#9103,#9104));
#9106=FACE_OUTER_BOUND('',#9105,.F.);
#9108=CARTESIAN_POINT('',(-1.9E0,0.E0,0.E0));
#9109=DIRECTION('',(-1.E0,0.E0,0.E0));
#9110=DIRECTION('',(0.E0,0.E0,-1.E0));
#9111=AXIS2_PLACEMENT_3D('',#9108,#9109,#9110);
#9112=PLANE('',#9111);
#9114=ORIENTED_EDGE('',*,*,#9113,.T.);
#9116=ORIENTED_EDGE('',*,*,#9115,.T.);
#9118=ORIENTED_EDGE('',*,*,#9117,.T.);
#9119=ORIENTED_EDGE('',*,*,#7507,.F.);
#9120=ORIENTED_EDGE('',*,*,#7222,.T.);
#9121=EDGE_LOOP('',(#9114,#9116,#9118,#9119,#9120));
#9122=FACE_OUTER_BOUND('',#9121,.F.);
#9124=CARTESIAN_POINT('',(-2.1E0,-4.2E-1,-4.4E0));
#9125=DIRECTION('',(0.E0,7.071067811865E-1,-7.071067811865E-1));
#9126=DIRECTION('',(0.E0,-7.071067811865E-1,-7.071067811865E-1));
#9127=AXIS2_PLACEMENT_3D('',#9124,#9125,#9126);
#9128=PLANE('',#9127);
#9130=ORIENTED_EDGE('',*,*,#9129,.T.);
#9132=ORIENTED_EDGE('',*,*,#9131,.T.);
#9133=ORIENTED_EDGE('',*,*,#9094,.F.);
#9134=ORIENTED_EDGE('',*,*,#5748,.T.);
#9135=EDGE_LOOP('',(#9130,#9132,#9133,#9134));
#9136=FACE_OUTER_BOUND('',#9135,.F.);
#9138=CARTESIAN_POINT('',(-2.1E0,0.E0,0.E0));
#9139=DIRECTION('',(-1.E0,0.E0,0.E0));
#9140=DIRECTION('',(0.E0,0.E0,-1.E0));
#9141=AXIS2_PLACEMENT_3D('',#9138,#9139,#9140);
#9142=PLANE('',#9141);
#9143=ORIENTED_EDGE('',*,*,#9129,.F.);
#9144=ORIENTED_EDGE('',*,*,#5746,.F.);
#9146=ORIENTED_EDGE('',*,*,#9145,.F.);
#9148=ORIENTED_EDGE('',*,*,#9147,.F.);
#9150=ORIENTED_EDGE('',*,*,#9149,.F.);
#9152=ORIENTED_EDGE('',*,*,#9151,.F.);
#9153=EDGE_LOOP('',(#9143,#9144,#9146,#9148,#9150,#9152));
#9154=FACE_OUTER_BOUND('',#9153,.F.);
#9156=CARTESIAN_POINT('',(-2.1E0,0.E0,0.E0));
#9157=DIRECTION('',(-1.E0,0.E0,0.E0));
#9158=DIRECTION('',(0.E0,0.E0,-1.E0));
#9159=AXIS2_PLACEMENT_3D('',#9156,#9157,#9158);
#9160=PLANE('',#9159);
#9162=ORIENTED_EDGE('',*,*,#9161,.F.);
#9163=ORIENTED_EDGE('',*,*,#7218,.F.);
#9164=ORIENTED_EDGE('',*,*,#7511,.T.);
#9166=ORIENTED_EDGE('',*,*,#9165,.F.);
#9168=ORIENTED_EDGE('',*,*,#9167,.F.);
#9169=EDGE_LOOP('',(#9162,#9163,#9164,#9166,#9168));
#9170=FACE_OUTER_BOUND('',#9169,.F.);
#9172=CARTESIAN_POINT('',(-2.1E0,-1.05E0,-4.6E0));
#9173=DIRECTION('',(0.E0,-7.071067811865E-1,7.071067811865E-1));
#9174=DIRECTION('',(0.E0,7.071067811865E-1,7.071067811865E-1));
#9175=AXIS2_PLACEMENT_3D('',#9172,#9173,#9174);
#9176=PLANE('',#9175);
#9177=ORIENTED_EDGE('',*,*,#9145,.T.);
#9178=ORIENTED_EDGE('',*,*,#5752,.F.);
#9179=ORIENTED_EDGE('',*,*,#9102,.F.);
#9181=ORIENTED_EDGE('',*,*,#9180,.F.);
#9182=EDGE_LOOP('',(#9177,#9178,#9179,#9181));
#9183=FACE_OUTER_BOUND('',#9182,.F.);
#9185=CARTESIAN_POINT('',(-2.1E0,-1.05E0,-5.1E0));
#9186=DIRECTION('',(0.E0,-1.E0,0.E0));
#9187=DIRECTION('',(0.E0,0.E0,1.E0));
#9188=AXIS2_PLACEMENT_3D('',#9185,#9186,#9187);
#9189=PLANE('',#9188);
#9190=ORIENTED_EDGE('',*,*,#9147,.T.);
#9191=ORIENTED_EDGE('',*,*,#9180,.T.);
#9192=ORIENTED_EDGE('',*,*,#9100,.F.);
#9194=ORIENTED_EDGE('',*,*,#9193,.F.);
#9195=EDGE_LOOP('',(#9190,#9191,#9192,#9194));
#9196=FACE_OUTER_BOUND('',#9195,.F.);
#9198=CARTESIAN_POINT('',(-2.1E0,-7.5E-1,-5.1E0));
#9199=DIRECTION('',(0.E0,0.E0,-1.E0));
#9200=DIRECTION('',(0.E0,-1.E0,0.E0));
#9201=AXIS2_PLACEMENT_3D('',#9198,#9199,#9200);
#9202=PLANE('',#9201);
#9203=ORIENTED_EDGE('',*,*,#9149,.T.);
#9204=ORIENTED_EDGE('',*,*,#9193,.T.);
#9205=ORIENTED_EDGE('',*,*,#9098,.F.);
#9207=ORIENTED_EDGE('',*,*,#9206,.F.);
#9208=EDGE_LOOP('',(#9203,#9204,#9205,#9207));
#9209=FACE_OUTER_BOUND('',#9208,.F.);
#9211=CARTESIAN_POINT('',(-2.1E0,-7.5E-1,-4.73E0));
#9212=DIRECTION('',(0.E0,1.E0,0.E0));
#9213=DIRECTION('',(0.E0,0.E0,-1.E0));
#9214=AXIS2_PLACEMENT_3D('',#9211,#9212,#9213);
#9215=PLANE('',#9214);
#9216=ORIENTED_EDGE('',*,*,#9151,.T.);
#9217=ORIENTED_EDGE('',*,*,#9206,.T.);
#9218=ORIENTED_EDGE('',*,*,#9096,.F.);
#9219=ORIENTED_EDGE('',*,*,#9131,.F.);
#9220=EDGE_LOOP('',(#9216,#9217,#9218,#9219));
#9221=FACE_OUTER_BOUND('',#9220,.F.);
#9223=CARTESIAN_POINT('',(-2.1E0,4.413750317050E-1,-3.39E0));
#9224=DIRECTION('',(0.E0,-9.986860302749E-1,-5.124658948458E-2));
#9225=DIRECTION('',(0.E0,-5.124658948458E-2,9.986860302749E-1));
#9226=AXIS2_PLACEMENT_3D('',#9223,#9224,#9225);
#9227=PLANE('',#9226);
#9228=ORIENTED_EDGE('',*,*,#9161,.T.);
#9230=ORIENTED_EDGE('',*,*,#9229,.T.);
#9231=ORIENTED_EDGE('',*,*,#9113,.F.);
#9232=ORIENTED_EDGE('',*,*,#7220,.T.);
#9233=EDGE_LOOP('',(#9228,#9230,#9231,#9232));
#9234=FACE_OUTER_BOUND('',#9233,.F.);
#9236=CARTESIAN_POINT('',(-2.1E0,5.55E-1,-1.799175473074E0));
#9237=DIRECTION('',(-1.E0,0.E0,0.E0));
#9238=DIRECTION('',(0.E0,0.E0,-1.E0));
#9239=AXIS2_PLACEMENT_3D('',#9236,#9237,#9238);
#9240=CYLINDRICAL_SURFACE('',#9239,1.95E-1);
#9241=ORIENTED_EDGE('',*,*,#9167,.T.);
#9243=ORIENTED_EDGE('',*,*,#9242,.T.);
#9244=ORIENTED_EDGE('',*,*,#9115,.F.);
#9245=ORIENTED_EDGE('',*,*,#9229,.F.);
#9246=EDGE_LOOP('',(#9241,#9243,#9244,#9245));
#9247=FACE_OUTER_BOUND('',#9246,.F.);
#9249=CARTESIAN_POINT('',(-2.1E0,3.781801907155E-1,-1.716957743571E0));
#9250=DIRECTION('',(0.E0,-9.067682527413E-1,4.216293820650E-1));
#9251=DIRECTION('',(0.E0,4.216293820650E-1,9.067682527413E-1));
#9252=AXIS2_PLACEMENT_3D('',#9249,#9250,#9251);
#9253=PLANE('',#9252);
#9254=ORIENTED_EDGE('',*,*,#9165,.T.);
#9255=ORIENTED_EDGE('',*,*,#7509,.F.);
#9256=ORIENTED_EDGE('',*,*,#9117,.F.);
#9257=ORIENTED_EDGE('',*,*,#9242,.F.);
#9258=EDGE_LOOP('',(#9254,#9255,#9256,#9257));
#9259=FACE_OUTER_BOUND('',#9258,.F.);
#9261=CARTESIAN_POINT('',(-2.4E0,0.E0,0.E0));
#9262=DIRECTION('',(-1.E0,0.E0,0.E0));
#9263=DIRECTION('',(0.E0,0.E0,-1.E0));
#9264=AXIS2_PLACEMENT_3D('',#9261,#9262,#9263);
#9265=PLANE('',#9264);
#9267=ORIENTED_EDGE('',*,*,#9266,.T.);
#9269=ORIENTED_EDGE('',*,*,#9268,.T.);
#9271=ORIENTED_EDGE('',*,*,#9270,.T.);
#9273=ORIENTED_EDGE('',*,*,#9272,.T.);
#9275=ORIENTED_EDGE('',*,*,#9274,.T.);
#9276=ORIENTED_EDGE('',*,*,#5740,.T.);
#9277=EDGE_LOOP('',(#9267,#9269,#9271,#9273,#9275,#9276));
#9278=FACE_OUTER_BOUND('',#9277,.F.);
#9280=CARTESIAN_POINT('',(-2.4E0,0.E0,0.E0));
#9281=DIRECTION('',(-1.E0,0.E0,0.E0));
#9282=DIRECTION('',(0.E0,0.E0,-1.E0));
#9283=AXIS2_PLACEMENT_3D('',#9280,#9281,#9282);
#9284=PLANE('',#9283);
#9286=ORIENTED_EDGE('',*,*,#9285,.T.);
#9288=ORIENTED_EDGE('',*,*,#9287,.T.);
#9290=ORIENTED_EDGE('',*,*,#9289,.T.);
#9291=ORIENTED_EDGE('',*,*,#7514,.F.);
#9292=ORIENTED_EDGE('',*,*,#7214,.T.);
#9293=EDGE_LOOP('',(#9286,#9288,#9290,#9291,#9292));
#9294=FACE_OUTER_BOUND('',#9293,.F.);
#9296=CARTESIAN_POINT('',(-2.6E0,-4.2E-1,-4.4E0));
#9297=DIRECTION('',(0.E0,7.071067811865E-1,-7.071067811865E-1));
#9298=DIRECTION('',(0.E0,-7.071067811865E-1,-7.071067811865E-1));
#9299=AXIS2_PLACEMENT_3D('',#9296,#9297,#9298);
#9300=PLANE('',#9299);
#9302=ORIENTED_EDGE('',*,*,#9301,.T.);
#9304=ORIENTED_EDGE('',*,*,#9303,.T.);
#9305=ORIENTED_EDGE('',*,*,#9266,.F.);
#9306=ORIENTED_EDGE('',*,*,#5738,.T.);
#9307=EDGE_LOOP('',(#9302,#9304,#9305,#9306));
#9308=FACE_OUTER_BOUND('',#9307,.F.);
#9310=CARTESIAN_POINT('',(-2.6E0,0.E0,0.E0));
#9311=DIRECTION('',(-1.E0,0.E0,0.E0));
#9312=DIRECTION('',(0.E0,0.E0,-1.E0));
#9313=AXIS2_PLACEMENT_3D('',#9310,#9311,#9312);
#9314=PLANE('',#9313);
#9315=ORIENTED_EDGE('',*,*,#9301,.F.);
#9316=ORIENTED_EDGE('',*,*,#5736,.F.);
#9318=ORIENTED_EDGE('',*,*,#9317,.F.);
#9320=ORIENTED_EDGE('',*,*,#9319,.F.);
#9322=ORIENTED_EDGE('',*,*,#9321,.F.);
#9324=ORIENTED_EDGE('',*,*,#9323,.F.);
#9325=EDGE_LOOP('',(#9315,#9316,#9318,#9320,#9322,#9324));
#9326=FACE_OUTER_BOUND('',#9325,.F.);
#9328=CARTESIAN_POINT('',(-2.6E0,0.E0,0.E0));
#9329=DIRECTION('',(-1.E0,0.E0,0.E0));
#9330=DIRECTION('',(0.E0,0.E0,-1.E0));
#9331=AXIS2_PLACEMENT_3D('',#9328,#9329,#9330);
#9332=PLANE('',#9331);
#9334=ORIENTED_EDGE('',*,*,#9333,.F.);
#9335=ORIENTED_EDGE('',*,*,#7210,.F.);
#9336=ORIENTED_EDGE('',*,*,#7518,.T.);
#9338=ORIENTED_EDGE('',*,*,#9337,.F.);
#9340=ORIENTED_EDGE('',*,*,#9339,.F.);
#9341=EDGE_LOOP('',(#9334,#9335,#9336,#9338,#9340));
#9342=FACE_OUTER_BOUND('',#9341,.F.);
#9344=CARTESIAN_POINT('',(-2.6E0,-1.05E0,-4.6E0));
#9345=DIRECTION('',(0.E0,-7.071067811865E-1,7.071067811865E-1));
#9346=DIRECTION('',(0.E0,7.071067811865E-1,7.071067811865E-1));
#9347=AXIS2_PLACEMENT_3D('',#9344,#9345,#9346);
#9348=PLANE('',#9347);
#9349=ORIENTED_EDGE('',*,*,#9317,.T.);
#9350=ORIENTED_EDGE('',*,*,#5742,.F.);
#9351=ORIENTED_EDGE('',*,*,#9274,.F.);
#9353=ORIENTED_EDGE('',*,*,#9352,.F.);
#9354=EDGE_LOOP('',(#9349,#9350,#9351,#9353));
#9355=FACE_OUTER_BOUND('',#9354,.F.);
#9357=CARTESIAN_POINT('',(-2.6E0,-1.05E0,-5.1E0));
#9358=DIRECTION('',(0.E0,-1.E0,0.E0));
#9359=DIRECTION('',(0.E0,0.E0,1.E0));
#9360=AXIS2_PLACEMENT_3D('',#9357,#9358,#9359);
#9361=PLANE('',#9360);
#9362=ORIENTED_EDGE('',*,*,#9319,.T.);
#9363=ORIENTED_EDGE('',*,*,#9352,.T.);
#9364=ORIENTED_EDGE('',*,*,#9272,.F.);
#9366=ORIENTED_EDGE('',*,*,#9365,.F.);
#9367=EDGE_LOOP('',(#9362,#9363,#9364,#9366));
#9368=FACE_OUTER_BOUND('',#9367,.F.);
#9370=CARTESIAN_POINT('',(-2.6E0,-7.5E-1,-5.1E0));
#9371=DIRECTION('',(0.E0,0.E0,-1.E0));
#9372=DIRECTION('',(0.E0,-1.E0,0.E0));
#9373=AXIS2_PLACEMENT_3D('',#9370,#9371,#9372);
#9374=PLANE('',#9373);
#9375=ORIENTED_EDGE('',*,*,#9321,.T.);
#9376=ORIENTED_EDGE('',*,*,#9365,.T.);
#9377=ORIENTED_EDGE('',*,*,#9270,.F.);
#9379=ORIENTED_EDGE('',*,*,#9378,.F.);
#9380=EDGE_LOOP('',(#9375,#9376,#9377,#9379));
#9381=FACE_OUTER_BOUND('',#9380,.F.);
#9383=CARTESIAN_POINT('',(-2.6E0,-7.5E-1,-4.73E0));
#9384=DIRECTION('',(0.E0,1.E0,0.E0));
#9385=DIRECTION('',(0.E0,0.E0,-1.E0));
#9386=AXIS2_PLACEMENT_3D('',#9383,#9384,#9385);
#9387=PLANE('',#9386);
#9388=ORIENTED_EDGE('',*,*,#9323,.T.);
#9389=ORIENTED_EDGE('',*,*,#9378,.T.);
#9390=ORIENTED_EDGE('',*,*,#9268,.F.);
#9391=ORIENTED_EDGE('',*,*,#9303,.F.);
#9392=EDGE_LOOP('',(#9388,#9389,#9390,#9391));
#9393=FACE_OUTER_BOUND('',#9392,.F.);
#9395=CARTESIAN_POINT('',(-2.6E0,4.413750317050E-1,-3.39E0));
#9396=DIRECTION('',(0.E0,-9.986860302749E-1,-5.124658948458E-2));
#9397=DIRECTION('',(0.E0,-5.124658948458E-2,9.986860302749E-1));
#9398=AXIS2_PLACEMENT_3D('',#9395,#9396,#9397);
#9399=PLANE('',#9398);
#9400=ORIENTED_EDGE('',*,*,#9333,.T.);
#9402=ORIENTED_EDGE('',*,*,#9401,.T.);
#9403=ORIENTED_EDGE('',*,*,#9285,.F.);
#9404=ORIENTED_EDGE('',*,*,#7212,.F.);
#9405=EDGE_LOOP('',(#9400,#9402,#9403,#9404));
#9406=FACE_OUTER_BOUND('',#9405,.F.);
#9408=CARTESIAN_POINT('',(-2.6E0,5.55E-1,-1.799175473074E0));
#9409=DIRECTION('',(-1.E0,0.E0,0.E0));
#9410=DIRECTION('',(0.E0,0.E0,-1.E0));
#9411=AXIS2_PLACEMENT_3D('',#9408,#9409,#9410);
#9412=CYLINDRICAL_SURFACE('',#9411,1.95E-1);
#9413=ORIENTED_EDGE('',*,*,#9339,.T.);
#9415=ORIENTED_EDGE('',*,*,#9414,.T.);
#9416=ORIENTED_EDGE('',*,*,#9287,.F.);
#9417=ORIENTED_EDGE('',*,*,#9401,.F.);
#9418=EDGE_LOOP('',(#9413,#9415,#9416,#9417));
#9419=FACE_OUTER_BOUND('',#9418,.F.);
#9421=CARTESIAN_POINT('',(-2.6E0,3.781801907155E-1,-1.716957743571E0));
#9422=DIRECTION('',(0.E0,-9.067682527413E-1,4.216293820650E-1));
#9423=DIRECTION('',(0.E0,4.216293820650E-1,9.067682527413E-1));
#9424=AXIS2_PLACEMENT_3D('',#9421,#9422,#9423);
#9425=PLANE('',#9424);
#9426=ORIENTED_EDGE('',*,*,#9337,.T.);
#9427=ORIENTED_EDGE('',*,*,#7516,.T.);
#9428=ORIENTED_EDGE('',*,*,#9289,.F.);
#9429=ORIENTED_EDGE('',*,*,#9414,.F.);
#9430=EDGE_LOOP('',(#9426,#9427,#9428,#9429));
#9431=FACE_OUTER_BOUND('',#9430,.F.);
#9433=CARTESIAN_POINT('',(-2.9E0,0.E0,0.E0));
#9434=DIRECTION('',(-1.E0,0.E0,0.E0));
#9435=DIRECTION('',(0.E0,0.E0,-1.E0));
#9436=AXIS2_PLACEMENT_3D('',#9433,#9434,#9435);
#9437=PLANE('',#9436);
#9439=ORIENTED_EDGE('',*,*,#9438,.T.);
#9441=ORIENTED_EDGE('',*,*,#9440,.T.);
#9443=ORIENTED_EDGE('',*,*,#9442,.T.);
#9445=ORIENTED_EDGE('',*,*,#9444,.T.);
#9447=ORIENTED_EDGE('',*,*,#9446,.T.);
#9448=ORIENTED_EDGE('',*,*,#5730,.T.);
#9449=EDGE_LOOP('',(#9439,#9441,#9443,#9445,#9447,#9448));
#9450=FACE_OUTER_BOUND('',#9449,.F.);
#9452=CARTESIAN_POINT('',(-2.9E0,0.E0,0.E0));
#9453=DIRECTION('',(-1.E0,0.E0,0.E0));
#9454=DIRECTION('',(0.E0,0.E0,-1.E0));
#9455=AXIS2_PLACEMENT_3D('',#9452,#9453,#9454);
#9456=PLANE('',#9455);
#9458=ORIENTED_EDGE('',*,*,#9457,.T.);
#9460=ORIENTED_EDGE('',*,*,#9459,.T.);
#9462=ORIENTED_EDGE('',*,*,#9461,.T.);
#9463=ORIENTED_EDGE('',*,*,#7521,.F.);
#9464=ORIENTED_EDGE('',*,*,#7206,.T.);
#9465=EDGE_LOOP('',(#9458,#9460,#9462,#9463,#9464));
#9466=FACE_OUTER_BOUND('',#9465,.F.);
#9468=CARTESIAN_POINT('',(-3.1E0,-4.2E-1,-4.4E0));
#9469=DIRECTION('',(0.E0,7.071067811865E-1,-7.071067811865E-1));
#9470=DIRECTION('',(0.E0,-7.071067811865E-1,-7.071067811865E-1));
#9471=AXIS2_PLACEMENT_3D('',#9468,#9469,#9470);
#9472=PLANE('',#9471);
#9474=ORIENTED_EDGE('',*,*,#9473,.T.);
#9476=ORIENTED_EDGE('',*,*,#9475,.T.);
#9477=ORIENTED_EDGE('',*,*,#9438,.F.);
#9478=ORIENTED_EDGE('',*,*,#5728,.T.);
#9479=EDGE_LOOP('',(#9474,#9476,#9477,#9478));
#9480=FACE_OUTER_BOUND('',#9479,.F.);
#9482=CARTESIAN_POINT('',(-3.1E0,0.E0,0.E0));
#9483=DIRECTION('',(-1.E0,0.E0,0.E0));
#9484=DIRECTION('',(0.E0,0.E0,-1.E0));
#9485=AXIS2_PLACEMENT_3D('',#9482,#9483,#9484);
#9486=PLANE('',#9485);
#9487=ORIENTED_EDGE('',*,*,#9473,.F.);
#9488=ORIENTED_EDGE('',*,*,#5726,.F.);
#9490=ORIENTED_EDGE('',*,*,#9489,.F.);
#9492=ORIENTED_EDGE('',*,*,#9491,.F.);
#9494=ORIENTED_EDGE('',*,*,#9493,.F.);
#9496=ORIENTED_EDGE('',*,*,#9495,.F.);
#9497=EDGE_LOOP('',(#9487,#9488,#9490,#9492,#9494,#9496));
#9498=FACE_OUTER_BOUND('',#9497,.F.);
#9500=CARTESIAN_POINT('',(-3.1E0,0.E0,0.E0));
#9501=DIRECTION('',(-1.E0,0.E0,0.E0));
#9502=DIRECTION('',(0.E0,0.E0,-1.E0));
#9503=AXIS2_PLACEMENT_3D('',#9500,#9501,#9502);
#9504=PLANE('',#9503);
#9506=ORIENTED_EDGE('',*,*,#9505,.F.);
#9507=ORIENTED_EDGE('',*,*,#7202,.F.);
#9508=ORIENTED_EDGE('',*,*,#7525,.T.);
#9510=ORIENTED_EDGE('',*,*,#9509,.F.);
#9512=ORIENTED_EDGE('',*,*,#9511,.F.);
#9513=EDGE_LOOP('',(#9506,#9507,#9508,#9510,#9512));
#9514=FACE_OUTER_BOUND('',#9513,.F.);
#9516=CARTESIAN_POINT('',(-3.1E0,-1.05E0,-4.6E0));
#9517=DIRECTION('',(0.E0,-7.071067811865E-1,7.071067811865E-1));
#9518=DIRECTION('',(0.E0,7.071067811865E-1,7.071067811865E-1));
#9519=AXIS2_PLACEMENT_3D('',#9516,#9517,#9518);
#9520=PLANE('',#9519);
#9521=ORIENTED_EDGE('',*,*,#9489,.T.);
#9522=ORIENTED_EDGE('',*,*,#5732,.F.);
#9523=ORIENTED_EDGE('',*,*,#9446,.F.);
#9525=ORIENTED_EDGE('',*,*,#9524,.F.);
#9526=EDGE_LOOP('',(#9521,#9522,#9523,#9525));
#9527=FACE_OUTER_BOUND('',#9526,.F.);
#9529=CARTESIAN_POINT('',(-3.1E0,-1.05E0,-5.1E0));
#9530=DIRECTION('',(0.E0,-1.E0,0.E0));
#9531=DIRECTION('',(0.E0,0.E0,1.E0));
#9532=AXIS2_PLACEMENT_3D('',#9529,#9530,#9531);
#9533=PLANE('',#9532);
#9534=ORIENTED_EDGE('',*,*,#9491,.T.);
#9535=ORIENTED_EDGE('',*,*,#9524,.T.);
#9536=ORIENTED_EDGE('',*,*,#9444,.F.);
#9538=ORIENTED_EDGE('',*,*,#9537,.F.);
#9539=EDGE_LOOP('',(#9534,#9535,#9536,#9538));
#9540=FACE_OUTER_BOUND('',#9539,.F.);
#9542=CARTESIAN_POINT('',(-3.1E0,-7.5E-1,-5.1E0));
#9543=DIRECTION('',(0.E0,0.E0,-1.E0));
#9544=DIRECTION('',(0.E0,-1.E0,0.E0));
#9545=AXIS2_PLACEMENT_3D('',#9542,#9543,#9544);
#9546=PLANE('',#9545);
#9547=ORIENTED_EDGE('',*,*,#9493,.T.);
#9548=ORIENTED_EDGE('',*,*,#9537,.T.);
#9549=ORIENTED_EDGE('',*,*,#9442,.F.);
#9551=ORIENTED_EDGE('',*,*,#9550,.F.);
#9552=EDGE_LOOP('',(#9547,#9548,#9549,#9551));
#9553=FACE_OUTER_BOUND('',#9552,.F.);
#9555=CARTESIAN_POINT('',(-3.1E0,-7.5E-1,-4.73E0));
#9556=DIRECTION('',(0.E0,1.E0,0.E0));
#9557=DIRECTION('',(0.E0,0.E0,-1.E0));
#9558=AXIS2_PLACEMENT_3D('',#9555,#9556,#9557);
#9559=PLANE('',#9558);
#9560=ORIENTED_EDGE('',*,*,#9495,.T.);
#9561=ORIENTED_EDGE('',*,*,#9550,.T.);
#9562=ORIENTED_EDGE('',*,*,#9440,.F.);
#9563=ORIENTED_EDGE('',*,*,#9475,.F.);
#9564=EDGE_LOOP('',(#9560,#9561,#9562,#9563));
#9565=FACE_OUTER_BOUND('',#9564,.F.);
#9567=CARTESIAN_POINT('',(-3.1E0,4.413750317050E-1,-3.39E0));
#9568=DIRECTION('',(0.E0,-9.986860302749E-1,-5.124658948458E-2));
#9569=DIRECTION('',(0.E0,-5.124658948458E-2,9.986860302749E-1));
#9570=AXIS2_PLACEMENT_3D('',#9567,#9568,#9569);
#9571=PLANE('',#9570);
#9572=ORIENTED_EDGE('',*,*,#9505,.T.);
#9574=ORIENTED_EDGE('',*,*,#9573,.T.);
#9575=ORIENTED_EDGE('',*,*,#9457,.F.);
#9576=ORIENTED_EDGE('',*,*,#7204,.T.);
#9577=EDGE_LOOP('',(#9572,#9574,#9575,#9576));
#9578=FACE_OUTER_BOUND('',#9577,.F.);
#9580=CARTESIAN_POINT('',(-3.1E0,5.55E-1,-1.799175473074E0));
#9581=DIRECTION('',(-1.E0,0.E0,0.E0));
#9582=DIRECTION('',(0.E0,0.E0,-1.E0));
#9583=AXIS2_PLACEMENT_3D('',#9580,#9581,#9582);
#9584=CYLINDRICAL_SURFACE('',#9583,1.95E-1);
#9585=ORIENTED_EDGE('',*,*,#9511,.T.);
#9587=ORIENTED_EDGE('',*,*,#9586,.T.);
#9588=ORIENTED_EDGE('',*,*,#9459,.F.);
#9589=ORIENTED_EDGE('',*,*,#9573,.F.);
#9590=EDGE_LOOP('',(#9585,#9587,#9588,#9589));
#9591=FACE_OUTER_BOUND('',#9590,.F.);
#9593=CARTESIAN_POINT('',(-3.1E0,3.781801907155E-1,-1.716957743571E0));
#9594=DIRECTION('',(0.E0,-9.067682527413E-1,4.216293820650E-1));
#9595=DIRECTION('',(0.E0,4.216293820650E-1,9.067682527413E-1));
#9596=AXIS2_PLACEMENT_3D('',#9593,#9594,#9595);
#9597=PLANE('',#9596);
#9598=ORIENTED_EDGE('',*,*,#9509,.T.);
#9599=ORIENTED_EDGE('',*,*,#7523,.F.);
#9600=ORIENTED_EDGE('',*,*,#9461,.F.);
#9601=ORIENTED_EDGE('',*,*,#9586,.F.);
#9602=EDGE_LOOP('',(#9598,#9599,#9600,#9601));
#9603=FACE_OUTER_BOUND('',#9602,.F.);
#9605=CARTESIAN_POINT('',(0.E0,5.749956651527E-1,-7.4E-1));
#9606=DIRECTION('',(0.E0,-9.863948483292E-1,1.643934402268E-1));
#9607=DIRECTION('',(-1.E0,0.E0,0.E0));
#9608=AXIS2_PLACEMENT_3D('',#9605,#9606,#9607);
#9609=PLANE('',#9608);
#9610=ORIENTED_EDGE('',*,*,#6393,.T.);
#9611=ORIENTED_EDGE('',*,*,#6223,.T.);
#9613=ORIENTED_EDGE('',*,*,#9612,.F.);
#9614=ORIENTED_EDGE('',*,*,#5954,.T.);
#9615=ORIENTED_EDGE('',*,*,#7176,.T.);
#9616=ORIENTED_EDGE('',*,*,#7530,.T.);
#9617=EDGE_LOOP('',(#9610,#9611,#9613,#9614,#9615,#9616));
#9618=FACE_OUTER_BOUND('',#9617,.F.);
#9620=CARTESIAN_POINT('',(0.E0,0.E0,1.E-2));
#9621=DIRECTION('',(0.E0,0.E0,-1.E0));
#9622=DIRECTION('',(1.E0,0.E0,0.E0));
#9623=AXIS2_PLACEMENT_3D('',#9620,#9621,#9622);
#9624=PLANE('',#9623);
#9625=ORIENTED_EDGE('',*,*,#9612,.T.);
#9626=ORIENTED_EDGE('',*,*,#6221,.F.);
#9628=ORIENTED_EDGE('',*,*,#9627,.F.);
#9629=ORIENTED_EDGE('',*,*,#5956,.F.);
#9630=EDGE_LOOP('',(#9625,#9626,#9628,#9629));
#9631=FACE_OUTER_BOUND('',#9630,.F.);
#9633=CARTESIAN_POINT('',(-3.4E0,1.E0,-4.4E0));
#9634=DIRECTION('',(0.E0,1.E0,0.E0));
#9635=DIRECTION('',(1.E0,0.E0,0.E0));
#9636=AXIS2_PLACEMENT_3D('',#9633,#9634,#9635);
#9637=PLANE('',#9636);
#9638=ORIENTED_EDGE('',*,*,#5935,.F.);
#9639=ORIENTED_EDGE('',*,*,#5958,.F.);
#9640=ORIENTED_EDGE('',*,*,#9627,.T.);
#9641=ORIENTED_EDGE('',*,*,#6219,.T.);
#9643=ORIENTED_EDGE('',*,*,#9642,.F.);
#9644=ORIENTED_EDGE('',*,*,#5714,.F.);
#9645=EDGE_LOOP('',(#9638,#9639,#9640,#9641,#9643,#9644));
#9646=FACE_OUTER_BOUND('',#9645,.F.);
#9648=CARTESIAN_POINT('',(-3.475E0,8.5E-2,-4.325E0));
#9649=DIRECTION('',(-7.071067811865E-1,0.E0,-7.071067811865E-1));
#9650=DIRECTION('',(0.E0,-1.E0,0.E0));
#9651=AXIS2_PLACEMENT_3D('',#9648,#9649,#9650);
#9652=PLANE('',#9651);
#9653=ORIENTED_EDGE('',*,*,#9642,.T.);
#9654=ORIENTED_EDGE('',*,*,#6217,.F.);
#9655=ORIENTED_EDGE('',*,*,#5576,.T.);
#9656=ORIENTED_EDGE('',*,*,#5716,.T.);
#9657=EDGE_LOOP('',(#9653,#9654,#9655,#9656));
#9658=FACE_OUTER_BOUND('',#9657,.F.);
#9660=CARTESIAN_POINT('',(2.9E0,3.781801907155E-1,-1.716957743571E0));
#9661=DIRECTION('',(0.E0,-9.067682527413E-1,4.216293820650E-1));
#9662=DIRECTION('',(0.E0,4.216293820650E-1,9.067682527413E-1));
#9663=AXIS2_PLACEMENT_3D('',#9660,#9661,#9662);
#9664=PLANE('',#9663);
#9665=ORIENTED_EDGE('',*,*,#7536,.F.);
#9666=ORIENTED_EDGE('',*,*,#7381,.F.);
#9668=ORIENTED_EDGE('',*,*,#9667,.F.);
#9669=ORIENTED_EDGE('',*,*,#7327,.T.);
#9670=EDGE_LOOP('',(#9665,#9666,#9668,#9669));
#9671=FACE_OUTER_BOUND('',#9670,.F.);
#9673=CARTESIAN_POINT('',(2.9E0,5.55E-1,-1.799175473074E0));
#9674=DIRECTION('',(-1.E0,0.E0,0.E0));
#9675=DIRECTION('',(0.E0,0.E0,-1.E0));
#9676=AXIS2_PLACEMENT_3D('',#9673,#9674,#9675);
#9677=CYLINDRICAL_SURFACE('',#9676,1.95E-1);
#9678=ORIENTED_EDGE('',*,*,#7329,.T.);
#9679=ORIENTED_EDGE('',*,*,#9667,.T.);
#9680=ORIENTED_EDGE('',*,*,#7379,.F.);
#9682=ORIENTED_EDGE('',*,*,#9681,.F.);
#9683=EDGE_LOOP('',(#9678,#9679,#9680,#9682));
#9684=FACE_OUTER_BOUND('',#9683,.F.);
#9686=CARTESIAN_POINT('',(2.9E0,4.413750317050E-1,-3.39E0));
#9687=DIRECTION('',(0.E0,-9.986860302749E-1,-5.124658948458E-2));
#9688=DIRECTION('',(0.E0,-5.124658948458E-2,9.986860302749E-1));
#9689=AXIS2_PLACEMENT_3D('',#9686,#9687,#9688);
#9690=PLANE('',#9689);
#9691=ORIENTED_EDGE('',*,*,#7189,.T.);
#9692=ORIENTED_EDGE('',*,*,#7331,.T.);
#9693=ORIENTED_EDGE('',*,*,#9681,.T.);
#9694=ORIENTED_EDGE('',*,*,#7377,.F.);
#9695=EDGE_LOOP('',(#9691,#9692,#9693,#9694));
#9696=FACE_OUTER_BOUND('',#9695,.F.);
#9698=CARTESIAN_POINT('',(3.916E0,-6.79E-1,-4.4E0));
#9699=DIRECTION('',(0.E0,0.E0,-1.E0));
#9700=DIRECTION('',(1.E0,0.E0,0.E0));
#9701=AXIS2_PLACEMENT_3D('',#9698,#9699,#9700);
#9702=CYLINDRICAL_SURFACE('',#9701,1.51E-1);
#9703=ORIENTED_EDGE('',*,*,#5912,.T.);
#9704=ORIENTED_EDGE('',*,*,#5634,.T.);
#9705=ORIENTED_EDGE('',*,*,#6612,.F.);
#9706=ORIENTED_EDGE('',*,*,#7036,.F.);
#9707=EDGE_LOOP('',(#9703,#9704,#9705,#9706));
#9708=FACE_OUTER_BOUND('',#9707,.F.);
#9710=CARTESIAN_POINT('',(4.015E0,-8.3E-1,-1.6E0));
#9711=DIRECTION('',(-1.E0,0.E0,0.E0));
#9712=DIRECTION('',(0.E0,0.E0,-1.E0));
#9713=AXIS2_PLACEMENT_3D('',#9710,#9711,#9712);
#9714=PLANE('',#9713);
#9716=ORIENTED_EDGE('',*,*,#9715,.F.);
#9717=ORIENTED_EDGE('',*,*,#6702,.T.);
#9718=ORIENTED_EDGE('',*,*,#6651,.F.);
#9719=ORIENTED_EDGE('',*,*,#5540,.F.);
#9720=EDGE_LOOP('',(#9716,#9717,#9718,#9719));
#9721=FACE_OUTER_BOUND('',#9720,.F.);
#9723=CARTESIAN_POINT('',(4.065E0,-1.050820601332E0,-1.65E0));
#9724=DIRECTION('',(0.E0,1.E0,0.E0));
#9725=DIRECTION('',(-1.E0,0.E0,0.E0));
#9726=AXIS2_PLACEMENT_3D('',#9723,#9724,#9725);
#9727=CYLINDRICAL_SURFACE('',#9726,5.E-2);
#9728=ORIENTED_EDGE('',*,*,#5538,.T.);
#9729=ORIENTED_EDGE('',*,*,#5600,.F.);
#9730=ORIENTED_EDGE('',*,*,#6704,.T.);
#9731=ORIENTED_EDGE('',*,*,#9715,.T.);
#9732=EDGE_LOOP('',(#9728,#9729,#9730,#9731));
#9733=FACE_OUTER_BOUND('',#9732,.F.);
#9735=CARTESIAN_POINT('',(-3.916E0,-6.79E-1,-4.4E0));
#9736=DIRECTION('',(0.E0,0.E0,-1.E0));
#9737=DIRECTION('',(1.E0,0.E0,0.E0));
#9738=AXIS2_PLACEMENT_3D('',#9735,#9736,#9737);
#9739=CYLINDRICAL_SURFACE('',#9738,1.51E-1);
#9740=ORIENTED_EDGE('',*,*,#5874,.T.);
#9741=ORIENTED_EDGE('',*,*,#6586,.T.);
#9742=ORIENTED_EDGE('',*,*,#6628,.F.);
#9743=ORIENTED_EDGE('',*,*,#5646,.F.);
#9744=EDGE_LOOP('',(#9740,#9741,#9742,#9743));
#9745=FACE_OUTER_BOUND('',#9744,.F.);
#9747=CARTESIAN_POINT('',(-3.855E0,7.55E-1,-3.475E0));
#9748=DIRECTION('',(7.071067811865E-1,7.071067811865E-1,0.E0));
#9749=DIRECTION('',(0.E0,0.E0,-1.E0));
#9750=AXIS2_PLACEMENT_3D('',#9747,#9748,#9749);
#9751=PLANE('',#9750);
#9752=ORIENTED_EDGE('',*,*,#6410,.T.);
#9753=ORIENTED_EDGE('',*,*,#6009,.T.);
#9755=ORIENTED_EDGE('',*,*,#9754,.F.);
#9756=ORIENTED_EDGE('',*,*,#6506,.F.);
#9757=EDGE_LOOP('',(#9752,#9753,#9755,#9756));
#9758=FACE_OUTER_BOUND('',#9757,.F.);
#9760=CARTESIAN_POINT('',(-3.855E0,0.E0,-4.325E0));
#9761=DIRECTION('',(7.071067811865E-1,0.E0,-7.071067811865E-1));
#9762=DIRECTION('',(0.E0,-1.E0,0.E0));
#9763=AXIS2_PLACEMENT_3D('',#9760,#9761,#9762);
#9764=PLANE('',#9763);
#9766=ORIENTED_EDGE('',*,*,#9765,.F.);
#9767=ORIENTED_EDGE('',*,*,#6508,.F.);
#9768=ORIENTED_EDGE('',*,*,#9754,.T.);
#9769=ORIENTED_EDGE('',*,*,#5877,.T.);
#9770=EDGE_LOOP('',(#9766,#9767,#9768,#9769));
#9771=FACE_OUTER_BOUND('',#9770,.F.);
#9773=CARTESIAN_POINT('',(-3.855E0,-7.55E-1,-3.475E0));
#9774=DIRECTION('',(7.071067811865E-1,-7.071067811865E-1,0.E0));
#9775=DIRECTION('',(0.E0,0.E0,-1.E0));
#9776=AXIS2_PLACEMENT_3D('',#9773,#9774,#9775);
#9777=PLANE('',#9776);
#9778=ORIENTED_EDGE('',*,*,#5650,.T.);
#9779=ORIENTED_EDGE('',*,*,#5582,.T.);
#9780=ORIENTED_EDGE('',*,*,#6426,.T.);
#9781=ORIENTED_EDGE('',*,*,#6510,.F.);
#9782=ORIENTED_EDGE('',*,*,#9765,.T.);
#9783=EDGE_LOOP('',(#9778,#9779,#9780,#9781,#9782));
#9784=FACE_OUTER_BOUND('',#9783,.F.);
#9786=CARTESIAN_POINT('',(-4.14E0,5.E-1,-2.569986624807E0));
#9787=DIRECTION('',(1.E0,0.E0,0.E0));
#9788=DIRECTION('',(0.E0,0.E0,1.E0));
#9789=AXIS2_PLACEMENT_3D('',#9786,#9787,#9788);
#9790=PLANE('',#9789);
#9791=ORIENTED_EDGE('',*,*,#6054,.F.);
#9792=ORIENTED_EDGE('',*,*,#5212,.T.);
#9793=ORIENTED_EDGE('',*,*,#5308,.T.);
#9794=ORIENTED_EDGE('',*,*,#5386,.F.);
#9796=ORIENTED_EDGE('',*,*,#9795,.F.);
#9797=ORIENTED_EDGE('',*,*,#6108,.T.);
#9798=EDGE_LOOP('',(#9791,#9792,#9793,#9794,#9796,#9797));
#9799=FACE_OUTER_BOUND('',#9798,.F.);
#9801=CARTESIAN_POINT('',(-4.29E0,5.E-1,-2.73E0));
#9802=DIRECTION('',(7.295657298191E-1,0.E0,-6.839107002186E-1));
#9803=DIRECTION('',(6.839107002186E-1,0.E0,7.295657298191E-1));
#9804=AXIS2_PLACEMENT_3D('',#9801,#9802,#9803);
#9805=PLANE('',#9804);
#9806=ORIENTED_EDGE('',*,*,#6110,.T.);
#9807=ORIENTED_EDGE('',*,*,#9795,.T.);
#9808=ORIENTED_EDGE('',*,*,#5384,.F.);
#9810=ORIENTED_EDGE('',*,*,#9809,.F.);
#9811=EDGE_LOOP('',(#9806,#9807,#9808,#9810));
#9812=FACE_OUTER_BOUND('',#9811,.F.);
#9814=CARTESIAN_POINT('',(-4.29E0,5.E-1,-3.23E0));
#9815=DIRECTION('',(1.E0,0.E0,0.E0));
#9816=DIRECTION('',(0.E0,0.E0,1.E0));
#9817=AXIS2_PLACEMENT_3D('',#9814,#9815,#9816);
#9818=PLANE('',#9817);
#9819=ORIENTED_EDGE('',*,*,#6112,.T.);
#9820=ORIENTED_EDGE('',*,*,#9809,.T.);
#9821=ORIENTED_EDGE('',*,*,#5382,.F.);
#9823=ORIENTED_EDGE('',*,*,#9822,.F.);
#9824=EDGE_LOOP('',(#9819,#9820,#9821,#9823));
#9825=FACE_OUTER_BOUND('',#9824,.F.);
#9827=CARTESIAN_POINT('',(-4.14E0,5.E-1,-3.38E0));
#9828=DIRECTION('',(7.071067811865E-1,0.E0,7.071067811865E-1));
#9829=DIRECTION('',(-7.071067811865E-1,0.E0,7.071067811865E-1));
#9830=AXIS2_PLACEMENT_3D('',#9827,#9828,#9829);
#9831=PLANE('',#9830);
#9832=ORIENTED_EDGE('',*,*,#6114,.T.);
#9833=ORIENTED_EDGE('',*,*,#9822,.T.);
#9834=ORIENTED_EDGE('',*,*,#5380,.F.);
#9836=ORIENTED_EDGE('',*,*,#9835,.F.);
#9837=EDGE_LOOP('',(#9832,#9833,#9834,#9836));
#9838=FACE_OUTER_BOUND('',#9837,.F.);
#9840=CARTESIAN_POINT('',(-4.14E0,5.E-1,-4.4E0));
#9841=DIRECTION('',(1.E0,0.E0,0.E0));
#9842=DIRECTION('',(0.E0,0.E0,1.E0));
#9843=AXIS2_PLACEMENT_3D('',#9840,#9841,#9842);
#9844=PLANE('',#9843);
#9845=ORIENTED_EDGE('',*,*,#6116,.T.);
#9846=ORIENTED_EDGE('',*,*,#9835,.T.);
#9847=ORIENTED_EDGE('',*,*,#5378,.F.);
#9848=ORIENTED_EDGE('',*,*,#5884,.F.);
#9849=EDGE_LOOP('',(#9845,#9846,#9847,#9848));
#9850=FACE_OUTER_BOUND('',#9849,.F.);
#9852=CARTESIAN_POINT('',(-3.4E0,-1.E0,-4.4E0));
#9853=DIRECTION('',(-1.E0,0.E0,0.E0));
#9854=DIRECTION('',(0.E0,1.E0,0.E0));
#9855=AXIS2_PLACEMENT_3D('',#9852,#9853,#9854);
#9856=PLANE('',#9855);
#9857=ORIENTED_EDGE('',*,*,#5347,.F.);
#9859=ORIENTED_EDGE('',*,*,#9858,.F.);
#9860=ORIENTED_EDGE('',*,*,#5718,.T.);
#9861=ORIENTED_EDGE('',*,*,#5574,.T.);
#9862=EDGE_LOOP('',(#9857,#9859,#9860,#9861));
#9863=FACE_OUTER_BOUND('',#9862,.F.);
#9865=CARTESIAN_POINT('',(-5.965E0,-1.E0,0.E0));
#9866=DIRECTION('',(0.E0,-1.E0,0.E0));
#9867=DIRECTION('',(1.E0,0.E0,0.E0));
#9868=AXIS2_PLACEMENT_3D('',#9865,#9866,#9867);
#9869=PLANE('',#9868);
#9870=ORIENTED_EDGE('',*,*,#5345,.T.);
#9872=ORIENTED_EDGE('',*,*,#9871,.F.);
#9873=ORIENTED_EDGE('',*,*,#5720,.T.);
#9874=ORIENTED_EDGE('',*,*,#9858,.T.);
#9875=EDGE_LOOP('',(#9870,#9872,#9873,#9874));
#9876=FACE_OUTER_BOUND('',#9875,.F.);
#9878=CARTESIAN_POINT('',(-5.965E0,-1.E0,0.E0));
#9879=DIRECTION('',(0.E0,-1.E0,0.E0));
#9880=DIRECTION('',(1.E0,0.E0,0.E0));
#9881=AXIS2_PLACEMENT_3D('',#9878,#9879,#9880);
#9882=PLANE('',#9881);
#9884=ORIENTED_EDGE('',*,*,#9883,.F.);
#9886=ORIENTED_EDGE('',*,*,#9885,.T.);
#9888=ORIENTED_EDGE('',*,*,#9887,.T.);
#9889=ORIENTED_EDGE('',*,*,#5073,.T.);
#9890=EDGE_LOOP('',(#9884,#9886,#9888,#9889));
#9891=FACE_OUTER_BOUND('',#9890,.F.);
#9893=CARTESIAN_POINT('',(3.4E0,-8.3E-1,-4.4E0));
#9894=DIRECTION('',(1.E0,0.E0,0.E0));
#9895=DIRECTION('',(0.E0,-1.E0,0.E0));
#9896=AXIS2_PLACEMENT_3D('',#9893,#9894,#9895);
#9897=PLANE('',#9896);
#9898=ORIENTED_EDGE('',*,*,#5343,.F.);
#9899=ORIENTED_EDGE('',*,*,#5554,.F.);
#9900=ORIENTED_EDGE('',*,*,#5722,.T.);
#9901=ORIENTED_EDGE('',*,*,#9871,.T.);
#9902=EDGE_LOOP('',(#9898,#9899,#9900,#9901));
#9903=FACE_OUTER_BOUND('',#9902,.F.);
#9905=CARTESIAN_POINT('',(-5.665E0,-7.E-1,2.082060133191E-2));
#9906=DIRECTION('',(0.E0,0.E0,-1.E0));
#9907=DIRECTION('',(0.E0,-1.E0,0.E0));
#9908=AXIS2_PLACEMENT_3D('',#9905,#9906,#9907);
#9909=CYLINDRICAL_SURFACE('',#9908,3.E-1);
#9910=ORIENTED_EDGE('',*,*,#5088,.F.);
#9912=ORIENTED_EDGE('',*,*,#9911,.F.);
#9914=ORIENTED_EDGE('',*,*,#9913,.F.);
#9915=ORIENTED_EDGE('',*,*,#9883,.T.);
#9916=EDGE_LOOP('',(#9910,#9912,#9914,#9915));
#9917=FACE_OUTER_BOUND('',#9916,.F.);
#9919=CARTESIAN_POINT('',(-5.965E0,1.E0,0.E0));
#9920=DIRECTION('',(-1.E0,0.E0,0.E0));
#9921=DIRECTION('',(0.E0,-1.E0,0.E0));
#9922=AXIS2_PLACEMENT_3D('',#9919,#9920,#9921);
#9923=PLANE('',#9922);
#9925=ORIENTED_EDGE('',*,*,#9924,.T.);
#9926=ORIENTED_EDGE('',*,*,#9911,.T.);
#9927=ORIENTED_EDGE('',*,*,#5101,.T.);
#9928=ORIENTED_EDGE('',*,*,#5129,.F.);
#9929=EDGE_LOOP('',(#9925,#9926,#9927,#9928));
#9930=FACE_OUTER_BOUND('',#9929,.F.);
#9932=CARTESIAN_POINT('',(-5.665E0,1.020065375532E0,-3.E-1));
#9933=DIRECTION('',(0.E0,-1.E0,0.E0));
#9934=DIRECTION('',(0.E0,0.E0,1.E0));
#9935=AXIS2_PLACEMENT_3D('',#9932,#9933,#9934);
#9936=CYLINDRICAL_SURFACE('',#9935,3.E-1);
#9937=ORIENTED_EDGE('',*,*,#5144,.F.);
#9938=ORIENTED_EDGE('',*,*,#4939,.T.);
#9940=ORIENTED_EDGE('',*,*,#9939,.F.);
#9941=ORIENTED_EDGE('',*,*,#9924,.F.);
#9942=EDGE_LOOP('',(#9937,#9938,#9940,#9941));
#9943=FACE_OUTER_BOUND('',#9942,.F.);
#9945=CARTESIAN_POINT('',(-5.665E0,-7.E-1,-3.E-1));
#9946=DIRECTION('',(0.E0,-7.071067811865E-1,-7.071067811865E-1));
#9947=DIRECTION('',(0.E0,-7.071067811865E-1,7.071067811865E-1));
#9948=AXIS2_PLACEMENT_3D('',#9945,#9946,#9947);
#9949=SPHERICAL_SURFACE('',#9948,3.E-1);
#9951=ORIENTED_EDGE('',*,*,#9950,.T.);
#9952=ORIENTED_EDGE('',*,*,#9913,.T.);
#9953=ORIENTED_EDGE('',*,*,#9939,.T.);
#9954=EDGE_LOOP('',(#9951,#9952,#9953));
#9955=FACE_OUTER_BOUND('',#9954,.F.);
#9957=CARTESIAN_POINT('',(-5.984672594249E0,-7.E-1,-3.E-1));
#9958=DIRECTION('',(1.E0,0.E0,0.E0));
#9959=DIRECTION('',(0.E0,0.E0,1.E0));
#9960=AXIS2_PLACEMENT_3D('',#9957,#9958,#9959);
#9961=CYLINDRICAL_SURFACE('',#9960,3.E-1);
#9962=ORIENTED_EDGE('',*,*,#9950,.F.);
#9963=ORIENTED_EDGE('',*,*,#4937,.T.);
#9965=ORIENTED_EDGE('',*,*,#9964,.F.);
#9966=ORIENTED_EDGE('',*,*,#9885,.F.);
#9967=EDGE_LOOP('',(#9962,#9963,#9965,#9966));
#9968=FACE_OUTER_BOUND('',#9967,.F.);
#9970=CARTESIAN_POINT('',(5.665E0,-7.E-1,-3.E-1));
#9971=DIRECTION('',(7.071067811865E-1,0.E0,-7.071067811865E-1));
#9972=DIRECTION('',(7.071067811865E-1,0.E0,7.071067811865E-1));
#9973=AXIS2_PLACEMENT_3D('',#9970,#9971,#9972);
#9974=SPHERICAL_SURFACE('',#9973,3.E-1);
#9976=ORIENTED_EDGE('',*,*,#9975,.T.);
#9978=ORIENTED_EDGE('',*,*,#9977,.T.);
#9979=ORIENTED_EDGE('',*,*,#9964,.T.);
#9980=EDGE_LOOP('',(#9976,#9978,#9979));
#9981=FACE_OUTER_BOUND('',#9980,.F.);
#9983=CARTESIAN_POINT('',(5.665E0,-1.020459753487E0,-3.E-1));
#9984=DIRECTION('',(0.E0,1.E0,0.E0));
#9985=DIRECTION('',(0.E0,0.E0,1.E0));
#9986=AXIS2_PLACEMENT_3D('',#9983,#9984,#9985);
#9987=CYLINDRICAL_SURFACE('',#9986,3.E-1);
#9988=ORIENTED_EDGE('',*,*,#4976,.F.);
#9990=ORIENTED_EDGE('',*,*,#9989,.F.);
#9991=ORIENTED_EDGE('',*,*,#9975,.F.);
#9992=ORIENTED_EDGE('',*,*,#4935,.T.);
#9993=EDGE_LOOP('',(#9988,#9990,#9991,#9992));
#9994=FACE_OUTER_BOUND('',#9993,.F.);
#9996=CARTESIAN_POINT('',(5.965E0,-1.E0,0.E0));
#9997=DIRECTION('',(1.E0,0.E0,0.E0));
#9998=DIRECTION('',(0.E0,1.E0,0.E0));
#9999=AXIS2_PLACEMENT_3D('',#9996,#9997,#9998);
#10000=PLANE('',#9999);
#10002=ORIENTED_EDGE('',*,*,#10001,.F.);
#10003=ORIENTED_EDGE('',*,*,#9989,.T.);
#10004=ORIENTED_EDGE('',*,*,#4992,.T.);
#10005=ORIENTED_EDGE('',*,*,#5045,.T.);
#10006=EDGE_LOOP('',(#10002,#10003,#10004,#10005));
#10007=FACE_OUTER_BOUND('',#10006,.F.);
#10009=CARTESIAN_POINT('',(5.665E0,-7.E-1,2.082060133191E-2));
#10010=DIRECTION('',(0.E0,0.E0,-1.E0));
#10011=DIRECTION('',(1.E0,0.E0,0.E0));
#10012=AXIS2_PLACEMENT_3D('',#10009,#10010,#10011);
#10013=CYLINDRICAL_SURFACE('',#10012,3.E-1);
#10014=ORIENTED_EDGE('',*,*,#5060,.F.);
#10015=ORIENTED_EDGE('',*,*,#9887,.F.);
#10016=ORIENTED_EDGE('',*,*,#9977,.F.);
#10017=ORIENTED_EDGE('',*,*,#10001,.T.);
#10018=EDGE_LOOP('',(#10014,#10015,#10016,#10017));
#10019=FACE_OUTER_BOUND('',#10018,.F.);
#10021=CARTESIAN_POINT('',(-5.12E0,-5.E-1,-4.36E0));
#10022=DIRECTION('',(0.E0,0.E0,-1.E0));
#10023=DIRECTION('',(1.E0,0.E0,0.E0));
#10024=AXIS2_PLACEMENT_3D('',#10021,#10022,#10023);
#10025=PLANE('',#10024);
#10026=ORIENTED_EDGE('',*,*,#5479,.T.);
#10027=ORIENTED_EDGE('',*,*,#5507,.T.);
#10028=ORIENTED_EDGE('',*,*,#5372,.T.);
#10030=ORIENTED_EDGE('',*,*,#10029,.F.);
#10031=EDGE_LOOP('',(#10026,#10027,#10028,#10030));
#10032=FACE_OUTER_BOUND('',#10031,.F.);
#10034=CARTESIAN_POINT('',(-4.59E0,-5.E-1,-4.36E0));
#10035=DIRECTION('',(7.071067811865E-1,0.E0,-7.071067811865E-1));
#10036=DIRECTION('',(7.071067811865E-1,0.E0,7.071067811865E-1));
#10037=AXIS2_PLACEMENT_3D('',#10034,#10035,#10036);
#10038=PLANE('',#10037);
#10039=ORIENTED_EDGE('',*,*,#5481,.F.);
#10040=ORIENTED_EDGE('',*,*,#10029,.T.);
#10041=ORIENTED_EDGE('',*,*,#5370,.T.);
#10043=ORIENTED_EDGE('',*,*,#10042,.F.);
#10044=EDGE_LOOP('',(#10039,#10040,#10041,#10043));
#10045=FACE_OUTER_BOUND('',#10044,.F.);
#10047=CARTESIAN_POINT('',(-4.17E0,-5.E-1,-3.94E0));
#10048=DIRECTION('',(1.E0,0.E0,0.E0));
#10049=DIRECTION('',(0.E0,0.E0,1.E0));
#10050=AXIS2_PLACEMENT_3D('',#10047,#10048,#10049);
#10051=PLANE('',#10050);
#10052=ORIENTED_EDGE('',*,*,#5483,.F.);
#10053=ORIENTED_EDGE('',*,*,#10042,.T.);
#10054=ORIENTED_EDGE('',*,*,#5368,.T.);
#10056=ORIENTED_EDGE('',*,*,#10055,.F.);
#10057=EDGE_LOOP('',(#10052,#10053,#10054,#10056));
#10058=FACE_OUTER_BOUND('',#10057,.F.);
#10060=CARTESIAN_POINT('',(-4.17E0,-5.E-1,-3.54E0));
#10061=DIRECTION('',(7.071067811865E-1,0.E0,7.071067811865E-1));
#10062=DIRECTION('',(-7.071067811865E-1,0.E0,7.071067811865E-1));
#10063=AXIS2_PLACEMENT_3D('',#10060,#10061,#10062);
#10064=PLANE('',#10063);
#10065=ORIENTED_EDGE('',*,*,#5485,.F.);
#10066=ORIENTED_EDGE('',*,*,#10055,.T.);
#10067=ORIENTED_EDGE('',*,*,#5366,.T.);
#10069=ORIENTED_EDGE('',*,*,#10068,.F.);
#10070=EDGE_LOOP('',(#10065,#10066,#10067,#10069));
#10071=FACE_OUTER_BOUND('',#10070,.F.);
#10073=CARTESIAN_POINT('',(-4.421E0,-5.E-1,-3.289E0));
#10074=DIRECTION('',(1.E0,0.E0,0.E0));
#10075=DIRECTION('',(0.E0,0.E0,1.E0));
#10076=AXIS2_PLACEMENT_3D('',#10073,#10074,#10075);
#10077=PLANE('',#10076);
#10078=ORIENTED_EDGE('',*,*,#5487,.F.);
#10079=ORIENTED_EDGE('',*,*,#10068,.T.);
#10080=ORIENTED_EDGE('',*,*,#5364,.T.);
#10081=ORIENTED_EDGE('',*,*,#5434,.F.);
#10082=ORIENTED_EDGE('',*,*,#5447,.T.);
#10083=EDGE_LOOP('',(#10078,#10079,#10080,#10081,#10082));
#10084=FACE_OUTER_BOUND('',#10083,.F.);
#10086=CARTESIAN_POINT('',(4.855E0,2.150204880119E-1,-3.6045E0));
#10087=DIRECTION('',(0.E0,9.396926207859E-1,-3.420201433257E-1));
#10088=DIRECTION('',(-1.E0,0.E0,0.E0));
#10089=AXIS2_PLACEMENT_3D('',#10086,#10087,#10088);
#10090=PLANE('',#10089);
#10092=ORIENTED_EDGE('',*,*,#10091,.T.);
#10094=ORIENTED_EDGE('',*,*,#10093,.T.);
#10096=ORIENTED_EDGE('',*,*,#10095,.T.);
#10098=ORIENTED_EDGE('',*,*,#10097,.T.);
#10100=ORIENTED_EDGE('',*,*,#10099,.F.);
#10101=ORIENTED_EDGE('',*,*,#5251,.T.);
#10102=ORIENTED_EDGE('',*,*,#5461,.T.);
#10103=EDGE_LOOP('',(#10092,#10094,#10096,#10098,#10100,#10101,#10102));
#10104=FACE_OUTER_BOUND('',#10103,.F.);
#10106=CARTESIAN_POINT('',(4.421E0,-5.E-1,-2.689E0));
#10107=DIRECTION('',(-1.E0,0.E0,0.E0));
#10108=DIRECTION('',(0.E0,0.E0,-1.E0));
#10109=AXIS2_PLACEMENT_3D('',#10106,#10107,#10108);
#10110=PLANE('',#10109);
#10111=ORIENTED_EDGE('',*,*,#10091,.F.);
#10112=ORIENTED_EDGE('',*,*,#5467,.T.);
#10114=ORIENTED_EDGE('',*,*,#10113,.T.);
#10115=ORIENTED_EDGE('',*,*,#5418,.T.);
#10117=ORIENTED_EDGE('',*,*,#10116,.F.);
#10118=EDGE_LOOP('',(#10111,#10112,#10114,#10115,#10117));
#10119=FACE_OUTER_BOUND('',#10118,.F.);
#10121=CARTESIAN_POINT('',(4.202530870902E0,-5.E-1,-1.45E0));
#10122=DIRECTION('',(-9.848077530122E-1,0.E0,-1.736481776669E-1));
#10123=DIRECTION('',(1.736481776669E-1,0.E0,-9.848077530122E-1));
#10124=AXIS2_PLACEMENT_3D('',#10121,#10122,#10123);
#10125=PLANE('',#10124);
#10126=ORIENTED_EDGE('',*,*,#5293,.T.);
#10127=ORIENTED_EDGE('',*,*,#5420,.T.);
#10128=ORIENTED_EDGE('',*,*,#10113,.F.);
#10129=ORIENTED_EDGE('',*,*,#5465,.T.);
#10130=ORIENTED_EDGE('',*,*,#5234,.T.);
#10131=EDGE_LOOP('',(#10126,#10127,#10128,#10129,#10130));
#10132=FACE_OUTER_BOUND('',#10131,.F.);
#10134=CARTESIAN_POINT('',(4.421E0,-5.E-1,-3.289E0));
#10135=DIRECTION('',(-7.071067811865E-1,0.E0,7.071067811865E-1));
#10136=DIRECTION('',(-7.071067811865E-1,0.E0,-7.071067811865E-1));
#10137=AXIS2_PLACEMENT_3D('',#10134,#10135,#10136);
#10138=PLANE('',#10137);
#10139=ORIENTED_EDGE('',*,*,#10093,.F.);
#10140=ORIENTED_EDGE('',*,*,#10116,.T.);
#10141=ORIENTED_EDGE('',*,*,#5416,.T.);
#10143=ORIENTED_EDGE('',*,*,#10142,.F.);
#10144=EDGE_LOOP('',(#10139,#10140,#10141,#10143));
#10145=FACE_OUTER_BOUND('',#10144,.F.);
#10147=CARTESIAN_POINT('',(4.17E0,-5.E-1,-3.54E0));
#10148=DIRECTION('',(-1.E0,0.E0,0.E0));
#10149=DIRECTION('',(0.E0,0.E0,-1.E0));
#10150=AXIS2_PLACEMENT_3D('',#10147,#10148,#10149);
#10151=PLANE('',#10150);
#10152=ORIENTED_EDGE('',*,*,#10095,.F.);
#10153=ORIENTED_EDGE('',*,*,#10142,.T.);
#10154=ORIENTED_EDGE('',*,*,#5414,.T.);
#10156=ORIENTED_EDGE('',*,*,#10155,.F.);
#10157=EDGE_LOOP('',(#10152,#10153,#10154,#10156));
#10158=FACE_OUTER_BOUND('',#10157,.F.);
#10160=CARTESIAN_POINT('',(4.17E0,-5.E-1,-3.94E0));
#10161=DIRECTION('',(-7.071067811865E-1,0.E0,-7.071067811865E-1));
#10162=DIRECTION('',(7.071067811865E-1,0.E0,-7.071067811865E-1));
#10163=AXIS2_PLACEMENT_3D('',#10160,#10161,#10162);
#10164=PLANE('',#10163);
#10165=ORIENTED_EDGE('',*,*,#10097,.F.);
#10166=ORIENTED_EDGE('',*,*,#10155,.T.);
#10167=ORIENTED_EDGE('',*,*,#5412,.T.);
#10169=ORIENTED_EDGE('',*,*,#10168,.F.);
#10170=EDGE_LOOP('',(#10165,#10166,#10167,#10169));
#10171=FACE_OUTER_BOUND('',#10170,.F.);
#10173=CARTESIAN_POINT('',(4.59E0,-5.E-1,-4.36E0));
#10174=DIRECTION('',(0.E0,0.E0,-1.E0));
#10175=DIRECTION('',(1.E0,0.E0,0.E0));
#10176=AXIS2_PLACEMENT_3D('',#10173,#10174,#10175);
#10177=PLANE('',#10176);
#10178=ORIENTED_EDGE('',*,*,#10099,.T.);
#10179=ORIENTED_EDGE('',*,*,#10168,.T.);
#10180=ORIENTED_EDGE('',*,*,#5410,.F.);
#10181=ORIENTED_EDGE('',*,*,#5253,.F.);
#10182=EDGE_LOOP('',(#10178,#10179,#10180,#10181));
#10183=FACE_OUTER_BOUND('',#10182,.F.);
#10185=CLOSED_SHELL('',(#4951,#4968,#4981,#4996,#5010,#5025,#5037,#5052,#5065,
#5080,#5093,#5108,#5121,#5136,#5149,#5165,#5179,#5193,#5240,#5267,#5283,#5297,
#5312,#5327,#5355,#5390,#5424,#5439,#5455,#5471,#5492,#5514,#5530,#5560,#5590,
#5607,#5622,#5638,#5654,#5681,#5706,#5856,#5891,#5926,#5940,#5982,#5999,#6017,
#6032,#6047,#6064,#6080,#6100,#6122,#6135,#6148,#6161,#6173,#6187,#6227,#6243,
#6259,#6275,#6289,#6303,#6317,#6332,#6346,#6360,#6379,#6399,#6416,#6432,#6448,
#6466,#6481,#6495,#6519,#6532,#6547,#6564,#6578,#6594,#6618,#6641,#6655,#6689,
#6720,#6734,#6748,#6761,#6774,#6786,#6799,#6813,#6826,#6839,#6851,#6863,#6876,
#6890,#6906,#6919,#6932,#6945,#6958,#6971,#6983,#6996,#7011,#7025,#7040,#7059,
#7074,#7097,#7111,#7124,#7136,#7151,#7163,#7181,#7300,#7319,#7336,#7350,#7368,
#7385,#7398,#7411,#7424,#7436,#7540,#7559,#7575,#7589,#7607,#7623,#7636,#7649,
#7662,#7674,#7687,#7700,#7712,#7731,#7747,#7761,#7779,#7795,#7808,#7821,#7834,
#7846,#7859,#7872,#7884,#7903,#7919,#7933,#7951,#7967,#7980,#7993,#8006,#8018,
#8031,#8044,#8056,#8075,#8091,#8105,#8123,#8139,#8152,#8165,#8178,#8190,#8203,
#8216,#8228,#8247,#8263,#8277,#8295,#8311,#8324,#8337,#8350,#8362,#8375,#8388,
#8400,#8419,#8435,#8449,#8467,#8483,#8496,#8509,#8522,#8534,#8547,#8560,#8572,
#8591,#8607,#8621,#8639,#8655,#8668,#8681,#8694,#8706,#8719,#8732,#8744,#8763,
#8779,#8793,#8811,#8827,#8840,#8853,#8866,#8878,#8891,#8904,#8916,#8935,#8951,
#8965,#8983,#8999,#9012,#9025,#9038,#9050,#9063,#9076,#9088,#9107,#9123,#9137,
#9155,#9171,#9184,#9197,#9210,#9222,#9235,#9248,#9260,#9279,#9295,#9309,#9327,
#9343,#9356,#9369,#9382,#9394,#9407,#9420,#9432,#9451,#9467,#9481,#9499,#9515,
#9528,#9541,#9554,#9566,#9579,#9592,#9604,#9619,#9632,#9647,#9659,#9672,#9685,
#9697,#9709,#9722,#9734,#9746,#9759,#9772,#9785,#9800,#9813,#9826,#9839,#9851,
#9864,#9877,#9892,#9904,#9918,#9931,#9944,#9956,#9969,#9982,#9995,#10008,#10020,
#10033,#10046,#10059,#10072,#10085,#10105,#10120,#10133,#10146,#10159,#10172,
#10184));
#10186=MANIFOLD_SOLID_BREP('',#10185);
#10189=PLANE_ANGLE_MEASURE_WITH_UNIT(PLANE_ANGLE_MEASURE(1.745329251994E-2),
#10188);
#10190=(CONVERSION_BASED_UNIT('DEGREE',#10189)NAMED_UNIT(*)PLANE_ANGLE_UNIT());
#10192=UNCERTAINTY_MEASURE_WITH_UNIT(LENGTH_MEASURE(1.330559901068E-3),#10187,
'distance_accuracy_value',
'Maximum model space distance between geometric entities at asserted connectivities');
#10195=APPLICATION_CONTEXT('automotive_design');
#10196=APPLICATION_PROTOCOL_DEFINITION('international standard',
'automotive_design',2001,#10195);
#10197=PRODUCT_DEFINITION_CONTEXT('part definition',#10195,'design');
#10198=PRODUCT_CONTEXT('',#10195,'mechanical');
#10199=PRODUCT('C-1-1734839-3','C-1-1734839-3','NOT SPECIFIED',(#10198));
#10200=PRODUCT_DEFINITION_FORMATION('1','LAST_VERSION',#10199);
#10208=DERIVED_UNIT_ELEMENT(#10207,2.E0);
#10209=DERIVED_UNIT((#10208));
#10210=MEASURE_REPRESENTATION_ITEM('surface area measure',AREA_MEASURE(
2.655501040848E2),#10209);
#10215=DERIVED_UNIT_ELEMENT(#10214,3.E0);
#10216=DERIVED_UNIT((#10215));
#10217=MEASURE_REPRESENTATION_ITEM('volume measure',VOLUME_MEASURE(
8.102183104425E1),#10216);
#10221=CARTESIAN_POINT('centre point',(-9.961416364739E-7,-6.222764164889E-2,
-2.187567975404E0));
#10226=DERIVED_UNIT_ELEMENT(#10225,2.E0);
#10227=DERIVED_UNIT((#10226));
#10228=MEASURE_REPRESENTATION_ITEM('surface area measure',AREA_MEASURE(
2.655501040848E2),#10227);
#10233=DERIVED_UNIT_ELEMENT(#10232,3.E0);
#10234=DERIVED_UNIT((#10233));
#10235=MEASURE_REPRESENTATION_ITEM('volume measure',VOLUME_MEASURE(
8.102183104425E1),#10234);
#10239=CARTESIAN_POINT('centre point',(-9.961416364739E-7,-6.222764164889E-2,
-2.187567975404E0));
#10244=PRODUCT_RELATED_PRODUCT_CATEGORY('part','',(#10199));
#1=DRAUGHTING_PRE_DEFINED_COLOUR('black');
#2=COLOUR_RGB('',0.E0,0.E0,3.6E-1);
#3=COLOUR_RGB('',0.E0,0.E0,4.8E-1);
#4=DRAUGHTING_PRE_DEFINED_COLOUR('blue');
#5=COLOUR_RGB('',0.E0,5.8824E-2,4.58824E-1);
#6=COLOUR_RGB('',0.E0,1.80392E-1,4.78431E-1);
#7=COLOUR_RGB('',0.E0,3.6E-1,9.E-2);
#8=COLOUR_RGB('',0.E0,3.6E-1,2.7E-1);
#9=COLOUR_RGB('',0.E0,5.6E-1,6.4E-1);
#10=COLOUR_RGB('',0.E0,5.8E-1,8.E-1);
#11=COLOUR_RGB('',0.E0,7.1E-1,6.6E-1);
#12=COLOUR_RGB('',0.E0,7.13E-1,0.E0);
#13=COLOUR_RGB('',0.E0,9.5E-1,8.4E-1);
#14=DRAUGHTING_PRE_DEFINED_COLOUR('green');
#15=DRAUGHTING_PRE_DEFINED_COLOUR('cyan');
#16=COLOUR_RGB('',1.1765E-2,1.9608E-2,3.9216E-2);
#17=COLOUR_RGB('',4.E-2,0.E0,1.6E-1);
#18=COLOUR_RGB('',3.9216E-2,2.19608E-1,1.21569E-1);
#19=COLOUR_RGB('',3.9216E-2,3.60784E-1,2.E-1);
#20=COLOUR_RGB('',5.098E-2,7.0588E-2,1.01961E-1);
#21=COLOUR_RGB('',9.E-2,0.E0,1.2E-1);
#22=COLOUR_RGB('',9.0196E-2,1.60784E-1,1.09804E-1);
#23=COLOUR_RGB('',9.0196E-2,3.80392E-1,6.70588E-1);
#24=COLOUR_RGB('',1.E-1,0.E0,2.5E-1);
#25=COLOUR_RGB('',1.01961E-1,4.78431E-1,3.88235E-1);
#26=COLOUR_RGB('',1.09804E-1,1.4902E-1,9.0196E-2);
#27=COLOUR_RGB('',1.4902E-1,3.09804E-1,5.29412E-1);
#28=COLOUR_RGB('',1.4902E-1,4.E-1,1.60784E-1);
#29=COLOUR_RGB('',1.6E-1,3.2E-2,0.E0);
#30=COLOUR_RGB('',1.60784E-1,4.5098E-1,7.21569E-1);
#31=COLOUR_RGB('',1.6E-1,4.6E-1,6.5E-1);
#32=COLOUR_RGB('',1.6E-1,1.E0,1.6E-1);
#33=COLOUR_RGB('',2.E-1,3.2E-2,0.E0);
#34=COLOUR_RGB('',2.11765E-1,4.11765E-1,1.4902E-1);
#35=COLOUR_RGB('',2.39216E-1,2.39216E-1,2.31373E-1);
#36=COLOUR_RGB('',2.39216E-1,2.70588E-1,1.80392E-1);
#37=COLOUR_RGB('',2.5098E-1,2.90196E-1,3.29412E-1);
#38=COLOUR_RGB('',2.90196E-1,4.31373E-1,2.E-1);
#39=COLOUR_RGB('',3.1E-1,3.1E-1,5.6E-1);
#40=COLOUR_RGB('',3.09804E-1,6.58824E-1,2.E-1);
#41=COLOUR_RGB('',3.2E-1,1.5E-1,0.E0);
#42=COLOUR_RGB('',3.60784E-1,3.1373E-2,1.68627E-1);
#43=COLOUR_RGB('',3.68627E-1,2.E-1,1.21569E-1);
#44=COLOUR_RGB('',3.88235E-1,2.39216E-1,6.11765E-1);
#45=COLOUR_RGB('',4.E-1,4.E-1,4.E-1);
#46=COLOUR_RGB('',4.11765E-1,5.8824E-2,7.8431E-2);
#47=COLOUR_RGB('',4.11765E-1,3.29412E-1,2.19608E-1);
#48=COLOUR_RGB('',4.2E-1,4.2E-1,1.E0);
#49=COLOUR_RGB('',4.4E-1,8.5E-1,1.E0);
#50=COLOUR_RGB('',4.58824E-1,4.5098E-1,3.09804E-1);
#51=COLOUR_RGB('',4.70588E-1,5.09804E-1,5.4902E-1);
#52=COLOUR_RGB('',4.78431E-1,4.90196E-1,4.58824E-1);
#53=COLOUR_RGB('',4.90196E-1,3.60784E-1,2.19608E-1);
#54=COLOUR_RGB('',4.9E-1,4.9E-1,0.E0);
#55=COLOUR_RGB('',4.9E-1,1.E0,0.E0);
#56=COLOUR_RGB('',5.E-1,0.E0,0.E0);
#57=COLOUR_RGB('',5.E-1,0.E0,2.3E-1);
#58=COLOUR_RGB('',5.E-1,5.E-1,5.E-1);
#59=COLOUR_RGB('',5.21569E-1,2.19608E-1,1.68627E-1);
#60=COLOUR_RGB('',5.3E-1,0.E0,0.E0);
#61=COLOUR_RGB('',5.29412E-1,5.80392E-1,6.5098E-1);
#62=COLOUR_RGB('',5.4E-1,0.E0,4.4E-1);
#63=COLOUR_RGB('',5.5E-1,3.E-1,0.E0);
#64=COLOUR_RGB('',5.6E-1,1.E-1,5.E-2);
#65=COLOUR_RGB('',5.60784E-1,5.80392E-1,6.19608E-1);
#66=COLOUR_RGB('',5.68627E-1,5.8824E-2,4.E-1);
#67=COLOUR_RGB('',5.8E-1,2.2E-1,1.E-2);
#68=COLOUR_RGB('',5.88235E-1,1.21569E-1,1.09804E-1);
#69=COLOUR_RGB('',6.E-1,6.E-1,6.E-1);
#70=COLOUR_RGB('',6.11765E-1,5.60784E-1,3.80392E-1);
#71=COLOUR_RGB('',6.11765E-1,6.11765E-1,6.5098E-1);
#72=COLOUR_RGB('',6.2E-1,0.E0,5.5E-1);
#73=COLOUR_RGB('',6.19608E-1,6.39216E-1,6.90196E-1);
#74=COLOUR_RGB('',6.4E-1,0.E0,2.5E-1);
#75=COLOUR_RGB('',6.4E-1,1.E-2,0.E0);
#76=COLOUR_RGB('',6.39216E-1,5.4902E-1,4.78431E-1);
#77=COLOUR_RGB('',6.5098E-1,6.70588E-1,7.09804E-1);
#78=COLOUR_RGB('',6.70588E-1,1.21569E-1,1.09804E-1);
#79=COLOUR_RGB('',6.78431E-1,4.78431E-1,3.09804E-1);
#80=COLOUR_RGB('',6.8E-1,7.5E-1,1.E0);
#81=COLOUR_RGB('',6.952E-1,7.426E-1,7.9E-1);
#82=COLOUR_RGB('',7.09804E-1,7.0588E-2,2.E-1);
#83=COLOUR_RGB('',7.1E-1,3.1E-1,0.E0);
#84=COLOUR_RGB('',7.2E-1,7.2E-1,7.2E-1);
#85=COLOUR_RGB('',7.29412E-1,7.41176E-1,7.29412E-1);
#86=COLOUR_RGB('',7.41176E-1,7.29412E-1,6.70588E-1);
#87=COLOUR_RGB('',7.4E-1,1.E0,2.6E-1);
#88=COLOUR_RGB('',7.5E-1,3.E-2,0.E0);
#89=COLOUR_RGB('',7.4902E-1,8.90196E-1,7.29412E-1);
#90=COLOUR_RGB('',7.6E-1,0.E0,4.7E-1);
#91=COLOUR_RGB('',7.80392E-1,9.0196E-2,7.0588E-2);
#92=COLOUR_RGB('',7.88235E-1,2.19608E-1,5.4902E-1);
#93=COLOUR_RGB('',8.1E-1,4.E-2,0.E0);
#94=COLOUR_RGB('',8.1E-1,6.1E-1,0.E0);
#95=COLOUR_RGB('',8.2E-1,4.E-2,6.6E-1);
#96=COLOUR_RGB('',8.31373E-1,8.5098E-1,8.58824E-1);
#97=COLOUR_RGB('',8.5098E-1,7.29412E-1,5.4902E-1);
#98=COLOUR_RGB('',8.5E-1,8.5E-1,8.5E-1);
#99=COLOUR_RGB('',8.78431E-1,3.68627E-1,1.21569E-1);
#100=COLOUR_RGB('',8.784E-1,9.49E-1,1.E0);
#101=COLOUR_RGB('',8.90196E-1,5.88235E-1,1.41176E-1);
#102=COLOUR_RGB('',9.E-1,1.E0,0.E0);
#103=COLOUR_RGB('',9.09804E-1,6.11765E-1,7.09804E-1);
#104=COLOUR_RGB('',9.37E-1,7.85E-1,0.E0);
#105=COLOUR_RGB('',9.41176E-1,9.29412E-1,9.01961E-1);
#106=COLOUR_RGB('',9.5E-1,2.2E-1,8.1E-1);
#107=COLOUR_RGB('',9.6E-1,3.7E-1,3.E-1);
#108=COLOUR_RGB('',9.6E-1,7.1E-1,3.75E-1);
#109=COLOUR_RGB('',9.80392E-1,1.E0,1.E0);
#110=COLOUR_RGB('',9.88235E-1,1.09804E-1,7.8431E-2);
#111=COLOUR_RGB('',9.88235E-1,7.21569E-1,1.29412E-1);
#112=COLOUR_RGB('',9.88235E-1,9.21569E-1,8.E-1);
#113=DRAUGHTING_PRE_DEFINED_COLOUR('red');
#114=COLOUR_RGB('',1.E0,0.E0,6.1E-1);
#115=COLOUR_RGB('',1.E0,4.E-2,0.E0);
#116=COLOUR_RGB('',1.E0,2.3E-1,0.E0);
#117=COLOUR_RGB('',1.E0,3.5E-1,5.2E-1);
#118=COLOUR_RGB('',1.E0,3.6E-1,0.E0);
#119=COLOUR_RGB('',1.E0,3.88235E-1,2.11765E-1);
#120=COLOUR_RGB('',1.E0,4.9E-1,3.7E-1);
#121=COLOUR_RGB('',1.E0,5.E-1,0.E0);
#122=COLOUR_RGB('',1.E0,5.6E-1,7.8E-1);
#123=COLOUR_RGB('',1.E0,6.4E-1,4.9E-1);
#124=COLOUR_RGB('',1.E0,6.7E-1,0.E0);
#125=COLOUR_RGB('',1.E0,7.6E-1,6.5E-1);
#126=COLOUR_RGB('',1.E0,8.39216E-1,3.01961E-1);
#127=COLOUR_RGB('',1.E0,8.6E-1,4.E-2);
#128=COLOUR_RGB('',1.E0,9.60784E-1,2.58824E-1);
#129=COLOUR_RGB('',1.E0,9.60784E-1,8.90196E-1);
#130=COLOUR_RGB('',1.E0,9.8E-1,7.2E-1);
#131=DRAUGHTING_PRE_DEFINED_COLOUR('yellow');
#132=COLOUR_RGB('',1.E0,1.E0,3.9216E-2);
#133=DRAUGHTING_PRE_DEFINED_COLOUR('white');
#170=CIRCLE('',#169,3.E-1);
#175=CIRCLE('',#174,3.E-1);
#180=CIRCLE('',#179,3.E-1);
#201=CIRCLE('',#200,3.E-1);
#206=CIRCLE('',#205,3.E-1);
#211=CIRCLE('',#210,3.E-1);
#216=CIRCLE('',#215,3.E-1);
#221=CIRCLE('',#220,3.E-1);
#226=CIRCLE('',#225,3.E-1);
#231=CIRCLE('',#230,3.E-1);
#236=CIRCLE('',#235,3.E-1);
#241=CIRCLE('',#240,3.E-1);
#246=CIRCLE('',#245,3.E-1);
#251=CIRCLE('',#250,3.E-1);
#256=CIRCLE('',#255,3.E-1);
#261=CIRCLE('',#260,3.E-1);
#266=CIRCLE('',#265,3.E-1);
#271=CIRCLE('',#270,3.E-1);
#568=CIRCLE('',#567,5.E-2);
#633=CIRCLE('',#632,5.E-2);
#650=CIRCLE('',#649,1.E-1);
#667=CIRCLE('',#666,1.E-1);
#680=CIRCLE('',#679,1.E-1);
#697=CIRCLE('',#696,1.E-1);
#742=CIRCLE('',#741,3.51E-1);
#759=CIRCLE('',#758,1.51E-1);
#840=CIRCLE('',#839,1.51E-1);
#857=CIRCLE('',#856,3.51E-1);
#1314=B_SPLINE_CURVE_WITH_KNOTS('',3,(#1306,#1307,#1308,#1309,#1310,#1311,#1312,
#1313),.UNSPECIFIED.,.F.,.F.,(4,1,1,1,1,4),(0.E0,1.25E-1,2.5E-1,5.E-1,7.5E-1,
1.E0),.UNSPECIFIED.);
#1320=B_SPLINE_CURVE_WITH_KNOTS('',3,(#1315,#1316,#1317,#1318,#1319),
.UNSPECIFIED.,.F.,.F.,(4,1,4),(0.E0,5.E-1,1.E0),.UNSPECIFIED.);
#1330=B_SPLINE_CURVE_WITH_KNOTS('',3,(#1325,#1326,#1327,#1328,#1329),
.UNSPECIFIED.,.F.,.F.,(4,1,4),(0.E0,5.E-1,1.E0),.UNSPECIFIED.);
#1344=B_SPLINE_CURVE_WITH_KNOTS('',3,(#1339,#1340,#1341,#1342,#1343),
.UNSPECIFIED.,.F.,.F.,(4,1,4),(0.E0,5.E-1,1.E0),.UNSPECIFIED.);
#1353=B_SPLINE_CURVE_WITH_KNOTS('',3,(#1345,#1346,#1347,#1348,#1349,#1350,#1351,
#1352),.UNSPECIFIED.,.F.,.F.,(4,1,1,1,1,4),(0.E0,2.5E-1,5.E-1,7.5E-1,8.75E-1,
1.E0),.UNSPECIFIED.);
#1363=B_SPLINE_CURVE_WITH_KNOTS('',3,(#1358,#1359,#1360,#1361,#1362),
.UNSPECIFIED.,.F.,.F.,(4,1,4),(0.E0,5.E-1,1.E0),.UNSPECIFIED.);
#1496=CIRCLE('',#1495,1.5E-1);
#1501=CIRCLE('',#1500,1.5E-1);
#1550=CIRCLE('',#1549,1.5E-1);
#1555=CIRCLE('',#1554,1.5E-1);
#1576=CIRCLE('',#1575,3.51E-1);
#1589=CIRCLE('',#1588,1.51E-1);
#1606=CIRCLE('',#1605,1.51E-1);
#1619=CIRCLE('',#1618,3.51E-1);
#1628=CIRCLE('',#1627,5.E-2);
#1633=CIRCLE('',#1632,1.E-1);
#1642=CIRCLE('',#1641,5.E-2);
#1655=CIRCLE('',#1654,1.E-1);
#1680=CIRCLE('',#1679,1.E-1);
#1689=CIRCLE('',#1688,5.E-2);
#1698=CIRCLE('',#1697,1.E-1);
#1731=CIRCLE('',#1730,5.E-2);
#1744=CIRCLE('',#1743,5.E-2);
#1881=CIRCLE('',#1880,1.5E-1);
#1886=CIRCLE('',#1885,1.5E-1);
#1943=CIRCLE('',#1942,1.5E-1);
#1948=CIRCLE('',#1947,1.5E-1);
#2209=CIRCLE('',#2208,1.95E-1);
#2246=CIRCLE('',#2245,1.95E-1);
#2455=CIRCLE('',#2454,1.95E-1);
#2488=CIRCLE('',#2487,1.95E-1);
#2545=CIRCLE('',#2544,1.95E-1);
#2578=CIRCLE('',#2577,1.95E-1);
#2635=CIRCLE('',#2634,1.95E-1);
#2668=CIRCLE('',#2667,1.95E-1);
#2725=CIRCLE('',#2724,1.95E-1);
#2758=CIRCLE('',#2757,1.95E-1);
#2815=CIRCLE('',#2814,1.95E-1);
#2848=CIRCLE('',#2847,1.95E-1);
#2905=CIRCLE('',#2904,1.95E-1);
#2938=CIRCLE('',#2937,1.95E-1);
#2995=CIRCLE('',#2994,1.95E-1);
#3028=CIRCLE('',#3027,1.95E-1);
#3085=CIRCLE('',#3084,1.95E-1);
#3122=CIRCLE('',#3121,1.95E-1);
#3175=CIRCLE('',#3174,1.95E-1);
#3212=CIRCLE('',#3211,1.95E-1);
#3265=CIRCLE('',#3264,1.95E-1);
#3302=CIRCLE('',#3301,1.95E-1);
#3355=CIRCLE('',#3354,1.95E-1);
#3392=CIRCLE('',#3391,1.95E-1);
#3445=CIRCLE('',#3444,1.95E-1);
#3482=CIRCLE('',#3481,1.95E-1);
#3559=CIRCLE('',#3558,5.E-2);
#3664=CIRCLE('',#3663,3.E-1);
#3669=CIRCLE('',#3668,3.E-1);
#3674=CIRCLE('',#3673,3.E-1);
#3679=CIRCLE('',#3678,3.E-1);
#3684=CIRCLE('',#3683,3.E-1);
#3689=CIRCLE('',#3688,3.E-1);
#4933=EDGE_CURVE('',#4083,#4510,#137,.T.);
#4935=EDGE_CURVE('',#4086,#4083,#141,.T.);
#4937=EDGE_CURVE('',#4090,#4086,#145,.T.);
#4939=EDGE_CURVE('',#4057,#4090,#149,.T.);
#4941=EDGE_CURVE('',#4515,#4057,#153,.T.);
#4943=EDGE_CURVE('',#3873,#4515,#157,.T.);
#4945=EDGE_CURVE('',#3869,#3873,#161,.T.);
#4947=EDGE_CURVE('',#4510,#3869,#165,.T.);
#4951=ADVANCED_FACE('',(#4950),#4932,.T.);
#4957=EDGE_CURVE('',#4083,#4080,#180,.T.);
#4960=EDGE_CURVE('',#4510,#4511,#1330,.T.);
#4962=EDGE_CURVE('',#4511,#4512,#1320,.T.);
#4964=EDGE_CURVE('',#4080,#4512,#192,.T.);
#4968=ADVANCED_FACE('',(#4967),#4956,.T.);
#4974=EDGE_CURVE('',#4080,#4081,#170,.T.);
#4976=EDGE_CURVE('',#4081,#4083,#175,.T.);
#4981=ADVANCED_FACE('',(#4980),#4973,.T.);
#4988=EDGE_CURVE('',#4080,#4096,#188,.T.);
#4990=EDGE_CURVE('',#4099,#4096,#211,.T.);
#4992=EDGE_CURVE('',#4081,#4099,#3701,.T.);
#4996=ADVANCED_FACE('',(#4995),#4986,.T.);
#5002=EDGE_CURVE('',#4508,#4096,#184,.T.);
#5006=EDGE_CURVE('',#4512,#4508,#196,.T.);
#5010=ADVANCED_FACE('',(#5009),#5001,.T.);
#5016=EDGE_CURVE('',#4096,#4097,#201,.T.);
#5019=EDGE_CURVE('',#4508,#4509,#1314,.T.);
#5021=EDGE_CURVE('',#4509,#4097,#323,.T.);
#5025=ADVANCED_FACE('',(#5024),#5015,.T.);
#5032=EDGE_CURVE('',#4097,#4099,#206,.T.);
#5037=ADVANCED_FACE('',(#5036),#5030,.T.);
#5043=EDGE_CURVE('',#4077,#4074,#226,.T.);
#5045=EDGE_CURVE('',#4099,#4077,#3705,.T.);
#5048=EDGE_CURVE('',#4097,#4074,#319,.T.);
#5052=ADVANCED_FACE('',(#5051),#5042,.T.);
#5058=EDGE_CURVE('',#4074,#4075,#216,.T.);
#5060=EDGE_CURVE('',#4075,#4077,#221,.T.);
#5065=ADVANCED_FACE('',(#5064),#5057,.T.);
#5071=EDGE_CURVE('',#4071,#4068,#241,.T.);
#5073=EDGE_CURVE('',#4075,#4071,#3639,.T.);
#5076=EDGE_CURVE('',#4074,#4068,#315,.T.);
#5080=ADVANCED_FACE('',(#5079),#5070,.T.);
#5086=EDGE_CURVE('',#4068,#4069,#231,.T.);
#5088=EDGE_CURVE('',#4069,#4071,#236,.T.);
#5093=ADVANCED_FACE('',(#5092),#5085,.T.);
#5099=EDGE_CURVE('',#4063,#4065,#251,.T.);
#5101=EDGE_CURVE('',#4069,#4063,#3655,.T.);
#5104=EDGE_CURVE('',#4068,#4065,#311,.T.);
#5108=ADVANCED_FACE('',(#5107),#5098,.T.);
#5114=EDGE_CURVE('',#4062,#4063,#246,.T.);
#5117=EDGE_CURVE('',#4065,#4062,#256,.T.);
#5121=ADVANCED_FACE('',(#5120),#5113,.T.);
#5127=EDGE_CURVE('',#4059,#4056,#271,.T.);
#5129=EDGE_CURVE('',#4059,#4063,#3659,.T.);
#5132=EDGE_CURVE('',#4056,#4062,#287,.T.);
#5136=ADVANCED_FACE('',(#5135),#5126,.T.);
#5142=EDGE_CURVE('',#4056,#4057,#261,.T.);
#5144=EDGE_CURVE('',#4057,#4059,#266,.T.);
#5149=ADVANCED_FACE('',(#5148),#5141,.T.);
#5156=EDGE_CURVE('',#4513,#4056,#283,.T.);
#5158=EDGE_CURVE('',#4513,#4514,#1363,.T.);
#5160=EDGE_CURVE('',#4514,#4515,#1344,.T.);
#5165=ADVANCED_FACE('',(#5164),#5154,.T.);
#5171=EDGE_CURVE('',#4062,#4507,#275,.T.);
#5173=EDGE_CURVE('',#4513,#4507,#279,.T.);
#5179=ADVANCED_FACE('',(#5178),#5170,.T.);
#5186=EDGE_CURVE('',#4065,#4506,#307,.T.);
#5188=EDGE_CURVE('',#4506,#4507,#1353,.T.);
#5193=ADVANCED_FACE('',(#5192),#5184,.T.);
#5204=EDGE_CURVE('',#4509,#4036,#1293,.T.);
#5206=EDGE_CURVE('',#4036,#4037,#1141,.T.);
#5208=EDGE_CURVE('',#4037,#4012,#1169,.T.);
#5210=EDGE_CURVE('',#4012,#4013,#375,.T.);
#5212=EDGE_CURVE('',#4040,#4013,#327,.T.);
#5214=EDGE_CURVE('',#4040,#4041,#1149,.T.);
#5216=EDGE_CURVE('',#4506,#4041,#1367,.T.);
#5220=EDGE_CURVE('',#3836,#4016,#299,.T.);
#5222=EDGE_CURVE('',#4016,#4017,#383,.T.);
#5224=EDGE_CURVE('',#4333,#4017,#543,.T.);
#5226=EDGE_CURVE('',#3836,#4333,#303,.T.);
#5230=EDGE_CURVE('',#4008,#4331,#335,.T.);
#5232=EDGE_CURVE('',#4008,#4009,#367,.T.);
#5234=EDGE_CURVE('',#3841,#4009,#291,.T.);
#5236=EDGE_CURVE('',#4331,#3841,#295,.T.);
#5240=ADVANCED_FACE('',(#5219,#5229,#5239),#5198,.F.);
#5246=EDGE_CURVE('',#4008,#4029,#331,.T.);
#5249=EDGE_CURVE('',#4405,#4331,#515,.T.);
#5251=EDGE_CURVE('',#4403,#4405,#339,.T.);
#5253=EDGE_CURVE('',#4403,#4353,#343,.T.);
#5255=EDGE_CURVE('',#4323,#4353,#347,.T.);
#5257=EDGE_CURVE('',#4455,#4323,#807,.T.);
#5259=EDGE_CURVE('',#4461,#4455,#705,.T.);
#5261=EDGE_CURVE('',#4483,#4461,#351,.T.);
#5263=EDGE_CURVE('',#4483,#4029,#355,.T.);
#5267=ADVANCED_FACE('',(#5266),#5245,.T.);
#5273=EDGE_CURVE('',#4492,#4493,#359,.T.);
#5275=EDGE_CURVE('',#4492,#4327,#1121,.T.);
#5277=EDGE_CURVE('',#4319,#4327,#823,.T.);
#5279=EDGE_CURVE('',#4319,#4493,#363,.T.);
#5283=ADVANCED_FACE('',(#5282),#5272,.T.);
#5291=EDGE_CURVE('',#4028,#4029,#371,.T.);
#5293=EDGE_CURVE('',#4009,#4028,#3757,.T.);
#5297=ADVANCED_FACE('',(#5296),#5288,.T.);
#5304=EDGE_CURVE('',#4012,#4025,#1165,.T.);
#5306=EDGE_CURVE('',#4024,#4025,#379,.T.);
#5308=EDGE_CURVE('',#4013,#4024,#3591,.T.);
#5312=ADVANCED_FACE('',(#5311),#5302,.T.);
#5319=EDGE_CURVE('',#4016,#4021,#487,.T.);
#5321=EDGE_CURVE('',#4020,#4021,#387,.T.);
#5323=EDGE_CURVE('',#4017,#4020,#527,.T.);
#5327=ADVANCED_FACE('',(#5326),#5317,.T.);
#5334=EDGE_CURVE('',#4021,#4024,#391,.T.);
#5337=EDGE_CURVE('',#4025,#4028,#439,.T.);
#5341=EDGE_CURVE('',#4489,#4483,#592,.T.);
#5343=EDGE_CURVE('',#4489,#4481,#3643,.T.);
#5345=EDGE_CURVE('',#4480,#4481,#3619,.T.);
#5347=EDGE_CURVE('',#4480,#4487,#3611,.T.);
#5349=EDGE_CURVE('',#4485,#4487,#608,.T.);
#5351=EDGE_CURVE('',#4485,#4020,#531,.T.);
#5355=ADVANCED_FACE('',(#5354),#5332,.F.);
#5362=EDGE_CURVE('',#3843,#4021,#395,.T.);
#5364=EDGE_CURVE('',#4343,#3843,#399,.T.);
#5366=EDGE_CURVE('',#4341,#4343,#403,.T.);
#5368=EDGE_CURVE('',#4339,#4341,#407,.T.);
#5370=EDGE_CURVE('',#4337,#4339,#411,.T.);
#5372=EDGE_CURVE('',#4336,#4337,#415,.T.);
#5374=EDGE_CURVE('',#4325,#4336,#535,.T.);
#5376=EDGE_CURVE('',#3831,#4325,#787,.T.);
#5378=EDGE_CURVE('',#3831,#3812,#419,.T.);
#5380=EDGE_CURVE('',#3812,#3813,#423,.T.);
#5382=EDGE_CURVE('',#3813,#3815,#427,.T.);
#5384=EDGE_CURVE('',#3815,#3817,#431,.T.);
#5386=EDGE_CURVE('',#3817,#4024,#435,.T.);
#5390=ADVANCED_FACE('',(#5389),#5360,.F.);
#5397=EDGE_CURVE('',#4025,#3820,#443,.T.);
#5399=EDGE_CURVE('',#3820,#3821,#447,.T.);
#5401=EDGE_CURVE('',#3821,#3823,#451,.T.);
#5403=EDGE_CURVE('',#3823,#3825,#455,.T.);
#5405=EDGE_CURVE('',#3825,#3833,#459,.T.);
#5407=EDGE_CURVE('',#4323,#3833,#811,.T.);
#5410=EDGE_CURVE('',#4353,#4351,#463,.T.);
#5412=EDGE_CURVE('',#4349,#4351,#467,.T.);
#5414=EDGE_CURVE('',#4347,#4349,#471,.T.);
#5416=EDGE_CURVE('',#4345,#4347,#475,.T.);
#5418=EDGE_CURVE('',#3845,#4345,#479,.T.);
#5420=EDGE_CURVE('',#4028,#3845,#483,.T.);
#5424=ADVANCED_FACE('',(#5423),#5395,.F.);
#5432=EDGE_CURVE('',#3836,#3837,#503,.T.);
#5434=EDGE_CURVE('',#3837,#3843,#491,.T.);
#5439=ADVANCED_FACE('',(#5438),#5429,.T.);
#5445=EDGE_CURVE('',#4391,#4380,#495,.T.);
#5447=EDGE_CURVE('',#3837,#4391,#499,.T.);
#5451=EDGE_CURVE('',#4333,#4380,#507,.T.);
#5455=ADVANCED_FACE('',(#5454),#5444,.F.);
#5461=EDGE_CURVE('',#4405,#4394,#511,.T.);
#5465=EDGE_CURVE('',#3840,#3841,#519,.T.);
#5467=EDGE_CURVE('',#4394,#3840,#523,.T.);
#5471=ADVANCED_FACE('',(#5470),#5460,.F.);
#5477=EDGE_CURVE('',#4380,#4381,#539,.T.);
#5479=EDGE_CURVE('',#4383,#4381,#3709,.T.);
#5481=EDGE_CURVE('',#4383,#4385,#3717,.T.);
#5483=EDGE_CURVE('',#4385,#4387,#3725,.T.);
#5485=EDGE_CURVE('',#4387,#4389,#3733,.T.);
#5487=EDGE_CURVE('',#4389,#4391,#3741,.T.);
#5492=ADVANCED_FACE('',(#5491),#5476,.T.);
#5500=EDGE_CURVE('',#4485,#4459,#604,.T.);
#5502=EDGE_CURVE('',#4457,#4459,#671,.T.);
#5504=EDGE_CURVE('',#4325,#4457,#791,.T.);
#5507=EDGE_CURVE('',#4381,#4336,#3713,.T.);
#5514=ADVANCED_FACE('',(#5513),#5497,.T.);
#5520=EDGE_CURVE('',#4495,#4497,#547,.T.);
#5522=EDGE_CURVE('',#4321,#4497,#551,.T.);
#5524=EDGE_CURVE('',#4329,#4321,#775,.T.);
#5526=EDGE_CURVE('',#4495,#4329,#555,.T.);
#5530=ADVANCED_FACE('',(#5529),#5519,.T.);
#5536=EDGE_CURVE('',#4461,#4105,#559,.T.);
#5538=EDGE_CURVE('',#4104,#4105,#3559,.T.);
#5540=EDGE_CURVE('',#4104,#4501,#563,.T.);
#5542=EDGE_CURVE('',#4499,#4501,#568,.T.);
#5544=EDGE_CURVE('',#3973,#4499,#572,.T.);
#5546=EDGE_CURVE('',#3857,#3973,#576,.T.);
#5548=EDGE_CURVE('',#4437,#3857,#1463,.T.);
#5550=EDGE_CURVE('',#4415,#4437,#580,.T.);
#5552=EDGE_CURVE('',#4414,#4415,#584,.T.);
#5554=EDGE_CURVE('',#4414,#4489,#588,.T.);
#5560=ADVANCED_FACE('',(#5559),#5535,.T.);
#5566=EDGE_CURVE('',#4504,#4109,#596,.T.);
#5568=EDGE_CURVE('',#4108,#4109,#1731,.T.);
#5570=EDGE_CURVE('',#4459,#4108,#600,.T.);
#5574=EDGE_CURVE('',#4427,#4487,#612,.T.);
#5576=EDGE_CURVE('',#4425,#4427,#616,.T.);
#5578=EDGE_CURVE('',#4425,#4435,#620,.T.);
#5580=EDGE_CURVE('',#3864,#4435,#1447,.T.);
#5582=EDGE_CURVE('',#3971,#3864,#624,.T.);
#5584=EDGE_CURVE('',#4505,#3971,#628,.T.);
#5586=EDGE_CURVE('',#4504,#4505,#633,.T.);
#5590=ADVANCED_FACE('',(#5589),#5565,.T.);
#5596=EDGE_CURVE('',#4547,#4542,#637,.T.);
#5598=EDGE_CURVE('',#4547,#4549,#1693,.T.);
#5600=EDGE_CURVE('',#4549,#4105,#641,.T.);
#5603=EDGE_CURVE('',#4542,#4461,#701,.T.);
#5607=ADVANCED_FACE('',(#5606),#5595,.T.);
#5613=EDGE_CURVE('',#4542,#4543,#697,.T.);
#5615=EDGE_CURVE('',#4545,#4543,#1820,.T.);
#5617=EDGE_CURVE('',#4545,#4547,#1698,.T.);
#5622=ADVANCED_FACE('',(#5621),#5612,.T.);
#5628=EDGE_CURVE('',#3949,#3969,#835,.T.);
#5630=EDGE_CURVE('',#3969,#3973,#1914,.T.);
#5632=EDGE_CURVE('',#3965,#3973,#1593,.T.);
#5634=EDGE_CURVE('',#3949,#3965,#645,.T.);
#5638=ADVANCED_FACE('',(#5637),#5627,.T.);
#5644=EDGE_CURVE('',#3967,#3928,#763,.T.);
#5646=EDGE_CURVE('',#3928,#3952,#3563,.T.);
#5648=EDGE_CURVE('',#3971,#3952,#1601,.T.);
#5650=EDGE_CURVE('',#3967,#3971,#3579,.T.);
#5654=ADVANCED_FACE('',(#5653),#5643,.T.);
#5660=EDGE_CURVE('',#4518,#4519,#650,.T.);
#5662=EDGE_CURVE('',#4469,#4518,#1756,.T.);
#5664=EDGE_CURVE('',#4005,#4469,#654,.T.);
#5666=EDGE_CURVE('',#4001,#4005,#658,.T.);
#5668=EDGE_CURVE('',#4467,#4001,#662,.T.);
#5670=EDGE_CURVE('',#4527,#4467,#1764,.T.);
#5672=EDGE_CURVE('',#4526,#4527,#667,.T.);
#5674=EDGE_CURVE('',#4526,#4457,#795,.T.);
#5677=EDGE_CURVE('',#4459,#4519,#675,.T.);
#5681=ADVANCED_FACE('',(#5680),#5659,.T.);
#5687=EDGE_CURVE('',#4537,#4539,#680,.T.);
#5689=EDGE_CURVE('',#4465,#4537,#1816,.T.);
#5691=EDGE_CURVE('',#3997,#4465,#684,.T.);
#5693=EDGE_CURVE('',#3993,#3997,#688,.T.);
#5695=EDGE_CURVE('',#4463,#3993,#692,.T.);
#5697=EDGE_CURVE('',#4543,#4463,#1824,.T.);
#5702=EDGE_CURVE('',#4455,#4539,#803,.T.);
#5706=ADVANCED_FACE('',(#5705),#5686,.T.);
#5712=EDGE_CURVE('',#4419,#4414,#709,.T.);
#5714=EDGE_CURVE('',#4419,#4422,#713,.T.);
#5716=EDGE_CURVE('',#4427,#4422,#717,.T.);
#5718=EDGE_CURVE('',#3793,#4427,#721,.T.);
#5720=EDGE_CURVE('',#3792,#3793,#725,.T.);
#5722=EDGE_CURVE('',#4414,#3792,#729,.T.);
#5726=EDGE_CURVE('',#4145,#4143,#865,.T.);
#5728=EDGE_CURVE('',#4151,#4143,#869,.T.);
#5730=EDGE_CURVE('',#4153,#4151,#873,.T.);
#5732=EDGE_CURVE('',#4153,#4145,#877,.T.);
#5736=EDGE_CURVE('',#4185,#4183,#881,.T.);
#5738=EDGE_CURVE('',#4191,#4183,#885,.T.);
#5740=EDGE_CURVE('',#4193,#4191,#889,.T.);
#5742=EDGE_CURVE('',#4193,#4185,#893,.T.);
#5746=EDGE_CURVE('',#4225,#4223,#897,.T.);
#5748=EDGE_CURVE('',#4231,#4223,#901,.T.);
#5750=EDGE_CURVE('',#4233,#4231,#905,.T.);
#5752=EDGE_CURVE('',#4233,#4225,#909,.T.);
#5756=EDGE_CURVE('',#4265,#4263,#913,.T.);
#5758=EDGE_CURVE('',#4271,#4263,#917,.T.);
#5760=EDGE_CURVE('',#4273,#4271,#921,.T.);
#5762=EDGE_CURVE('',#4273,#4265,#925,.T.);
#5766=EDGE_CURVE('',#4305,#4303,#929,.T.);
#5768=EDGE_CURVE('',#4311,#4303,#933,.T.);
#5770=EDGE_CURVE('',#4313,#4311,#937,.T.);
#5772=EDGE_CURVE('',#4313,#4305,#941,.T.);
#5776=EDGE_CURVE('',#4602,#4603,#945,.T.);
#5778=EDGE_CURVE('',#4607,#4603,#949,.T.);
#5780=EDGE_CURVE('',#4606,#4607,#953,.T.);
#5782=EDGE_CURVE('',#4606,#4602,#957,.T.);
#5786=EDGE_CURVE('',#4646,#4647,#961,.T.);
#5788=EDGE_CURVE('',#4651,#4647,#965,.T.);
#5790=EDGE_CURVE('',#4650,#4651,#969,.T.);
#5792=EDGE_CURVE('',#4650,#4646,#973,.T.);
#5796=EDGE_CURVE('',#4690,#4691,#977,.T.);
#5798=EDGE_CURVE('',#4695,#4691,#981,.T.);
#5800=EDGE_CURVE('',#4694,#4695,#985,.T.);
#5802=EDGE_CURVE('',#4694,#4690,#989,.T.);
#5806=EDGE_CURVE('',#4734,#4735,#993,.T.);
#5808=EDGE_CURVE('',#4739,#4735,#997,.T.);
#5810=EDGE_CURVE('',#4738,#4739,#1001,.T.);
#5812=EDGE_CURVE('',#4738,#4734,#1005,.T.);
#5816=EDGE_CURVE('',#4778,#4779,#1009,.T.);
#5818=EDGE_CURVE('',#4783,#4779,#1013,.T.);
#5820=EDGE_CURVE('',#4782,#4783,#1017,.T.);
#5822=EDGE_CURVE('',#4782,#4778,#1021,.T.);
#5826=EDGE_CURVE('',#4822,#4823,#1025,.T.);
#5828=EDGE_CURVE('',#4827,#4823,#1029,.T.);
#5830=EDGE_CURVE('',#4826,#4827,#1033,.T.);
#5832=EDGE_CURVE('',#4826,#4822,#1037,.T.);
#5836=EDGE_CURVE('',#4866,#4867,#1041,.T.);
#5838=EDGE_CURVE('',#4871,#4867,#1045,.T.);
#5840=EDGE_CURVE('',#4870,#4871,#1049,.T.);
#5842=EDGE_CURVE('',#4870,#4866,#1053,.T.);
#5846=EDGE_CURVE('',#4910,#4911,#1057,.T.);
#5848=EDGE_CURVE('',#4915,#4911,#1061,.T.);
#5850=EDGE_CURVE('',#4914,#4915,#1065,.T.);
#5852=EDGE_CURVE('',#4914,#4910,#1069,.T.);
#5856=ADVANCED_FACE('',(#5725,#5735,#5745,#5755,#5765,#5775,#5785,#5795,#5805,
#5815,#5825,#5835,#5845,#5855),#5711,.F.);
#5862=EDGE_CURVE('',#4531,#4526,#733,.T.);
#5864=EDGE_CURVE('',#3937,#4531,#737,.T.);
#5866=EDGE_CURVE('',#3935,#3937,#742,.T.);
#5868=EDGE_CURVE('',#3933,#3935,#746,.T.);
#5870=EDGE_CURVE('',#3931,#3933,#750,.T.);
#5872=EDGE_CURVE('',#3929,#3931,#754,.T.);
#5874=EDGE_CURVE('',#3928,#3929,#759,.T.);
#5877=EDGE_CURVE('',#3885,#3967,#767,.T.);
#5879=EDGE_CURVE('',#3885,#4329,#771,.T.);
#5882=EDGE_CURVE('',#3827,#4321,#779,.T.);
#5884=EDGE_CURVE('',#3827,#3831,#783,.T.);
#5891=ADVANCED_FACE('',(#5890),#5861,.F.);
#5897=EDGE_CURVE('',#4539,#4534,#799,.T.);
#5902=EDGE_CURVE('',#3829,#3833,#815,.T.);
#5904=EDGE_CURVE('',#4319,#3829,#819,.T.);
#5907=EDGE_CURVE('',#4327,#3853,#827,.T.);
#5909=EDGE_CURVE('',#3969,#3853,#831,.T.);
#5912=EDGE_CURVE('',#3947,#3949,#840,.T.);
#5914=EDGE_CURVE('',#3945,#3947,#844,.T.);
#5916=EDGE_CURVE('',#3943,#3945,#848,.T.);
#5918=EDGE_CURVE('',#3941,#3943,#852,.T.);
#5920=EDGE_CURVE('',#3940,#3941,#857,.T.);
#5922=EDGE_CURVE('',#4534,#3940,#861,.T.);
#5926=ADVANCED_FACE('',(#5925),#5896,.F.);
#5933=EDGE_CURVE('',#4417,#4415,#1085,.T.);
#5935=EDGE_CURVE('',#4417,#4419,#3522,.T.);
#5940=ADVANCED_FACE('',(#5939),#5931,.T.);
#5946=EDGE_CURVE('',#4373,#4047,#1113,.T.);
#5948=EDGE_CURVE('',#4047,#4033,#1073,.T.);
#5950=EDGE_CURVE('',#4033,#4051,#1145,.T.);
#5952=EDGE_CURVE('',#4051,#3876,#1281,.T.);
#5954=EDGE_CURVE('',#4409,#3876,#1077,.T.);
#5956=EDGE_CURVE('',#4409,#4376,#1081,.T.);
#5958=EDGE_CURVE('',#4376,#4417,#3526,.T.);
#5962=EDGE_CURVE('',#4437,#4447,#1459,.T.);
#5964=EDGE_CURVE('',#4447,#3925,#1089,.T.);
#5966=EDGE_CURVE('',#3924,#3925,#1886,.T.);
#5968=EDGE_CURVE('',#3913,#3924,#1093,.T.);
#5970=EDGE_CURVE('',#3912,#3913,#1943,.T.);
#5972=EDGE_CURVE('',#3893,#3912,#1097,.T.);
#5974=EDGE_CURVE('',#4361,#3893,#1101,.T.);
#5976=EDGE_CURVE('',#4360,#4361,#1105,.T.);
#5978=EDGE_CURVE('',#4360,#4373,#1483,.T.);
#5982=ADVANCED_FACE('',(#5981),#5945,.F.);
#5988=EDGE_CURVE('',#4492,#4047,#1109,.T.);
#5991=EDGE_CURVE('',#3880,#4373,#1479,.T.);
#5993=EDGE_CURVE('',#3853,#3880,#1117,.T.);
#5999=ADVANCED_FACE('',(#5998),#5987,.T.);
#6005=EDGE_CURVE('',#4495,#4049,#1125,.T.);
#6009=EDGE_CURVE('',#3861,#3885,#1129,.T.);
#6011=EDGE_CURVE('',#4371,#3861,#1431,.T.);
#6013=EDGE_CURVE('',#4371,#4049,#1133,.T.);
#6017=ADVANCED_FACE('',(#6016),#6004,.T.);
#6023=EDGE_CURVE('',#4032,#4033,#1137,.T.);
#6028=EDGE_CURVE('',#4493,#4032,#1173,.T.);
#6032=ADVANCED_FACE('',(#6031),#6022,.F.);
#6039=EDGE_CURVE('',#4037,#4032,#1161,.T.);
#6042=EDGE_CURVE('',#4036,#4051,#1277,.T.);
#6047=ADVANCED_FACE('',(#6046),#6037,.T.);
#6054=EDGE_CURVE('',#4040,#4045,#3587,.T.);
#6056=EDGE_CURVE('',#4044,#4045,#1153,.T.);
#6058=EDGE_CURVE('',#4053,#4044,#1157,.T.);
#6060=EDGE_CURVE('',#4053,#4041,#1285,.T.);
#6064=ADVANCED_FACE('',(#6063),#6052,.T.);
#6071=EDGE_CURVE('',#4032,#3804,#1193,.T.);
#6073=EDGE_CURVE('',#3804,#3820,#1233,.T.);
#6080=ADVANCED_FACE('',(#6079),#6069,.F.);
#6089=EDGE_CURVE('',#3809,#3829,#1177,.T.);
#6091=EDGE_CURVE('',#3807,#3809,#1181,.T.);
#6093=EDGE_CURVE('',#3805,#3807,#1185,.T.);
#6095=EDGE_CURVE('',#3804,#3805,#1189,.T.);
#6100=ADVANCED_FACE('',(#6099),#6085,.T.);
#6106=EDGE_CURVE('',#4497,#4045,#1197,.T.);
#6108=EDGE_CURVE('',#3801,#4045,#1201,.T.);
#6110=EDGE_CURVE('',#3799,#3801,#1205,.T.);
#6112=EDGE_CURVE('',#3797,#3799,#1209,.T.);
#6114=EDGE_CURVE('',#3796,#3797,#1213,.T.);
#6116=EDGE_CURVE('',#3827,#3796,#1217,.T.);
#6122=ADVANCED_FACE('',(#6121),#6105,.T.);
#6131=EDGE_CURVE('',#3809,#3825,#1221,.T.);
#6135=ADVANCED_FACE('',(#6134),#6127,.F.);
#6144=EDGE_CURVE('',#3807,#3823,#1225,.T.);
#6148=ADVANCED_FACE('',(#6147),#6140,.F.);
#6157=EDGE_CURVE('',#3805,#3821,#1229,.T.);
#6161=ADVANCED_FACE('',(#6160),#6153,.F.);
#6173=ADVANCED_FACE('',(#6172),#6166,.F.);
#6183=EDGE_CURVE('',#4049,#4044,#1237,.T.);
#6187=ADVANCED_FACE('',(#6186),#6178,.F.);
#6193=EDGE_CURVE('',#4053,#3849,#1289,.T.);
#6198=EDGE_CURVE('',#4371,#4356,#1427,.T.);
#6200=EDGE_CURVE('',#4356,#4357,#1241,.T.);
#6202=EDGE_CURVE('',#4357,#3889,#1245,.T.);
#6204=EDGE_CURVE('',#3889,#3909,#1249,.T.);
#6206=EDGE_CURVE('',#3908,#3909,#1501,.T.);
#6208=EDGE_CURVE('',#3908,#3897,#1253,.T.);
#6210=EDGE_CURVE('',#3896,#3897,#1550,.T.);
#6212=EDGE_CURVE('',#4442,#3896,#1257,.T.);
#6214=EDGE_CURVE('',#4442,#4435,#1451,.T.);
#6217=EDGE_CURVE('',#4425,#4423,#1261,.T.);
#6219=EDGE_CURVE('',#4377,#4423,#1265,.T.);
#6221=EDGE_CURVE('',#4377,#4407,#1269,.T.);
#6223=EDGE_CURVE('',#3849,#4407,#1273,.T.);
#6227=ADVANCED_FACE('',(#6226),#6192,.F.);
#6234=EDGE_CURVE('',#4364,#4036,#1305,.T.);
#6236=EDGE_CURVE('',#4364,#4365,#1387,.T.);
#6238=EDGE_CURVE('',#3876,#4365,#1956,.T.);
#6243=ADVANCED_FACE('',(#6242),#6232,.T.);
#6251=EDGE_CURVE('',#4368,#3849,#1411,.T.);
#6253=EDGE_CURVE('',#4368,#4369,#1399,.T.);
#6255=EDGE_CURVE('',#4369,#4041,#1371,.T.);
#6259=ADVANCED_FACE('',(#6258),#6248,.T.);
#6266=EDGE_CURVE('',#4433,#4509,#1297,.T.);
#6268=EDGE_CURVE('',#4433,#3868,#1301,.T.);
#6270=EDGE_CURVE('',#3868,#4364,#1391,.T.);
#6275=ADVANCED_FACE('',(#6274),#6264,.T.);
#6284=EDGE_CURVE('',#4433,#4511,#1324,.T.);
#6289=ADVANCED_FACE('',(#6288),#6280,.T.);
#6297=EDGE_CURVE('',#3868,#3869,#1334,.T.);
#6303=ADVANCED_FACE('',(#6302),#6294,.T.);
#6311=EDGE_CURVE('',#3872,#3873,#1338,.T.);
#6313=EDGE_CURVE('',#3868,#3872,#1395,.T.);
#6317=ADVANCED_FACE('',(#6316),#6308,.T.);
#6324=EDGE_CURVE('',#4514,#4431,#1357,.T.);
#6326=EDGE_CURVE('',#3872,#4431,#1379,.T.);
#6332=ADVANCED_FACE('',(#6331),#6322,.T.);
#6339=EDGE_CURVE('',#4431,#4506,#1383,.T.);
#6346=ADVANCED_FACE('',(#6345),#6337,.T.);
#6354=EDGE_CURVE('',#3872,#4369,#1375,.T.);
#6360=ADVANCED_FACE('',(#6359),#6351,.T.);
#6366=EDGE_CURVE('',#4451,#4368,#1407,.T.);
#6368=EDGE_CURVE('',#4451,#4453,#1980,.T.);
#6370=EDGE_CURVE('',#4365,#4453,#1952,.T.);
#6379=ADVANCED_FACE('',(#6378),#6365,.T.);
#6385=EDGE_CURVE('',#4356,#3888,#1423,.T.);
#6387=EDGE_CURVE('',#3888,#3889,#1403,.T.);
#6389=EDGE_CURVE('',#4451,#3889,#1984,.T.);
#6393=EDGE_CURVE('',#3848,#3849,#3510,.T.);
#6395=EDGE_CURVE('',#3848,#4356,#1415,.T.);
#6399=ADVANCED_FACE('',(#6398),#6384,.F.);
#6405=EDGE_CURVE('',#4439,#3888,#1419,.T.);
#6410=EDGE_CURVE('',#3860,#3861,#3567,.T.);
#6412=EDGE_CURVE('',#4439,#3860,#1435,.T.);
#6416=ADVANCED_FACE('',(#6415),#6404,.T.);
#6422=EDGE_CURVE('',#4442,#4443,#1439,.T.);
#6424=EDGE_CURVE('',#3865,#4443,#1443,.T.);
#6426=EDGE_CURVE('',#3864,#3865,#3583,.T.);
#6432=ADVANCED_FACE('',(#6431),#6421,.T.);
#6438=EDGE_CURVE('',#4446,#4447,#1455,.T.);
#6442=EDGE_CURVE('',#3856,#3857,#1922,.T.);
#6444=EDGE_CURVE('',#4446,#3856,#1467,.T.);
#6448=ADVANCED_FACE('',(#6447),#6437,.T.);
#6454=EDGE_CURVE('',#3892,#4449,#1471,.T.);
#6456=EDGE_CURVE('',#3881,#4449,#1475,.T.);
#6458=EDGE_CURVE('',#3880,#3881,#1930,.T.);
#6462=EDGE_CURVE('',#3892,#4360,#1487,.T.);
#6466=ADVANCED_FACE('',(#6465),#6453,.T.);
#6472=EDGE_CURVE('',#3904,#3909,#1491,.T.);
#6477=EDGE_CURVE('',#4439,#3904,#1509,.T.);
#6481=ADVANCED_FACE('',(#6480),#6471,.T.);
#6487=EDGE_CURVE('',#3904,#3905,#1496,.T.);
#6489=EDGE_CURVE('',#3905,#3908,#1533,.T.);
#6495=ADVANCED_FACE('',(#6494),#6486,.T.);
#6501=EDGE_CURVE('',#3905,#3900,#1505,.T.);
#6506=EDGE_CURVE('',#3860,#3884,#1513,.T.);
#6508=EDGE_CURVE('',#3884,#4429,#1517,.T.);
#6510=EDGE_CURVE('',#4429,#3865,#1521,.T.);
#6513=EDGE_CURVE('',#4443,#3901,#1525,.T.);
#6515=EDGE_CURVE('',#3900,#3901,#1555,.T.);
#6519=ADVANCED_FACE('',(#6518),#6500,.F.);
#6525=EDGE_CURVE('',#3897,#3900,#1529,.T.);
#6532=ADVANCED_FACE('',(#6531),#6524,.T.);
#6538=EDGE_CURVE('',#3913,#3916,#1537,.T.);
#6541=EDGE_CURVE('',#3921,#3924,#1541,.T.);
#6543=EDGE_CURVE('',#3916,#3921,#1890,.T.);
#6547=ADVANCED_FACE('',(#6546),#6537,.T.);
#6553=EDGE_CURVE('',#3985,#3983,#1545,.T.);
#6555=EDGE_CURVE('',#3896,#3985,#1800,.T.);
#6560=EDGE_CURVE('',#3983,#3901,#1796,.T.);
#6564=ADVANCED_FACE('',(#6563),#6552,.T.);
#6570=EDGE_CURVE('',#3931,#3983,#1559,.T.);
#6573=EDGE_CURVE('',#3933,#3985,#1784,.T.);
#6578=ADVANCED_FACE('',(#6577),#6569,.T.);
#6584=EDGE_CURVE('',#3953,#3975,#1610,.T.);
#6586=EDGE_CURVE('',#3929,#3953,#1563,.T.);
#6590=EDGE_CURVE('',#3983,#3975,#1792,.T.);
#6594=ADVANCED_FACE('',(#6593),#6583,.T.);
#6600=EDGE_CURVE('',#4499,#4113,#1567,.T.);
#6602=EDGE_CURVE('',#4113,#3960,#1571,.T.);
#6604=EDGE_CURVE('',#3960,#3961,#1576,.T.);
#6606=EDGE_CURVE('',#3961,#3979,#1580,.T.);
#6608=EDGE_CURVE('',#3981,#3979,#1856,.T.);
#6610=EDGE_CURVE('',#3981,#3964,#1584,.T.);
#6612=EDGE_CURVE('',#3964,#3965,#1589,.T.);
#6618=ADVANCED_FACE('',(#6617),#6599,.F.);
#6624=EDGE_CURVE('',#4116,#4505,#1597,.T.);
#6628=EDGE_CURVE('',#3952,#3953,#1606,.T.);
#6631=EDGE_CURVE('',#3977,#3975,#1788,.T.);
#6633=EDGE_CURVE('',#3977,#3956,#1614,.T.);
#6635=EDGE_CURVE('',#3956,#3957,#1619,.T.);
#6637=EDGE_CURVE('',#3957,#4116,#1623,.T.);
#6641=ADVANCED_FACE('',(#6640),#6623,.F.);
#6647=EDGE_CURVE('',#4112,#4113,#1628,.T.);
#6651=EDGE_CURVE('',#4501,#4112,#3554,.T.);
#6655=ADVANCED_FACE('',(#6654),#6646,.F.);
#6661=EDGE_CURVE('',#4521,#4523,#1633,.T.);
#6663=EDGE_CURVE('',#4555,#4521,#1637,.T.);
#6665=EDGE_CURVE('',#4553,#4555,#1642,.T.);
#6667=EDGE_CURVE('',#4117,#4553,#1646,.T.);
#6669=EDGE_CURVE('',#4116,#4117,#1744,.T.);
#6672=EDGE_CURVE('',#3937,#3957,#1650,.T.);
#6675=EDGE_CURVE('',#4529,#4531,#1655,.T.);
#6677=EDGE_CURVE('',#4529,#4475,#1659,.T.);
#6679=EDGE_CURVE('',#4475,#4000,#1663,.T.);
#6681=EDGE_CURVE('',#4000,#4004,#1667,.T.);
#6683=EDGE_CURVE('',#4004,#4477,#1671,.T.);
#6685=EDGE_CURVE('',#4477,#4523,#1675,.T.);
#6689=ADVANCED_FACE('',(#6688),#6660,.T.);
#6695=EDGE_CURVE('',#4534,#4535,#1680,.T.);
#6698=EDGE_CURVE('',#3940,#3960,#1840,.T.);
#6702=EDGE_CURVE('',#4551,#4112,#1684,.T.);
#6704=EDGE_CURVE('',#4549,#4551,#1689,.T.);
#6708=EDGE_CURVE('',#4545,#4471,#1702,.T.);
#6710=EDGE_CURVE('',#4471,#3992,#1706,.T.);
#6712=EDGE_CURVE('',#3992,#3996,#1710,.T.);
#6714=EDGE_CURVE('',#3996,#4473,#1714,.T.);
#6716=EDGE_CURVE('',#4473,#4535,#1718,.T.);
#6720=ADVANCED_FACE('',(#6719),#6694,.T.);
#6727=EDGE_CURVE('',#4521,#4519,#1722,.T.);
#6730=EDGE_CURVE('',#4523,#4518,#1748,.T.);
#6734=ADVANCED_FACE('',(#6733),#6725,.T.);
#6743=EDGE_CURVE('',#4555,#4108,#1726,.T.);
#6748=ADVANCED_FACE('',(#6747),#6739,.T.);
#6755=EDGE_CURVE('',#4553,#4109,#1735,.T.);
#6761=ADVANCED_FACE('',(#6760),#6753,.T.);
#6769=EDGE_CURVE('',#4117,#4504,#1739,.T.);
#6774=ADVANCED_FACE('',(#6773),#6766,.T.);
#6786=ADVANCED_FACE('',(#6785),#6779,.F.);
#6794=EDGE_CURVE('',#4477,#4469,#1752,.T.);
#6799=ADVANCED_FACE('',(#6798),#6791,.T.);
#6805=EDGE_CURVE('',#4529,#4527,#1760,.T.);
#6808=EDGE_CURVE('',#4475,#4467,#1768,.T.);
#6813=ADVANCED_FACE('',(#6812),#6804,.T.);
#6819=EDGE_CURVE('',#4004,#4005,#1772,.T.);
#6826=ADVANCED_FACE('',(#6825),#6818,.F.);
#6832=EDGE_CURVE('',#4000,#4001,#1776,.T.);
#6839=ADVANCED_FACE('',(#6838),#6831,.F.);
#6851=ADVANCED_FACE('',(#6850),#6844,.F.);
#6863=ADVANCED_FACE('',(#6862),#6856,.T.);
#6872=EDGE_CURVE('',#3935,#3956,#1780,.T.);
#6876=ADVANCED_FACE('',(#6875),#6868,.T.);
#6883=EDGE_CURVE('',#3985,#3977,#1804,.T.);
#6890=ADVANCED_FACE('',(#6889),#6881,.T.);
#6906=ADVANCED_FACE('',(#6905),#6895,.T.);
#6913=EDGE_CURVE('',#4537,#4535,#1808,.T.);
#6919=ADVANCED_FACE('',(#6918),#6911,.T.);
#6927=EDGE_CURVE('',#4465,#4473,#1812,.T.);
#6932=ADVANCED_FACE('',(#6931),#6924,.T.);
#6940=EDGE_CURVE('',#4463,#4471,#1828,.T.);
#6945=ADVANCED_FACE('',(#6944),#6937,.T.);
#6951=EDGE_CURVE('',#3996,#3997,#1832,.T.);
#6958=ADVANCED_FACE('',(#6957),#6950,.F.);
#6964=EDGE_CURVE('',#3992,#3993,#1836,.T.);
#6971=ADVANCED_FACE('',(#6970),#6963,.F.);
#6983=ADVANCED_FACE('',(#6982),#6976,.F.);
#6990=EDGE_CURVE('',#3941,#3961,#1844,.T.);
#6996=ADVANCED_FACE('',(#6995),#6988,.T.);
#7005=EDGE_CURVE('',#3943,#3987,#1848,.T.);
#7007=EDGE_CURVE('',#3987,#3979,#1860,.T.);
#7011=ADVANCED_FACE('',(#7010),#7001,.T.);
#7019=EDGE_CURVE('',#3945,#3989,#1852,.T.);
#7021=EDGE_CURVE('',#3989,#3987,#1876,.T.);
#7025=ADVANCED_FACE('',(#7024),#7016,.T.);
#7032=EDGE_CURVE('',#3989,#3981,#1872,.T.);
#7036=EDGE_CURVE('',#3947,#3964,#3546,.T.);
#7040=ADVANCED_FACE('',(#7039),#7030,.T.);
#7048=EDGE_CURVE('',#3987,#3925,#1864,.T.);
#7052=EDGE_CURVE('',#4446,#3920,#1894,.T.);
#7054=EDGE_CURVE('',#3920,#3989,#1868,.T.);
#7059=ADVANCED_FACE('',(#7058),#7045,.T.);
#7067=EDGE_CURVE('',#3920,#3921,#1881,.T.);
#7074=ADVANCED_FACE('',(#7073),#7064,.T.);
#7084=EDGE_CURVE('',#3856,#4411,#1898,.T.);
#7086=EDGE_CURVE('',#4411,#3852,#1902,.T.);
#7088=EDGE_CURVE('',#3852,#3881,#1906,.T.);
#7091=EDGE_CURVE('',#4449,#3917,#1910,.T.);
#7093=EDGE_CURVE('',#3916,#3917,#1948,.T.);
#7097=ADVANCED_FACE('',(#7096),#7079,.F.);
#7104=EDGE_CURVE('',#4411,#3969,#1918,.T.);
#7111=ADVANCED_FACE('',(#7110),#7102,.T.);
#7119=EDGE_CURVE('',#3852,#3853,#1926,.T.);
#7124=ADVANCED_FACE('',(#7123),#7116,.T.);
#7136=ADVANCED_FACE('',(#7135),#7129,.T.);
#7142=EDGE_CURVE('',#3912,#3917,#1934,.T.);
#7146=EDGE_CURVE('',#3892,#3893,#1938,.T.);
#7151=ADVANCED_FACE('',(#7150),#7141,.T.);
#7163=ADVANCED_FACE('',(#7162),#7156,.T.);
#7170=EDGE_CURVE('',#4453,#3893,#1976,.T.);
#7174=EDGE_CURVE('',#3877,#4360,#2418,.T.);
#7176=EDGE_CURVE('',#3876,#3877,#3514,.T.);
#7181=ADVANCED_FACE('',(#7180),#7168,.F.);
#7187=EDGE_CURVE('',#4918,#4925,#1960,.T.);
#7189=EDGE_CURVE('',#4927,#4925,#1964,.T.);
#7191=EDGE_CURVE('',#4922,#4927,#1968,.T.);
#7193=EDGE_CURVE('',#4361,#4922,#1972,.T.);
#7200=EDGE_CURVE('',#4557,#4357,#1988,.T.);
#7202=EDGE_CURVE('',#4557,#4147,#1992,.T.);
#7204=EDGE_CURVE('',#4155,#4147,#1996,.T.);
#7206=EDGE_CURVE('',#4559,#4155,#2000,.T.);
#7208=EDGE_CURVE('',#4563,#4559,#2004,.T.);
#7210=EDGE_CURVE('',#4563,#4187,#2008,.T.);
#7212=EDGE_CURVE('',#4187,#4195,#2012,.T.);
#7214=EDGE_CURVE('',#4561,#4195,#2016,.T.);
#7216=EDGE_CURVE('',#4565,#4561,#2020,.T.);
#7218=EDGE_CURVE('',#4565,#4227,#2024,.T.);
#7220=EDGE_CURVE('',#4235,#4227,#2028,.T.);
#7222=EDGE_CURVE('',#4567,#4235,#2032,.T.);
#7224=EDGE_CURVE('',#4569,#4567,#2036,.T.);
#7226=EDGE_CURVE('',#4569,#4267,#2040,.T.);
#7228=EDGE_CURVE('',#4275,#4267,#2044,.T.);
#7230=EDGE_CURVE('',#4571,#4275,#2048,.T.);
#7232=EDGE_CURVE('',#4573,#4571,#2052,.T.);
#7234=EDGE_CURVE('',#4573,#4307,#2056,.T.);
#7236=EDGE_CURVE('',#4315,#4307,#2060,.T.);
#7238=EDGE_CURVE('',#4575,#4315,#2064,.T.);
#7240=EDGE_CURVE('',#4610,#4575,#2068,.T.);
#7242=EDGE_CURVE('',#4610,#4617,#2072,.T.);
#7244=EDGE_CURVE('',#4619,#4617,#2076,.T.);
#7246=EDGE_CURVE('',#4614,#4619,#2080,.T.);
#7248=EDGE_CURVE('',#4654,#4614,#2084,.T.);
#7250=EDGE_CURVE('',#4654,#4661,#2088,.T.);
#7252=EDGE_CURVE('',#4663,#4661,#2092,.T.);
#7254=EDGE_CURVE('',#4658,#4663,#2096,.T.);
#7256=EDGE_CURVE('',#4698,#4658,#2100,.T.);
#7258=EDGE_CURVE('',#4698,#4705,#2104,.T.);
#7260=EDGE_CURVE('',#4707,#4705,#2108,.T.);
#7262=EDGE_CURVE('',#4702,#4707,#2112,.T.);
#7264=EDGE_CURVE('',#4742,#4702,#2116,.T.);
#7266=EDGE_CURVE('',#4742,#4749,#2120,.T.);
#7268=EDGE_CURVE('',#4751,#4749,#2124,.T.);
#7270=EDGE_CURVE('',#4746,#4751,#2128,.T.);
#7272=EDGE_CURVE('',#4786,#4746,#2132,.T.);
#7274=EDGE_CURVE('',#4786,#4793,#2136,.T.);
#7276=EDGE_CURVE('',#4795,#4793,#2140,.T.);
#7278=EDGE_CURVE('',#4790,#4795,#2144,.T.);
#7280=EDGE_CURVE('',#4830,#4790,#2148,.T.);
#7282=EDGE_CURVE('',#4830,#4837,#2152,.T.);
#7284=EDGE_CURVE('',#4839,#4837,#2156,.T.);
#7286=EDGE_CURVE('',#4834,#4839,#2160,.T.);
#7288=EDGE_CURVE('',#4874,#4834,#2164,.T.);
#7290=EDGE_CURVE('',#4874,#4881,#2168,.T.);
#7292=EDGE_CURVE('',#4883,#4881,#2172,.T.);
#7294=EDGE_CURVE('',#4878,#4883,#2176,.T.);
#7296=EDGE_CURVE('',#4918,#4878,#2180,.T.);
#7300=ADVANCED_FACE('',(#7299),#7186,.T.);
#7307=EDGE_CURVE('',#4891,#4910,#2184,.T.);
#7309=EDGE_CURVE('',#4889,#4891,#2188,.T.);
#7311=EDGE_CURVE('',#4887,#4889,#2192,.T.);
#7313=EDGE_CURVE('',#4886,#4887,#2196,.T.);
#7315=EDGE_CURVE('',#4911,#4886,#2200,.T.);
#7319=ADVANCED_FACE('',(#7318),#7305,.T.);
#7325=EDGE_CURVE('',#4918,#4919,#2266,.T.);
#7327=EDGE_CURVE('',#4895,#4919,#2204,.T.);
#7329=EDGE_CURVE('',#4894,#4895,#2209,.T.);
#7331=EDGE_CURVE('',#4925,#4894,#2213,.T.);
#7336=ADVANCED_FACE('',(#7335),#7324,.T.);
#7343=EDGE_CURVE('',#4903,#4914,#2237,.T.);
#7345=EDGE_CURVE('',#4891,#4903,#2217,.T.);
#7350=ADVANCED_FACE('',(#7349),#7341,.T.);
#7357=EDGE_CURVE('',#4915,#4898,#2221,.T.);
#7359=EDGE_CURVE('',#4898,#4899,#2225,.T.);
#7361=EDGE_CURVE('',#4899,#4901,#2229,.T.);
#7363=EDGE_CURVE('',#4901,#4903,#2233,.T.);
#7368=ADVANCED_FACE('',(#7367),#7355,.F.);
#7374=EDGE_CURVE('',#4922,#4923,#2422,.T.);
#7377=EDGE_CURVE('',#4927,#4906,#2241,.T.);
#7379=EDGE_CURVE('',#4906,#4907,#2246,.T.);
#7381=EDGE_CURVE('',#4907,#4923,#2250,.T.);
#7385=ADVANCED_FACE('',(#7384),#7373,.F.);
#7393=EDGE_CURVE('',#4886,#4898,#2254,.T.);
#7398=ADVANCED_FACE('',(#7397),#7390,.T.);
#7405=EDGE_CURVE('',#4887,#4899,#2258,.T.);
#7411=ADVANCED_FACE('',(#7410),#7403,.T.);
#7418=EDGE_CURVE('',#4889,#4901,#2262,.T.);
#7424=ADVANCED_FACE('',(#7423),#7416,.T.);
#7436=ADVANCED_FACE('',(#7435),#7429,.T.);
#7444=EDGE_CURVE('',#4878,#4879,#2270,.T.);
#7446=EDGE_CURVE('',#4879,#4875,#2274,.T.);
#7448=EDGE_CURVE('',#4874,#4875,#2278,.T.);
#7451=EDGE_CURVE('',#4834,#4835,#2282,.T.);
#7453=EDGE_CURVE('',#4835,#4831,#2286,.T.);
#7455=EDGE_CURVE('',#4830,#4831,#2290,.T.);
#7458=EDGE_CURVE('',#4790,#4791,#2294,.T.);
#7460=EDGE_CURVE('',#4791,#4787,#2298,.T.);
#7462=EDGE_CURVE('',#4786,#4787,#2302,.T.);
#7465=EDGE_CURVE('',#4746,#4747,#2306,.T.);
#7467=EDGE_CURVE('',#4747,#4743,#2310,.T.);
#7469=EDGE_CURVE('',#4742,#4743,#2314,.T.);
#7472=EDGE_CURVE('',#4702,#4703,#2318,.T.);
#7474=EDGE_CURVE('',#4703,#4699,#2322,.T.);
#7476=EDGE_CURVE('',#4698,#4699,#2326,.T.);
#7479=EDGE_CURVE('',#4658,#4659,#2330,.T.);
#7481=EDGE_CURVE('',#4659,#4655,#2334,.T.);
#7483=EDGE_CURVE('',#4654,#4655,#2338,.T.);
#7486=EDGE_CURVE('',#4614,#4615,#2342,.T.);
#7488=EDGE_CURVE('',#4615,#4611,#2346,.T.);
#7490=EDGE_CURVE('',#4610,#4611,#2350,.T.);
#7493=EDGE_CURVE('',#4575,#4317,#2354,.T.);
#7495=EDGE_CURVE('',#4317,#4309,#2358,.T.);
#7497=EDGE_CURVE('',#4573,#4309,#2362,.T.);
#7500=EDGE_CURVE('',#4571,#4277,#2366,.T.);
#7502=EDGE_CURVE('',#4277,#4269,#2370,.T.);
#7504=EDGE_CURVE('',#4569,#4269,#2374,.T.);
#7507=EDGE_CURVE('',#4567,#4237,#2378,.T.);
#7509=EDGE_CURVE('',#4237,#4229,#2382,.T.);
#7511=EDGE_CURVE('',#4565,#4229,#2386,.T.);
#7514=EDGE_CURVE('',#4561,#4197,#2390,.T.);
#7516=EDGE_CURVE('',#4189,#4197,#2394,.T.);
#7518=EDGE_CURVE('',#4563,#4189,#2398,.T.);
#7521=EDGE_CURVE('',#4559,#4157,#2402,.T.);
#7523=EDGE_CURVE('',#4157,#4149,#2406,.T.);
#7525=EDGE_CURVE('',#4557,#4149,#2410,.T.);
#7530=EDGE_CURVE('',#3877,#3848,#2414,.T.);
#7536=EDGE_CURVE('',#4923,#4919,#2426,.T.);
#7540=ADVANCED_FACE('',(#7539),#7441,.T.);
#7547=EDGE_CURVE('',#4871,#4854,#2430,.T.);
#7549=EDGE_CURVE('',#4854,#4855,#2434,.T.);
#7551=EDGE_CURVE('',#4855,#4857,#2438,.T.);
#7553=EDGE_CURVE('',#4857,#4859,#2442,.T.);
#7555=EDGE_CURVE('',#4859,#4870,#2446,.T.);
#7559=ADVANCED_FACE('',(#7558),#7545,.F.);
#7567=EDGE_CURVE('',#4883,#4862,#2450,.T.);
#7569=EDGE_CURVE('',#4862,#4863,#2455,.T.);
#7571=EDGE_CURVE('',#4863,#4879,#2459,.T.);
#7575=ADVANCED_FACE('',(#7574),#7564,.F.);
#7582=EDGE_CURVE('',#4867,#4842,#2479,.T.);
#7584=EDGE_CURVE('',#4842,#4854,#2508,.T.);
#7589=ADVANCED_FACE('',(#7588),#7580,.T.);
#7596=EDGE_CURVE('',#4847,#4866,#2463,.T.);
#7598=EDGE_CURVE('',#4845,#4847,#2467,.T.);
#7600=EDGE_CURVE('',#4843,#4845,#2471,.T.);
#7602=EDGE_CURVE('',#4842,#4843,#2475,.T.);
#7607=ADVANCED_FACE('',(#7606),#7594,.T.);
#7614=EDGE_CURVE('',#4851,#4875,#2483,.T.);
#7616=EDGE_CURVE('',#4850,#4851,#2488,.T.);
#7618=EDGE_CURVE('',#4881,#4850,#2492,.T.);
#7623=ADVANCED_FACE('',(#7622),#7612,.T.);
#7631=EDGE_CURVE('',#4847,#4859,#2496,.T.);
#7636=ADVANCED_FACE('',(#7635),#7628,.T.);
#7645=EDGE_CURVE('',#4845,#4857,#2500,.T.);
#7649=ADVANCED_FACE('',(#7648),#7641,.T.);
#7658=EDGE_CURVE('',#4843,#4855,#2504,.T.);
#7662=ADVANCED_FACE('',(#7661),#7654,.T.);
#7674=ADVANCED_FACE('',(#7673),#7667,.T.);
#7682=EDGE_CURVE('',#4851,#4863,#2512,.T.);
#7687=ADVANCED_FACE('',(#7686),#7679,.T.);
#7696=EDGE_CURVE('',#4850,#4862,#2516,.T.);
#7700=ADVANCED_FACE('',(#7699),#7692,.T.);
#7712=ADVANCED_FACE('',(#7711),#7705,.T.);
#7719=EDGE_CURVE('',#4827,#4810,#2520,.T.);
#7721=EDGE_CURVE('',#4810,#4811,#2524,.T.);
#7723=EDGE_CURVE('',#4811,#4813,#2528,.T.);
#7725=EDGE_CURVE('',#4813,#4815,#2532,.T.);
#7727=EDGE_CURVE('',#4815,#4826,#2536,.T.);
#7731=ADVANCED_FACE('',(#7730),#7717,.F.);
#7739=EDGE_CURVE('',#4839,#4818,#2540,.T.);
#7741=EDGE_CURVE('',#4818,#4819,#2545,.T.);
#7743=EDGE_CURVE('',#4819,#4835,#2549,.T.);
#7747=ADVANCED_FACE('',(#7746),#7736,.F.);
#7754=EDGE_CURVE('',#4823,#4798,#2569,.T.);
#7756=EDGE_CURVE('',#4798,#4810,#2598,.T.);
#7761=ADVANCED_FACE('',(#7760),#7752,.T.);
#7768=EDGE_CURVE('',#4803,#4822,#2553,.T.);
#7770=EDGE_CURVE('',#4801,#4803,#2557,.T.);
#7772=EDGE_CURVE('',#4799,#4801,#2561,.T.);
#7774=EDGE_CURVE('',#4798,#4799,#2565,.T.);
#7779=ADVANCED_FACE('',(#7778),#7766,.T.);
#7786=EDGE_CURVE('',#4807,#4831,#2573,.T.);
#7788=EDGE_CURVE('',#4806,#4807,#2578,.T.);
#7790=EDGE_CURVE('',#4837,#4806,#2582,.T.);
#7795=ADVANCED_FACE('',(#7794),#7784,.T.);
#7803=EDGE_CURVE('',#4803,#4815,#2586,.T.);
#7808=ADVANCED_FACE('',(#7807),#7800,.T.);
#7817=EDGE_CURVE('',#4801,#4813,#2590,.T.);
#7821=ADVANCED_FACE('',(#7820),#7813,.T.);
#7830=EDGE_CURVE('',#4799,#4811,#2594,.T.);
#7834=ADVANCED_FACE('',(#7833),#7826,.T.);
#7846=ADVANCED_FACE('',(#7845),#7839,.T.);
#7854=EDGE_CURVE('',#4807,#4819,#2602,.T.);
#7859=ADVANCED_FACE('',(#7858),#7851,.T.);
#7868=EDGE_CURVE('',#4806,#4818,#2606,.T.);
#7872=ADVANCED_FACE('',(#7871),#7864,.T.);
#7884=ADVANCED_FACE('',(#7883),#7877,.T.);
#7891=EDGE_CURVE('',#4783,#4766,#2610,.T.);
#7893=EDGE_CURVE('',#4766,#4767,#2614,.T.);
#7895=EDGE_CURVE('',#4767,#4769,#2618,.T.);
#7897=EDGE_CURVE('',#4769,#4771,#2622,.T.);
#7899=EDGE_CURVE('',#4771,#4782,#2626,.T.);
#7903=ADVANCED_FACE('',(#7902),#7889,.F.);
#7911=EDGE_CURVE('',#4795,#4774,#2630,.T.);
#7913=EDGE_CURVE('',#4774,#4775,#2635,.T.);
#7915=EDGE_CURVE('',#4775,#4791,#2639,.T.);
#7919=ADVANCED_FACE('',(#7918),#7908,.F.);
#7926=EDGE_CURVE('',#4779,#4754,#2659,.T.);
#7928=EDGE_CURVE('',#4754,#4766,#2688,.T.);
#7933=ADVANCED_FACE('',(#7932),#7924,.T.);
#7940=EDGE_CURVE('',#4759,#4778,#2643,.T.);
#7942=EDGE_CURVE('',#4757,#4759,#2647,.T.);
#7944=EDGE_CURVE('',#4755,#4757,#2651,.T.);
#7946=EDGE_CURVE('',#4754,#4755,#2655,.T.);
#7951=ADVANCED_FACE('',(#7950),#7938,.T.);
#7958=EDGE_CURVE('',#4763,#4787,#2663,.T.);
#7960=EDGE_CURVE('',#4762,#4763,#2668,.T.);
#7962=EDGE_CURVE('',#4793,#4762,#2672,.T.);
#7967=ADVANCED_FACE('',(#7966),#7956,.T.);
#7975=EDGE_CURVE('',#4759,#4771,#2676,.T.);
#7980=ADVANCED_FACE('',(#7979),#7972,.T.);
#7989=EDGE_CURVE('',#4757,#4769,#2680,.T.);
#7993=ADVANCED_FACE('',(#7992),#7985,.T.);
#8002=EDGE_CURVE('',#4755,#4767,#2684,.T.);
#8006=ADVANCED_FACE('',(#8005),#7998,.T.);
#8018=ADVANCED_FACE('',(#8017),#8011,.T.);
#8026=EDGE_CURVE('',#4763,#4775,#2692,.T.);
#8031=ADVANCED_FACE('',(#8030),#8023,.T.);
#8040=EDGE_CURVE('',#4762,#4774,#2696,.T.);
#8044=ADVANCED_FACE('',(#8043),#8036,.T.);
#8056=ADVANCED_FACE('',(#8055),#8049,.T.);
#8063=EDGE_CURVE('',#4739,#4722,#2700,.T.);
#8065=EDGE_CURVE('',#4722,#4723,#2704,.T.);
#8067=EDGE_CURVE('',#4723,#4725,#2708,.T.);
#8069=EDGE_CURVE('',#4725,#4727,#2712,.T.);
#8071=EDGE_CURVE('',#4727,#4738,#2716,.T.);
#8075=ADVANCED_FACE('',(#8074),#8061,.F.);
#8083=EDGE_CURVE('',#4751,#4730,#2720,.T.);
#8085=EDGE_CURVE('',#4730,#4731,#2725,.T.);
#8087=EDGE_CURVE('',#4731,#4747,#2729,.T.);
#8091=ADVANCED_FACE('',(#8090),#8080,.F.);
#8098=EDGE_CURVE('',#4735,#4710,#2749,.T.);
#8100=EDGE_CURVE('',#4710,#4722,#2778,.T.);
#8105=ADVANCED_FACE('',(#8104),#8096,.T.);
#8112=EDGE_CURVE('',#4715,#4734,#2733,.T.);
#8114=EDGE_CURVE('',#4713,#4715,#2737,.T.);
#8116=EDGE_CURVE('',#4711,#4713,#2741,.T.);
#8118=EDGE_CURVE('',#4710,#4711,#2745,.T.);
#8123=ADVANCED_FACE('',(#8122),#8110,.T.);
#8130=EDGE_CURVE('',#4719,#4743,#2753,.T.);
#8132=EDGE_CURVE('',#4718,#4719,#2758,.T.);
#8134=EDGE_CURVE('',#4749,#4718,#2762,.T.);
#8139=ADVANCED_FACE('',(#8138),#8128,.T.);
#8147=EDGE_CURVE('',#4715,#4727,#2766,.T.);
#8152=ADVANCED_FACE('',(#8151),#8144,.T.);
#8161=EDGE_CURVE('',#4713,#4725,#2770,.T.);
#8165=ADVANCED_FACE('',(#8164),#8157,.T.);
#8174=EDGE_CURVE('',#4711,#4723,#2774,.T.);
#8178=ADVANCED_FACE('',(#8177),#8170,.T.);
#8190=ADVANCED_FACE('',(#8189),#8183,.T.);
#8198=EDGE_CURVE('',#4719,#4731,#2782,.T.);
#8203=ADVANCED_FACE('',(#8202),#8195,.T.);
#8212=EDGE_CURVE('',#4718,#4730,#2786,.T.);
#8216=ADVANCED_FACE('',(#8215),#8208,.T.);
#8228=ADVANCED_FACE('',(#8227),#8221,.T.);
#8235=EDGE_CURVE('',#4695,#4678,#2790,.T.);
#8237=EDGE_CURVE('',#4678,#4679,#2794,.T.);
#8239=EDGE_CURVE('',#4679,#4681,#2798,.T.);
#8241=EDGE_CURVE('',#4681,#4683,#2802,.T.);
#8243=EDGE_CURVE('',#4683,#4694,#2806,.T.);
#8247=ADVANCED_FACE('',(#8246),#8233,.F.);
#8255=EDGE_CURVE('',#4707,#4686,#2810,.T.);
#8257=EDGE_CURVE('',#4686,#4687,#2815,.T.);
#8259=EDGE_CURVE('',#4687,#4703,#2819,.T.);
#8263=ADVANCED_FACE('',(#8262),#8252,.F.);
#8270=EDGE_CURVE('',#4691,#4666,#2839,.T.);
#8272=EDGE_CURVE('',#4666,#4678,#2868,.T.);
#8277=ADVANCED_FACE('',(#8276),#8268,.T.);
#8284=EDGE_CURVE('',#4671,#4690,#2823,.T.);
#8286=EDGE_CURVE('',#4669,#4671,#2827,.T.);
#8288=EDGE_CURVE('',#4667,#4669,#2831,.T.);
#8290=EDGE_CURVE('',#4666,#4667,#2835,.T.);
#8295=ADVANCED_FACE('',(#8294),#8282,.T.);
#8302=EDGE_CURVE('',#4675,#4699,#2843,.T.);
#8304=EDGE_CURVE('',#4674,#4675,#2848,.T.);
#8306=EDGE_CURVE('',#4705,#4674,#2852,.T.);
#8311=ADVANCED_FACE('',(#8310),#8300,.T.);
#8319=EDGE_CURVE('',#4671,#4683,#2856,.T.);
#8324=ADVANCED_FACE('',(#8323),#8316,.T.);
#8333=EDGE_CURVE('',#4669,#4681,#2860,.T.);
#8337=ADVANCED_FACE('',(#8336),#8329,.T.);
#8346=EDGE_CURVE('',#4667,#4679,#2864,.T.);
#8350=ADVANCED_FACE('',(#8349),#8342,.T.);
#8362=ADVANCED_FACE('',(#8361),#8355,.T.);
#8370=EDGE_CURVE('',#4675,#4687,#2872,.T.);
#8375=ADVANCED_FACE('',(#8374),#8367,.T.);
#8384=EDGE_CURVE('',#4674,#4686,#2876,.T.);
#8388=ADVANCED_FACE('',(#8387),#8380,.T.);
#8400=ADVANCED_FACE('',(#8399),#8393,.T.);
#8407=EDGE_CURVE('',#4651,#4634,#2880,.T.);
#8409=EDGE_CURVE('',#4634,#4635,#2884,.T.);
#8411=EDGE_CURVE('',#4635,#4637,#2888,.T.);
#8413=EDGE_CURVE('',#4637,#4639,#2892,.T.);
#8415=EDGE_CURVE('',#4639,#4650,#2896,.T.);
#8419=ADVANCED_FACE('',(#8418),#8405,.F.);
#8427=EDGE_CURVE('',#4663,#4642,#2900,.T.);
#8429=EDGE_CURVE('',#4642,#4643,#2905,.T.);
#8431=EDGE_CURVE('',#4643,#4659,#2909,.T.);
#8435=ADVANCED_FACE('',(#8434),#8424,.F.);
#8442=EDGE_CURVE('',#4647,#4622,#2929,.T.);
#8444=EDGE_CURVE('',#4622,#4634,#2958,.T.);
#8449=ADVANCED_FACE('',(#8448),#8440,.T.);
#8456=EDGE_CURVE('',#4627,#4646,#2913,.T.);
#8458=EDGE_CURVE('',#4625,#4627,#2917,.T.);
#8460=EDGE_CURVE('',#4623,#4625,#2921,.T.);
#8462=EDGE_CURVE('',#4622,#4623,#2925,.T.);
#8467=ADVANCED_FACE('',(#8466),#8454,.T.);
#8474=EDGE_CURVE('',#4631,#4655,#2933,.T.);
#8476=EDGE_CURVE('',#4630,#4631,#2938,.T.);
#8478=EDGE_CURVE('',#4661,#4630,#2942,.T.);
#8483=ADVANCED_FACE('',(#8482),#8472,.T.);
#8491=EDGE_CURVE('',#4627,#4639,#2946,.T.);
#8496=ADVANCED_FACE('',(#8495),#8488,.T.);
#8505=EDGE_CURVE('',#4625,#4637,#2950,.T.);
#8509=ADVANCED_FACE('',(#8508),#8501,.T.);
#8518=EDGE_CURVE('',#4623,#4635,#2954,.T.);
#8522=ADVANCED_FACE('',(#8521),#8514,.T.);
#8534=ADVANCED_FACE('',(#8533),#8527,.T.);
#8542=EDGE_CURVE('',#4631,#4643,#2962,.T.);
#8547=ADVANCED_FACE('',(#8546),#8539,.T.);
#8556=EDGE_CURVE('',#4630,#4642,#2966,.T.);
#8560=ADVANCED_FACE('',(#8559),#8552,.T.);
#8572=ADVANCED_FACE('',(#8571),#8565,.T.);
#8579=EDGE_CURVE('',#4607,#4590,#2970,.T.);
#8581=EDGE_CURVE('',#4590,#4591,#2974,.T.);
#8583=EDGE_CURVE('',#4591,#4593,#2978,.T.);
#8585=EDGE_CURVE('',#4593,#4595,#2982,.T.);
#8587=EDGE_CURVE('',#4595,#4606,#2986,.T.);
#8591=ADVANCED_FACE('',(#8590),#8577,.F.);
#8599=EDGE_CURVE('',#4619,#4598,#2990,.T.);
#8601=EDGE_CURVE('',#4598,#4599,#2995,.T.);
#8603=EDGE_CURVE('',#4599,#4615,#2999,.T.);
#8607=ADVANCED_FACE('',(#8606),#8596,.F.);
#8614=EDGE_CURVE('',#4603,#4578,#3019,.T.);
#8616=EDGE_CURVE('',#4578,#4590,#3048,.T.);
#8621=ADVANCED_FACE('',(#8620),#8612,.T.);
#8628=EDGE_CURVE('',#4583,#4602,#3003,.T.);
#8630=EDGE_CURVE('',#4581,#4583,#3007,.T.);
#8632=EDGE_CURVE('',#4579,#4581,#3011,.T.);
#8634=EDGE_CURVE('',#4578,#4579,#3015,.T.);
#8639=ADVANCED_FACE('',(#8638),#8626,.T.);
#8646=EDGE_CURVE('',#4587,#4611,#3023,.T.);
#8648=EDGE_CURVE('',#4586,#4587,#3028,.T.);
#8650=EDGE_CURVE('',#4617,#4586,#3032,.T.);
#8655=ADVANCED_FACE('',(#8654),#8644,.T.);
#8663=EDGE_CURVE('',#4583,#4595,#3036,.T.);
#8668=ADVANCED_FACE('',(#8667),#8660,.T.);
#8677=EDGE_CURVE('',#4581,#4593,#3040,.T.);
#8681=ADVANCED_FACE('',(#8680),#8673,.T.);
#8690=EDGE_CURVE('',#4579,#4591,#3044,.T.);
#8694=ADVANCED_FACE('',(#8693),#8686,.T.);
#8706=ADVANCED_FACE('',(#8705),#8699,.T.);
#8714=EDGE_CURVE('',#4587,#4599,#3052,.T.);
#8719=ADVANCED_FACE('',(#8718),#8711,.T.);
#8728=EDGE_CURVE('',#4586,#4598,#3056,.T.);
#8732=ADVANCED_FACE('',(#8731),#8724,.T.);
#8744=ADVANCED_FACE('',(#8743),#8737,.T.);
#8750=EDGE_CURVE('',#4311,#4292,#3060,.T.);
#8752=EDGE_CURVE('',#4292,#4293,#3064,.T.);
#8754=EDGE_CURVE('',#4293,#4295,#3068,.T.);
#8756=EDGE_CURVE('',#4295,#4297,#3072,.T.);
#8758=EDGE_CURVE('',#4297,#4313,#3076,.T.);
#8763=ADVANCED_FACE('',(#8762),#8749,.F.);
#8769=EDGE_CURVE('',#4315,#4300,#3080,.T.);
#8771=EDGE_CURVE('',#4300,#4301,#3085,.T.);
#8773=EDGE_CURVE('',#4301,#4317,#3089,.T.);
#8779=ADVANCED_FACE('',(#8778),#8768,.F.);
#8785=EDGE_CURVE('',#4303,#4280,#3093,.T.);
#8787=EDGE_CURVE('',#4280,#4292,#3138,.T.);
#8793=ADVANCED_FACE('',(#8792),#8784,.T.);
#8801=EDGE_CURVE('',#4285,#4305,#3097,.T.);
#8803=EDGE_CURVE('',#4283,#4285,#3101,.T.);
#8805=EDGE_CURVE('',#4281,#4283,#3105,.T.);
#8807=EDGE_CURVE('',#4280,#4281,#3109,.T.);
#8811=ADVANCED_FACE('',(#8810),#8798,.T.);
#8817=EDGE_CURVE('',#4307,#4288,#3113,.T.);
#8821=EDGE_CURVE('',#4289,#4309,#3117,.T.);
#8823=EDGE_CURVE('',#4288,#4289,#3122,.T.);
#8827=ADVANCED_FACE('',(#8826),#8816,.T.);
#8836=EDGE_CURVE('',#4285,#4297,#3126,.T.);
#8840=ADVANCED_FACE('',(#8839),#8832,.T.);
#8849=EDGE_CURVE('',#4283,#4295,#3130,.T.);
#8853=ADVANCED_FACE('',(#8852),#8845,.T.);
#8862=EDGE_CURVE('',#4281,#4293,#3134,.T.);
#8866=ADVANCED_FACE('',(#8865),#8858,.T.);
#8878=ADVANCED_FACE('',(#8877),#8871,.T.);
#8885=EDGE_CURVE('',#4288,#4300,#3142,.T.);
#8891=ADVANCED_FACE('',(#8890),#8883,.T.);
#8898=EDGE_CURVE('',#4289,#4301,#3146,.T.);
#8904=ADVANCED_FACE('',(#8903),#8896,.T.);
#8916=ADVANCED_FACE('',(#8915),#8909,.T.);
#8922=EDGE_CURVE('',#4271,#4252,#3150,.T.);
#8924=EDGE_CURVE('',#4252,#4253,#3154,.T.);
#8926=EDGE_CURVE('',#4253,#4255,#3158,.T.);
#8928=EDGE_CURVE('',#4255,#4257,#3162,.T.);
#8930=EDGE_CURVE('',#4257,#4273,#3166,.T.);
#8935=ADVANCED_FACE('',(#8934),#8921,.F.);
#8941=EDGE_CURVE('',#4275,#4260,#3170,.T.);
#8943=EDGE_CURVE('',#4260,#4261,#3175,.T.);
#8945=EDGE_CURVE('',#4261,#4277,#3179,.T.);
#8951=ADVANCED_FACE('',(#8950),#8940,.F.);
#8957=EDGE_CURVE('',#4263,#4240,#3183,.T.);
#8959=EDGE_CURVE('',#4240,#4252,#3228,.T.);
#8965=ADVANCED_FACE('',(#8964),#8956,.T.);
#8973=EDGE_CURVE('',#4245,#4265,#3187,.T.);
#8975=EDGE_CURVE('',#4243,#4245,#3191,.T.);
#8977=EDGE_CURVE('',#4241,#4243,#3195,.T.);
#8979=EDGE_CURVE('',#4240,#4241,#3199,.T.);
#8983=ADVANCED_FACE('',(#8982),#8970,.T.);
#8989=EDGE_CURVE('',#4267,#4248,#3203,.T.);
#8993=EDGE_CURVE('',#4249,#4269,#3207,.T.);
#8995=EDGE_CURVE('',#4248,#4249,#3212,.T.);
#8999=ADVANCED_FACE('',(#8998),#8988,.T.);
#9008=EDGE_CURVE('',#4245,#4257,#3216,.T.);
#9012=ADVANCED_FACE('',(#9011),#9004,.T.);
#9021=EDGE_CURVE('',#4243,#4255,#3220,.T.);
#9025=ADVANCED_FACE('',(#9024),#9017,.T.);
#9034=EDGE_CURVE('',#4241,#4253,#3224,.T.);
#9038=ADVANCED_FACE('',(#9037),#9030,.T.);
#9050=ADVANCED_FACE('',(#9049),#9043,.T.);
#9057=EDGE_CURVE('',#4248,#4260,#3232,.T.);
#9063=ADVANCED_FACE('',(#9062),#9055,.T.);
#9070=EDGE_CURVE('',#4249,#4261,#3236,.T.);
#9076=ADVANCED_FACE('',(#9075),#9068,.T.);
#9088=ADVANCED_FACE('',(#9087),#9081,.T.);
#9094=EDGE_CURVE('',#4231,#4212,#3240,.T.);
#9096=EDGE_CURVE('',#4212,#4213,#3244,.T.);
#9098=EDGE_CURVE('',#4213,#4215,#3248,.T.);
#9100=EDGE_CURVE('',#4215,#4217,#3252,.T.);
#9102=EDGE_CURVE('',#4217,#4233,#3256,.T.);
#9107=ADVANCED_FACE('',(#9106),#9093,.F.);
#9113=EDGE_CURVE('',#4235,#4220,#3260,.T.);
#9115=EDGE_CURVE('',#4220,#4221,#3265,.T.);
#9117=EDGE_CURVE('',#4221,#4237,#3269,.T.);
#9123=ADVANCED_FACE('',(#9122),#9112,.F.);
#9129=EDGE_CURVE('',#4223,#4200,#3273,.T.);
#9131=EDGE_CURVE('',#4200,#4212,#3318,.T.);
#9137=ADVANCED_FACE('',(#9136),#9128,.T.);
#9145=EDGE_CURVE('',#4205,#4225,#3277,.T.);
#9147=EDGE_CURVE('',#4203,#4205,#3281,.T.);
#9149=EDGE_CURVE('',#4201,#4203,#3285,.T.);
#9151=EDGE_CURVE('',#4200,#4201,#3289,.T.);
#9155=ADVANCED_FACE('',(#9154),#9142,.T.);
#9161=EDGE_CURVE('',#4227,#4208,#3293,.T.);
#9165=EDGE_CURVE('',#4209,#4229,#3297,.T.);
#9167=EDGE_CURVE('',#4208,#4209,#3302,.T.);
#9171=ADVANCED_FACE('',(#9170),#9160,.T.);
#9180=EDGE_CURVE('',#4205,#4217,#3306,.T.);
#9184=ADVANCED_FACE('',(#9183),#9176,.T.);
#9193=EDGE_CURVE('',#4203,#4215,#3310,.T.);
#9197=ADVANCED_FACE('',(#9196),#9189,.T.);
#9206=EDGE_CURVE('',#4201,#4213,#3314,.T.);
#9210=ADVANCED_FACE('',(#9209),#9202,.T.);
#9222=ADVANCED_FACE('',(#9221),#9215,.T.);
#9229=EDGE_CURVE('',#4208,#4220,#3322,.T.);
#9235=ADVANCED_FACE('',(#9234),#9227,.T.);
#9242=EDGE_CURVE('',#4209,#4221,#3326,.T.);
#9248=ADVANCED_FACE('',(#9247),#9240,.T.);
#9260=ADVANCED_FACE('',(#9259),#9253,.T.);
#9266=EDGE_CURVE('',#4191,#4172,#3330,.T.);
#9268=EDGE_CURVE('',#4172,#4173,#3334,.T.);
#9270=EDGE_CURVE('',#4173,#4175,#3338,.T.);
#9272=EDGE_CURVE('',#4175,#4177,#3342,.T.);
#9274=EDGE_CURVE('',#4177,#4193,#3346,.T.);
#9279=ADVANCED_FACE('',(#9278),#9265,.F.);
#9285=EDGE_CURVE('',#4195,#4180,#3350,.T.);
#9287=EDGE_CURVE('',#4180,#4181,#3355,.T.);
#9289=EDGE_CURVE('',#4181,#4197,#3359,.T.);
#9295=ADVANCED_FACE('',(#9294),#9284,.F.);
#9301=EDGE_CURVE('',#4183,#4160,#3363,.T.);
#9303=EDGE_CURVE('',#4160,#4172,#3408,.T.);
#9309=ADVANCED_FACE('',(#9308),#9300,.T.);
#9317=EDGE_CURVE('',#4165,#4185,#3367,.T.);
#9319=EDGE_CURVE('',#4163,#4165,#3371,.T.);
#9321=EDGE_CURVE('',#4161,#4163,#3375,.T.);
#9323=EDGE_CURVE('',#4160,#4161,#3379,.T.);
#9327=ADVANCED_FACE('',(#9326),#9314,.T.);
#9333=EDGE_CURVE('',#4187,#4168,#3383,.T.);
#9337=EDGE_CURVE('',#4169,#4189,#3387,.T.);
#9339=EDGE_CURVE('',#4168,#4169,#3392,.T.);
#9343=ADVANCED_FACE('',(#9342),#9332,.T.);
#9352=EDGE_CURVE('',#4165,#4177,#3396,.T.);
#9356=ADVANCED_FACE('',(#9355),#9348,.T.);
#9365=EDGE_CURVE('',#4163,#4175,#3400,.T.);
#9369=ADVANCED_FACE('',(#9368),#9361,.T.);
#9378=EDGE_CURVE('',#4161,#4173,#3404,.T.);
#9382=ADVANCED_FACE('',(#9381),#9374,.T.);
#9394=ADVANCED_FACE('',(#9393),#9387,.T.);
#9401=EDGE_CURVE('',#4168,#4180,#3412,.T.);
#9407=ADVANCED_FACE('',(#9406),#9399,.T.);
#9414=EDGE_CURVE('',#4169,#4181,#3416,.T.);
#9420=ADVANCED_FACE('',(#9419),#9412,.T.);
#9432=ADVANCED_FACE('',(#9431),#9425,.T.);
#9438=EDGE_CURVE('',#4151,#4132,#3420,.T.);
#9440=EDGE_CURVE('',#4132,#4133,#3424,.T.);
#9442=EDGE_CURVE('',#4133,#4135,#3428,.T.);
#9444=EDGE_CURVE('',#4135,#4137,#3432,.T.);
#9446=EDGE_CURVE('',#4137,#4153,#3436,.T.);
#9451=ADVANCED_FACE('',(#9450),#9437,.F.);
#9457=EDGE_CURVE('',#4155,#4140,#3440,.T.);
#9459=EDGE_CURVE('',#4140,#4141,#3445,.T.);
#9461=EDGE_CURVE('',#4141,#4157,#3449,.T.);
#9467=ADVANCED_FACE('',(#9466),#9456,.F.);
#9473=EDGE_CURVE('',#4143,#4120,#3453,.T.);
#9475=EDGE_CURVE('',#4120,#4132,#3498,.T.);
#9481=ADVANCED_FACE('',(#9480),#9472,.T.);
#9489=EDGE_CURVE('',#4125,#4145,#3457,.T.);
#9491=EDGE_CURVE('',#4123,#4125,#3461,.T.);
#9493=EDGE_CURVE('',#4121,#4123,#3465,.T.);
#9495=EDGE_CURVE('',#4120,#4121,#3469,.T.);
#9499=ADVANCED_FACE('',(#9498),#9486,.T.);
#9505=EDGE_CURVE('',#4147,#4128,#3473,.T.);
#9509=EDGE_CURVE('',#4129,#4149,#3477,.T.);
#9511=EDGE_CURVE('',#4128,#4129,#3482,.T.);
#9515=ADVANCED_FACE('',(#9514),#9504,.T.);
#9524=EDGE_CURVE('',#4125,#4137,#3486,.T.);
#9528=ADVANCED_FACE('',(#9527),#9520,.T.);
#9537=EDGE_CURVE('',#4123,#4135,#3490,.T.);
#9541=ADVANCED_FACE('',(#9540),#9533,.T.);
#9550=EDGE_CURVE('',#4121,#4133,#3494,.T.);
#9554=ADVANCED_FACE('',(#9553),#9546,.T.);
#9566=ADVANCED_FACE('',(#9565),#9559,.T.);
#9573=EDGE_CURVE('',#4128,#4140,#3502,.T.);
#9579=ADVANCED_FACE('',(#9578),#9571,.T.);
#9586=EDGE_CURVE('',#4129,#4141,#3506,.T.);
#9592=ADVANCED_FACE('',(#9591),#9584,.T.);
#9604=ADVANCED_FACE('',(#9603),#9597,.T.);
#9612=EDGE_CURVE('',#4409,#4407,#3518,.T.);
#9619=ADVANCED_FACE('',(#9618),#9609,.T.);
#9627=EDGE_CURVE('',#4376,#4377,#3530,.T.);
#9632=ADVANCED_FACE('',(#9631),#9624,.F.);
#9642=EDGE_CURVE('',#4422,#4423,#3534,.T.);
#9647=ADVANCED_FACE('',(#9646),#9637,.T.);
#9659=ADVANCED_FACE('',(#9658),#9652,.T.);
#9667=EDGE_CURVE('',#4895,#4907,#3538,.T.);
#9672=ADVANCED_FACE('',(#9671),#9664,.T.);
#9681=EDGE_CURVE('',#4894,#4906,#3542,.T.);
#9685=ADVANCED_FACE('',(#9684),#9677,.T.);
#9697=ADVANCED_FACE('',(#9696),#9690,.T.);
#9709=ADVANCED_FACE('',(#9708),#9702,.F.);
#9715=EDGE_CURVE('',#4551,#4104,#3550,.T.);
#9722=ADVANCED_FACE('',(#9721),#9714,.T.);
#9734=ADVANCED_FACE('',(#9733),#9727,.T.);
#9746=ADVANCED_FACE('',(#9745),#9739,.F.);
#9754=EDGE_CURVE('',#3884,#3885,#3571,.T.);
#9759=ADVANCED_FACE('',(#9758),#9751,.T.);
#9765=EDGE_CURVE('',#4429,#3967,#3575,.T.);
#9772=ADVANCED_FACE('',(#9771),#9764,.T.);
#9785=ADVANCED_FACE('',(#9784),#9777,.T.);
#9795=EDGE_CURVE('',#3801,#3817,#3595,.T.);
#9800=ADVANCED_FACE('',(#9799),#9790,.F.);
#9809=EDGE_CURVE('',#3799,#3815,#3599,.T.);
#9813=ADVANCED_FACE('',(#9812),#9805,.F.);
#9822=EDGE_CURVE('',#3797,#3813,#3603,.T.);
#9826=ADVANCED_FACE('',(#9825),#9818,.F.);
#9835=EDGE_CURVE('',#3796,#3812,#3607,.T.);
#9839=ADVANCED_FACE('',(#9838),#9831,.F.);
#9851=ADVANCED_FACE('',(#9850),#9844,.F.);
#9858=EDGE_CURVE('',#3793,#4480,#3615,.T.);
#9864=ADVANCED_FACE('',(#9863),#9856,.T.);
#9871=EDGE_CURVE('',#3792,#4481,#3623,.T.);
#9877=ADVANCED_FACE('',(#9876),#9869,.T.);
#9883=EDGE_CURVE('',#4091,#4071,#3627,.T.);
#9885=EDGE_CURVE('',#4091,#4101,#3631,.T.);
#9887=EDGE_CURVE('',#4101,#4075,#3635,.T.);
#9892=ADVANCED_FACE('',(#9891),#9882,.T.);
#9904=ADVANCED_FACE('',(#9903),#9897,.T.);
#9911=EDGE_CURVE('',#4093,#4069,#3651,.T.);
#9913=EDGE_CURVE('',#4091,#4093,#3669,.T.);
#9918=ADVANCED_FACE('',(#9917),#9909,.T.);
#9924=EDGE_CURVE('',#4059,#4093,#3647,.T.);
#9931=ADVANCED_FACE('',(#9930),#9923,.T.);
#9939=EDGE_CURVE('',#4093,#4090,#3674,.T.);
#9944=ADVANCED_FACE('',(#9943),#9936,.T.);
#9950=EDGE_CURVE('',#4090,#4091,#3664,.T.);
#9956=ADVANCED_FACE('',(#9955),#9949,.T.);
#9964=EDGE_CURVE('',#4101,#4086,#3689,.T.);
#9969=ADVANCED_FACE('',(#9968),#9961,.T.);
#9975=EDGE_CURVE('',#4086,#4087,#3679,.T.);
#9977=EDGE_CURVE('',#4087,#4101,#3684,.T.);
#9982=ADVANCED_FACE('',(#9981),#9974,.T.);
#9989=EDGE_CURVE('',#4087,#4081,#3697,.T.);
#9995=ADVANCED_FACE('',(#9994),#9987,.T.);
#10001=EDGE_CURVE('',#4087,#4077,#3693,.T.);
#10008=ADVANCED_FACE('',(#10007),#10000,.T.);
#10020=ADVANCED_FACE('',(#10019),#10013,.T.);
#10029=EDGE_CURVE('',#4383,#4337,#3721,.T.);
#10033=ADVANCED_FACE('',(#10032),#10025,.T.);
#10042=EDGE_CURVE('',#4385,#4339,#3729,.T.);
#10046=ADVANCED_FACE('',(#10045),#10038,.T.);
#10055=EDGE_CURVE('',#4387,#4341,#3737,.T.);
#10059=ADVANCED_FACE('',(#10058),#10051,.T.);
#10068=EDGE_CURVE('',#4389,#4343,#3745,.T.);
#10072=ADVANCED_FACE('',(#10071),#10064,.T.);
#10085=ADVANCED_FACE('',(#10084),#10077,.T.);
#10091=EDGE_CURVE('',#4394,#4395,#3749,.T.);
#10093=EDGE_CURVE('',#4395,#4397,#3761,.T.);
#10095=EDGE_CURVE('',#4397,#4399,#3769,.T.);
#10097=EDGE_CURVE('',#4399,#4401,#3777,.T.);
#10099=EDGE_CURVE('',#4403,#4401,#3785,.T.);
#10105=ADVANCED_FACE('',(#10104),#10090,.T.);
#10113=EDGE_CURVE('',#3840,#3845,#3753,.T.);
#10116=EDGE_CURVE('',#4395,#4345,#3765,.T.);
#10120=ADVANCED_FACE('',(#10119),#10110,.T.);
#10133=ADVANCED_FACE('',(#10132),#10125,.T.);
#10142=EDGE_CURVE('',#4397,#4347,#3773,.T.);
#10146=ADVANCED_FACE('',(#10145),#10138,.T.);
#10155=EDGE_CURVE('',#4399,#4349,#3781,.T.);
#10159=ADVANCED_FACE('',(#10158),#10151,.T.);
#10168=EDGE_CURVE('',#4401,#4351,#3789,.T.);
#10172=ADVANCED_FACE('',(#10171),#10164,.T.);
#10184=ADVANCED_FACE('',(#10183),#10177,.T.);
#10187=(LENGTH_UNIT()NAMED_UNIT(*)SI_UNIT(.MILLI.,.METRE.));
#10188=(NAMED_UNIT(*)PLANE_ANGLE_UNIT()SI_UNIT($,.RADIAN.));
#10191=(NAMED_UNIT(*)SI_UNIT($,.STERADIAN.)SOLID_ANGLE_UNIT());
#10193=(GEOMETRIC_REPRESENTATION_CONTEXT(3)GLOBAL_UNCERTAINTY_ASSIGNED_CONTEXT((
#10192))GLOBAL_UNIT_ASSIGNED_CONTEXT((#10187,#10190,#10191))REPRESENTATION_CONTEXT('ID1','3'));
#10194=ADVANCED_BREP_SHAPE_REPRESENTATION('',(#10186),#10193);
#10201=PRODUCT_DEFINITION('part definition','',#10200,#10197);
#10202=PRODUCT_DEFINITION_SHAPE('','SHAPE FOR C-1-1734839-3.',#10201);
#10203=SHAPE_ASPECT('','solid data associated with C-1-1734839-3',#10202,.F.);
#10204=PROPERTY_DEFINITION('',
'shape for solid data with which properties are associated',#10203);
#10205=SHAPE_REPRESENTATION('',(#10186),#10193);
#10206=SHAPE_DEFINITION_REPRESENTATION(#10204,#10205);
#10207=(LENGTH_UNIT()NAMED_UNIT(*)SI_UNIT(.MILLI.,.METRE.));
#10211=PROPERTY_DEFINITION('geometric validation property',
'area of C-1-1734839-3',#10203);
#10212=REPRESENTATION('surface area',(#10210),#10193);
#10213=PROPERTY_DEFINITION_REPRESENTATION(#10211,#10212);
#10214=(LENGTH_UNIT()NAMED_UNIT(*)SI_UNIT(.MILLI.,.METRE.));
#10218=PROPERTY_DEFINITION('geometric validation property',
'volume of C-1-1734839-3',#10203);
#10219=REPRESENTATION('volume',(#10217),#10193);
#10220=PROPERTY_DEFINITION_REPRESENTATION(#10218,#10219);
#10222=PROPERTY_DEFINITION('geometric validation property',
'centroid of C-1-1734839-3',#10203);
#10223=REPRESENTATION('centroid',(#10221),#10193);
#10224=PROPERTY_DEFINITION_REPRESENTATION(#10222,#10223);
#10225=(LENGTH_UNIT()NAMED_UNIT(*)SI_UNIT(.MILLI.,.METRE.));
#10229=PROPERTY_DEFINITION('geometric validation property',
'area of C-1-1734839-3',#10202);
#10230=REPRESENTATION('surface area',(#10228),#10193);
#10231=PROPERTY_DEFINITION_REPRESENTATION(#10229,#10230);
#10232=(LENGTH_UNIT()NAMED_UNIT(*)SI_UNIT(.MILLI.,.METRE.));
#10236=PROPERTY_DEFINITION('geometric validation property',
'volume of C-1-1734839-3',#10202);
#10237=REPRESENTATION('volume',(#10235),#10193);
#10238=PROPERTY_DEFINITION_REPRESENTATION(#10236,#10237);
#10240=PROPERTY_DEFINITION('geometric validation property',
'centroid of C-1-1734839-3',#10202);
#10241=REPRESENTATION('centroid',(#10239),#10193);
#10242=PROPERTY_DEFINITION_REPRESENTATION(#10240,#10241);
#10243=SHAPE_DEFINITION_REPRESENTATION(#10202,#10194);
ENDSEC;
END-ISO-10303-21;
