# WaveFront *.obj file (generated by Autodesk ATF)

mtllib Pocketboard w_ LCD v15 back part text up.mtl

g Pocketboard w/ LCD Back Part

v -28.810323 -34.320728 -0.200000
v 29.144029 -34.326139 -0.200000
v 29.144029 -34.326139 -2.550000
v -28.810323 -34.320728 -2.550000
v 29.144029 -31.836116 -0.200000
v 29.144029 -31.836116 -2.550000
v 44.423090 36.336877 -2.050000
v -44.484994 36.323449 -2.050000
v -44.484994 36.323449 -0.200000
v 44.423090 36.336877 -0.200000
v 44.423090 34.336877 -0.200000
v -44.484692 34.323449 -0.200000
v -44.484692 34.323449 -2.550000
v 44.423090 34.336877 -2.550000
v -44.484994 36.323449 -2.550000
v 29.230992 -30.954359 -2.550000
v 29.479836 -30.103985 -2.550000
v 29.881942 -29.314447 -2.550000
v 30.423382 -28.613090 -2.550000
v 31.085405 -28.024205 -2.550000
v 31.845081 -27.568188 -2.550000
v 32.676100 -27.260834 -2.550000
v 33.549680 -27.112786 -2.550000
v 34.435564 -27.129173 -2.550000
v 35.303071 -27.309427 -2.550000
v 36.122154 -27.647305 -2.550000
v 36.864446 -28.131105 -2.550000
v 37.504237 -28.744070 -2.550000
v 39.099085 -30.338918 -2.550000
v 49.801482 -19.634498 -2.550000
v 49.977932 -19.486126 -2.550000
v 50.174014 -19.256747 -2.550000
v 50.319736 -18.992498 -2.550000
v 50.409095 -18.704266 -2.550000
v 50.438407 -18.403928 -2.550000
v 50.451593 28.309642 -2.550000
v 48.636951 28.309642 -2.550000
v 47.814867 28.390610 -2.550000
v 47.024376 28.630403 -2.550000
v 46.295855 29.019806 -2.550000
v 45.657301 29.543853 -2.550000
v 45.133254 30.182407 -2.550000
v 44.743851 30.910928 -2.550000
v 44.504058 31.701419 -2.550000
v 44.423090 32.523503 -2.550000
v -44.484994 32.523503 -2.550000
v -44.564928 31.711916 -2.550000
v -44.801659 30.931519 -2.550000
v -45.186089 30.212300 -2.550000
v -45.703446 29.581900 -2.550000
v -46.333846 29.064543 -2.550000
v -47.053065 28.680113 -2.550000
v -47.833462 28.443382 -2.550000
v -48.645049 28.363448 -2.550000
v -50.452577 28.363448 -2.550000
v -50.448876 -18.346989 -2.550000
v -50.447120 -18.477820 -2.550000
v -50.388163 -18.793870 -2.550000
v -50.262628 -19.089850 -2.550000
v -50.076387 -19.351914 -2.550000
v -49.838152 -19.567802 -2.550000
v -39.039708 -30.387598 -2.550000
v -37.196545 -28.544435 -2.550000
v -36.531167 -27.953953 -2.550000
v -35.769108 -27.494973 -2.550000
v -34.936020 -27.182945 -2.550000
v -34.059947 -27.028372 -2.550000
v -33.170378 -27.036458 -2.550000
v -32.297260 -27.206931 -2.550000
v -31.469982 -27.534052 -2.550000
v -30.716392 -28.006809 -2.550000
v -30.061857 -28.609288 -2.550000
v -29.528411 -29.321210 -2.550000
v -29.134011 -30.118609 -2.550000
v -28.891931 -30.974643 -2.550000
v -28.810323 -31.860497 -2.550000
v -52.452578 28.363448 -2.050000
v -52.448875 -18.360493 -2.050000
v -52.448875 -18.360493 -0.200000
v -52.452578 28.363448 -0.200000
v -52.446275 -18.554160 -2.050000
v -52.331803 -19.270265 -2.050000
v -52.071661 -19.947196 -2.050000
v -51.677106 -20.555666 -2.050000
v -51.165207 -21.069348 -2.050000
v -51.165207 -21.069348 -0.200000
v -51.677106 -20.555666 -0.200000
v -52.071661 -19.947196 -0.200000
v -52.331803 -19.270265 -0.200000
v -52.446275 -18.554160 -0.200000
v -50.452577 28.363448 -0.200000
v -50.448876 -18.346989 -0.200000
v -50.447120 -18.477820 -0.200000
v -50.388163 -18.793870 -0.200000
v -50.262628 -19.089850 -0.200000
v -50.076387 -19.351914 -0.200000
v -49.838152 -19.567802 -0.200000
v -39.039708 -30.387598 -0.200000
v -48.645049 28.363448 -0.200000
v 51.302994 -20.985013 -2.050000
v 51.784724 -20.442943 -2.050000
v 52.143900 -19.812946 -2.050000
v 52.364983 -19.122275 -2.050000
v 52.438408 -18.400810 -2.050000
v 52.438408 -18.400810 -0.200000
v 52.364983 -19.122275 -0.200000
v 52.143900 -19.812946 -0.200000
v 51.784724 -20.442943 -0.200000
v 51.302994 -20.985013 -0.200000
v 51.154757 -21.109661 -2.050000
v 51.154757 -21.109661 -0.200000
v 39.099085 -30.338918 -0.200000
v 49.801482 -19.634498 -0.200000
v 49.977932 -19.486126 -0.200000
v 50.174014 -19.256747 -0.200000
v 50.319736 -18.992498 -0.200000
v 50.409095 -18.704266 -0.200000
v 50.438407 -18.403928 -0.200000
v 50.451593 28.309642 -0.200000
v 37.504237 -28.744070 -0.200000
v 30.992402 5.543819 -4.050000
v 31.005033 0.944780 -4.050000
v 31.005033 0.944780 -4.150000
v 30.992402 5.543819 -4.150000
v 31.309987 5.839504 -4.050000
v 31.179472 5.818825 -4.050000
v 31.122741 5.799605 -4.050000
v 31.097998 5.786222 -4.050000
v 31.076240 5.769730 -4.050000
v 31.057828 5.749752 -4.050000
v 31.042589 5.726471 -4.050000
v 31.019815 5.671883 -4.050000
v 31.019815 5.671883 -4.150000
v 31.042589 5.726471 -4.150000
v 31.057828 5.749752 -4.150000
v 31.076240 5.769730 -4.150000
v 31.097998 5.786222 -4.150000
v 31.122741 5.799605 -4.150000
v 31.179472 5.818825 -4.150000
v 31.309987 5.839504 -4.150000
v 32.241587 5.842062 -4.050000
v 32.241587 5.842062 -4.150000
v 32.255838 0.653402 -4.050000
v 32.255838 0.653402 -4.150000
v 31.324238 0.650844 -4.050000
v 31.324238 0.650844 -4.150000
v 31.033150 0.816868 -4.050000
v 31.056223 0.762406 -4.050000
v 31.071590 0.739209 -4.050000
v 31.090111 0.719332 -4.050000
v 31.111960 0.702960 -4.050000
v 31.136775 0.689713 -4.050000
v 31.193612 0.670805 -4.050000
v 31.193612 0.670805 -4.150000
v 31.136775 0.689713 -4.150000
v 31.111960 0.702960 -4.150000
v 31.090111 0.719332 -4.150000
v 31.071590 0.739209 -4.150000
v 31.056223 0.762406 -4.150000
v 31.033150 0.816868 -4.150000
v 30.799739 6.993767 -4.050000
v 33.924727 7.002350 -4.050000
v 33.924727 7.002350 -4.150000
v 30.799739 6.993767 -4.150000
v 29.305667 5.692487 -4.050000
v 29.446320 6.270294 -4.050000
v 29.558117 6.514233 -4.050000
v 29.631640 6.617092 -4.050000
v 29.719614 6.704283 -4.050000
v 29.822275 6.775549 -4.050000
v 29.937878 6.832783 -4.050000
v 30.200514 6.913173 -4.050000
v 30.200514 6.913173 -4.150000
v 29.937878 6.832783 -4.150000
v 29.822275 6.775549 -4.150000
v 29.719614 6.704283 -4.150000
v 29.631640 6.617092 -4.150000
v 29.558117 6.514233 -4.150000
v 29.446320 6.270294 -4.150000
v 29.305667 5.692487 -4.150000
v 29.319108 0.798639 -4.050000
v 29.319108 0.798639 -4.150000
v 30.820338 -0.506205 -4.050000
v 30.218711 -0.426753 -4.050000
v 29.955062 -0.346506 -4.050000
v 29.839032 -0.289161 -4.050000
v 29.736011 -0.217633 -4.050000
v 29.647733 -0.130029 -4.050000
v 29.573888 -0.026690 -4.050000
v 29.461373 0.218340 -4.050000
v 29.461373 0.218340 -4.150000
v 29.573888 -0.026690 -4.150000
v 29.647733 -0.130029 -4.150000
v 29.736011 -0.217633 -4.150000
v 29.839032 -0.289161 -4.150000
v 29.955062 -0.346506 -4.150000
v 30.218711 -0.426753 -4.150000
v 30.820338 -0.506205 -4.150000
v 33.945326 -0.497622 -4.050000
v 33.945326 -0.497622 -4.150000
v 5.292762 6.923711 -4.050000
v 3.712577 6.919371 -4.050000
v 3.116374 6.837540 -4.050000
v 2.855313 6.756654 -4.050000
v 2.740525 6.699223 -4.050000
v 2.638701 6.627803 -4.050000
v 2.551576 6.540522 -4.050000
v 2.478845 6.437706 -4.050000
v 2.368474 6.194211 -4.050000
v 2.230297 5.618124 -4.050000
v 2.243738 0.724275 -4.050000
v 2.383528 0.145690 -4.050000
v 2.494618 -0.098900 -4.050000
v 2.567672 -0.202197 -4.050000
v 2.655100 -0.289895 -4.050000
v 2.757283 -0.361582 -4.050000
v 2.872497 -0.419130 -4.050000
v 3.134570 -0.499887 -4.050000
v 3.733176 -0.580601 -4.050000
v 5.313361 -0.576261 -4.050000
v 5.914544 -0.493507 -4.050000
v 6.177748 -0.411813 -4.050000
v 6.293461 -0.353831 -4.050000
v 6.396088 -0.281739 -4.050000
v 6.483882 -0.193651 -4.050000
v 6.557159 -0.089908 -4.050000
v 6.668326 0.155737 -4.050000
v 6.807401 0.736810 -4.050000
v 6.793959 5.630658 -4.050000
v 6.650134 6.207683 -4.050000
v 6.536999 6.451004 -4.050000
v 6.462912 6.553458 -4.050000
v 6.374460 6.640164 -4.050000
v 6.271409 6.710866 -4.050000
v 6.155494 6.767464 -4.050000
v 5.892420 6.846409 -4.050000
v -1.924192 6.903889 -4.050000
v -3.468997 6.899646 -4.050000
v -3.448398 -0.600326 -4.050000
v -1.938969 -0.596180 -4.050000
v -0.312166 3.901229 -4.050000
v -0.299826 -0.591678 -4.050000
v 1.233188 -0.587467 -4.050000
v 1.212589 6.912504 -4.050000
v -0.308633 6.908326 -4.050000
v -1.911884 2.422774 -4.050000
v -12.596318 6.874578 -4.050000
v -14.282632 6.869946 -4.050000
v -14.265628 0.678931 -4.050000
v -14.123361 0.098633 -4.050000
v -14.010846 -0.146397 -4.050000
v -13.937001 -0.249736 -4.050000
v -13.848724 -0.337340 -4.050000
v -13.745702 -0.408867 -4.050000
v -13.629673 -0.466213 -4.050000
v -13.366024 -0.546460 -4.050000
v -12.764398 -0.625912 -4.050000
v -11.184213 -0.621572 -4.050000
v -10.586060 -0.537571 -4.050000
v -10.324435 -0.455376 -4.050000
v -10.209540 -0.397196 -4.050000
v -10.107752 -0.324948 -4.050000
v -10.020807 -0.236771 -4.050000
v -9.948322 -0.133075 -4.050000
v -9.838576 0.112122 -4.050000
v -9.701965 0.691466 -4.050000
v -9.718969 6.882480 -4.050000
v -11.405283 6.877849 -4.050000
v -11.388895 0.910890 -4.050000
v -11.413925 0.784622 -4.050000
v -11.435307 0.730516 -4.050000
v -11.449766 0.707300 -4.050000
v -11.467328 0.687243 -4.050000
v -11.488230 0.670587 -4.050000
v -11.512139 0.656993 -4.050000
v -11.567261 0.637242 -4.050000
v -11.694690 0.615238 -4.050000
v -12.260722 0.613683 -4.050000
v -12.391349 0.633645 -4.050000
v -12.448186 0.652553 -4.050000
v -12.473001 0.665800 -4.050000
v -12.494850 0.682172 -4.050000
v -12.513371 0.702048 -4.050000
v -12.528739 0.725245 -4.050000
v -12.551812 0.779707 -4.050000
v -12.579929 0.907618 -4.050000
v -23.669388 6.844165 -4.050000
v -23.665988 5.605962 -4.050000
v -22.286279 5.609751 -4.050000
v -22.269081 -0.652017 -4.050000
v -20.582767 -0.647386 -4.050000
v -20.599965 5.614383 -4.050000
v -19.232043 5.618140 -4.050000
v -19.235444 6.856343 -4.050000
v -25.928130 0.576145 -4.050000
v -28.333784 0.569538 -4.050000
v -28.330383 -0.668665 -4.050000
v -24.238415 -0.657426 -4.050000
v -24.259014 6.842545 -4.050000
v -28.256640 6.831566 -4.050000
v -28.253239 5.593363 -4.050000
v -25.941928 5.599711 -4.050000
v -25.936907 3.771887 -4.050000
v -27.906242 3.766479 -4.050000
v -27.902841 2.528275 -4.050000
v -25.933507 2.533684 -4.050000
v -16.989484 0.600696 -4.050000
v -19.147493 0.594769 -4.050000
v -19.144092 -0.643435 -4.050000
v -15.311562 -0.632908 -4.050000
v -15.332161 6.867063 -4.050000
v -17.006682 6.862464 -4.050000
v -7.108253 0.922647 -4.050000
v -7.111978 2.278774 -4.050000
v -7.109469 2.338648 -4.050000
v -7.099429 2.395874 -4.050000
v -7.075494 2.448213 -4.050000
v -7.041824 2.497128 -4.050000
v -6.984648 2.529326 -4.050000
v -6.924566 2.551726 -4.050000
v -6.860520 2.560755 -4.050000
v -6.794362 2.562666 -4.050000
v -5.756630 2.565517 -4.050000
v -5.181043 2.662061 -4.050000
v -4.931642 2.749730 -4.050000
v -4.823258 2.810308 -4.050000
v -4.728312 2.884675 -4.050000
v -4.648345 2.974413 -4.050000
v -4.582384 3.078524 -4.050000
v -4.484488 3.321661 -4.050000
v -4.368752 3.890088 -4.050000
v -4.373448 5.599986 -4.050000
v -4.514788 6.175305 -4.050000
v -4.626495 6.418191 -4.050000
v -4.699789 6.520606 -4.050000
v -4.787393 6.607407 -4.050000
v -4.889607 6.678267 -4.050000
v -5.004709 6.735066 -4.050000
v -5.266210 6.814517 -4.050000
v -5.862854 6.893071 -4.050000
v -7.301528 6.889120 -4.050000
v -7.897732 6.807290 -4.050000
v -8.158792 6.726403 -4.050000
v -8.273580 6.668973 -4.050000
v -8.375404 6.597552 -4.050000
v -8.462530 6.510271 -4.050000
v -8.535260 6.407456 -4.050000
v -8.645631 6.163960 -4.050000
v -8.783808 5.587873 -4.050000
v -8.781120 4.609104 -4.050000
v -7.094806 4.613735 -4.050000
v -7.096847 5.356657 -4.050000
v -7.069434 5.484720 -4.050000
v -7.046661 5.539309 -4.050000
v -7.031421 5.562590 -4.050000
v -7.013010 5.582568 -4.050000
v -6.991252 5.599059 -4.050000
v -6.966509 5.612443 -4.050000
v -6.909778 5.631663 -4.050000
v -6.779264 5.652342 -4.050000
v -6.378322 5.653443 -4.050000
v -6.247694 5.633482 -4.050000
v -6.190857 5.614575 -4.050000
v -6.166042 5.601327 -4.050000
v -6.144193 5.584955 -4.050000
v -6.125672 5.565079 -4.050000
v -6.110304 5.541882 -4.050000
v -6.087231 5.487419 -4.050000
v -6.059115 5.359507 -4.050000
v -6.055487 4.038758 -4.050000
v -6.057993 3.978882 -4.050000
v -6.068032 3.921656 -4.050000
v -6.091968 3.869318 -4.050000
v -6.125641 3.820404 -4.050000
v -6.182818 3.788207 -4.050000
v -6.242901 3.765807 -4.050000
v -6.306949 3.756777 -4.050000
v -6.373107 3.754866 -4.050000
v -7.387250 3.752080 -4.050000
v -7.681101 3.739395 -4.050000
v -7.963526 3.692136 -4.050000
v -8.224829 3.580964 -4.050000
v -8.471265 3.424809 -4.050000
v -8.622176 3.209229 -4.050000
v -8.732780 2.979098 -4.050000
v -8.782686 2.727057 -4.050000
v -8.798810 2.462821 -4.050000
v -8.793951 0.693960 -4.050000
v -8.654162 0.115375 -4.050000
v -8.543071 -0.129216 -4.050000
v -8.470018 -0.232512 -4.050000
v -8.382589 -0.320210 -4.050000
v -8.280406 -0.391898 -4.050000
v -8.165193 -0.449446 -4.050000
v -7.903120 -0.530202 -4.050000
v -7.304514 -0.610917 -4.050000
v -5.877631 -0.606998 -4.050000
v -5.276449 -0.524243 -4.050000
v -5.013245 -0.442549 -4.050000
v -4.897533 -0.384567 -4.050000
v -4.794906 -0.312474 -4.050000
v -4.707111 -0.224387 -4.050000
v -4.633835 -0.120644 -4.050000
v -4.522667 0.125001 -4.050000
v -4.383592 0.706073 -4.050000
v -4.386247 1.673051 -4.050000
v -6.072561 1.668419 -4.050000
v -6.070521 0.925497 -4.050000
v -6.097935 0.797433 -4.050000
v -6.120708 0.742844 -4.050000
v -6.135948 0.719563 -4.050000
v -6.154360 0.699585 -4.050000
v -6.176118 0.683094 -4.050000
v -6.200861 0.669710 -4.050000
v -6.257593 0.650491 -4.050000
v -6.388108 0.629813 -4.050000
v -6.789051 0.628712 -4.050000
v -6.919676 0.648674 -4.050000
v -6.976512 0.667582 -4.050000
v -7.001327 0.680829 -4.050000
v -7.023176 0.697201 -4.050000
v -7.041696 0.717078 -4.050000
v -7.057064 0.740274 -4.050000
v -7.080136 0.794737 -4.050000
v -32.218889 6.820683 -4.050000
v -33.763693 6.816440 -4.050000
v -33.743094 -0.683531 -4.050000
v -32.233666 -0.679386 -4.050000
v -30.606861 3.818024 -4.050000
v -30.594521 -0.674884 -4.050000
v -29.061510 -0.670673 -4.050000
v -29.082109 6.829298 -4.050000
v -30.603328 6.825120 -4.050000
v -32.206581 2.339568 -4.050000
v 12.365222 -0.556893 -4.050000
v 12.344623 6.943079 -4.050000
v 10.670101 6.938480 -4.050000
v 10.690700 -0.561492 -4.050000
v 24.888758 -0.522496 -4.050000
v 25.144466 0.834343 -4.050000
v 26.854365 0.839040 -4.050000
v 27.117523 -0.516375 -4.050000
v 28.780252 -0.511808 -4.050000
v 27.061546 6.983500 -4.050000
v 24.915328 6.977605 -4.050000
v 23.190650 -0.527160 -4.050000
v 36.004951 -31.860497 -4.050000
v 35.933395 -31.316977 -4.050000
v 35.723604 -30.810497 -4.050000
v 35.389875 -30.375573 -4.050000
v 34.954951 -30.041844 -4.050000
v 34.448471 -29.832053 -4.050000
v 33.904951 -29.760497 -4.050000
v 33.361431 -29.832053 -4.050000
v 32.854951 -30.041844 -4.050000
v 32.420027 -30.375573 -4.050000
v 32.086298 -30.810497 -4.050000
v 31.876507 -31.316977 -4.050000
v 31.804951 -31.860497 -4.050000
v 31.876507 -32.404017 -4.050000
v 32.086298 -32.910497 -4.050000
v 32.420027 -33.345421 -4.050000
v 32.854951 -33.679150 -4.050000
v 33.361431 -33.888941 -4.050000
v 33.904951 -33.960497 -4.050000
v 34.448471 -33.888941 -4.050000
v 34.954951 -33.679150 -4.050000
v 35.389875 -33.345421 -4.050000
v 35.723604 -32.910497 -4.050000
v 35.933395 -32.404017 -4.050000
v -46.545049 32.523503 -4.050000
v -46.616605 33.067023 -4.050000
v -46.826396 33.573503 -4.050000
v -47.160125 34.008427 -4.050000
v -47.595049 34.342156 -4.050000
v -48.101529 34.551947 -4.050000
v -48.645049 34.623503 -4.050000
v -49.188569 34.551947 -4.050000
v -49.695049 34.342156 -4.050000
v -50.129973 34.008427 -4.050000
v -50.463702 33.573503 -4.050000
v -50.673493 33.067023 -4.050000
v -50.745049 32.523503 -4.050000
v -50.673493 31.979983 -4.050000
v -50.463702 31.473503 -4.050000
v -50.129973 31.038579 -4.050000
v -49.695049 30.704850 -4.050000
v -49.188569 30.495059 -4.050000
v -48.645049 30.423503 -4.050000
v -48.101529 30.495059 -4.050000
v -47.595049 30.704850 -4.050000
v -47.160125 31.038579 -4.050000
v -46.826396 31.473503 -4.050000
v -46.616605 31.979983 -4.050000
v -31.559049 -31.860497 -4.050000
v -31.630605 -31.316977 -4.050000
v -31.840396 -30.810497 -4.050000
v -32.174125 -30.375573 -4.050000
v -32.609049 -30.041844 -4.050000
v -33.115529 -29.832053 -4.050000
v -33.659049 -29.760497 -4.050000
v -34.202569 -29.832053 -4.050000
v -34.709049 -30.041844 -4.050000
v -35.143973 -30.375573 -4.050000
v -35.477702 -30.810497 -4.050000
v -35.687493 -31.316977 -4.050000
v -35.759049 -31.860497 -4.050000
v -35.687493 -32.404017 -4.050000
v -35.477702 -32.910497 -4.050000
v -35.143973 -33.345421 -4.050000
v -34.709049 -33.679150 -4.050000
v -34.202569 -33.888941 -4.050000
v -33.659049 -33.960497 -4.050000
v -33.115529 -33.888941 -4.050000
v -32.609049 -33.679150 -4.050000
v -32.174125 -33.345421 -4.050000
v -31.840396 -32.910497 -4.050000
v -31.630605 -32.404017 -4.050000
v 50.736951 32.523503 -4.050000
v 50.665395 33.067023 -4.050000
v 50.455604 33.573503 -4.050000
v 50.121875 34.008427 -4.050000
v 49.686951 34.342156 -4.050000
v 49.180471 34.551947 -4.050000
v 48.636951 34.623503 -4.050000
v 48.093431 34.551947 -4.050000
v 47.586951 34.342156 -4.050000
v 47.152027 34.008427 -4.050000
v 46.818298 33.573503 -4.050000
v 46.608507 33.067023 -4.050000
v 46.536951 32.523503 -4.050000
v 46.608507 31.979983 -4.050000
v 46.818298 31.473503 -4.050000
v 47.152027 31.038579 -4.050000
v 47.586951 30.704850 -4.050000
v 48.093431 30.495059 -4.050000
v 48.636951 30.423503 -4.050000
v 49.180471 30.495059 -4.050000
v 49.686951 30.704850 -4.050000
v 50.121875 31.038579 -4.050000
v 50.455604 31.473503 -4.050000
v 50.665395 31.979983 -4.050000
v -36.948036 -35.593698 -4.050000
v -37.090732 -35.454774 -4.050000
v -51.299557 -21.217855 -4.050000
v -51.838278 -20.674404 -4.050000
v -52.253193 -20.031439 -4.050000
v -52.526426 -19.316664 -4.050000
v -52.646203 -18.560878 -4.050000
v -52.648875 -18.361843 -4.050000
v -52.652954 33.114192 -4.050000
v -52.574258 33.847166 -4.050000
v -52.339694 34.546040 -4.050000
v -51.960252 35.178074 -4.050000
v -51.453705 35.713662 -4.050000
v -50.843782 36.127713 -4.050000
v -50.159056 36.400833 -4.050000
v -49.431602 36.520226 -4.050000
v -49.246093 36.522730 -4.050000
v 49.244418 36.537605 -4.050000
v 49.977391 36.458906 -4.050000
v 50.676262 36.224341 -4.050000
v 51.308295 35.844898 -4.050000
v 51.843882 35.338351 -4.050000
v 52.257934 34.728430 -4.050000
v 52.531054 34.043706 -4.050000
v 52.650450 33.316253 -4.050000
v 52.652954 33.130704 -4.050000
v 52.638408 -18.400309 -4.050000
v 52.560550 -19.164161 -4.050000
v 52.326160 -19.895319 -4.050000
v 51.945405 -20.562070 -4.050000
v 51.434799 -21.135492 -4.050000
v 51.290085 -21.257177 -4.050000
v 37.372656 -35.177237 -4.050000
v 36.829195 -35.715985 -4.050000
v 36.186215 -36.130925 -4.050000
v 35.471420 -36.404178 -4.050000
v 34.715610 -36.523969 -4.050000
v 34.516561 -36.526640 -4.050000
v -34.116945 -36.520233 -4.050000
v -34.882184 -36.516918 -4.050000
v -35.630249 -36.355674 -4.050000
v -36.328903 -36.043449 -4.050000
v 14.641157 -0.550642 -4.050000
v 14.896864 0.806198 -4.050000
v 16.606763 0.810894 -4.050000
v 16.869921 -0.544520 -4.050000
v 18.532651 -0.539954 -4.050000
v 16.813946 6.955354 -4.050000
v 14.667726 6.949460 -4.050000
v 12.943051 -0.555306 -4.050000
v 7.368226 6.929411 -4.050000
v 8.887825 3.230741 -4.050000
v 7.388825 -0.570561 -4.050000
v 9.204857 -0.565573 -4.050000
v 10.644894 3.235567 -4.050000
v 9.184258 6.934399 -4.050000
v 18.629975 6.960342 -4.050000
v 18.633376 5.722139 -4.050000
v 20.013087 5.725928 -4.050000
v 20.030286 -0.535840 -4.050000
v 21.716601 -0.531209 -4.050000
v 21.699403 5.730560 -4.050000
v 23.067322 5.734317 -4.050000
v 23.063921 6.972520 -4.050000
v 18.629975 6.960342 -4.150000
v 18.633376 5.722139 -4.150000
v 20.013087 5.725928 -4.150000
v 20.030286 -0.535840 -4.150000
v 21.716601 -0.531209 -4.150000
v 21.699403 5.730560 -4.150000
v 23.067322 5.734317 -4.150000
v 23.063921 6.972520 -4.150000
v 7.368226 6.929411 -4.150000
v 8.887825 3.230741 -4.150000
v 7.388825 -0.570561 -4.150000
v 9.204857 -0.565573 -4.150000
v 10.644894 3.235567 -4.150000
v 9.184258 6.934399 -4.150000
v 3.917259 5.386908 -4.050000
v 3.929437 0.952962 -4.050000
v 3.929437 0.952962 -4.150000
v 3.917259 5.386908 -4.150000
v 4.223052 5.682560 -4.050000
v 4.095623 5.660556 -4.050000
v 4.040501 5.640804 -4.050000
v 4.016592 5.627210 -4.050000
v 3.995691 5.610554 -4.050000
v 3.978129 5.590497 -4.050000
v 3.963670 5.567281 -4.050000
v 3.942289 5.513175 -4.050000
v 3.942289 5.513175 -4.150000
v 3.963670 5.567281 -4.150000
v 3.978129 5.590497 -4.150000
v 3.995691 5.610554 -4.150000
v 4.016592 5.627210 -4.150000
v 4.040501 5.640804 -4.150000
v 4.095623 5.660556 -4.150000
v 4.223052 5.682560 -4.150000
v 4.789089 5.684115 -4.050000
v 4.789089 5.684115 -4.150000
v 5.108293 5.390179 -4.050000
v 5.080177 5.518090 -4.050000
v 5.057104 5.572553 -4.050000
v 5.041737 5.595750 -4.050000
v 5.023216 5.615627 -4.050000
v 5.001367 5.631998 -4.050000
v 4.976552 5.645246 -4.050000
v 4.919715 5.664153 -4.050000
v 4.919715 5.664153 -4.150000
v 4.976552 5.645246 -4.150000
v 5.001367 5.631998 -4.150000
v 5.023216 5.615627 -4.150000
v 5.041737 5.595750 -4.150000
v 5.057104 5.572553 -4.150000
v 5.080177 5.518090 -4.150000
v 5.108293 5.390179 -4.150000
v 5.120471 0.956233 -4.050000
v 5.120471 0.956233 -4.150000
v 4.802886 0.660549 -4.050000
v 4.933401 0.681228 -4.050000
v 4.990132 0.700448 -4.050000
v 5.014875 0.713831 -4.050000
v 5.036633 0.730323 -4.050000
v 5.055044 0.750300 -4.050000
v 5.070284 0.773581 -4.050000
v 5.093058 0.828170 -4.050000
v 5.093058 0.828170 -4.150000
v 5.070284 0.773581 -4.150000
v 5.055044 0.750300 -4.150000
v 5.036633 0.730323 -4.150000
v 5.014875 0.713831 -4.150000
v 4.990132 0.700448 -4.150000
v 4.933401 0.681228 -4.150000
v 4.802886 0.660549 -4.150000
v 4.236849 0.658995 -4.050000
v 4.236849 0.658995 -4.150000
v 3.955160 0.826835 -4.050000
v 3.976839 0.772847 -4.050000
v 3.991425 0.749711 -4.050000
v 4.009097 0.729751 -4.050000
v 4.030090 0.713210 -4.050000
v 4.054073 0.699748 -4.050000
v 4.109302 0.680300 -4.050000
v 4.109302 0.680300 -4.150000
v 4.054073 0.699748 -4.150000
v 4.030090 0.713210 -4.150000
v 4.009097 0.729751 -4.150000
v 3.991425 0.749711 -4.150000
v 3.976839 0.772847 -4.150000
v 3.955160 0.826835 -4.150000
v 5.292762 6.923711 -4.150000
v 3.712577 6.919371 -4.150000
v 3.116374 6.837540 -4.150000
v 2.855313 6.756654 -4.150000
v 2.740525 6.699223 -4.150000
v 2.638701 6.627803 -4.150000
v 2.551576 6.540522 -4.150000
v 2.478845 6.437706 -4.150000
v 2.368474 6.194211 -4.150000
v 2.230297 5.618124 -4.150000
v 2.243738 0.724275 -4.150000
v 2.383528 0.145690 -4.150000
v 2.494618 -0.098900 -4.150000
v 2.567672 -0.202197 -4.150000
v 2.655100 -0.289895 -4.150000
v 2.757283 -0.361582 -4.150000
v 2.872497 -0.419130 -4.150000
v 3.134570 -0.499887 -4.150000
v 3.733176 -0.580601 -4.150000
v 5.313361 -0.576261 -4.150000
v 5.914544 -0.493507 -4.150000
v 6.177748 -0.411813 -4.150000
v 6.293461 -0.353831 -4.150000
v 6.396088 -0.281739 -4.150000
v 6.483882 -0.193651 -4.150000
v 6.557159 -0.089908 -4.150000
v 6.668326 0.155737 -4.150000
v 6.807401 0.736810 -4.150000
v 6.793959 5.630658 -4.150000
v 6.650134 6.207683 -4.150000
v 6.536999 6.451004 -4.150000
v 6.462912 6.553458 -4.150000
v 6.374460 6.640164 -4.150000
v 6.271409 6.710866 -4.150000
v 6.155494 6.767464 -4.150000
v 5.892420 6.846409 -4.150000
v -1.924192 6.903889 -4.150000
v -3.468997 6.899646 -4.150000
v -3.448398 -0.600326 -4.150000
v -1.938969 -0.596180 -4.150000
v -0.312166 3.901229 -4.150000
v -0.299826 -0.591678 -4.150000
v 1.233188 -0.587467 -4.150000
v 1.212589 6.912504 -4.150000
v -0.308633 6.908326 -4.150000
v -1.911884 2.422774 -4.150000
v -12.596318 6.874578 -4.150000
v -14.282632 6.869946 -4.150000
v -14.265628 0.678931 -4.150000
v -14.123361 0.098633 -4.150000
v -14.010846 -0.146397 -4.150000
v -13.937001 -0.249736 -4.150000
v -13.848724 -0.337340 -4.150000
v -13.745702 -0.408867 -4.150000
v -13.629673 -0.466213 -4.150000
v -13.366024 -0.546460 -4.150000
v -12.764398 -0.625912 -4.150000
v -11.184213 -0.621572 -4.150000
v -10.586060 -0.537571 -4.150000
v -10.324435 -0.455376 -4.150000
v -10.209540 -0.397196 -4.150000
v -10.107752 -0.324948 -4.150000
v -10.020807 -0.236771 -4.150000
v -9.948322 -0.133075 -4.150000
v -9.838576 0.112122 -4.150000
v -9.701965 0.691466 -4.150000
v -9.718969 6.882480 -4.150000
v -11.405283 6.877849 -4.150000
v -11.388895 0.910890 -4.150000
v -11.413925 0.784622 -4.150000
v -11.435307 0.730516 -4.150000
v -11.449766 0.707300 -4.150000
v -11.467328 0.687243 -4.150000
v -11.488230 0.670587 -4.150000
v -11.512139 0.656993 -4.150000
v -11.567261 0.637242 -4.150000
v -11.694690 0.615238 -4.150000
v -12.260722 0.613683 -4.150000
v -12.391349 0.633645 -4.150000
v -12.448186 0.652553 -4.150000
v -12.473001 0.665800 -4.150000
v -12.494850 0.682172 -4.150000
v -12.513371 0.702048 -4.150000
v -12.528739 0.725245 -4.150000
v -12.551812 0.779707 -4.150000
v -12.579929 0.907618 -4.150000
v -23.669388 6.844165 -4.150000
v -23.665988 5.605962 -4.150000
v -22.286279 5.609751 -4.150000
v -22.269081 -0.652017 -4.150000
v -20.582767 -0.647386 -4.150000
v -20.599965 5.614383 -4.150000
v -19.232043 5.618140 -4.150000
v -19.235444 6.856343 -4.150000
v -25.928130 0.576145 -4.150000
v -28.333784 0.569538 -4.150000
v -28.330383 -0.668665 -4.150000
v -24.238415 -0.657426 -4.150000
v -24.259014 6.842545 -4.150000
v -28.256640 6.831566 -4.150000
v -28.253239 5.593363 -4.150000
v -25.941928 5.599711 -4.150000
v -25.936907 3.771887 -4.150000
v -27.906242 3.766479 -4.150000
v -27.902841 2.528275 -4.150000
v -25.933507 2.533684 -4.150000
v -16.989484 0.600696 -4.150000
v -19.147493 0.594769 -4.150000
v -19.144092 -0.643435 -4.150000
v -15.311562 -0.632908 -4.150000
v -15.332161 6.867063 -4.150000
v -17.006682 6.862464 -4.150000
v -7.108253 0.922647 -4.150000
v -7.111978 2.278774 -4.150000
v -7.109469 2.338648 -4.150000
v -7.099429 2.395874 -4.150000
v -7.075494 2.448213 -4.150000
v -7.041824 2.497128 -4.150000
v -6.984648 2.529326 -4.150000
v -6.924566 2.551726 -4.150000
v -6.860520 2.560755 -4.150000
v -6.794362 2.562666 -4.150000
v -5.756630 2.565517 -4.150000
v -5.181043 2.662061 -4.150000
v -4.931642 2.749730 -4.150000
v -4.823258 2.810308 -4.150000
v -4.728312 2.884675 -4.150000
v -4.648345 2.974413 -4.150000
v -4.582384 3.078524 -4.150000
v -4.484488 3.321661 -4.150000
v -4.368752 3.890088 -4.150000
v -4.373448 5.599986 -4.150000
v -4.514788 6.175305 -4.150000
v -4.626495 6.418191 -4.150000
v -4.699789 6.520606 -4.150000
v -4.787393 6.607407 -4.150000
v -4.889607 6.678267 -4.150000
v -5.004709 6.735066 -4.150000
v -5.266210 6.814517 -4.150000
v -5.862854 6.893071 -4.150000
v -7.301528 6.889120 -4.150000
v -7.897732 6.807290 -4.150000
v -8.158792 6.726403 -4.150000
v -8.273580 6.668973 -4.150000
v -8.375404 6.597552 -4.150000
v -8.462530 6.510271 -4.150000
v -8.535260 6.407456 -4.150000
v -8.645631 6.163960 -4.150000
v -8.783808 5.587873 -4.150000
v -8.781120 4.609104 -4.150000
v -7.094806 4.613735 -4.150000
v -7.096847 5.356657 -4.150000
v -7.069434 5.484720 -4.150000
v -7.046661 5.539309 -4.150000
v -7.031421 5.562590 -4.150000
v -7.013010 5.582568 -4.150000
v -6.991252 5.599059 -4.150000
v -6.966509 5.612443 -4.150000
v -6.909778 5.631663 -4.150000
v -6.779264 5.652342 -4.150000
v -6.378322 5.653443 -4.150000
v -6.247694 5.633482 -4.150000
v -6.190857 5.614575 -4.150000
v -6.166042 5.601327 -4.150000
v -6.144193 5.584955 -4.150000
v -6.125672 5.565079 -4.150000
v -6.110304 5.541882 -4.150000
v -6.087231 5.487419 -4.150000
v -6.059115 5.359507 -4.150000
v -6.055487 4.038758 -4.150000
v -6.057993 3.978882 -4.150000
v -6.068032 3.921656 -4.150000
v -6.091968 3.869318 -4.150000
v -6.125641 3.820404 -4.150000
v -6.182818 3.788207 -4.150000
v -6.242901 3.765807 -4.150000
v -6.306949 3.756777 -4.150000
v -6.373107 3.754866 -4.150000
v -7.387250 3.752080 -4.150000
v -7.681101 3.739395 -4.150000
v -7.963526 3.692136 -4.150000
v -8.224829 3.580964 -4.150000
v -8.471265 3.424809 -4.150000
v -8.622176 3.209229 -4.150000
v -8.732780 2.979098 -4.150000
v -8.782686 2.727057 -4.150000
v -8.798810 2.462821 -4.150000
v -8.793951 0.693960 -4.150000
v -8.654162 0.115375 -4.150000
v -8.543071 -0.129216 -4.150000
v -8.470018 -0.232512 -4.150000
v -8.382589 -0.320210 -4.150000
v -8.280406 -0.391898 -4.150000
v -8.165193 -0.449446 -4.150000
v -7.903120 -0.530202 -4.150000
v -7.304514 -0.610917 -4.150000
v -5.877631 -0.606998 -4.150000
v -5.276449 -0.524243 -4.150000
v -5.013245 -0.442549 -4.150000
v -4.897533 -0.384567 -4.150000
v -4.794906 -0.312474 -4.150000
v -4.707111 -0.224387 -4.150000
v -4.633835 -0.120644 -4.150000
v -4.522667 0.125001 -4.150000
v -4.383592 0.706073 -4.150000
v -4.386247 1.673051 -4.150000
v -6.072561 1.668419 -4.150000
v -6.070521 0.925497 -4.150000
v -6.097935 0.797433 -4.150000
v -6.120708 0.742844 -4.150000
v -6.135948 0.719563 -4.150000
v -6.154360 0.699585 -4.150000
v -6.176118 0.683094 -4.150000
v -6.200861 0.669710 -4.150000
v -6.257593 0.650491 -4.150000
v -6.388108 0.629813 -4.150000
v -6.789051 0.628712 -4.150000
v -6.919676 0.648674 -4.150000
v -6.976512 0.667582 -4.150000
v -7.001327 0.680829 -4.150000
v -7.023176 0.697201 -4.150000
v -7.041696 0.717078 -4.150000
v -7.057064 0.740274 -4.150000
v -7.080136 0.794737 -4.150000
v -32.218889 6.820683 -4.150000
v -33.763693 6.816440 -4.150000
v -33.743094 -0.683531 -4.150000
v -32.233666 -0.679386 -4.150000
v -30.606861 3.818024 -4.150000
v -30.594521 -0.674884 -4.150000
v -29.061510 -0.670673 -4.150000
v -29.082109 6.829298 -4.150000
v -30.603328 6.825120 -4.150000
v -32.206581 2.339568 -4.150000
v 12.365222 -0.556893 -4.150000
v 12.344623 6.943079 -4.150000
v 10.670101 6.938480 -4.150000
v 10.690700 -0.561492 -4.150000
v 15.141135 2.033289 -4.050000
v 16.367547 2.036657 -4.050000
v 16.367547 2.036657 -4.150000
v 15.141135 2.033289 -4.150000
v 15.745629 5.207130 -4.050000
v 15.745629 5.207130 -4.150000
v 14.641157 -0.550642 -4.150000
v 14.896864 0.806198 -4.150000
v 16.606763 0.810894 -4.150000
v 16.869921 -0.544520 -4.150000
v 18.532651 -0.539954 -4.150000
v 16.813946 6.955354 -4.150000
v 14.667726 6.949460 -4.150000
v 12.943051 -0.555306 -4.150000
v 25.388738 2.061434 -4.050000
v 26.615148 2.064803 -4.050000
v 26.615148 2.064803 -4.150000
v 25.388738 2.061434 -4.150000
v 25.993231 5.235275 -4.050000
v 25.993231 5.235275 -4.150000
v 24.888758 -0.522496 -4.150000
v 25.144466 0.834343 -4.150000
v 26.854365 0.839040 -4.150000
v 27.117523 -0.516375 -4.150000
v 28.780252 -0.511808 -4.150000
v 27.061546 6.983500 -4.150000
v 24.915328 6.977605 -4.150000
v 23.190650 -0.527160 -4.150000
v 36.004951 -31.860497 -3.250000
v 35.933395 -31.316977 -3.250000
v 35.723604 -30.810497 -3.250000
v 35.389875 -30.375573 -3.250000
v 34.954951 -30.041844 -3.250000
v 34.448471 -29.832053 -3.250000
v 33.904951 -29.760497 -3.250000
v 33.361431 -29.832053 -3.250000
v 32.854951 -30.041844 -3.250000
v 32.420027 -30.375573 -3.250000
v 32.086298 -30.810497 -3.250000
v 31.876507 -31.316977 -3.250000
v 31.804951 -31.860497 -3.250000
v 31.876507 -32.404017 -3.250000
v 32.086298 -32.910497 -3.250000
v 32.420027 -33.345421 -3.250000
v 32.854951 -33.679150 -3.250000
v 33.361431 -33.888941 -3.250000
v 33.904951 -33.960497 -3.250000
v 34.448471 -33.888941 -3.250000
v 34.954951 -33.679150 -3.250000
v 35.389875 -33.345421 -3.250000
v 35.723604 -32.910497 -3.250000
v 35.933395 -32.404017 -3.250000
v 35.004951 -31.860497 -3.250000
v 34.967469 -31.575796 -3.250000
v 34.857579 -31.310497 -3.250000
v 34.682768 -31.082680 -3.250000
v 34.454951 -30.907869 -3.250000
v 34.189652 -30.797979 -3.250000
v 33.904951 -30.760497 -3.250000
v 33.620250 -30.797979 -3.250000
v 33.354951 -30.907869 -3.250000
v 33.127134 -31.082680 -3.250000
v 32.952323 -31.310497 -3.250000
v 32.842433 -31.575796 -3.250000
v 32.804951 -31.860497 -3.250000
v 32.842433 -32.145198 -3.250000
v 32.952323 -32.410497 -3.250000
v 33.127134 -32.638314 -3.250000
v 33.354951 -32.813125 -3.250000
v 33.620250 -32.923015 -3.250000
v 33.904951 -32.960497 -3.250000
v 34.189652 -32.923015 -3.250000
v 34.454951 -32.813125 -3.250000
v 34.682768 -32.638314 -3.250000
v 34.857579 -32.410497 -3.250000
v 34.967469 -32.145198 -3.250000
v -46.545049 32.523503 -3.250000
v -46.616605 33.067023 -3.250000
v -46.826396 33.573503 -3.250000
v -47.160125 34.008427 -3.250000
v -47.595049 34.342156 -3.250000
v -48.101529 34.551947 -3.250000
v -48.645049 34.623503 -3.250000
v -49.188569 34.551947 -3.250000
v -49.695049 34.342156 -3.250000
v -50.129973 34.008427 -3.250000
v -50.463702 33.573503 -3.250000
v -50.673493 33.067023 -3.250000
v -50.745049 32.523503 -3.250000
v -50.673493 31.979983 -3.250000
v -50.463702 31.473503 -3.250000
v -50.129973 31.038579 -3.250000
v -49.695049 30.704850 -3.250000
v -49.188569 30.495059 -3.250000
v -48.645049 30.423503 -3.250000
v -48.101529 30.495059 -3.250000
v -47.595049 30.704850 -3.250000
v -47.160125 31.038579 -3.250000
v -46.826396 31.473503 -3.250000
v -46.616605 31.979983 -3.250000
v -47.545049 32.523503 -3.250000
v -47.582531 32.808204 -3.250000
v -47.692421 33.073503 -3.250000
v -47.867232 33.301320 -3.250000
v -48.095049 33.476131 -3.250000
v -48.360348 33.586021 -3.250000
v -48.645049 33.623503 -3.250000
v -48.929750 33.586021 -3.250000
v -49.195049 33.476131 -3.250000
v -49.422866 33.301320 -3.250000
v -49.597677 33.073503 -3.250000
v -49.707567 32.808204 -3.250000
v -49.745049 32.523503 -3.250000
v -49.707567 32.238802 -3.250000
v -49.597677 31.973503 -3.250000
v -49.422866 31.745686 -3.250000
v -49.195049 31.570875 -3.250000
v -48.929750 31.460985 -3.250000
v -48.645049 31.423503 -3.250000
v -48.360348 31.460985 -3.250000
v -48.095049 31.570875 -3.250000
v -47.867232 31.745686 -3.250000
v -47.692421 31.973503 -3.250000
v -47.582531 32.238802 -3.250000
v -31.559049 -31.860497 -3.250000
v -31.630605 -31.316977 -3.250000
v -31.840396 -30.810497 -3.250000
v -32.174125 -30.375573 -3.250000
v -32.609049 -30.041844 -3.250000
v -33.115529 -29.832053 -3.250000
v -33.659049 -29.760497 -3.250000
v -34.202569 -29.832053 -3.250000
v -34.709049 -30.041844 -3.250000
v -35.143973 -30.375573 -3.250000
v -35.477702 -30.810497 -3.250000
v -35.687493 -31.316977 -3.250000
v -35.759049 -31.860497 -3.250000
v -35.687493 -32.404017 -3.250000
v -35.477702 -32.910497 -3.250000
v -35.143973 -33.345421 -3.250000
v -34.709049 -33.679150 -3.250000
v -34.202569 -33.888941 -3.250000
v -33.659049 -33.960497 -3.250000
v -33.115529 -33.888941 -3.250000
v -32.609049 -33.679150 -3.250000
v -32.174125 -33.345421 -3.250000
v -31.840396 -32.910497 -3.250000
v -31.630605 -32.404017 -3.250000
v -32.559049 -31.860497 -3.250000
v -32.596531 -31.575796 -3.250000
v -32.706421 -31.310497 -3.250000
v -32.881232 -31.082680 -3.250000
v -33.109049 -30.907869 -3.250000
v -33.374348 -30.797979 -3.250000
v -33.659049 -30.760497 -3.250000
v -33.943750 -30.797979 -3.250000
v -34.209049 -30.907869 -3.250000
v -34.436866 -31.082680 -3.250000
v -34.611677 -31.310497 -3.250000
v -34.721567 -31.575796 -3.250000
v -34.759049 -31.860497 -3.250000
v -34.721567 -32.145198 -3.250000
v -34.611677 -32.410497 -3.250000
v -34.436866 -32.638314 -3.250000
v -34.209049 -32.813125 -3.250000
v -33.943750 -32.923015 -3.250000
v -33.659049 -32.960497 -3.250000
v -33.374348 -32.923015 -3.250000
v -33.109049 -32.813125 -3.250000
v -32.881232 -32.638314 -3.250000
v -32.706421 -32.410497 -3.250000
v -32.596531 -32.145198 -3.250000
v 50.736951 32.523503 -3.250000
v 50.665395 33.067023 -3.250000
v 50.455604 33.573503 -3.250000
v 50.121875 34.008427 -3.250000
v 49.686951 34.342156 -3.250000
v 49.180471 34.551947 -3.250000
v 48.636951 34.623503 -3.250000
v 48.093431 34.551947 -3.250000
v 47.586951 34.342156 -3.250000
v 47.152027 34.008427 -3.250000
v 46.818298 33.573503 -3.250000
v 46.608507 33.067023 -3.250000
v 46.536951 32.523503 -3.250000
v 46.608507 31.979983 -3.250000
v 46.818298 31.473503 -3.250000
v 47.152027 31.038579 -3.250000
v 47.586951 30.704850 -3.250000
v 48.093431 30.495059 -3.250000
v 48.636951 30.423503 -3.250000
v 49.180471 30.495059 -3.250000
v 49.686951 30.704850 -3.250000
v 50.121875 31.038579 -3.250000
v 50.455604 31.473503 -3.250000
v 50.665395 31.979983 -3.250000
v 49.736951 32.523503 -3.250000
v 49.699469 32.808204 -3.250000
v 49.589579 33.073503 -3.250000
v 49.414768 33.301320 -3.250000
v 49.186951 33.476131 -3.250000
v 48.921652 33.586021 -3.250000
v 48.636951 33.623503 -3.250000
v 48.352250 33.586021 -3.250000
v 48.086951 33.476131 -3.250000
v 47.859134 33.301320 -3.250000
v 47.684323 33.073503 -3.250000
v 47.574433 32.808204 -3.250000
v 47.536951 32.523503 -3.250000
v 47.574433 32.238802 -3.250000
v 47.684323 31.973503 -3.250000
v 47.859134 31.745686 -3.250000
v 48.086951 31.570875 -3.250000
v 48.352250 31.460985 -3.250000
v 48.636951 31.423503 -3.250000
v 48.921652 31.460985 -3.250000
v 49.186951 31.570875 -3.250000
v 49.414768 31.745686 -3.250000
v 49.589579 31.973503 -3.250000
v 49.699469 32.238802 -3.250000
v 54.652958 33.143919 -2.050000
v 54.649781 33.379312 -2.050000
v -49.259741 38.522728 -2.050000
v -49.494656 38.519557 -2.050000
v 34.777944 -38.523312 -2.050000
v 34.529888 -38.526641 -2.050000
v -54.648874 -18.375347 -2.050000
v -54.645546 -18.623205 -2.050000
v -52.651739 -22.694224 -2.050000
v -53.309066 -22.034261 -2.050000
v -53.849833 -21.275839 -2.050000
v -54.259529 -20.439310 -2.050000
v -54.527160 -19.547119 -2.050000
v -38.317750 -37.051485 -2.050000
v -38.496181 -36.877771 -2.050000
v -34.028100 -38.520241 -2.050000
v -34.959804 -38.518553 -2.050000
v -35.878726 -38.364739 -2.050000
v -36.760194 -38.062928 -2.050000
v -37.580544 -37.621224 -2.050000
v -54.652954 33.112954 -2.050000
v -53.652954 33.113573 -3.050000
v -54.576476 34.025347 -2.050000
v -54.347122 34.911748 -2.050000
v -53.971471 35.746730 -2.050000
v -53.460299 36.506344 -2.050000
v -52.828268 37.168799 -2.050000
v -52.093508 37.715093 -2.050000
v -51.277096 38.129556 -2.050000
v -50.402449 38.400299 -2.050000
v 38.849814 -36.528494 -2.050000
v 38.189799 -37.186141 -2.050000
v 37.431251 -37.727181 -2.050000
v 36.594535 -38.137090 -2.050000
v 35.702113 -38.404864 -2.050000
v 49.243096 38.537605 -2.050000
v 49.243757 37.537605 -3.050000
v 50.155498 38.461137 -2.050000
v 51.041909 38.231791 -2.050000
v 51.876902 37.856145 -2.050000
v 52.636527 37.344976 -2.050000
v 53.298993 36.712945 -2.050000
v 53.845297 35.978182 -2.050000
v 54.259768 35.161765 -2.050000
v 54.530519 34.287111 -2.050000
v 52.643360 -22.732341 -2.050000
v 52.749131 -22.643401 -2.050000
v 54.638409 -18.398491 -2.050000
v 53.638408 -18.399400 -3.050000
v 54.560027 -19.351422 -2.050000
v 54.323094 -20.277751 -2.050000
v 53.934310 -21.151290 -2.050000
v 53.404664 -21.947341 -2.050000
v -52.452954 33.114508 -2.050000
v -52.378998 33.803879 -2.050000
v -52.158563 34.461230 -2.050000
v -51.801959 35.055818 -2.050000
v -51.325864 35.559836 -2.050000
v -50.752543 35.949713 -2.050000
v -50.108808 36.207216 -2.050000
v -49.424766 36.320300 -2.050000
v -49.244732 36.322730 -2.050000
v 49.244732 36.337605 -2.050000
v 49.934102 36.263646 -2.050000
v 50.591451 36.043210 -2.050000
v 51.186038 35.686606 -2.050000
v 51.690056 35.210511 -2.050000
v 52.079934 34.637191 -2.050000
v 52.337437 33.993458 -2.050000
v 52.450524 33.309417 -2.050000
v 52.452954 33.129383 -2.050000
v 37.224080 -35.042972 -2.050000
v 36.710393 -35.554865 -2.050000
v 36.101923 -35.949418 -2.050000
v 35.424993 -36.209562 -2.050000
v 34.708891 -36.324041 -2.050000
v 34.515229 -36.326640 -2.050000
v -34.127049 -36.320232 -2.050000
v -34.852247 -36.318984 -2.050000
v -35.561497 -36.167729 -2.050000
v -36.224110 -35.873010 -2.050000
v -36.811412 -35.447581 -2.050000
v -36.950187 -35.312475 -2.050000
v -52.452954 33.114508 -0.200000
v -52.378998 33.803879 -0.200000
v -52.158563 34.461230 -0.200000
v -51.801959 35.055818 -0.200000
v -51.325864 35.559836 -0.200000
v -50.752543 35.949713 -0.200000
v -50.108808 36.207216 -0.200000
v -49.424766 36.320300 -0.200000
v -47.545049 32.523503 -0.200000
v -47.582531 32.808204 -0.200000
v -47.692421 33.073503 -0.200000
v -47.867232 33.301320 -0.200000
v -48.095049 33.476131 -0.200000
v -48.360348 33.586021 -0.200000
v -48.645049 33.623503 -0.200000
v -48.929750 33.586021 -0.200000
v -49.195049 33.476131 -0.200000
v -49.422866 33.301320 -0.200000
v -49.597677 33.073503 -0.200000
v -49.707567 32.808204 -0.200000
v -49.745049 32.523503 -0.200000
v -49.707567 32.238802 -0.200000
v -49.597677 31.973503 -0.200000
v -49.422866 31.745686 -0.200000
v -49.195049 31.570875 -0.200000
v -48.929750 31.460985 -0.200000
v -48.645049 31.423503 -0.200000
v -48.360348 31.460985 -0.200000
v -48.095049 31.570875 -0.200000
v -47.867232 31.745686 -0.200000
v -47.692421 31.973503 -0.200000
v -47.582531 32.238802 -0.200000
v -44.484994 32.523503 -0.200000
v -44.564928 31.711916 -0.200000
v -44.801659 30.931519 -0.200000
v -45.186089 30.212300 -0.200000
v -45.703446 29.581900 -0.200000
v -46.333846 29.064543 -0.200000
v -47.053065 28.680113 -0.200000
v -47.833462 28.443382 -0.200000
v -49.244732 36.322730 -0.200000
v 49.244732 36.337605 -0.200000
v 49.934102 36.263646 -0.200000
v 50.591451 36.043210 -0.200000
v 51.186038 35.686606 -0.200000
v 51.690056 35.210511 -0.200000
v 52.079934 34.637191 -0.200000
v 52.337437 33.993458 -0.200000
v 52.450524 33.309417 -0.200000
v 44.423090 32.523503 -0.200000
v 49.736951 32.523503 -0.200000
v 49.699469 32.808204 -0.200000
v 49.589579 33.073503 -0.200000
v 49.414768 33.301320 -0.200000
v 49.186951 33.476131 -0.200000
v 48.921652 33.586021 -0.200000
v 48.636951 33.623503 -0.200000
v 48.352250 33.586021 -0.200000
v 48.086951 33.476131 -0.200000
v 47.859134 33.301320 -0.200000
v 47.684323 33.073503 -0.200000
v 47.574433 32.808204 -0.200000
v 47.536951 32.523503 -0.200000
v 47.574433 32.238802 -0.200000
v 47.684323 31.973503 -0.200000
v 47.859134 31.745686 -0.200000
v 48.086951 31.570875 -0.200000
v 48.352250 31.460985 -0.200000
v 48.636951 31.423503 -0.200000
v 48.921652 31.460985 -0.200000
v 49.186951 31.570875 -0.200000
v 49.414768 31.745686 -0.200000
v 49.589579 31.973503 -0.200000
v 49.699469 32.238802 -0.200000
v 48.636951 28.309642 -0.200000
v 47.814867 28.390610 -0.200000
v 47.024376 28.630403 -0.200000
v 46.295855 29.019806 -0.200000
v 45.657301 29.543853 -0.200000
v 45.133254 30.182407 -0.200000
v 44.743851 30.910928 -0.200000
v 44.504058 31.701419 -0.200000
v 52.452954 33.129383 -0.200000
v 37.224080 -35.042972 -0.200000
v 36.710393 -35.554865 -0.200000
v 36.101923 -35.949418 -0.200000
v 35.424993 -36.209562 -0.200000
v 34.708891 -36.324041 -0.200000
v 35.004951 -31.860497 -0.200000
v 34.967469 -31.575796 -0.200000
v 34.857579 -31.310497 -0.200000
v 34.682768 -31.082680 -0.200000
v 34.454951 -30.907869 -0.200000
v 34.189652 -30.797979 -0.200000
v 33.904951 -30.760497 -0.200000
v 33.620250 -30.797979 -0.200000
v 33.354951 -30.907869 -0.200000
v 33.127134 -31.082680 -0.200000
v 32.952323 -31.310497 -0.200000
v 32.842433 -31.575796 -0.200000
v 32.804951 -31.860497 -0.200000
v 32.842433 -32.145198 -0.200000
v 32.952323 -32.410497 -0.200000
v 33.127134 -32.638314 -0.200000
v 33.354951 -32.813125 -0.200000
v 33.620250 -32.923015 -0.200000
v 33.904951 -32.960497 -0.200000
v 34.189652 -32.923015 -0.200000
v 34.454951 -32.813125 -0.200000
v 34.682768 -32.638314 -0.200000
v 34.857579 -32.410497 -0.200000
v 34.967469 -32.145198 -0.200000
v 29.230992 -30.954359 -0.200000
v 29.479836 -30.103985 -0.200000
v 29.881942 -29.314447 -0.200000
v 30.423382 -28.613090 -0.200000
v 31.085405 -28.024205 -0.200000
v 31.845081 -27.568188 -0.200000
v 32.676100 -27.260834 -0.200000
v 33.549680 -27.112786 -0.200000
v 34.435564 -27.129173 -0.200000
v 35.303071 -27.309427 -0.200000
v 36.122154 -27.647305 -0.200000
v 36.864446 -28.131105 -0.200000
v 34.515229 -36.326640 -0.200000
v -34.127049 -36.320232 -0.200000
v -34.852247 -36.318984 -0.200000
v -35.561497 -36.167729 -0.200000
v -36.224110 -35.873010 -0.200000
v -36.811412 -35.447581 -0.200000
v -28.810323 -31.860497 -0.200000
v -32.559049 -31.860497 -0.200000
v -32.596531 -31.575796 -0.200000
v -32.706421 -31.310497 -0.200000
v -32.881232 -31.082680 -0.200000
v -33.109049 -30.907869 -0.200000
v -33.374348 -30.797979 -0.200000
v -33.659049 -30.760497 -0.200000
v -33.943750 -30.797979 -0.200000
v -34.209049 -30.907869 -0.200000
v -34.436866 -31.082680 -0.200000
v -34.611677 -31.310497 -0.200000
v -34.721567 -31.575796 -0.200000
v -34.759049 -31.860497 -0.200000
v -34.721567 -32.145198 -0.200000
v -34.611677 -32.410497 -0.200000
v -34.436866 -32.638314 -0.200000
v -34.209049 -32.813125 -0.200000
v -33.943750 -32.923015 -0.200000
v -33.659049 -32.960497 -0.200000
v -33.374348 -32.923015 -0.200000
v -33.109049 -32.813125 -0.200000
v -32.881232 -32.638314 -0.200000
v -32.706421 -32.410497 -0.200000
v -32.596531 -32.145198 -0.200000
v -37.196545 -28.544435 -0.200000
v -36.531167 -27.953953 -0.200000
v -35.769108 -27.494973 -0.200000
v -34.936020 -27.182945 -0.200000
v -34.059947 -27.028372 -0.200000
v -33.170378 -27.036458 -0.200000
v -32.297260 -27.206931 -0.200000
v -31.469982 -27.534052 -0.200000
v -30.716392 -28.006809 -0.200000
v -30.061857 -28.609288 -0.200000
v -29.528411 -29.321210 -0.200000
v -29.134011 -30.118609 -0.200000
v -28.891931 -30.974643 -0.200000
v -36.950187 -35.312475 -0.200000
vt 5.795435 0.235000 0.000000
vt 0.000000 0.235000 0.000000
vt 5.795435 0.000000 0.000000
vt 0.000000 0.000000 0.000000
vt 0.200000 0.020000 0.000000
vt 0.449002 0.020000 0.000000
vt 0.200000 0.255000 0.000000
vt 0.449002 0.255000 0.000000
vt 0.000000 0.050000 0.000000
vt 8.890808 0.050000 0.000000
vt 0.000000 0.235000 0.000000
vt 8.890808 0.235000 0.000000
vt 8.890778 0.235000 0.000000
vt 0.000000 0.235000 0.000000
vt 8.890778 0.000000 0.000000
vt 0.000000 0.000000 0.000000
vt 0.000000 0.235000 0.000000
vt 0.000000 0.050000 0.000000
vt 0.200000 0.235000 0.000000
vt 0.200000 0.000000 0.000000
vt 0.000000 0.000000 0.000000
vt -2.880983 -3.432610 0.000000
vt 2.914452 -3.433151 0.000000
vt -2.880983 -3.186587 0.000000
vt 2.914452 -3.184149 0.000000
vt -2.889144 -3.098001 0.000000
vt 2.923148 -3.095973 0.000000
vt -2.913352 -3.012398 0.000000
vt 2.948033 -3.010935 0.000000
vt -2.952792 -2.932658 0.000000
vt 2.988243 -2.931982 0.000000
vt -3.006137 -2.861466 0.000000
vt 3.042387 -2.861846 0.000000
vt -3.071590 -2.801218 0.000000
vt 3.108590 -2.802957 0.000000
vt -3.146949 -2.753942 0.000000
vt 3.184557 -2.757356 0.000000
vt 4.565779 2.953848 0.000000
vt 4.629635 2.901444 0.000000
vt 3.267659 -2.726620 0.000000
vt 5.043890 -1.840930 0.000000
vt 3.355017 -2.711816 0.000000
vt 4.980197 -1.963987 0.000000
vt 3.443606 -2.713454 0.000000
vt 3.530356 -2.731480 0.000000
vt 3.612265 -2.765267 0.000000
vt 3.686494 -2.813647 0.000000
vt 3.750473 -2.874944 0.000000
vt 3.909958 -3.034429 0.000000
vt 5.040959 -1.870964 0.000000
vt 4.997842 -1.949149 0.000000
vt 5.032023 -1.899787 0.000000
vt 5.017451 -1.926212 0.000000
vt 5.045209 2.830427 0.000000
vt 4.863744 2.830427 0.000000
vt 4.781536 2.838524 0.000000
vt 4.702487 2.862503 0.000000
vt -4.570295 2.957653 0.000000
vt 4.513375 3.017704 0.000000
vt -4.518560 3.020693 0.000000
vt 4.474434 3.090556 0.000000
vt -4.480117 3.092615 0.000000
vt 4.450455 3.169605 0.000000
vt -4.456444 3.170655 0.000000
vt 4.442358 3.251813 0.000000
vt -4.448450 3.251813 0.000000
vt -4.448420 3.431808 0.000000
vt -4.448450 3.631808 0.000000
vt 4.442358 3.433151 0.000000
vt -4.633335 2.905917 0.000000
vt -3.229677 -2.721230 0.000000
vt -5.044838 -1.835236 0.000000
vt -3.316989 -2.704183 0.000000
vt -3.405945 -2.703374 0.000000
vt -4.983766 -1.957317 0.000000
vt -3.493553 -2.718831 0.000000
vt -3.576862 -2.750034 0.000000
vt -3.653067 -2.795932 0.000000
vt -3.719605 -2.854980 0.000000
vt -3.903922 -3.039297 0.000000
vt -4.705257 2.867474 0.000000
vt -4.783297 2.843801 0.000000
vt -4.864456 2.835808 0.000000
vt -5.045209 2.835808 0.000000
vt -5.044663 -1.848319 0.000000
vt -5.038767 -1.879924 0.000000
vt -5.026214 -1.909522 0.000000
vt -5.007589 -1.935728 0.000000
vt 0.000000 0.050000 0.000000
vt 4.672394 0.050000 0.000000
vt 0.000000 0.235000 0.000000
vt 4.672394 0.235000 0.000000
vt -0.235000 0.000000 0.000000
vt -0.050000 0.000000 0.000000
vt -0.235000 0.072651 0.000000
vt -0.050000 0.072651 0.000000
vt -0.235000 0.145302 0.000000
vt -0.050000 0.145302 0.000000
vt -0.235000 0.217953 0.000000
vt -0.050000 0.217953 0.000000
vt -0.235000 0.290604 0.000000
vt -0.050000 0.290604 0.000000
vt 0.000000 0.050000 0.000000
vt 0.019368 0.050000 0.000000
vt 0.000000 0.235000 0.000000
vt 0.019368 0.235000 0.000000
vt 4.671044 0.235000 0.000000
vt 0.000000 0.235000 0.000000
vt 4.671044 0.000000 0.000000
vt 0.000000 0.000000 0.000000
vt 0.013084 0.235000 0.000000
vt 0.000000 0.235000 0.000000
vt 0.013084 0.000000 0.000000
vt 0.000000 0.000000 0.000000
vt 0.235000 -0.000000 0.000000
vt 0.000000 0.032213 0.000000
vt 0.235000 0.032213 0.000000
vt 0.000000 0.064426 0.000000
vt 0.235000 0.064426 0.000000
vt 0.000000 0.096640 0.000000
vt 0.235000 0.096640 0.000000
vt 0.000000 0.128853 0.000000
vt 0.235000 0.128853 0.000000
vt 1.528641 0.235000 0.000000
vt -0.000000 0.235000 0.000000
vt 1.528641 0.000000 0.000000
vt 0.000000 0.000000 0.000000
vt 0.180753 0.255000 0.000000
vt 0.000000 0.255000 0.000000
vt 0.180753 0.020000 0.000000
vt 0.000000 0.020000 0.000000
vt -0.235000 -0.000000 0.000000
vt -0.050000 -0.000000 0.000000
vt -0.235000 0.072651 0.000000
vt -0.050000 0.072651 0.000000
vt -0.235000 0.145301 0.000000
vt -0.050000 0.145301 0.000000
vt -0.235000 0.217952 0.000000
vt -0.050000 0.217952 0.000000
vt -0.235000 0.290602 0.000000
vt -0.050000 0.290602 0.000000
vt 0.000000 0.050000 0.000000
vt 0.019368 0.050000 0.000000
vt 0.000000 0.235000 0.000000
vt 0.019368 0.235000 0.000000
vt 1.513691 0.235000 0.000000
vt -0.000000 0.235000 0.000000
vt 1.513691 0.000000 0.000000
vt -0.000000 0.000000 0.000000
vt 0.023054 0.235000 0.000000
vt -0.000000 0.235000 0.000000
vt 0.023054 0.000000 0.000000
vt -0.000000 0.000000 0.000000
vt 0.235000 0.000000 0.000000
vt -0.000000 0.030229 0.000000
vt 0.235000 0.030229 0.000000
vt -0.000000 0.060457 0.000000
vt 0.235000 0.060457 0.000000
vt -0.000000 0.090686 0.000000
vt 0.235000 0.090686 0.000000
vt -0.000000 0.120914 0.000000
vt 0.235000 0.120914 0.000000
vt 4.671357 0.235000 0.000000
vt 0.000000 0.235000 0.000000
vt 4.671357 -0.000000 0.000000
vt 0.000000 0.000000 0.000000
vt 0.225546 0.255000 0.000000
vt 0.000000 0.255000 0.000000
vt 0.225546 0.020000 0.000000
vt 0.000000 0.020000 0.000000
vt 0.000000 0.000000 0.000000
vt 0.459906 0.000000 0.000000
vt 0.000000 0.010000 0.000000
vt 0.459906 0.010000 0.000000
vt -0.043403 0.000000 0.000000
vt -0.032552 0.000000 0.000000
vt -0.043403 0.010000 0.000000
vt -0.032552 0.010000 0.000000
vt -0.027127 0.000000 0.000000
vt -0.027127 0.010000 0.000000
vt -0.024414 0.000000 0.000000
vt -0.024414 0.010000 0.000000
vt -0.021702 0.000000 0.000000
vt -0.021702 0.010000 0.000000
vt -0.018989 0.000000 0.000000
vt -0.018989 0.010000 0.000000
vt -0.016276 0.000000 0.000000
vt -0.016276 0.010000 0.000000
vt -0.010851 0.000000 0.000000
vt -0.010851 0.010000 0.000000
vt 0.000000 0.000000 0.000000
vt 0.000000 0.010000 0.000000
vt -0.000000 0.000000 0.000000
vt 0.093160 -0.000000 0.000000
vt 0.000000 0.010000 0.000000
vt 0.093160 0.010000 0.000000
vt 0.000000 0.000000 0.000000
vt 0.518868 0.000000 0.000000
vt 0.000000 0.010000 0.000000
vt 0.518868 0.010000 0.000000
vt 0.000000 0.000000 0.000000
vt 0.093160 0.000000 0.000000
vt 0.000000 0.010000 0.000000
vt 0.093160 0.010000 0.000000
vt -0.043411 0.000000 0.000000
vt -0.032558 0.000000 0.000000
vt -0.043411 0.010000 0.000000
vt -0.032558 0.010000 0.000000
vt -0.027132 0.000000 0.000000
vt -0.027132 0.010000 0.000000
vt -0.024419 0.000000 0.000000
vt -0.024419 0.010000 0.000000
vt -0.021705 0.000000 0.000000
vt -0.021705 0.010000 0.000000
vt -0.018992 0.000000 0.000000
vt -0.018992 0.010000 0.000000
vt -0.016279 0.000000 0.000000
vt -0.016279 0.010000 0.000000
vt -0.010853 0.000000 0.000000
vt -0.010853 0.010000 0.000000
vt 0.000000 0.000000 0.000000
vt 0.000000 0.010000 0.000000
vt 0.000000 0.000000 0.000000
vt 0.312500 0.000000 0.000000
vt 0.000000 0.010000 0.000000
vt 0.312500 0.010000 0.000000
vt -0.198353 0.000000 0.000000
vt -0.148764 0.000000 0.000000
vt -0.198353 0.010000 0.000000
vt -0.148764 0.010000 0.000000
vt -0.123970 0.000000 0.000000
vt -0.123970 0.010000 0.000000
vt -0.111573 0.000000 0.000000
vt -0.111573 0.010000 0.000000
vt -0.099176 0.000000 0.000000
vt -0.099176 0.010000 0.000000
vt -0.086779 0.000000 0.000000
vt -0.086779 0.010000 0.000000
vt -0.074382 0.000000 0.000000
vt -0.074382 0.010000 0.000000
vt -0.049588 0.000000 0.000000
vt -0.049588 0.010000 0.000000
vt 0.000000 0.000000 0.000000
vt 0.000000 0.010000 0.000000
vt 0.000000 0.000000 0.000000
vt 0.489387 0.000000 0.000000
vt 0.000000 0.010000 0.000000
vt 0.489387 0.010000 0.000000
vt -0.199090 0.000000 0.000000
vt -0.149317 0.000000 0.000000
vt -0.199090 0.010000 0.000000
vt -0.149317 0.010000 0.000000
vt -0.124431 0.000000 0.000000
vt -0.124431 0.010000 0.000000
vt -0.111988 0.000000 0.000000
vt -0.111988 0.010000 0.000000
vt -0.099545 0.000000 0.000000
vt -0.099545 0.010000 0.000000
vt -0.087102 0.000000 0.000000
vt -0.087102 0.010000 0.000000
vt -0.074659 0.000000 0.000000
vt -0.074659 0.010000 0.000000
vt -0.049772 0.000000 0.000000
vt -0.049772 0.010000 0.000000
vt 0.000000 0.000000 0.000000
vt 0.000000 0.010000 0.000000
vt -0.000000 0.000000 0.000000
vt 0.312500 -0.000000 0.000000
vt 0.000000 0.010000 0.000000
vt 0.312500 0.010000 0.000000
vt -0.000000 0.000000 0.000000
vt 0.750000 0.000000 0.000000
vt -0.000000 0.010000 0.000000
vt 0.750000 0.010000 0.000000
vt -3.385451 -0.365703 0.000000
vt -3.216502 -0.250601 0.000000
vt -3.383391 0.384294 0.000000
vt -3.215077 0.268265 0.000000
vt -3.070892 0.383436 0.000000
vt -3.121917 0.268009 0.000000
vt -3.108866 0.265942 0.000000
vt -3.072952 -0.366561 0.000000
vt -3.123342 -0.250857 0.000000
vt -3.110279 -0.248860 0.000000
vt -3.104596 -0.246970 0.000000
vt -3.102114 -0.245645 0.000000
vt -3.099929 -0.244008 0.000000
vt -3.098077 -0.242020 0.000000
vt -3.096541 -0.239700 0.000000
vt -3.094233 -0.234254 0.000000
vt -3.012789 -0.358616 0.000000
vt -3.091422 -0.221463 0.000000
vt -2.986424 -0.350592 0.000000
vt -2.937056 -0.294107 0.000000
vt -2.974822 -0.344857 0.000000
vt -2.964519 -0.337704 0.000000
vt -2.955692 -0.328944 0.000000
vt -2.948307 -0.318610 0.000000
vt -2.922829 -0.236077 0.000000
vt -3.090158 0.238441 0.000000
vt -2.921485 0.253308 0.000000
vt -2.935550 0.311088 0.000000
vt -2.946730 0.335482 0.000000
vt -2.954082 0.345768 0.000000
vt -2.962880 0.354487 0.000000
vt -2.973146 0.361614 0.000000
vt -2.984706 0.367337 0.000000
vt -3.010970 0.375376 0.000000
vt -3.092900 0.251247 0.000000
vt -3.095177 0.256706 0.000000
vt -3.096701 0.259034 0.000000
vt -3.098542 0.261032 0.000000
vt -3.100718 0.262681 0.000000
vt -3.103192 0.264020 0.000000
vt -0.371258 0.691983 0.000000
vt -4.660851 3.306748 0.000000
vt -0.529276 0.692417 0.000000
vt -4.653695 3.252396 0.000000
vt -0.736823 0.692987 0.000000
vt -0.918426 0.693486 0.000000
vt -1.067010 0.693894 0.000000
vt -1.064489 0.323602 0.000000
vt -1.069070 -0.056104 0.000000
vt -0.920486 -0.056512 0.000000
vt -3.242003 -3.037512 0.000000
vt -0.738882 -0.057010 0.000000
vt -0.531336 -0.057580 0.000000
vt -0.591454 -0.049305 0.000000
vt -0.121259 0.691296 0.000000
vt -0.311637 0.683800 0.000000
vt -0.285531 0.675711 0.000000
vt -0.274052 0.669968 0.000000
vt -0.263870 0.662826 0.000000
vt -0.255158 0.654098 0.000000
vt -0.247884 0.643816 0.000000
vt -0.236847 0.619467 0.000000
vt -0.223030 0.561858 0.000000
vt -0.224374 0.072473 0.000000
vt -0.123319 -0.058701 0.000000
vt -0.238353 0.014615 0.000000
vt -0.249462 -0.009844 0.000000
vt -0.256767 -0.020174 0.000000
vt -0.265510 -0.028944 0.000000
vt -0.275728 -0.036113 0.000000
vt -0.287250 -0.041867 0.000000
vt -0.313457 -0.049943 0.000000
vt -0.373318 -0.058014 0.000000
vt -3.208630 -3.081004 0.000000
vt -0.617775 -0.041136 0.000000
vt -0.629346 -0.035337 0.000000
vt -0.639609 -0.028128 0.000000
vt -0.648388 -0.019319 0.000000
vt -0.655716 -0.008945 0.000000
vt -0.666833 0.015619 0.000000
vt -0.680740 0.073727 0.000000
vt -0.888782 0.323120 0.000000
vt -0.679396 0.563111 0.000000
vt -0.665013 0.620814 0.000000
vt -0.653700 0.645146 0.000000
vt -0.646291 0.655391 0.000000
vt -0.637446 0.664062 0.000000
vt -0.627141 0.671132 0.000000
vt -0.615549 0.676792 0.000000
vt -0.589242 0.684687 0.000000
vt 0.346900 0.690010 0.000000
vt 4.661661 3.306748 0.000000
vt 0.192419 0.690435 0.000000
vt 0.030863 0.690878 0.000000
vt 0.191188 0.242323 0.000000
vt 0.344840 -0.059987 0.000000
vt 0.436875 0.389054 0.000000
vt 0.437345 0.560044 0.000000
vt 0.451479 0.617576 0.000000
vt 0.193897 -0.059572 0.000000
vt 3.184040 -3.081004 0.000000
vt 0.587763 -0.060654 0.000000
vt 0.527645 -0.052379 0.000000
vt 0.031217 0.390169 0.000000
vt 0.029983 -0.059122 0.000000
vt -4.681830 3.357396 0.000000
vt 4.682640 3.357396 0.000000
vt -4.715203 3.400888 0.000000
vt 4.716013 3.400888 0.000000
vt -4.924442 3.653806 0.000000
vt 4.924609 3.652319 0.000000
vt 4.759505 3.434261 0.000000
vt 4.810153 3.455240 0.000000
vt 1.428263 0.687040 0.000000
vt 4.661661 3.198044 0.000000
vt 1.259632 0.687503 0.000000
vt 4.654505 3.252396 0.000000
vt 1.140528 0.687831 0.000000
vt 0.971897 0.688294 0.000000
vt 0.730153 0.688958 0.000000
vt 0.789773 0.680775 0.000000
vt 1.533216 0.686752 0.000000
vt 1.426563 0.067939 0.000000
vt 1.531156 -0.063245 0.000000
vt 1.412336 0.009909 0.000000
vt 1.401085 -0.014594 0.000000
vt 1.393700 -0.024928 0.000000
vt 1.384872 -0.033688 0.000000
vt 1.374570 -0.040841 0.000000
vt 1.362967 -0.046576 0.000000
vt 1.336602 -0.054600 0.000000
vt 1.276440 -0.062546 0.000000
vt 1.118421 -0.062112 0.000000
vt 3.217413 -3.037512 0.000000
vt 3.260905 -3.004139 0.000000
vt 1.914409 -0.064298 0.000000
vt 2.058277 -0.064693 0.000000
vt 1.914749 0.059523 0.000000
vt 2.059997 0.561484 0.000000
vt 1.923204 0.561860 0.000000
vt 0.730451 -0.061046 0.000000
vt 1.058606 -0.053711 0.000000
vt 0.790312 -0.052975 0.000000
vt 1.032444 -0.045492 0.000000
vt 0.816519 -0.044899 0.000000
vt 1.020954 -0.039674 0.000000
vt 0.828041 -0.039144 0.000000
vt 1.010775 -0.032449 0.000000
vt 0.838259 -0.031975 0.000000
vt 1.002081 -0.023631 0.000000
vt 0.847002 -0.023206 0.000000
vt 0.994832 -0.013262 0.000000
vt 0.854307 -0.012876 0.000000
vt 0.983858 0.011258 0.000000
vt 0.865416 0.011583 0.000000
vt 0.970197 0.069192 0.000000
vt 0.879395 0.069442 0.000000
vt 0.879881 0.246328 0.000000
vt 0.878269 0.272751 0.000000
vt 0.878112 0.460956 0.000000
vt 0.873278 0.297955 0.000000
vt 0.862218 0.320969 0.000000
vt 0.847127 0.342527 0.000000
vt 0.822483 0.358142 0.000000
vt 0.796353 0.369259 0.000000
vt 0.768110 0.373985 0.000000
vt 0.709481 0.461419 0.000000
vt 0.738725 0.375254 0.000000
vt 0.637311 0.375532 0.000000
vt 0.605549 0.403921 0.000000
vt 0.605799 0.397934 0.000000
vt 0.878381 0.558833 0.000000
vt 0.864563 0.616442 0.000000
vt 0.853526 0.640791 0.000000
vt 0.846253 0.651073 0.000000
vt 0.837540 0.659801 0.000000
vt 0.827358 0.666943 0.000000
vt 0.815879 0.672686 0.000000
vt 1.138889 0.091135 0.000000
vt 1.257993 0.090807 0.000000
vt 1.226072 0.061414 0.000000
vt 1.255181 0.078016 0.000000
vt 1.252874 0.072570 0.000000
vt 1.239135 0.063410 0.000000
vt 1.251337 0.070250 0.000000
vt 1.244819 0.065301 0.000000
vt 1.247300 0.066626 0.000000
vt 1.169469 0.061569 0.000000
vt 1.141393 0.078508 0.000000
vt 1.143531 0.073097 0.000000
vt 1.156726 0.063770 0.000000
vt 1.144977 0.070776 0.000000
vt 1.151214 0.065745 0.000000
vt 1.148823 0.067104 0.000000
vt 1.146733 0.068770 0.000000
vt 1.249485 0.068263 0.000000
vt 2.366599 0.560642 0.000000
vt 2.425901 0.684300 0.000000
vt 2.366939 0.684462 0.000000
vt 4.682640 3.147396 0.000000
vt 1.923544 0.685680 0.000000
vt 1.700668 0.686292 0.000000
vt 2.228628 0.561021 0.000000
vt 2.226908 -0.065156 0.000000
vt 2.423842 -0.065697 0.000000
vt 3.311553 -2.983160 0.000000
vt 1.698948 0.060115 0.000000
vt 2.593351 0.253414 0.000000
vt 2.592813 0.057660 0.000000
vt 2.790284 0.252873 0.000000
vt 2.833378 0.056999 0.000000
vt 2.908211 0.682975 0.000000
vt 2.906151 -0.067022 0.000000
vt 2.833038 -0.066821 0.000000
vt 4.716013 3.103904 0.000000
vt 2.825664 0.683202 0.000000
vt 2.825324 0.559382 0.000000
vt 2.790624 0.376694 0.000000
vt 2.594193 0.560017 0.000000
vt 2.593691 0.377234 0.000000
vt 0.711198 0.227923 0.000000
vt 0.607256 0.166888 0.000000
vt 0.710825 0.092310 0.000000
vt 0.607052 0.092595 0.000000
vt 0.638811 0.063027 0.000000
vt 0.609793 0.079789 0.000000
vt 0.612071 0.074330 0.000000
vt 0.679436 0.256312 0.000000
vt 0.710947 0.233910 0.000000
vt 0.709943 0.239633 0.000000
vt 0.686052 0.256121 0.000000
vt 0.707549 0.244867 0.000000
vt 0.692457 0.255218 0.000000
vt 0.698465 0.252978 0.000000
vt 0.704182 0.249758 0.000000
vt 0.575663 0.256597 0.000000
vt 0.438625 0.167351 0.000000
vt 0.518104 0.266252 0.000000
vt 0.493164 0.275019 0.000000
vt 0.482326 0.281076 0.000000
vt 0.472831 0.288513 0.000000
vt 0.464834 0.297487 0.000000
vt 0.458238 0.307898 0.000000
vt 0.448449 0.332212 0.000000
vt 0.462650 0.641865 0.000000
vt 0.469979 0.652106 0.000000
vt 0.478739 0.660786 0.000000
vt 0.488961 0.667872 0.000000
vt 0.500471 0.673552 0.000000
vt 0.526621 0.681497 0.000000
vt 0.586285 0.689353 0.000000
vt 0.605912 0.535996 0.000000
vt 0.709685 0.535711 0.000000
vt 0.677926 0.565280 0.000000
vt 0.706943 0.548518 0.000000
vt 0.704666 0.553977 0.000000
vt 0.690978 0.563212 0.000000
vt 0.703142 0.556305 0.000000
vt 0.701301 0.558302 0.000000
vt 0.699125 0.559952 0.000000
vt 0.696651 0.561290 0.000000
vt 0.637832 0.565390 0.000000
vt 0.608723 0.548788 0.000000
vt 0.611030 0.554234 0.000000
vt 0.624769 0.563394 0.000000
vt 0.612567 0.556554 0.000000
vt 0.614419 0.558541 0.000000
vt 0.616604 0.560178 0.000000
vt 0.619086 0.561503 0.000000
vt 0.606803 0.392211 0.000000
vt 0.630695 0.375723 0.000000
vt 0.609197 0.386977 0.000000
vt 0.624290 0.376626 0.000000
vt 0.618282 0.378866 0.000000
vt 0.612564 0.382086 0.000000
vt 0.501325 -0.044209 0.000000
vt 0.489753 -0.038411 0.000000
vt 0.479491 -0.031202 0.000000
vt 0.470711 -0.022393 0.000000
vt 0.463384 -0.012019 0.000000
vt 0.452267 0.012546 0.000000
vt 0.438359 0.070653 0.000000
vt 0.625759 0.065095 0.000000
vt 0.613595 0.072002 0.000000
vt 0.620086 0.067017 0.000000
vt 0.617612 0.068355 0.000000
vt 0.615436 0.070004 0.000000
vt 0.678905 0.062917 0.000000
vt 0.708014 0.079519 0.000000
vt 0.705706 0.074073 0.000000
vt 0.691968 0.064913 0.000000
vt 0.704170 0.071753 0.000000
vt 0.697651 0.066804 0.000000
vt 0.700133 0.068129 0.000000
vt 0.702318 0.069766 0.000000
vt 3.376369 0.681690 0.000000
vt 4.759505 3.070531 0.000000
vt 3.221889 0.682114 0.000000
vt 3.060333 0.682558 0.000000
vt 3.374309 -0.068307 0.000000
vt 5.264888 -1.836139 0.000000
vt 4.969505 3.070531 0.000000
vt 4.918857 3.049552 0.000000
vt 3.223367 -0.067893 0.000000
vt 5.129956 -2.121740 0.000000
vt 5.264620 -1.856042 0.000000
vt 5.252643 -1.931621 0.000000
vt 5.225319 -2.003098 0.000000
vt 5.183828 -2.067395 0.000000
vt 3.060686 0.381848 0.000000
vt 3.059452 -0.067443 0.000000
vt 3.365905 -2.976004 0.000000
vt 3.420257 -2.983160 0.000000
vt 3.470905 -3.004139 0.000000
vt 3.220658 0.234002 0.000000
vt -1.234462 0.694354 0.000000
vt -1.294305 -0.055485 0.000000
vt -1.236522 -0.055644 0.000000
vt -4.660851 3.198044 0.000000
vt -1.466773 0.694992 0.000000
vt -1.681395 0.695581 0.000000
vt -1.862998 0.696080 0.000000
vt -1.863338 0.572260 0.000000
vt -2.514447 0.083480 0.000000
vt -2.711752 -0.051592 0.000000
vt -2.488876 -0.052204 0.000000
vt -3.336143 -2.983160 0.000000
vt -2.319065 -0.052670 0.000000
vt -2.171660 -0.053075 0.000000
vt -2.306732 0.573477 0.000000
vt -2.169940 0.573102 0.000000
vt -2.685436 0.083950 0.000000
vt -2.878025 -0.051135 0.000000
vt -3.390495 -2.976004 0.000000
vt -3.082034 -0.050575 0.000000
vt -5.263841 -1.839985 0.000000
vt -3.394533 -0.049717 0.000000
vt -3.392473 0.700281 0.000000
vt -2.706155 0.698396 0.000000
vt -2.931911 0.079910 0.000000
vt -2.946137 0.021880 0.000000
vt -2.957389 -0.002623 0.000000
vt -2.491533 0.697806 0.000000
vt -4.681830 3.147396 0.000000
vt -4.715203 3.103904 0.000000
vt -3.079974 0.699422 0.000000
vt -4.758695 3.070531 0.000000
vt -4.809343 3.049552 0.000000
vt -4.863695 3.042396 0.000000
vt -2.306392 0.697298 0.000000
vt -3.593339 -3.131652 0.000000
vt -5.129008 -2.125672 0.000000
vt -3.600495 -3.186004 0.000000
vt -3.737266 -3.517678 0.000000
vt -3.593339 -3.240356 0.000000
vt -3.572360 -3.291004 0.000000
vt -3.538987 -3.334496 0.000000
vt -3.495495 -3.367869 0.000000
vt -3.682919 -3.571553 0.000000
vt -3.444847 -3.388848 0.000000
vt -3.618621 -3.613047 0.000000
vt -3.547142 -3.640372 0.000000
vt -3.572360 -3.081004 0.000000
vt -3.538987 -3.037512 0.000000
vt -3.495495 -3.004139 0.000000
vt -3.444847 -2.983160 0.000000
vt -3.285495 -3.004139 0.000000
vt -2.003029 -0.053538 0.000000
vt -1.853265 -0.053950 0.000000
vt -1.464116 -0.055019 0.000000
vt -1.686992 -0.054406 0.000000
vt -1.489686 0.080665 0.000000
vt -1.660676 0.081135 0.000000
vt 3.163061 -3.131652 0.000000
vt -3.187651 -3.131652 0.000000
vt 3.155905 -3.186004 0.000000
vt -3.180495 -3.186004 0.000000
vt 3.163061 -3.240356 0.000000
vt -3.187651 -3.240356 0.000000
vt 3.184040 -3.291004 0.000000
vt -3.208630 -3.291004 0.000000
vt 3.411695 -3.651978 0.000000
vt -3.242003 -3.334496 0.000000
vt -3.451656 -3.652618 0.000000
vt -3.285495 -3.367869 0.000000
vt -3.336143 -3.388848 0.000000
vt -3.390495 -3.396004 0.000000
vt -3.471561 -3.652351 0.000000
vt 4.864505 3.462396 0.000000
vt 4.918857 3.455240 0.000000
vt 4.943160 3.652068 0.000000
vt 5.015906 3.640129 0.000000
vt 5.084378 3.612817 0.000000
vt 4.969505 3.434261 0.000000
vt 5.145371 3.571412 0.000000
vt 5.196025 3.517853 0.000000
vt 5.012997 3.400888 0.000000
vt 5.233969 3.454650 0.000000
vt 5.046370 3.357396 0.000000
vt 5.257426 3.384762 0.000000
vt 5.067349 3.306748 0.000000
vt 5.265295 3.311465 0.000000
vt 5.074505 3.252396 0.000000
vt 5.067349 3.198044 0.000000
vt 5.046370 3.147396 0.000000
vt 5.012997 3.103904 0.000000
vt 4.864505 3.042396 0.000000
vt 4.810153 3.049552 0.000000
vt 3.514397 -3.037512 0.000000
vt 3.547770 -3.081004 0.000000
vt 3.568749 -3.131652 0.000000
vt 3.575905 -3.186004 0.000000
vt 3.709073 -3.545432 0.000000
vt 3.568749 -3.240356 0.000000
vt 3.547770 -3.291004 0.000000
vt 3.514397 -3.334496 0.000000
vt 3.470905 -3.367869 0.000000
vt 3.694804 -3.559324 0.000000
vt 3.420257 -3.388848 0.000000
vt 3.632890 -3.604299 0.000000
vt 3.563025 -3.635522 0.000000
vt 3.488218 -3.651646 0.000000
vt 3.365905 -3.396004 0.000000
vt 3.311553 -3.388848 0.000000
vt 3.260905 -3.367869 0.000000
vt 3.217413 -3.334496 0.000000
vt -5.066539 3.198044 0.000000
vt -5.073695 3.252396 0.000000
vt -5.265295 3.313116 0.000000
vt -5.066539 3.306748 0.000000
vt -5.265045 3.331671 0.000000
vt -5.045560 3.357396 0.000000
vt -5.253105 3.404416 0.000000
vt -5.225793 3.472889 0.000000
vt -5.012187 3.400888 0.000000
vt -5.184388 3.533881 0.000000
vt -4.968695 3.434261 0.000000
vt -5.130829 3.584535 0.000000
vt -4.918047 3.455240 0.000000
vt -5.067626 3.622480 0.000000
vt -4.997739 3.645936 0.000000
vt -4.863695 3.462396 0.000000
vt -4.809343 3.455240 0.000000
vt -4.758695 3.434261 0.000000
vt -4.918047 3.049552 0.000000
vt -4.968695 3.070531 0.000000
vt -5.012187 3.103904 0.000000
vt -5.045560 3.147396 0.000000
vt -5.256055 -1.916370 0.000000
vt -5.232616 -1.989486 0.000000
vt -5.194540 -2.056161 0.000000
vt -5.143480 -2.113504 0.000000
vt -2.001309 0.572638 0.000000
vt -3.020051 0.691363 0.000000
vt -2.993788 0.683324 0.000000
vt -2.982228 0.677601 0.000000
vt -2.971961 0.670474 0.000000
vt -2.963164 0.661755 0.000000
vt -2.955812 0.651469 0.000000
vt -2.944632 0.627075 0.000000
vt -2.930567 0.569294 0.000000
vt -2.964773 -0.012957 0.000000
vt -2.973601 -0.021718 0.000000
vt -2.983903 -0.028870 0.000000
vt -2.995506 -0.034605 0.000000
vt -3.021871 -0.042630 0.000000
vt 0.000000 0.000000 0.000000
vt 0.123821 0.000000 0.000000
vt 0.000000 0.010000 0.000000
vt 0.123821 0.010000 0.000000
vt -0.000000 0.000000 0.000000
vt 0.137972 -0.000000 0.000000
vt 0.000000 0.010000 0.000000
vt 0.137972 0.010000 0.000000
vt 0.000000 0.000000 0.000000
vt 0.626179 0.000000 0.000000
vt 0.000000 0.010000 0.000000
vt 0.626179 0.010000 0.000000
vt -0.000000 0.000000 0.000000
vt 0.168632 -0.000000 0.000000
vt 0.000000 0.010000 0.000000
vt 0.168632 0.010000 0.000000
vt 0.000000 0.000000 0.000000
vt 0.626179 0.000000 0.000000
vt 0.000000 0.010000 0.000000
vt 0.626179 0.010000 0.000000
vt -0.000000 0.000000 0.000000
vt 0.136792 -0.000000 0.000000
vt 0.000000 0.010000 0.000000
vt 0.136792 0.010000 0.000000
vt 0.000000 0.000000 0.000000
vt 0.123821 0.000000 0.000000
vt 0.000000 0.010000 0.000000
vt 0.123821 0.010000 0.000000
vt 0.000000 0.000000 0.000000
vt 0.443396 0.000000 0.000000
vt 0.000000 0.010000 0.000000
vt 0.443396 0.010000 0.000000
vt -1.854256 0.256273 0.000000
vt -1.853916 0.380093 0.000000
vt -1.992227 0.256652 0.000000
vt -2.297310 0.381311 0.000000
vt -2.160859 0.257115 0.000000
vt -2.297650 0.257491 0.000000
vt -2.162578 -0.369062 0.000000
vt -1.993947 -0.369525 0.000000
vt 0.000000 0.000000 0.000000
vt 0.399867 0.000000 0.000000
vt 0.000000 0.010000 0.000000
vt 0.399867 0.010000 0.000000
vt 0.000000 0.000000 0.000000
vt 0.408618 0.000000 0.000000
vt 0.000000 0.010000 0.000000
vt 0.408618 0.010000 0.000000
vt -0.000000 0.000000 0.000000
vt 0.181604 -0.000000 0.000000
vt 0.000000 0.010000 0.000000
vt 0.181604 0.010000 0.000000
vt -0.000000 0.000000 0.000000
vt 0.406477 -0.000000 0.000000
vt -0.000000 0.010000 0.000000
vt 0.406477 0.010000 0.000000
vt 0.000000 0.000000 0.000000
vt 0.397679 0.000000 0.000000
vt 0.000000 0.010000 0.000000
vt 0.397679 0.010000 0.000000
vt 0.000000 0.000000 0.000000
vt 0.181604 0.000000 0.000000
vt 0.000000 0.010000 0.000000
vt 0.181604 0.010000 0.000000
vt -0.727741 0.377000 0.000000
vt -0.909344 0.377499 0.000000
vt -0.879701 0.007133 0.000000
vt -1.055408 0.007616 0.000000
vt -0.911404 -0.372498 0.000000
vt -0.729801 -0.372997 0.000000
vt 0.000000 0.000000 0.000000
vt 0.443396 0.000000 0.000000
vt 0.000000 0.010000 0.000000
vt 0.443396 0.010000 0.000000
vt -0.042537 0.000000 0.000000
vt -0.031902 0.000000 0.000000
vt -0.042537 0.010000 0.000000
vt -0.031902 0.010000 0.000000
vt -0.026585 0.000000 0.000000
vt -0.026585 0.010000 0.000000
vt -0.023927 0.000000 0.000000
vt -0.023927 0.010000 0.000000
vt -0.021268 0.000000 0.000000
vt -0.021268 0.010000 0.000000
vt -0.018610 0.000000 0.000000
vt -0.018610 0.010000 0.000000
vt -0.015951 0.000000 0.000000
vt -0.015951 0.010000 0.000000
vt -0.010634 0.000000 0.000000
vt -0.010634 0.010000 0.000000
vt 0.000000 0.000000 0.000000
vt 0.000000 0.010000 0.000000
vt -0.000000 0.000000 0.000000
vt 0.056604 -0.000000 0.000000
vt 0.000000 0.010000 0.000000
vt 0.056604 0.010000 0.000000
vt -0.043411 0.000000 0.000000
vt -0.032558 0.000000 0.000000
vt -0.043411 0.010000 0.000000
vt -0.032558 0.010000 0.000000
vt -0.027132 0.000000 0.000000
vt -0.027132 0.010000 0.000000
vt -0.024419 0.000000 0.000000
vt -0.024419 0.010000 0.000000
vt -0.021705 0.000000 0.000000
vt -0.021705 0.010000 0.000000
vt -0.018992 0.000000 0.000000
vt -0.018992 0.010000 0.000000
vt -0.016279 0.000000 0.000000
vt -0.016279 0.010000 0.000000
vt -0.010853 0.000000 0.000000
vt -0.010853 0.010000 0.000000
vt 0.000000 0.000000 0.000000
vt 0.000000 0.010000 0.000000
vt 0.000000 0.000000 0.000000
vt 0.443396 0.000000 0.000000
vt 0.000000 0.010000 0.000000
vt 0.443396 0.010000 0.000000
vt -0.043403 0.000000 0.000000
vt -0.032552 0.000000 0.000000
vt -0.043403 0.010000 0.000000
vt -0.032552 0.010000 0.000000
vt -0.027127 0.000000 0.000000
vt -0.027127 0.010000 0.000000
vt -0.024414 0.000000 0.000000
vt -0.024414 0.010000 0.000000
vt -0.021702 0.000000 0.000000
vt -0.021702 0.010000 0.000000
vt -0.018989 0.000000 0.000000
vt -0.018989 0.010000 0.000000
vt -0.016276 0.000000 0.000000
vt -0.016276 0.010000 0.000000
vt -0.010851 0.000000 0.000000
vt -0.010851 0.010000 0.000000
vt 0.000000 0.000000 0.000000
vt 0.000000 0.010000 0.000000
vt 0.000000 0.000000 0.000000
vt 0.056604 0.000000 0.000000
vt 0.000000 0.010000 0.000000
vt 0.056604 0.010000 0.000000
vt -0.042541 0.000000 0.000000
vt -0.031905 0.000000 0.000000
vt -0.042541 0.010000 0.000000
vt -0.031905 0.010000 0.000000
vt -0.026588 0.000000 0.000000
vt -0.026588 0.010000 0.000000
vt -0.023929 0.000000 0.000000
vt -0.023929 0.010000 0.000000
vt -0.021270 0.000000 0.000000
vt -0.021270 0.010000 0.000000
vt -0.018612 0.000000 0.000000
vt -0.018612 0.010000 0.000000
vt -0.015953 0.000000 0.000000
vt -0.015953 0.010000 0.000000
vt -0.010635 0.000000 0.000000
vt -0.010635 0.010000 0.000000
vt 0.000000 0.000000 0.000000
vt 0.000000 0.010000 0.000000
vt 0.000000 0.000000 0.000000
vt 0.158019 0.000000 0.000000
vt 0.000000 0.010000 0.000000
vt 0.158019 0.010000 0.000000
vt -0.197440 0.000000 0.000000
vt -0.148080 0.000000 0.000000
vt -0.197440 0.010000 0.000000
vt -0.148080 0.010000 0.000000
vt -0.123400 0.000000 0.000000
vt -0.123400 0.010000 0.000000
vt -0.111060 0.000000 0.000000
vt -0.111060 0.010000 0.000000
vt -0.098720 0.000000 0.000000
vt -0.098720 0.010000 0.000000
vt -0.086380 0.000000 0.000000
vt -0.086380 0.010000 0.000000
vt -0.074040 0.000000 0.000000
vt -0.074040 0.010000 0.000000
vt -0.049360 0.000000 0.000000
vt -0.049360 0.010000 0.000000
vt 0.000000 0.000000 0.000000
vt 0.000000 0.010000 0.000000
vt 0.000000 0.000000 0.000000
vt 0.489387 0.000000 0.000000
vt 0.000000 0.010000 0.000000
vt 0.489387 0.010000 0.000000
vt -0.198182 0.000000 0.000000
vt -0.148637 0.000000 0.000000
vt -0.198182 0.010000 0.000000
vt -0.148637 0.010000 0.000000
vt -0.123864 0.000000 0.000000
vt -0.123864 0.010000 0.000000
vt -0.111478 0.000000 0.000000
vt -0.111478 0.010000 0.000000
vt -0.099091 0.000000 0.000000
vt -0.099091 0.010000 0.000000
vt -0.086705 0.000000 0.000000
vt -0.086705 0.010000 0.000000
vt -0.074318 0.000000 0.000000
vt -0.074318 0.010000 0.000000
vt -0.049546 0.000000 0.000000
vt -0.049546 0.010000 0.000000
vt 0.000000 0.000000 0.000000
vt 0.000000 0.010000 0.000000
vt -0.000000 0.000000 0.000000
vt 0.158019 -0.000000 0.000000
vt 0.000000 0.010000 0.000000
vt 0.158019 0.010000 0.000000
vt -0.199102 0.000000 0.000000
vt -0.149327 0.000000 0.000000
vt -0.199102 0.010000 0.000000
vt -0.149327 0.010000 0.000000
vt -0.124439 0.000000 0.000000
vt -0.124439 0.010000 0.000000
vt -0.111995 0.000000 0.000000
vt -0.111995 0.010000 0.000000
vt -0.099551 0.000000 0.000000
vt -0.099551 0.010000 0.000000
vt -0.087107 0.000000 0.000000
vt -0.087107 0.010000 0.000000
vt -0.074663 0.000000 0.000000
vt -0.074663 0.010000 0.000000
vt -0.049776 0.000000 0.000000
vt -0.049776 0.010000 0.000000
vt 0.000000 0.000000 0.000000
vt 0.000000 0.010000 0.000000
vt 0.000000 0.000000 0.000000
vt 0.489387 0.000000 0.000000
vt 0.000000 0.010000 0.000000
vt 0.489387 0.010000 0.000000
vt -0.198339 0.000000 0.000000
vt -0.148754 0.000000 0.000000
vt -0.198339 0.010000 0.000000
vt -0.148754 0.010000 0.000000
vt -0.123962 0.000000 0.000000
vt -0.123962 0.010000 0.000000
vt -0.111566 0.000000 0.000000
vt -0.111566 0.010000 0.000000
vt -0.099169 0.000000 0.000000
vt -0.099169 0.010000 0.000000
vt -0.086773 0.000000 0.000000
vt -0.086773 0.010000 0.000000
vt -0.074377 0.000000 0.000000
vt -0.074377 0.010000 0.000000
vt -0.049585 0.000000 0.000000
vt -0.049585 0.010000 0.000000
vt 0.000000 0.000000 0.000000
vt 0.000000 0.010000 0.000000
vt -0.580160 0.368700 0.000000
vt -0.498936 0.235868 0.000000
vt -0.520194 0.376430 0.000000
vt -0.496629 0.241314 0.000000
vt -0.495092 0.243634 0.000000
vt -0.501748 0.223077 0.000000
vt -0.606468 0.360805 0.000000
vt -0.655932 0.304827 0.000000
vt -0.618059 0.355146 0.000000
vt -0.628364 0.348076 0.000000
vt -0.637210 0.339405 0.000000
vt -0.644618 0.329159 0.000000
vt -0.670314 0.247125 0.000000
vt -0.502965 -0.220318 0.000000
vt -0.671658 -0.242260 0.000000
vt -0.657751 -0.300367 0.000000
vt -0.646634 -0.324932 0.000000
vt -0.639307 -0.335306 0.000000
vt -0.630527 -0.344115 0.000000
vt -0.620264 -0.351324 0.000000
vt -0.608693 -0.357122 0.000000
vt -0.582373 -0.365292 0.000000
vt -0.500224 -0.233124 0.000000
vt -0.522254 -0.373567 0.000000
vt -0.497947 -0.238583 0.000000
vt -0.496423 -0.240911 0.000000
vt -0.494582 -0.242909 0.000000
vt -0.492406 -0.244558 0.000000
vt -0.489932 -0.245896 0.000000
vt -0.484258 -0.247818 0.000000
vt -0.471207 -0.249886 0.000000
vt -0.364236 -0.374001 0.000000
vt -0.414603 -0.250041 0.000000
vt -0.401849 -0.247911 0.000000
vt -0.396326 -0.245966 0.000000
vt -0.393927 -0.244620 0.000000
vt -0.391828 -0.242966 0.000000
vt -0.390061 -0.240970 0.000000
vt -0.388602 -0.238656 0.000000
vt -0.386434 -0.233257 0.000000
vt -0.304375 -0.365930 0.000000
vt -0.383862 -0.220645 0.000000
vt -0.278168 -0.357854 0.000000
vt -0.229271 -0.301372 0.000000
vt -0.266647 -0.352099 0.000000
vt -0.256428 -0.344930 0.000000
vt -0.247685 -0.336161 0.000000
vt -0.240380 -0.325831 0.000000
vt -0.215292 -0.243513 0.000000
vt -0.382644 0.222750 0.000000
vt -0.213948 0.245871 0.000000
vt -0.227766 0.303480 0.000000
vt -0.238803 0.327830 0.000000
vt -0.246076 0.338111 0.000000
vt -0.254788 0.346839 0.000000
vt -0.264971 0.353981 0.000000
vt -0.276450 0.359724 0.000000
vt -0.302556 0.367813 0.000000
vt -0.385147 0.235377 0.000000
vt -0.362176 0.375996 0.000000
vt -0.387285 0.240787 0.000000
vt -0.388731 0.243109 0.000000
vt -0.390487 0.245114 0.000000
vt -0.392578 0.246780 0.000000
vt -0.394968 0.248140 0.000000
vt -0.400481 0.250115 0.000000
vt -0.413223 0.252315 0.000000
vt -0.469827 0.252471 0.000000
vt -0.482890 0.250474 0.000000
vt -0.488573 0.248584 0.000000
vt -0.491055 0.247259 0.000000
vt -0.493240 0.245622 0.000000
vt -3.099240 0.554428 0.000000
vt -3.117947 0.581928 0.000000
vt -3.100503 0.094524 0.000000
vt -3.130999 0.583996 0.000000
vt -3.119361 0.067126 0.000000
vt -3.132424 0.065130 0.000000
vt -3.224159 0.584252 0.000000
vt -3.225584 0.065386 0.000000
vt -3.101981 0.567234 0.000000
vt -3.104259 0.572693 0.000000
vt -3.105783 0.575021 0.000000
vt -3.107624 0.577019 0.000000
vt -3.109800 0.578668 0.000000
vt -3.112274 0.580006 0.000000
vt -3.113677 0.069017 0.000000
vt -3.111196 0.070342 0.000000
vt -3.109011 0.071979 0.000000
vt -3.107159 0.073967 0.000000
vt -3.105622 0.076286 0.000000
vt -3.103315 0.081732 0.000000
vt 0.000000 0.000000 0.000000
vt 0.154481 0.000000 0.000000
vt 0.000000 0.010000 0.000000
vt 0.154481 0.010000 0.000000
vt 0.000000 0.000000 0.000000
vt 0.750000 0.000000 0.000000
vt 0.000000 0.010000 0.000000
vt 0.750000 0.010000 0.000000
vt -0.000000 0.000000 0.000000
vt 0.150944 -0.000000 0.000000
vt 0.000000 0.010000 0.000000
vt 0.150944 0.010000 0.000000
vt -0.000000 0.000000 0.000000
vt 0.478259 -0.000000 0.000000
vt 0.000000 0.010000 0.000000
vt 0.478259 0.010000 0.000000
vt -0.000000 0.000000 0.000000
vt 0.449292 0.000000 0.000000
vt -0.000000 0.010000 0.000000
vt 0.449292 0.010000 0.000000
vt -0.000000 0.000000 0.000000
vt 0.153302 -0.000000 0.000000
vt 0.000000 0.010000 0.000000
vt 0.153302 0.010000 0.000000
vt 0.000000 0.000000 0.000000
vt 0.750000 0.000000 0.000000
vt 0.000000 0.010000 0.000000
vt 0.750000 0.010000 0.000000
vt -0.000000 0.000000 0.000000
vt 0.152123 0.000000 0.000000
vt -0.000000 0.010000 0.000000
vt 0.152123 0.010000 0.000000
vt 0.000000 0.000000 0.000000
vt 0.476346 0.000000 0.000000
vt 0.000000 0.010000 0.000000
vt 0.476346 0.010000 0.000000
vt 0.000000 0.000000 0.000000
vt 0.448113 0.000000 0.000000
vt 0.000000 0.010000 0.000000
vt 0.448113 0.010000 0.000000
vt 0.201501 0.374448 0.000000
vt 0.200270 -0.073664 0.000000
vt 0.355981 0.374024 0.000000
vt 0.353922 -0.375973 0.000000
vt 0.202979 -0.375559 0.000000
vt 0.040298 0.074182 0.000000
vt 0.039945 0.374892 0.000000
vt -0.112177 0.375310 0.000000
vt -0.114237 -0.374688 0.000000
vt 0.039064 -0.375109 0.000000
vt 0.000000 0.000000 0.000000
vt 0.168632 0.000000 0.000000
vt 0.000000 0.010000 0.000000
vt 0.168632 0.010000 0.000000
vt 0.000000 0.000000 0.000000
vt 0.619104 0.000000 0.000000
vt 0.000000 0.010000 0.000000
vt 0.619104 0.010000 0.000000
vt -0.199089 0.000000 0.000000
vt -0.149317 0.000000 0.000000
vt -0.199089 0.010000 0.000000
vt -0.149317 0.010000 0.000000
vt -0.124431 0.000000 0.000000
vt -0.124431 0.010000 0.000000
vt -0.111988 0.000000 0.000000
vt -0.111988 0.010000 0.000000
vt -0.099545 0.000000 0.000000
vt -0.099545 0.010000 0.000000
vt -0.087102 0.000000 0.000000
vt -0.087102 0.010000 0.000000
vt -0.074659 0.000000 0.000000
vt -0.074659 0.010000 0.000000
vt -0.049772 0.000000 0.000000
vt -0.049772 0.010000 0.000000
vt 0.000000 0.000000 0.000000
vt 0.000000 0.010000 0.000000
vt -0.000000 0.000000 0.000000
vt 0.158019 -0.000000 0.000000
vt -0.000000 0.010000 0.000000
vt 0.158019 0.010000 0.000000
vt -0.198195 0.000000 0.000000
vt -0.148646 0.000000 0.000000
vt -0.198195 0.010000 0.000000
vt -0.148646 0.010000 0.000000
vt -0.123872 0.000000 0.000000
vt -0.123872 0.010000 0.000000
vt -0.111484 0.000000 0.000000
vt -0.111484 0.010000 0.000000
vt -0.099097 0.000000 0.000000
vt -0.099097 0.010000 0.000000
vt -0.086710 0.000000 0.000000
vt -0.086710 0.010000 0.000000
vt -0.074323 0.000000 0.000000
vt -0.074323 0.010000 0.000000
vt -0.049549 0.000000 0.000000
vt -0.049549 0.010000 0.000000
vt 0.000000 0.000000 0.000000
vt 0.000000 0.010000 0.000000
vt 0.000000 0.000000 0.000000
vt 0.619104 0.000000 0.000000
vt 0.000000 0.010000 0.000000
vt 0.619104 0.010000 0.000000
vt 0.000000 0.000000 0.000000
vt 0.168632 0.000000 0.000000
vt 0.000000 0.010000 0.000000
vt 0.168632 0.010000 0.000000
vt 0.000000 0.000000 0.000000
vt 0.596698 0.000000 0.000000
vt 0.000000 0.010000 0.000000
vt 0.596698 0.010000 0.000000
vt -0.042537 0.000000 0.000000
vt -0.031903 0.000000 0.000000
vt -0.042537 0.010000 0.000000
vt -0.031903 0.010000 0.000000
vt -0.026585 0.000000 0.000000
vt -0.026585 0.010000 0.000000
vt -0.023927 0.000000 0.000000
vt -0.023927 0.010000 0.000000
vt -0.021268 0.000000 0.000000
vt -0.021268 0.010000 0.000000
vt -0.018610 0.000000 0.000000
vt -0.018610 0.010000 0.000000
vt -0.015951 0.000000 0.000000
vt -0.015951 0.010000 0.000000
vt -0.010634 0.000000 0.000000
vt -0.010634 0.010000 0.000000
vt 0.000000 0.000000 0.000000
vt 0.000000 0.010000 0.000000
vt 0.000000 0.000000 0.000000
vt 0.056603 0.000000 0.000000
vt 0.000000 0.010000 0.000000
vt 0.056603 0.010000 0.000000
vt -0.043411 0.000000 0.000000
vt -0.032558 0.000000 0.000000
vt -0.043411 0.010000 0.000000
vt -0.032558 0.010000 0.000000
vt -0.027132 0.000000 0.000000
vt -0.027132 0.010000 0.000000
vt -0.024419 0.000000 0.000000
vt -0.024419 0.010000 0.000000
vt -0.021706 0.000000 0.000000
vt -0.021706 0.010000 0.000000
vt -0.018992 0.000000 0.000000
vt -0.018992 0.010000 0.000000
vt -0.016279 0.000000 0.000000
vt -0.016279 0.010000 0.000000
vt -0.010853 0.000000 0.000000
vt -0.010853 0.010000 0.000000
vt 0.000000 0.000000 0.000000
vt 0.000000 0.010000 0.000000
vt -0.000000 0.000000 0.000000
vt 0.596698 0.000000 0.000000
vt -0.000000 0.010000 0.000000
vt 0.596698 0.010000 0.000000
vt 1.268713 0.371517 0.000000
vt 1.267075 -0.225179 0.000000
vt 1.437345 0.371054 0.000000
vt 1.435644 -0.248048 0.000000
vt 1.421418 -0.306078 0.000000
vt 1.372049 -0.362562 0.000000
vt 1.383652 -0.356828 0.000000
vt 1.345684 -0.370587 0.000000
vt 1.264263 -0.237970 0.000000
vt 1.285521 -0.378532 0.000000
vt 1.261956 -0.243416 0.000000
vt 1.260419 -0.245736 0.000000
vt 1.258567 -0.247724 0.000000
vt 1.256382 -0.249361 0.000000
vt 1.253900 -0.250686 0.000000
vt 1.248217 -0.252576 0.000000
vt 1.235154 -0.254573 0.000000
vt 1.178551 -0.254417 0.000000
vt 1.127503 -0.378098 0.000000
vt 1.165808 -0.252217 0.000000
vt 1.160296 -0.250242 0.000000
vt 1.157905 -0.248882 0.000000
vt 1.155814 -0.247217 0.000000
vt 1.154058 -0.245211 0.000000
vt 1.152612 -0.242889 0.000000
vt 1.150474 -0.237479 0.000000
vt 1.067688 -0.369698 0.000000
vt 1.147971 -0.224852 0.000000
vt 1.041525 -0.361479 0.000000
vt 0.992939 -0.304729 0.000000
vt 1.030036 -0.355661 0.000000
vt 1.019857 -0.348436 0.000000
vt 1.011162 -0.339618 0.000000
vt 1.003914 -0.329248 0.000000
vt 1.149610 0.371844 0.000000
vt 0.980979 0.372307 0.000000
vt 0.979278 -0.246794 0.000000
vt 1.393954 -0.349675 0.000000
vt 1.402782 -0.340915 0.000000
vt 1.410166 -0.330581 0.000000
vt 0.000000 0.000000 0.000000
vt 0.123821 0.000000 0.000000
vt 0.000000 0.010000 0.000000
vt 0.123821 0.010000 0.000000
vt -0.000000 0.000000 0.000000
vt 0.137971 -0.000000 0.000000
vt 0.000000 0.010000 0.000000
vt 0.137971 0.010000 0.000000
vt 0.000000 0.000000 0.000000
vt 0.626179 0.000000 0.000000
vt 0.000000 0.010000 0.000000
vt 0.626179 0.010000 0.000000
vt -0.000000 0.000000 0.000000
vt 0.168632 -0.000000 0.000000
vt -0.000000 0.010000 0.000000
vt 0.168632 0.010000 0.000000
vt 0.000000 0.000000 0.000000
vt 0.626179 0.000000 0.000000
vt 0.000000 0.010000 0.000000
vt 0.626179 0.010000 0.000000
vt -0.000000 0.000000 0.000000
vt 0.136793 -0.000000 0.000000
vt 0.000000 0.010000 0.000000
vt 0.136793 0.010000 0.000000
vt 0.000000 0.000000 0.000000
vt 0.123821 0.000000 0.000000
vt 0.000000 0.010000 0.000000
vt 0.123821 0.010000 0.000000
vt -0.000000 0.000000 0.000000
vt 0.443396 0.000000 0.000000
vt -0.000000 0.010000 0.000000
vt 0.443396 0.010000 0.000000
vt 2.375680 0.244655 0.000000
vt 2.376021 0.368476 0.000000
vt 2.237710 0.245034 0.000000
vt 1.932626 0.369693 0.000000
vt 2.069078 0.245497 0.000000
vt 1.932286 0.245873 0.000000
vt 2.067358 -0.380680 0.000000
vt 2.235990 -0.381143 0.000000
vt 0.000000 0.000000 0.000000
vt 0.240566 0.000000 0.000000
vt 0.000000 0.010000 0.000000
vt 0.240566 0.010000 0.000000
vt 0.000000 0.000000 0.000000
vt 0.123821 0.000000 0.000000
vt 0.000000 0.010000 0.000000
vt 0.123821 0.010000 0.000000
vt -0.000000 0.000000 0.000000
vt 0.409198 -0.000000 0.000000
vt 0.000000 0.010000 0.000000
vt 0.409198 0.010000 0.000000
vt 0.000000 0.000000 0.000000
vt 0.750000 0.000000 0.000000
vt 0.000000 0.010000 0.000000
vt 0.750000 0.010000 0.000000
vt 0.000000 0.000000 0.000000
vt 0.399764 0.000000 0.000000
vt 0.000000 0.010000 0.000000
vt 0.399764 0.010000 0.000000
vt 0.000000 0.000000 0.000000
vt 0.123821 0.000000 0.000000
vt 0.000000 0.010000 0.000000
vt 0.123821 0.010000 0.000000
vt -0.000000 0.000000 0.000000
vt 0.231132 -0.000000 0.000000
vt 0.000000 0.010000 0.000000
vt 0.231132 0.010000 0.000000
vt 0.000000 0.000000 0.000000
vt 0.182783 0.000000 0.000000
vt 0.000000 0.010000 0.000000
vt 0.182783 0.010000 0.000000
vt 0.000000 0.000000 0.000000
vt 0.196934 0.000000 0.000000
vt 0.000000 0.010000 0.000000
vt 0.196934 0.010000 0.000000
vt 0.000000 0.000000 0.000000
vt 0.123821 0.000000 0.000000
vt 0.000000 0.010000 0.000000
vt 0.123821 0.010000 0.000000
vt -0.000000 0.000000 0.000000
vt 0.196934 -0.000000 0.000000
vt 0.000000 0.010000 0.000000
vt 0.196934 0.010000 0.000000
vt -0.000000 0.000000 0.000000
vt 0.195755 0.000000 0.000000
vt -0.000000 0.010000 0.000000
vt 0.195755 0.010000 0.000000
vt 2.602432 -0.062572 0.000000
vt 2.432923 -0.381684 0.000000
vt 2.601895 -0.258326 0.000000
vt 2.842120 -0.382807 0.000000
vt 2.842460 -0.258987 0.000000
vt 2.799366 -0.063113 0.000000
vt 2.602772 0.061248 0.000000
vt 2.434983 0.368314 0.000000
vt 2.799706 0.060707 0.000000
vt 2.603274 0.244030 0.000000
vt 2.834746 0.367216 0.000000
vt 2.834406 0.243395 0.000000
vt 0.000000 0.000000 0.000000
vt 0.215802 0.000000 0.000000
vt 0.000000 0.010000 0.000000
vt 0.215802 0.010000 0.000000
vt 0.000000 0.000000 0.000000
vt 0.123821 0.000000 0.000000
vt 0.000000 0.010000 0.000000
vt 0.123821 0.010000 0.000000
vt -0.000000 0.000000 0.000000
vt 0.383255 -0.000000 0.000000
vt -0.000000 0.010000 0.000000
vt 0.383255 0.010000 0.000000
vt 0.000000 0.000000 0.000000
vt 0.750000 0.000000 0.000000
vt 0.000000 0.010000 0.000000
vt 0.750000 0.010000 0.000000
vt 0.000000 0.000000 0.000000
vt 0.167453 0.000000 0.000000
vt 0.000000 0.010000 0.000000
vt 0.167453 0.010000 0.000000
vt 0.000000 0.000000 0.000000
vt 0.626179 0.000000 0.000000
vt 0.000000 0.010000 0.000000
vt 0.626179 0.010000 0.000000
vt 1.709750 0.370306 0.000000
vt 1.542298 0.370765 0.000000
vt 1.708030 -0.255871 0.000000
vt 1.540238 -0.379232 0.000000
vt 1.923491 -0.380284 0.000000
vt 1.923831 -0.256464 0.000000
vt -0.000000 0.000000 0.000000
vt 0.135613 0.000000 0.000000
vt -0.000000 0.010000 0.000000
vt 0.135613 0.010000 0.000000
vt -0.022958 0.000000 0.000000
vt -0.017218 0.000000 0.000000
vt -0.022958 0.010000 0.000000
vt -0.017218 0.010000 0.000000
vt -0.011479 0.000000 0.000000
vt -0.011479 0.010000 0.000000
vt -0.005739 0.000000 0.000000
vt -0.005739 0.010000 0.000000
vt 0.000000 0.000000 0.000000
vt 0.000000 0.010000 0.000000
vt -0.025621 0.000000 0.000000
vt -0.019216 0.000000 0.000000
vt -0.025621 0.010000 0.000000
vt -0.019216 0.010000 0.000000
vt -0.012811 0.000000 0.000000
vt -0.012811 0.010000 0.000000
vt -0.006405 0.000000 0.000000
vt -0.006405 0.010000 0.000000
vt 0.000000 0.000000 0.000000
vt 0.000000 0.010000 0.000000
vt -0.000000 0.000000 0.000000
vt 0.103774 -0.000000 0.000000
vt 0.000000 0.010000 0.000000
vt 0.103774 0.010000 0.000000
vt -0.191884 0.000000 0.000000
vt -0.143913 0.000000 0.000000
vt -0.191884 0.010000 0.000000
vt -0.143913 0.010000 0.000000
vt -0.119928 0.000000 0.000000
vt -0.119928 0.010000 0.000000
vt -0.107935 0.000000 0.000000
vt -0.107935 0.010000 0.000000
vt -0.095942 0.000000 0.000000
vt -0.095942 0.010000 0.000000
vt -0.083949 0.000000 0.000000
vt -0.083949 0.010000 0.000000
vt -0.071957 0.000000 0.000000
vt -0.071957 0.010000 0.000000
vt -0.047971 0.000000 0.000000
vt -0.047971 0.010000 0.000000
vt 0.000000 0.000000 0.000000
vt 0.000000 0.010000 0.000000
vt 0.000000 0.000000 0.000000
vt 0.170990 0.000000 0.000000
vt 0.000000 0.010000 0.000000
vt 0.170990 0.010000 0.000000
vt -0.197427 0.000000 0.000000
vt -0.148070 0.000000 0.000000
vt -0.197427 0.010000 0.000000
vt -0.148070 0.010000 0.000000
vt -0.123392 0.000000 0.000000
vt -0.123392 0.010000 0.000000
vt -0.111053 0.000000 0.000000
vt -0.111053 0.010000 0.000000
vt -0.098714 0.000000 0.000000
vt -0.098714 0.010000 0.000000
vt -0.086374 0.000000 0.000000
vt -0.086374 0.010000 0.000000
vt -0.074035 0.000000 0.000000
vt -0.074035 0.010000 0.000000
vt -0.049357 0.000000 0.000000
vt -0.049357 0.010000 0.000000
vt 0.000000 0.000000 0.000000
vt 0.000000 0.010000 0.000000
vt 0.000000 0.000000 0.000000
vt 0.143868 0.000000 0.000000
vt 0.000000 0.010000 0.000000
vt 0.143868 0.010000 0.000000
vt -0.197440 0.000000 0.000000
vt -0.148080 0.000000 0.000000
vt -0.197440 0.010000 0.000000
vt -0.148080 0.010000 0.000000
vt -0.123400 0.000000 0.000000
vt -0.123400 0.010000 0.000000
vt -0.111060 0.000000 0.000000
vt -0.111060 0.010000 0.000000
vt -0.098720 0.000000 0.000000
vt -0.098720 0.010000 0.000000
vt -0.086380 0.000000 0.000000
vt -0.086380 0.010000 0.000000
vt -0.074040 0.000000 0.000000
vt -0.074040 0.010000 0.000000
vt -0.049360 0.000000 0.000000
vt -0.049360 0.010000 0.000000
vt 0.000000 0.000000 0.000000
vt 0.000000 0.010000 0.000000
vt 0.000000 0.000000 0.000000
vt 0.097877 0.000000 0.000000
vt -0.000000 0.010000 0.000000
vt 0.097877 0.010000 0.000000
vt -0.000000 0.000000 0.000000
vt 0.168632 -0.000000 0.000000
vt 0.000000 0.010000 0.000000
vt 0.168632 0.010000 0.000000
vt 0.000000 0.000000 0.000000
vt 0.074292 0.000000 0.000000
vt 0.000000 0.010000 0.000000
vt 0.074292 0.010000 0.000000
vt -0.043403 0.000000 0.000000
vt -0.032552 0.000000 0.000000
vt -0.043403 0.010000 0.000000
vt -0.032552 0.010000 0.000000
vt -0.027127 0.000000 0.000000
vt -0.027127 0.010000 0.000000
vt -0.024414 0.000000 0.000000
vt -0.024414 0.010000 0.000000
vt -0.021701 0.000000 0.000000
vt -0.021701 0.010000 0.000000
vt -0.018989 0.000000 0.000000
vt -0.018989 0.010000 0.000000
vt -0.016276 0.000000 0.000000
vt -0.016276 0.010000 0.000000
vt -0.010851 0.000000 0.000000
vt -0.010851 0.010000 0.000000
vt 0.000000 0.000000 0.000000
vt 0.000000 0.010000 0.000000
vt -0.000000 0.000000 0.000000
vt 0.040094 -0.000000 0.000000
vt 0.000000 0.010000 0.000000
vt 0.040094 0.010000 0.000000
vt -0.043411 0.000000 0.000000
vt -0.032558 0.000000 0.000000
vt -0.043411 0.010000 0.000000
vt -0.032558 0.010000 0.000000
vt -0.027132 0.000000 0.000000
vt -0.027132 0.010000 0.000000
vt -0.024419 0.000000 0.000000
vt -0.024419 0.010000 0.000000
vt -0.021706 0.000000 0.000000
vt -0.021706 0.010000 0.000000
vt -0.018992 0.000000 0.000000
vt -0.018992 0.010000 0.000000
vt -0.016279 0.000000 0.000000
vt -0.016279 0.010000 0.000000
vt -0.010853 0.000000 0.000000
vt -0.010853 0.010000 0.000000
vt 0.000000 0.000000 0.000000
vt 0.000000 0.010000 0.000000
vt 0.000000 0.000000 0.000000
vt 0.132075 0.000000 0.000000
vt 0.000000 0.010000 0.000000
vt 0.132075 0.010000 0.000000
vt -0.022957 0.000000 0.000000
vt -0.017218 0.000000 0.000000
vt -0.022957 0.010000 0.000000
vt -0.017218 0.010000 0.000000
vt -0.011479 0.000000 0.000000
vt -0.011479 0.010000 0.000000
vt -0.005739 0.000000 0.000000
vt -0.005739 0.010000 0.000000
vt 0.000000 0.000000 0.000000
vt 0.000000 0.010000 0.000000
vt -0.025622 0.000000 0.000000
vt -0.019216 0.000000 0.000000
vt -0.025622 0.010000 0.000000
vt -0.019216 0.010000 0.000000
vt -0.012811 0.000000 0.000000
vt -0.012811 0.010000 0.000000
vt -0.006405 0.000000 0.000000
vt -0.006405 0.010000 0.000000
vt 0.000000 0.000000 0.000000
vt 0.000000 0.010000 0.000000
vt 0.000000 0.000000 0.000000
vt 0.101415 0.000000 0.000000
vt -0.000000 0.010000 0.000000
vt 0.101415 0.010000 0.000000
vt -0.113325 0.000000 0.000000
vt -0.084994 0.000000 0.000000
vt -0.113325 0.010000 0.000000
vt -0.084994 0.010000 0.000000
vt -0.056663 0.000000 0.000000
vt -0.056663 0.010000 0.000000
vt -0.028331 0.000000 0.000000
vt -0.028331 0.010000 0.000000
vt 0.000000 0.000000 0.000000
vt 0.000000 0.010000 0.000000
vt -0.101663 0.000000 0.000000
vt -0.076247 0.000000 0.000000
vt -0.101663 0.010000 0.000000
vt -0.076247 0.010000 0.000000
vt -0.050831 0.000000 0.000000
vt -0.050831 0.010000 0.000000
vt -0.025416 0.000000 0.000000
vt -0.025416 0.010000 0.000000
vt 0.000000 0.000000 0.000000
vt 0.000000 0.010000 0.000000
vt 0.000000 0.000000 0.000000
vt 0.176887 0.000000 0.000000
vt 0.000000 0.010000 0.000000
vt 0.176887 0.010000 0.000000
vt -0.198182 0.000000 0.000000
vt -0.148637 0.000000 0.000000
vt -0.198182 0.010000 0.000000
vt -0.148637 0.010000 0.000000
vt -0.123864 0.000000 0.000000
vt -0.123864 0.010000 0.000000
vt -0.111478 0.000000 0.000000
vt -0.111478 0.010000 0.000000
vt -0.099091 0.000000 0.000000
vt -0.099091 0.010000 0.000000
vt -0.086705 0.000000 0.000000
vt -0.086705 0.010000 0.000000
vt -0.074318 0.000000 0.000000
vt -0.074318 0.010000 0.000000
vt -0.049546 0.000000 0.000000
vt -0.049546 0.010000 0.000000
vt 0.000000 0.000000 0.000000
vt 0.000000 0.010000 0.000000
vt -0.000000 0.000000 0.000000
vt 0.142689 -0.000000 0.000000
vt 0.000000 0.010000 0.000000
vt 0.142689 0.010000 0.000000
vt -0.199102 0.000000 0.000000
vt -0.149327 0.000000 0.000000
vt -0.199102 0.010000 0.000000
vt -0.149327 0.010000 0.000000
vt -0.124439 0.000000 0.000000
vt -0.124439 0.010000 0.000000
vt -0.111995 0.000000 0.000000
vt -0.111995 0.010000 0.000000
vt -0.099551 0.000000 0.000000
vt -0.099551 0.010000 0.000000
vt -0.087107 0.000000 0.000000
vt -0.087107 0.010000 0.000000
vt -0.074663 0.000000 0.000000
vt -0.074663 0.010000 0.000000
vt -0.049776 0.000000 0.000000
vt -0.049776 0.010000 0.000000
vt 0.000000 0.000000 0.000000
vt 0.000000 0.010000 0.000000
vt 0.000000 0.000000 0.000000
vt 0.096698 0.000000 0.000000
vt 0.000000 0.010000 0.000000
vt 0.096698 0.010000 0.000000
vt 0.000000 0.000000 0.000000
vt 0.168632 0.000000 0.000000
vt 0.000000 0.010000 0.000000
vt 0.168632 0.010000 0.000000
vt 0.000000 0.000000 0.000000
vt 0.074293 0.000000 0.000000
vt 0.000000 0.010000 0.000000
vt 0.074293 0.010000 0.000000
vt -0.043403 0.000000 0.000000
vt -0.032552 0.000000 0.000000
vt -0.043403 0.010000 0.000000
vt -0.032552 0.010000 0.000000
vt -0.027127 0.000000 0.000000
vt -0.027127 0.010000 0.000000
vt -0.024414 0.000000 0.000000
vt -0.024414 0.010000 0.000000
vt -0.021702 0.000000 0.000000
vt -0.021702 0.010000 0.000000
vt -0.018989 0.000000 0.000000
vt -0.018989 0.010000 0.000000
vt -0.016276 0.000000 0.000000
vt -0.016276 0.010000 0.000000
vt -0.010851 0.000000 0.000000
vt -0.010851 0.010000 0.000000
vt 0.000000 0.000000 0.000000
vt 0.000000 0.010000 0.000000
vt 0.000000 0.000000 0.000000
vt 0.040094 0.000000 0.000000
vt 0.000000 0.010000 0.000000
vt 0.040094 0.010000 0.000000
vt -0.043411 0.000000 0.000000
vt -0.032558 0.000000 0.000000
vt -0.043411 0.010000 0.000000
vt -0.032558 0.010000 0.000000
vt -0.027132 0.000000 0.000000
vt -0.027132 0.010000 0.000000
vt -0.024418 0.000000 0.000000
vt -0.024418 0.010000 0.000000
vt -0.021705 0.000000 0.000000
vt -0.021705 0.010000 0.000000
vt -0.018992 0.000000 0.000000
vt -0.018992 0.010000 0.000000
vt -0.016279 0.000000 0.000000
vt -0.016279 0.010000 0.000000
vt -0.010853 0.000000 0.000000
vt -0.010853 0.010000 0.000000
vt 0.000000 0.000000 0.000000
vt 0.000000 0.010000 0.000000
vt 0.717095 -0.236467 0.000000
vt 0.799394 -0.368961 0.000000
vt 0.719907 -0.223676 0.000000
vt 0.825601 -0.360886 0.000000
vt 0.874498 -0.304403 0.000000
vt 0.837122 -0.355131 0.000000
vt 0.847341 -0.347962 0.000000
vt 0.739533 -0.377033 0.000000
vt 0.714788 -0.241913 0.000000
vt 0.713251 -0.244233 0.000000
vt 0.711399 -0.246221 0.000000
vt 0.709214 -0.247858 0.000000
vt 0.706733 -0.249183 0.000000
vt 0.701049 -0.251073 0.000000
vt 0.687987 -0.253070 0.000000
vt 0.596845 -0.376641 0.000000
vt 0.647893 -0.252960 0.000000
vt 0.634841 -0.250892 0.000000
vt 0.629168 -0.248970 0.000000
vt 0.626694 -0.247632 0.000000
vt 0.624518 -0.245982 0.000000
vt 0.622677 -0.243985 0.000000
vt 0.621153 -0.241657 0.000000
vt 0.618875 -0.236198 0.000000
vt 0.536727 -0.368365 0.000000
vt 0.616134 -0.223391 0.000000
vt 0.461348 -0.303441 0.000000
vt 0.447441 -0.245334 0.000000
vt 0.447706 -0.148636 0.000000
vt 0.616338 -0.149099 0.000000
vt 0.472465 -0.328005 0.000000
vt 0.479793 -0.338380 0.000000
vt 0.488572 -0.347188 0.000000
vt 0.498835 -0.354398 0.000000
vt 0.510406 -0.360196 0.000000
vt 0.856083 -0.339192 0.000000
vt 0.863389 -0.328862 0.000000
vt 0.888477 -0.246545 0.000000
vt 0.888963 -0.069659 0.000000
vt 0.720279 -0.088064 0.000000
vt 0.831565 0.042156 0.000000
vt 0.805434 0.053273 0.000000
vt 0.887350 -0.043235 0.000000
vt 0.871299 0.004982 0.000000
vt 0.856208 0.026540 0.000000
vt 0.882360 -0.018031 0.000000
vt 0.720029 -0.082076 0.000000
vt 0.777192 0.057999 0.000000
vt 0.719025 -0.076354 0.000000
vt 0.747807 0.059267 0.000000
vt 0.716631 -0.071120 0.000000
vt 0.713264 -0.066228 0.000000
vt 0.707546 -0.063008 0.000000
vt 0.701538 -0.060768 0.000000
vt 0.695134 -0.059865 0.000000
vt 0.646392 0.059546 0.000000
vt 0.688518 -0.059674 0.000000
vt 0.639777 0.059737 0.000000
vt 0.584745 -0.059389 0.000000
vt 0.633372 0.060640 0.000000
vt 0.627364 0.062880 0.000000
vt 0.621646 0.066099 0.000000
vt 0.618278 0.070991 0.000000
vt 0.615885 0.076225 0.000000
vt 0.527186 -0.049735 0.000000
vt 0.614881 0.081947 0.000000
vt 0.614630 0.087935 0.000000
vt 0.614993 0.220010 0.000000
vt 0.445957 0.073068 0.000000
vt 0.457530 0.016225 0.000000
vt 0.502246 -0.040968 0.000000
vt 0.491408 -0.034910 0.000000
vt 0.481913 -0.027473 0.000000
vt 0.473916 -0.018500 0.000000
vt 0.467320 -0.008088 0.000000
vt 0.617805 0.232801 0.000000
vt 0.535703 0.365511 0.000000
vt 0.509553 0.357566 0.000000
vt 0.446427 0.244058 0.000000
vt 0.498042 0.351886 0.000000
vt 0.460561 0.301590 0.000000
vt 0.487821 0.344800 0.000000
vt 0.479061 0.336120 0.000000
vt 0.595367 0.373366 0.000000
vt 0.620112 0.238247 0.000000
vt 0.621649 0.240567 0.000000
vt 0.623501 0.242555 0.000000
vt 0.625686 0.244192 0.000000
vt 0.628167 0.245517 0.000000
vt 0.633851 0.247407 0.000000
vt 0.646914 0.249403 0.000000
vt 0.687008 0.249293 0.000000
vt 0.739235 0.372971 0.000000
vt 0.700059 0.247225 0.000000
vt 0.705733 0.245303 0.000000
vt 0.708207 0.243965 0.000000
vt 0.710383 0.242316 0.000000
vt 0.712224 0.240318 0.000000
vt 0.713748 0.237990 0.000000
vt 0.716025 0.232531 0.000000
vt 0.798855 0.364788 0.000000
vt 0.718766 0.219725 0.000000
vt 0.824961 0.356699 0.000000
vt 0.873645 0.300455 0.000000
vt 0.836440 0.350956 0.000000
vt 0.846622 0.343814 0.000000
vt 0.855335 0.335086 0.000000
vt 0.862608 0.324805 0.000000
vt 0.718562 0.145433 0.000000
vt 0.887194 0.144969 0.000000
vt 0.887463 0.242846 0.000000
vt 0.471731 0.325878 0.000000
vt 0.000000 0.000000 0.000000
vt 0.154481 0.000000 0.000000
vt 0.000000 0.010000 0.000000
vt 0.154481 0.010000 0.000000
vt 0.000000 0.000000 0.000000
vt 0.750000 0.000000 0.000000
vt 0.000000 0.010000 0.000000
vt 0.750000 0.010000 0.000000
vt -0.000000 0.000000 0.000000
vt 0.150943 -0.000000 0.000000
vt -0.000000 0.010000 0.000000
vt 0.150943 0.010000 0.000000
vt -0.000000 0.000000 0.000000
vt 0.478259 -0.000000 0.000000
vt -0.000000 0.010000 0.000000
vt 0.478259 0.010000 0.000000
vt -0.000000 0.000000 0.000000
vt 0.449292 0.000000 0.000000
vt -0.000000 0.010000 0.000000
vt 0.449292 0.010000 0.000000
vt -0.000000 0.000000 0.000000
vt 0.153302 -0.000000 0.000000
vt 0.000000 0.010000 0.000000
vt 0.153302 0.010000 0.000000
vt 0.000000 0.000000 0.000000
vt 0.750000 0.000000 0.000000
vt 0.000000 0.010000 0.000000
vt 0.750000 0.010000 0.000000
vt 0.000000 0.000000 0.000000
vt 0.152122 0.000000 0.000000
vt 0.000000 0.010000 0.000000
vt 0.152122 0.010000 0.000000
vt 0.000000 0.000000 0.000000
vt 0.476347 0.000000 0.000000
vt 0.000000 0.010000 0.000000
vt 0.476347 0.010000 0.000000
vt 0.000000 0.000000 0.000000
vt 0.448113 0.000000 0.000000
vt 0.000000 0.010000 0.000000
vt 0.448113 0.010000 0.000000
vt 3.230971 0.366127 0.000000
vt 3.229740 -0.081984 0.000000
vt 3.385451 0.365703 0.000000
vt 3.383391 -0.384294 0.000000
vt 3.232448 -0.383879 0.000000
vt 3.069768 0.065861 0.000000
vt 3.069414 0.366571 0.000000
vt 2.917293 0.366989 0.000000
vt 2.915233 -0.383008 0.000000
vt 3.068534 -0.383429 0.000000
vt 0.000000 0.000000 0.000000
vt 0.750000 0.000000 0.000000
vt 0.000000 0.010000 0.000000
vt 0.750000 0.010000 0.000000
vt 0.000000 0.000000 0.000000
vt 0.167453 0.000000 0.000000
vt 0.000000 0.010000 0.000000
vt 0.167453 0.010000 0.000000
vt 0.000000 0.000000 0.000000
vt 0.750000 0.000000 0.000000
vt 0.000000 0.010000 0.000000
vt 0.750000 0.010000 0.000000
vt 0.000000 0.000000 0.000000
vt 0.167453 -0.000000 0.000000
vt 0.000000 0.010000 0.000000
vt 0.167453 0.010000 0.000000
vt -1.227440 -0.371630 0.000000
vt -1.059988 -0.372090 0.000000
vt -1.225381 0.378367 0.000000
vt -1.057928 0.377907 0.000000
vt 0.000000 0.000000 0.000000
vt 0.122642 0.000000 0.000000
vt 0.000000 0.010000 0.000000
vt 0.122642 0.010000 0.000000
vt -0.000000 0.000000 0.000000
vt 0.323089 -0.000000 0.000000
vt -0.000000 0.010000 0.000000
vt 0.323089 0.010000 0.000000
vt 0.000000 0.000000 0.000000
vt 0.323089 0.000000 0.000000
vt 0.000000 0.010000 0.000000
vt 0.323089 0.010000 0.000000
vt -0.000000 0.000000 0.000000
vt 0.138072 -0.000000 0.000000
vt -0.000000 0.010000 0.000000
vt 0.138072 0.010000 0.000000
vt -0.000000 0.000000 0.000000
vt 0.170991 -0.000000 0.000000
vt 0.000000 0.010000 0.000000
vt 0.170991 0.010000 0.000000
vt 0.000000 0.000000 0.000000
vt 0.138072 0.000000 0.000000
vt 0.000000 0.010000 0.000000
vt 0.138072 0.010000 0.000000
vt -0.000000 0.000000 0.000000
vt 0.166274 -0.000000 0.000000
vt 0.000000 0.010000 0.000000
vt 0.166274 0.010000 0.000000
vt 0.000000 0.000000 0.000000
vt 0.768984 0.000000 0.000000
vt 0.000000 0.010000 0.000000
vt 0.768984 0.010000 0.000000
vt 0.000000 0.000000 0.000000
vt 0.214623 0.000000 0.000000
vt 0.000000 0.010000 0.000000
vt 0.214623 0.010000 0.000000
vt -0.000000 -0.000000 0.000000
vt 0.770039 0.000000 0.000000
vt -0.000000 0.010000 0.000000
vt 0.770039 0.010000 0.000000
vt 0.000000 0.000000 0.000000
vt 0.169811 -0.000000 0.000000
vt 0.000000 0.010000 0.000000
vt 0.169811 0.010000 0.000000
vt -1.455034 -0.371005 0.000000
vt -1.285223 -0.371471 0.000000
vt -1.480605 -0.235321 0.000000
vt -1.505032 -0.112612 0.000000
vt -1.651595 -0.234852 0.000000
vt -1.627673 -0.112275 0.000000
vt -1.844183 -0.369936 0.000000
vt -1.672313 0.379595 0.000000
vt -1.565481 0.204772 0.000000
vt -1.457691 0.379005 0.000000
vt -1.677910 -0.370393 0.000000
vt -0.391726 0.538736 0.000000
vt -0.409562 0.566101 0.000000
vt -0.392944 0.095342 0.000000
vt -0.422305 0.568302 0.000000
vt -0.410930 0.068076 0.000000
vt -0.423685 0.065945 0.000000
vt -0.478909 0.568457 0.000000
vt -0.480289 0.066101 0.000000
vt -0.493340 0.068168 0.000000
vt -0.512047 0.095669 0.000000
vt -0.499013 0.070090 0.000000
vt -0.501487 0.071429 0.000000
vt -0.503663 0.073078 0.000000
vt -0.505504 0.075076 0.000000
vt -0.507028 0.077404 0.000000
vt -0.509306 0.082863 0.000000
vt -0.394229 0.551363 0.000000
vt -0.396367 0.556774 0.000000
vt -0.397813 0.559095 0.000000
vt -0.399569 0.561101 0.000000
vt -0.401659 0.562767 0.000000
vt -0.404050 0.564126 0.000000
vt -0.491971 0.566461 0.000000
vt -0.510829 0.539064 0.000000
vt -0.497655 0.564570 0.000000
vt -0.500137 0.563245 0.000000
vt -0.502322 0.561608 0.000000
vt -0.504174 0.559621 0.000000
vt -0.505710 0.557301 0.000000
vt -0.508018 0.551855 0.000000
vt -0.405407 0.070020 0.000000
vt -0.403009 0.071367 0.000000
vt -0.400910 0.073021 0.000000
vt -0.399142 0.075017 0.000000
vt -0.397684 0.077330 0.000000
vt -0.395516 0.082729 0.000000
vt 0.000000 0.000000 0.000000
vt 0.122641 0.000000 0.000000
vt 0.000000 0.010000 0.000000
vt 0.122641 0.010000 0.000000
vt -0.000000 0.000000 0.000000
vt 0.323089 -0.000000 0.000000
vt 0.000000 0.010000 0.000000
vt 0.323089 0.010000 0.000000
vt -0.000000 0.000000 0.000000
vt 0.323089 0.000000 0.000000
vt -0.000000 0.010000 0.000000
vt 0.323089 0.010000 0.000000
vt -0.000000 0.000000 0.000000
vt 0.138072 -0.000000 0.000000
vt 0.000000 0.010000 0.000000
vt 0.138072 0.010000 0.000000
vt -0.000000 0.000000 0.000000
vt 0.170991 -0.000000 0.000000
vt 0.000000 0.010000 0.000000
vt 0.170991 0.010000 0.000000
vt 0.000000 0.000000 0.000000
vt 0.138072 0.000000 0.000000
vt 0.000000 0.010000 0.000000
vt 0.138072 0.010000 0.000000
vt -0.000000 0.000000 0.000000
vt 0.166274 -0.000000 0.000000
vt 0.000000 0.010000 0.000000
vt 0.166274 0.010000 0.000000
vt -0.000000 0.000000 0.000000
vt 0.768984 0.000000 0.000000
vt -0.000000 0.010000 0.000000
vt 0.768984 0.010000 0.000000
vt 0.000000 0.000000 0.000000
vt 0.214623 0.000000 0.000000
vt 0.000000 0.010000 0.000000
vt 0.214623 0.010000 0.000000
vt 0.000000 0.000000 0.000000
vt 0.770039 0.000000 0.000000
vt 0.000000 0.010000 0.000000
vt 0.770039 0.010000 0.000000
vt 0.000000 0.000000 0.000000
vt 0.169811 -0.000000 0.000000
vt 0.000000 0.010000 0.000000
vt 0.169811 0.010000 0.000000
vt -2.479794 -0.368191 0.000000
vt -2.309983 -0.368657 0.000000
vt -2.505365 -0.232507 0.000000
vt -2.529792 -0.109797 0.000000
vt -2.676355 -0.232037 0.000000
vt -2.652433 -0.109461 0.000000
vt -2.868944 -0.367122 0.000000
vt -2.697073 0.382409 0.000000
vt -2.590241 0.207587 0.000000
vt -2.482451 0.381820 0.000000
vt -2.702671 -0.367578 0.000000
vt -1.636755 0.203711 0.000000
vt -1.514113 0.203375 0.000000
vt -1.574563 0.520759 0.000000
vt 0.080000 -0.604757 0.000000
vt 0.000000 -0.604757 0.000000
vt 0.080000 -0.659734 0.000000
vt 0.000000 -0.659734 0.000000
vt 0.080000 0.659734 0.000000
vt 0.000000 0.659734 0.000000
vt 0.080000 0.604757 0.000000
vt 0.000000 0.604757 0.000000
vt 0.080000 0.549779 0.000000
vt 0.000000 0.549779 0.000000
vt 0.080000 0.494801 0.000000
vt 0.000000 0.494801 0.000000
vt 0.080000 0.439823 0.000000
vt 0.000000 0.439823 0.000000
vt 0.080000 0.384845 0.000000
vt 0.000000 0.384845 0.000000
vt 0.080000 0.329867 0.000000
vt 0.000000 0.329867 0.000000
vt 0.080000 0.274889 0.000000
vt 0.000000 0.274889 0.000000
vt 0.080000 0.219911 0.000000
vt 0.000000 0.219911 0.000000
vt 0.080000 0.164934 0.000000
vt 0.000000 0.164934 0.000000
vt 0.080000 0.109956 0.000000
vt 0.000000 0.109956 0.000000
vt 0.080000 0.054978 0.000000
vt 0.000000 0.054978 0.000000
vt 0.080000 0.000000 0.000000
vt 0.000000 0.000000 0.000000
vt 0.080000 -0.054978 0.000000
vt 0.000000 -0.054978 0.000000
vt 0.080000 -0.109956 0.000000
vt 0.000000 -0.109956 0.000000
vt 0.080000 -0.164934 0.000000
vt 0.000000 -0.164934 0.000000
vt 0.080000 -0.219911 0.000000
vt 0.000000 -0.219911 0.000000
vt 0.080000 -0.274889 0.000000
vt 0.000000 -0.274889 0.000000
vt 0.080000 -0.329867 0.000000
vt 0.000000 -0.329867 0.000000
vt 0.080000 -0.384845 0.000000
vt 0.000000 -0.384845 0.000000
vt 0.080000 -0.439823 0.000000
vt 0.000000 -0.439823 0.000000
vt 0.080000 -0.494801 0.000000
vt 0.000000 -0.494801 0.000000
vt 0.080000 -0.549779 0.000000
vt 0.000000 -0.549779 0.000000
vt -0.106252 -0.028470 0.000000
vt -0.110000 -0.000000 0.000000
vt -0.210000 -0.000000 0.000000
vt -0.106252 0.028470 0.000000
vt -0.202844 0.054352 0.000000
vt -0.095263 0.055000 0.000000
vt -0.181865 0.105000 0.000000
vt -0.077782 0.077782 0.000000
vt -0.148492 0.148492 0.000000
vt -0.055000 0.095263 0.000000
vt -0.105000 0.181865 0.000000
vt -0.028470 0.106252 0.000000
vt -0.054352 0.202844 0.000000
vt 0.000000 0.110000 0.000000
vt 0.000000 0.210000 0.000000
vt 0.054352 0.202844 0.000000
vt 0.028470 0.106252 0.000000
vt 0.105000 0.181865 0.000000
vt 0.055000 0.095263 0.000000
vt 0.148492 0.148492 0.000000
vt 0.077782 0.077782 0.000000
vt 0.181865 0.105000 0.000000
vt 0.095263 0.055000 0.000000
vt 0.202844 0.054352 0.000000
vt 0.106252 0.028470 0.000000
vt 0.210000 0.000000 0.000000
vt 0.110000 0.000000 0.000000
vt 0.202844 -0.054352 0.000000
vt 0.106252 -0.028470 0.000000
vt 0.095263 -0.055000 0.000000
vt 0.181865 -0.105000 0.000000
vt 0.077782 -0.077782 0.000000
vt 0.148492 -0.148492 0.000000
vt 0.055000 -0.095263 0.000000
vt 0.105000 -0.181865 0.000000
vt 0.028470 -0.106252 0.000000
vt 0.054352 -0.202844 0.000000
vt -0.000000 -0.110000 0.000000
vt -0.000000 -0.210000 0.000000
vt -0.054352 -0.202844 0.000000
vt -0.028470 -0.106252 0.000000
vt -0.105000 -0.181865 0.000000
vt -0.055000 -0.095263 0.000000
vt -0.148492 -0.148492 0.000000
vt -0.077782 -0.077782 0.000000
vt -0.181865 -0.105000 0.000000
vt -0.095263 -0.055000 0.000000
vt -0.202844 -0.054352 0.000000
vt 0.080000 -0.604757 0.000000
vt 0.000000 -0.604757 0.000000
vt 0.080000 -0.659734 0.000000
vt 0.000000 -0.659734 0.000000
vt 0.080000 0.659734 0.000000
vt 0.000000 0.659734 0.000000
vt 0.080000 0.604757 0.000000
vt 0.000000 0.604757 0.000000
vt 0.080000 0.549779 0.000000
vt 0.000000 0.549779 0.000000
vt 0.080000 0.494801 0.000000
vt 0.000000 0.494801 0.000000
vt 0.080000 0.439823 0.000000
vt 0.000000 0.439823 0.000000
vt 0.080000 0.384845 0.000000
vt 0.000000 0.384845 0.000000
vt 0.080000 0.329867 0.000000
vt 0.000000 0.329867 0.000000
vt 0.080000 0.274889 0.000000
vt 0.000000 0.274889 0.000000
vt 0.080000 0.219911 0.000000
vt 0.000000 0.219911 0.000000
vt 0.080000 0.164934 0.000000
vt 0.000000 0.164934 0.000000
vt 0.080000 0.109956 0.000000
vt 0.000000 0.109956 0.000000
vt 0.080000 0.054978 0.000000
vt 0.000000 0.054978 0.000000
vt 0.080000 0.000000 0.000000
vt 0.000000 0.000000 0.000000
vt 0.080000 -0.054978 0.000000
vt 0.000000 -0.054978 0.000000
vt 0.080000 -0.109956 0.000000
vt 0.000000 -0.109956 0.000000
vt 0.080000 -0.164934 0.000000
vt 0.000000 -0.164934 0.000000
vt 0.080000 -0.219911 0.000000
vt 0.000000 -0.219911 0.000000
vt 0.080000 -0.274889 0.000000
vt 0.000000 -0.274889 0.000000
vt 0.080000 -0.329867 0.000000
vt 0.000000 -0.329867 0.000000
vt 0.080000 -0.384845 0.000000
vt 0.000000 -0.384845 0.000000
vt 0.080000 -0.439823 0.000000
vt 0.000000 -0.439823 0.000000
vt 0.080000 -0.494801 0.000000
vt 0.000000 -0.494801 0.000000
vt 0.080000 -0.549779 0.000000
vt 0.000000 -0.549779 0.000000
vt -0.106252 -0.028470 0.000000
vt -0.110000 -0.000000 0.000000
vt -0.210000 -0.000000 0.000000
vt -0.106252 0.028470 0.000000
vt -0.202844 0.054352 0.000000
vt -0.095263 0.055000 0.000000
vt -0.181865 0.105000 0.000000
vt -0.077782 0.077782 0.000000
vt -0.148492 0.148492 0.000000
vt -0.055000 0.095263 0.000000
vt -0.105000 0.181865 0.000000
vt -0.028470 0.106252 0.000000
vt -0.054352 0.202844 0.000000
vt 0.000000 0.110000 0.000000
vt 0.000000 0.210000 0.000000
vt 0.054352 0.202844 0.000000
vt 0.028470 0.106252 0.000000
vt 0.105000 0.181865 0.000000
vt 0.055000 0.095263 0.000000
vt 0.148492 0.148492 0.000000
vt 0.077782 0.077782 0.000000
vt 0.181865 0.105000 0.000000
vt 0.095263 0.055000 0.000000
vt 0.202844 0.054352 0.000000
vt 0.106252 0.028470 0.000000
vt 0.210000 0.000000 0.000000
vt 0.110000 0.000000 0.000000
vt 0.202844 -0.054352 0.000000
vt 0.106252 -0.028470 0.000000
vt 0.095263 -0.055000 0.000000
vt 0.181865 -0.105000 0.000000
vt 0.077782 -0.077782 0.000000
vt 0.148492 -0.148492 0.000000
vt 0.055000 -0.095263 0.000000
vt 0.105000 -0.181865 0.000000
vt 0.028470 -0.106252 0.000000
vt 0.054352 -0.202844 0.000000
vt -0.000000 -0.110000 0.000000
vt -0.000000 -0.210000 0.000000
vt -0.054352 -0.202844 0.000000
vt -0.028470 -0.106252 0.000000
vt -0.105000 -0.181865 0.000000
vt -0.055000 -0.095263 0.000000
vt -0.148492 -0.148492 0.000000
vt -0.077782 -0.077782 0.000000
vt -0.181865 -0.105000 0.000000
vt -0.095263 -0.055000 0.000000
vt -0.202844 -0.054352 0.000000
vt 0.080000 -0.604757 0.000000
vt 0.000000 -0.604757 0.000000
vt 0.080000 -0.659734 0.000000
vt 0.000000 -0.659734 0.000000
vt 0.080000 0.659734 0.000000
vt 0.000000 0.659734 0.000000
vt 0.080000 0.604757 0.000000
vt 0.000000 0.604757 0.000000
vt 0.080000 0.549779 0.000000
vt 0.000000 0.549779 0.000000
vt 0.080000 0.494801 0.000000
vt 0.000000 0.494801 0.000000
vt 0.080000 0.439823 0.000000
vt 0.000000 0.439823 0.000000
vt 0.080000 0.384845 0.000000
vt 0.000000 0.384845 0.000000
vt 0.080000 0.329867 0.000000
vt 0.000000 0.329867 0.000000
vt 0.080000 0.274889 0.000000
vt 0.000000 0.274889 0.000000
vt 0.080000 0.219911 0.000000
vt 0.000000 0.219911 0.000000
vt 0.080000 0.164934 0.000000
vt 0.000000 0.164934 0.000000
vt 0.080000 0.109956 0.000000
vt 0.000000 0.109956 0.000000
vt 0.080000 0.054978 0.000000
vt 0.000000 0.054978 0.000000
vt 0.080000 0.000000 0.000000
vt 0.000000 0.000000 0.000000
vt 0.080000 -0.054978 0.000000
vt 0.000000 -0.054978 0.000000
vt 0.080000 -0.109956 0.000000
vt 0.000000 -0.109956 0.000000
vt 0.080000 -0.164934 0.000000
vt 0.000000 -0.164934 0.000000
vt 0.080000 -0.219911 0.000000
vt 0.000000 -0.219911 0.000000
vt 0.080000 -0.274889 0.000000
vt 0.000000 -0.274889 0.000000
vt 0.080000 -0.329867 0.000000
vt 0.000000 -0.329867 0.000000
vt 0.080000 -0.384845 0.000000
vt 0.000000 -0.384845 0.000000
vt 0.080000 -0.439823 0.000000
vt 0.000000 -0.439823 0.000000
vt 0.080000 -0.494801 0.000000
vt 0.000000 -0.494801 0.000000
vt 0.080000 -0.549779 0.000000
vt 0.000000 -0.549779 0.000000
vt -0.106252 -0.028470 0.000000
vt -0.110000 -0.000000 0.000000
vt -0.210000 -0.000000 0.000000
vt -0.106252 0.028470 0.000000
vt -0.202844 0.054352 0.000000
vt -0.095263 0.055000 0.000000
vt -0.181865 0.105000 0.000000
vt -0.077782 0.077782 0.000000
vt -0.148492 0.148492 0.000000
vt -0.055000 0.095263 0.000000
vt -0.105000 0.181865 0.000000
vt -0.028470 0.106252 0.000000
vt -0.054352 0.202844 0.000000
vt 0.000000 0.110000 0.000000
vt 0.000000 0.210000 0.000000
vt 0.054352 0.202844 0.000000
vt 0.028470 0.106252 0.000000
vt 0.105000 0.181865 0.000000
vt 0.055000 0.095263 0.000000
vt 0.148492 0.148492 0.000000
vt 0.077782 0.077782 0.000000
vt 0.181865 0.105000 0.000000
vt 0.095263 0.055000 0.000000
vt 0.202844 0.054352 0.000000
vt 0.106252 0.028470 0.000000
vt 0.210000 0.000000 0.000000
vt 0.110000 0.000000 0.000000
vt 0.202844 -0.054352 0.000000
vt 0.106252 -0.028470 0.000000
vt 0.095263 -0.055000 0.000000
vt 0.181865 -0.105000 0.000000
vt 0.077782 -0.077782 0.000000
vt 0.148492 -0.148492 0.000000
vt 0.055000 -0.095263 0.000000
vt 0.105000 -0.181865 0.000000
vt 0.028470 -0.106252 0.000000
vt 0.054352 -0.202844 0.000000
vt -0.000000 -0.110000 0.000000
vt -0.000000 -0.210000 0.000000
vt -0.054352 -0.202844 0.000000
vt -0.028470 -0.106252 0.000000
vt -0.105000 -0.181865 0.000000
vt -0.055000 -0.095263 0.000000
vt -0.148492 -0.148492 0.000000
vt -0.077782 -0.077782 0.000000
vt -0.181865 -0.105000 0.000000
vt -0.095263 -0.055000 0.000000
vt -0.202844 -0.054352 0.000000
vt 0.080000 -0.604757 0.000000
vt 0.000000 -0.604757 0.000000
vt 0.080000 -0.659734 0.000000
vt 0.000000 -0.659734 0.000000
vt 0.080000 0.659734 0.000000
vt 0.000000 0.659734 0.000000
vt 0.080000 0.604757 0.000000
vt 0.000000 0.604757 0.000000
vt 0.080000 0.549779 0.000000
vt 0.000000 0.549779 0.000000
vt 0.080000 0.494801 0.000000
vt 0.000000 0.494801 0.000000
vt 0.080000 0.439823 0.000000
vt 0.000000 0.439823 0.000000
vt 0.080000 0.384845 0.000000
vt 0.000000 0.384845 0.000000
vt 0.080000 0.329867 0.000000
vt 0.000000 0.329867 0.000000
vt 0.080000 0.274889 0.000000
vt 0.000000 0.274889 0.000000
vt 0.080000 0.219911 0.000000
vt 0.000000 0.219911 0.000000
vt 0.080000 0.164934 0.000000
vt 0.000000 0.164934 0.000000
vt 0.080000 0.109956 0.000000
vt 0.000000 0.109956 0.000000
vt 0.080000 0.054978 0.000000
vt 0.000000 0.054978 0.000000
vt 0.080000 0.000000 0.000000
vt 0.000000 0.000000 0.000000
vt 0.080000 -0.054978 0.000000
vt 0.000000 -0.054978 0.000000
vt 0.080000 -0.109956 0.000000
vt 0.000000 -0.109956 0.000000
vt 0.080000 -0.164934 0.000000
vt 0.000000 -0.164934 0.000000
vt 0.080000 -0.219911 0.000000
vt 0.000000 -0.219911 0.000000
vt 0.080000 -0.274889 0.000000
vt 0.000000 -0.274889 0.000000
vt 0.080000 -0.329867 0.000000
vt 0.000000 -0.329867 0.000000
vt 0.080000 -0.384845 0.000000
vt 0.000000 -0.384845 0.000000
vt 0.080000 -0.439823 0.000000
vt 0.000000 -0.439823 0.000000
vt 0.080000 -0.494801 0.000000
vt 0.000000 -0.494801 0.000000
vt 0.080000 -0.549779 0.000000
vt 0.000000 -0.549779 0.000000
vt -0.106252 -0.028470 0.000000
vt -0.110000 -0.000000 0.000000
vt -0.210000 -0.000000 0.000000
vt -0.106252 0.028470 0.000000
vt -0.202844 0.054352 0.000000
vt -0.095263 0.055000 0.000000
vt -0.181865 0.105000 0.000000
vt -0.077782 0.077782 0.000000
vt -0.148492 0.148492 0.000000
vt -0.055000 0.095263 0.000000
vt -0.105000 0.181865 0.000000
vt -0.028470 0.106252 0.000000
vt -0.054352 0.202844 0.000000
vt 0.000000 0.110000 0.000000
vt 0.000000 0.210000 0.000000
vt 0.054352 0.202844 0.000000
vt 0.028470 0.106252 0.000000
vt 0.105000 0.181865 0.000000
vt 0.055000 0.095263 0.000000
vt 0.148492 0.148492 0.000000
vt 0.077782 0.077782 0.000000
vt 0.181865 0.105000 0.000000
vt 0.095263 0.055000 0.000000
vt 0.202844 0.054352 0.000000
vt 0.106252 0.028470 0.000000
vt 0.210000 0.000000 0.000000
vt 0.110000 0.000000 0.000000
vt 0.202844 -0.054352 0.000000
vt 0.106252 -0.028470 0.000000
vt 0.095263 -0.055000 0.000000
vt 0.181865 -0.105000 0.000000
vt 0.077782 -0.077782 0.000000
vt 0.148492 -0.148492 0.000000
vt 0.055000 -0.095263 0.000000
vt 0.105000 -0.181865 0.000000
vt 0.028470 -0.106252 0.000000
vt 0.054352 -0.202844 0.000000
vt -0.000000 -0.110000 0.000000
vt -0.000000 -0.210000 0.000000
vt -0.054352 -0.202844 0.000000
vt -0.028470 -0.106252 0.000000
vt -0.105000 -0.181865 0.000000
vt -0.055000 -0.095263 0.000000
vt -0.148492 -0.148492 0.000000
vt -0.077782 -0.077782 0.000000
vt -0.181865 -0.105000 0.000000
vt -0.095263 -0.055000 0.000000
vt -0.202844 -0.054352 0.000000
vt 0.156778 1.608372 0.000000
vt 0.156955 1.626927 0.000000
vt -0.126065 1.609693 0.000000
vt -0.125840 1.633233 0.000000
vt 2.423214 -0.187702 0.000000
vt 2.441763 -0.188056 0.000000
vt 2.427277 0.095115 0.000000
vt 2.450767 0.094666 0.000000
vt -1.715269 -0.108892 0.000000
vt -1.690465 -0.109363 0.000000
vt -1.706352 0.173832 0.000000
vt -1.686449 0.173454 0.000000
vt -0.149682 -0.869540 0.000000
vt -0.149871 -0.889444 0.000000
vt 0.133160 -0.870890 0.000000
vt 0.132925 -0.895677 0.000000
vt 0.141421 0.384261 0.000000
vt -0.141421 0.380630 0.000000
vt 0.141421 0.307409 0.000000
vt -0.141421 0.283175 0.000000
vt 0.141421 0.230557 0.000000
vt -0.141421 0.185719 0.000000
vt 0.141421 0.153705 0.000000
vt -0.141421 0.088264 0.000000
vt 0.141421 0.076852 0.000000
vt -0.141421 -0.009191 0.000000
vt 0.141421 0.000000 0.000000
vt 0.161717 -0.017995 0.000000
vt 0.176351 0.002154 0.000000
vt -0.065047 0.151092 0.000000
vt -0.053344 0.167206 0.000000
vt -0.083233 0.127330 0.000000
vt 0.147030 -0.036929 0.000000
vt 1.076531 1.770727 0.000000
vt 1.302446 1.600307 0.000000
vt 0.141421 0.000000 0.000000
vt 0.141421 0.076872 0.000000
vt -0.141421 -0.009113 0.000000
vt -0.141421 0.088346 0.000000
vt 0.141421 0.153743 0.000000
vt -0.141421 0.185806 0.000000
vt 0.141421 0.230615 0.000000
vt -0.141421 0.283265 0.000000
vt 0.141421 0.307486 0.000000
vt -0.141421 0.380725 0.000000
vt 0.141421 0.384358 0.000000
vt -1.726656 -0.141649 0.000000
vt 5.129143 -0.140744 0.000000
vt -1.725341 0.141194 0.000000
vt 5.138009 0.142100 0.000000
vt 0.141658 4.230294 0.000000
vt 0.000237 4.230356 0.000000
vt 0.141370 -0.918536 0.000000
vt -0.141473 -0.917185 0.000000
vt -0.141184 4.230418 0.000000
vt 0.141421 0.672410 0.000000
vt -0.141421 0.668706 0.000000
vt 0.141421 0.597697 0.000000
vt -0.141421 0.573157 0.000000
vt 0.141421 0.522985 0.000000
vt -0.141421 0.477608 0.000000
vt 0.141421 0.448273 0.000000
vt -0.141421 0.382058 0.000000
vt 0.141421 0.373561 0.000000
vt 0.141421 0.298849 0.000000
vt -0.141421 0.286509 0.000000
vt 0.141421 0.224137 0.000000
vt -0.141421 0.190959 0.000000
vt 0.141421 0.149424 0.000000
vt -0.141421 0.095410 0.000000
vt 0.141421 0.074712 0.000000
vt 0.000000 -0.000054 0.000000
vt 0.141421 -0.000000 0.000000
vt -0.141421 -0.000140 0.000000
vt 0.141421 0.000000 0.000000
vt 0.141421 0.076874 0.000000
vt -0.141421 -0.009093 0.000000
vt -0.141421 0.088365 0.000000
vt 0.141421 0.153749 0.000000
vt -0.141421 0.185822 0.000000
vt 0.141421 0.230623 0.000000
vt -0.141421 0.283280 0.000000
vt 0.141421 0.307497 0.000000
vt -0.141421 0.380738 0.000000
vt 0.141421 0.384371 0.000000
vt -7.387557 0.142999 0.000000
vt -7.387639 0.001578 0.000000
vt 2.462726 0.140895 0.000000
vt 2.461331 -0.141947 0.000000
vt -7.387720 -0.139843 0.000000
vt 0.141421 0.672416 0.000000
vt -0.141421 0.668712 0.000000
vt 0.141421 0.597703 0.000000
vt -0.141421 0.573163 0.000000
vt 0.141421 0.522990 0.000000
vt -0.141421 0.477614 0.000000
vt 0.141421 0.448277 0.000000
vt -0.141421 0.382065 0.000000
vt 0.141421 0.373564 0.000000
vt 0.141421 0.298852 0.000000
vt -0.141421 0.286516 0.000000
vt 0.141421 0.224139 0.000000
vt -0.141421 0.190966 0.000000
vt 0.141421 0.149426 0.000000
vt -0.141421 0.095417 0.000000
vt 0.141421 0.074713 0.000000
vt 0.000000 -0.000051 0.000000
vt 0.141421 0.000000 0.000000
vt -0.141421 -0.000132 0.000000
vt -0.725820 0.781679 0.000000
vt 0.400382 -0.811313 0.000000
vt -0.499852 0.952011 0.000000
vt 0.636465 -0.655288 0.000000
vt -0.929607 0.885728 0.000000
vt -0.707573 1.061156 0.000000
vt -0.938502 0.896305 0.000000
vt -0.719742 1.075627 0.000000
vt -0.140723 -3.496279 0.000000
vt 0.000698 -3.496370 0.000000
vt -0.141752 1.657962 0.000000
vt 0.141091 1.656640 0.000000
vt 0.142119 -3.496461 0.000000
vt 0.141421 0.394471 0.000000
vt -0.141421 0.390837 0.000000
vt 0.141421 0.315576 0.000000
vt -0.141421 0.293052 0.000000
vt 0.141421 0.236682 0.000000
vt -0.141421 0.195267 0.000000
vt 0.141421 0.157788 0.000000
vt -0.141421 0.097482 0.000000
vt 0.141421 0.078894 0.000000
vt 0.000000 -0.000119 0.000000
vt 0.141421 0.000000 0.000000
vt -0.141421 -0.000303 0.000000
vt -2.661515 0.206526 0.000000
vt -2.538874 0.206189 0.000000
vt -2.599323 0.523573 0.000000
vt -5.244628 -1.855370 0.000000
vt -5.244888 -1.836004 0.000000
vt -5.464887 -1.837489 0.000000
vt -5.245258 2.836390 0.000000
vt -5.465295 3.311341 0.000000
vt -5.245295 3.311496 0.000000
vt -5.237900 3.380434 0.000000
vt -5.457648 3.402580 0.000000
vt -5.215856 3.446169 0.000000
vt -5.434712 3.491220 0.000000
vt -5.397147 3.574719 0.000000
vt -5.180196 3.505627 0.000000
vt -5.346030 3.650680 0.000000
vt -5.132586 3.556029 0.000000
vt -5.282827 3.716926 0.000000
vt -5.075254 3.595017 0.000000
vt -5.209351 3.771555 0.000000
vt -5.010881 3.620767 0.000000
vt -5.127710 3.813001 0.000000
vt -5.040245 3.840076 0.000000
vt -4.942477 3.632076 0.000000
vt -4.949466 3.852001 0.000000
vt -4.924473 3.632319 0.000000
vt -4.925974 3.852318 0.000000
vt -4.448499 3.632391 0.000000
vt 4.442309 3.633733 0.000000
vt 4.924310 3.853806 0.000000
vt 4.924473 3.633806 0.000000
vt 5.015550 3.846159 0.000000
vt 4.993410 3.626410 0.000000
vt 5.104191 3.823225 0.000000
vt 5.187690 3.785660 0.000000
vt 5.059145 3.604367 0.000000
vt 5.263653 3.734543 0.000000
vt 5.118604 3.568706 0.000000
vt 5.329899 3.671340 0.000000
vt 5.169006 3.521097 0.000000
vt 5.384530 3.597864 0.000000
vt 5.207993 3.463765 0.000000
vt 5.425977 3.516222 0.000000
vt 5.453052 3.428757 0.000000
vt 5.233744 3.399391 0.000000
vt 5.464978 3.337977 0.000000
vt 5.245052 3.330987 0.000000
vt 5.465296 3.314438 0.000000
vt 5.245295 3.312984 0.000000
vt 5.463841 -1.839803 0.000000
vt 5.243841 -1.840035 0.000000
vt 5.236498 -1.912182 0.000000
vt 5.456003 -1.935097 0.000000
vt 5.214390 -1.981249 0.000000
vt 5.432309 -2.027730 0.000000
vt 5.178472 -2.044249 0.000000
vt 5.393431 -2.115083 0.000000
vt 5.340466 -2.194688 0.000000
vt 5.130299 -2.098456 0.000000
vt 5.115476 -2.110920 0.000000
vt 3.722408 -3.504252 0.000000
vt 5.264336 -2.273188 0.000000
vt 5.274913 -2.264294 0.000000
vt 3.884981 -3.652804 0.000000
vt 3.671039 -3.555441 0.000000
vt 3.818980 -3.718568 0.000000
vt 3.610192 -3.594896 0.000000
vt 3.743125 -3.772672 0.000000
vt 3.542499 -3.620911 0.000000
vt 3.659453 -3.813663 0.000000
vt 3.570211 -3.840441 0.000000
vt 3.470889 -3.632358 0.000000
vt 3.477794 -3.852286 0.000000
vt 3.451523 -3.632618 0.000000
vt 3.452989 -3.852618 0.000000
vt -3.402810 -3.851978 0.000000
vt -3.412705 -3.631978 0.000000
vt -3.495980 -3.851810 0.000000
vt -3.485225 -3.631853 0.000000
vt -3.587873 -3.836428 0.000000
vt -3.556150 -3.616727 0.000000
vt -3.676019 -3.806247 0.000000
vt -3.758054 -3.762077 0.000000
vt -3.622411 -3.587255 0.000000
vt -3.831775 -3.705103 0.000000
vt -3.849618 -3.687732 0.000000
vt -3.681141 -3.544712 0.000000
vt -3.695019 -3.531202 0.000000
vt -5.265174 -2.269377 0.000000
vt -5.116521 -2.106889 0.000000
vt -5.330907 -2.203380 0.000000
vt -5.167711 -2.055521 0.000000
vt -5.384983 -2.127538 0.000000
vt -5.207166 -1.994674 0.000000
vt -5.425953 -2.043885 0.000000
vt -5.452716 -1.954666 0.000000
vt -5.233180 -1.926981 0.000000
vt -5.464555 -1.862275 0.000000
vt -0.020000 0.486279 0.000000
vt -0.205000 0.486279 0.000000
vt -0.020000 0.416811 0.000000
vt -0.205000 0.416811 0.000000
vt -0.020000 0.347342 0.000000
vt -0.205000 0.347342 0.000000
vt -0.020000 0.277874 0.000000
vt -0.205000 0.277874 0.000000
vt -0.020000 0.208405 0.000000
vt -0.205000 0.208405 0.000000
vt -0.020000 0.138937 0.000000
vt -0.205000 0.138937 0.000000
vt -0.020000 0.069468 0.000000
vt -0.205000 0.069468 0.000000
vt -0.020000 0.000000 0.000000
vt -0.205000 0.000000 0.000000
vt 0.475106 0.205000 0.000000
vt -0.000000 0.205000 0.000000
vt 0.475106 0.020000 0.000000
vt -0.000000 0.020000 0.000000
vt 0.325000 -0.316777 0.000000
vt 0.020000 -0.316777 0.000000
vt 0.325000 -0.345575 0.000000
vt 0.020000 -0.345575 0.000000
vt 0.325000 0.345575 0.000000
vt 0.020000 0.345575 0.000000
vt 0.325000 0.316777 0.000000
vt 0.020000 0.316777 0.000000
vt 0.325000 0.287979 0.000000
vt 0.020000 0.287979 0.000000
vt 0.325000 0.259181 0.000000
vt 0.020000 0.259181 0.000000
vt 0.325000 0.230383 0.000000
vt 0.020000 0.230383 0.000000
vt 0.325000 0.201586 0.000000
vt 0.020000 0.201586 0.000000
vt 0.325000 0.172788 0.000000
vt 0.020000 0.172788 0.000000
vt 0.325000 0.143990 0.000000
vt 0.020000 0.143990 0.000000
vt 0.325000 0.115192 0.000000
vt 0.020000 0.115192 0.000000
vt 0.325000 0.086394 0.000000
vt 0.020000 0.086394 0.000000
vt 0.325000 0.057596 0.000000
vt 0.020000 0.057596 0.000000
vt 0.325000 0.028798 0.000000
vt 0.020000 0.028798 0.000000
vt 0.325000 0.000000 0.000000
vt 0.020000 0.000000 0.000000
vt 0.325000 -0.028798 0.000000
vt 0.020000 -0.028798 0.000000
vt 0.325000 -0.057596 0.000000
vt 0.020000 -0.057596 0.000000
vt 0.325000 -0.086394 0.000000
vt 0.020000 -0.086394 0.000000
vt 0.325000 -0.115192 0.000000
vt 0.020000 -0.115192 0.000000
vt 0.325000 -0.143990 0.000000
vt 0.020000 -0.143990 0.000000
vt 0.325000 -0.172788 0.000000
vt 0.020000 -0.172788 0.000000
vt 0.325000 -0.201586 0.000000
vt 0.020000 -0.201586 0.000000
vt 0.325000 -0.230383 0.000000
vt 0.020000 -0.230383 0.000000
vt 0.325000 -0.259181 0.000000
vt 0.020000 -0.259181 0.000000
vt 0.325000 -0.287979 0.000000
vt 0.020000 -0.287979 0.000000
vt -0.255000 -0.000000 0.000000
vt -0.020000 0.000000 0.000000
vt -0.255000 0.081682 0.000000
vt -0.020000 0.081682 0.000000
vt -0.255000 0.163365 0.000000
vt -0.020000 0.163365 0.000000
vt -0.255000 0.245047 0.000000
vt -0.020000 0.245047 0.000000
vt -0.255000 0.326730 0.000000
vt -0.020000 0.326730 0.000000
vt -0.255000 0.408412 0.000000
vt -0.020000 0.408412 0.000000
vt -0.255000 0.490095 0.000000
vt -0.020000 0.490095 0.000000
vt -0.255000 0.571777 0.000000
vt -0.020000 0.571777 0.000000
vt -0.255000 0.653460 0.000000
vt -0.020000 0.653460 0.000000
vt 0.000000 0.020000 0.000000
vt 0.379995 0.020000 0.000000
vt 0.000000 0.205000 0.000000
vt 0.379995 0.255000 0.000000
vt -0.000000 0.255000 0.000000
vt 0.475974 0.205000 0.000000
vt 0.000000 0.205000 0.000000
vt 0.475974 0.020000 0.000000
vt 0.000000 0.020000 0.000000
vt 0.018005 0.205000 0.000000
vt 0.000000 0.205000 0.000000
vt 0.018005 0.020000 0.000000
vt 0.000000 0.020000 0.000000
vt -0.020000 0.486279 0.000000
vt -0.205000 0.486279 0.000000
vt -0.020000 0.416810 0.000000
vt -0.205000 0.416810 0.000000
vt -0.020000 0.347342 0.000000
vt -0.205000 0.347342 0.000000
vt -0.020000 0.277874 0.000000
vt -0.205000 0.277874 0.000000
vt -0.020000 0.208405 0.000000
vt -0.205000 0.208405 0.000000
vt -0.020000 0.138937 0.000000
vt -0.205000 0.138937 0.000000
vt -0.020000 0.069468 0.000000
vt -0.205000 0.069468 0.000000
vt -0.020000 0.000000 0.000000
vt -0.205000 0.000000 0.000000
vt 0.482164 0.205000 0.000000
vt 0.000000 0.205000 0.000000
vt 0.482164 0.020000 0.000000
vt 0.000000 0.020000 0.000000
vt 0.181337 0.255000 0.000000
vt 0.000000 0.255000 0.000000
vt 0.181337 0.020000 0.000000
vt 0.000000 0.020000 0.000000
vt 0.325000 -0.316777 0.000000
vt 0.020000 -0.316777 0.000000
vt 0.325000 -0.345575 0.000000
vt 0.020000 -0.345575 0.000000
vt 0.325000 0.345575 0.000000
vt 0.020000 0.345575 0.000000
vt 0.325000 0.316777 0.000000
vt 0.020000 0.316777 0.000000
vt 0.325000 0.287979 0.000000
vt 0.020000 0.287979 0.000000
vt 0.325000 0.259181 0.000000
vt 0.020000 0.259181 0.000000
vt 0.325000 0.230383 0.000000
vt 0.020000 0.230383 0.000000
vt 0.325000 0.201586 0.000000
vt 0.020000 0.201586 0.000000
vt 0.325000 0.172788 0.000000
vt 0.020000 0.172788 0.000000
vt 0.325000 0.143990 0.000000
vt 0.020000 0.143990 0.000000
vt 0.325000 0.115192 0.000000
vt 0.020000 0.115192 0.000000
vt 0.325000 0.086394 0.000000
vt 0.020000 0.086394 0.000000
vt 0.325000 0.057596 0.000000
vt 0.020000 0.057596 0.000000
vt 0.325000 0.028798 0.000000
vt 0.020000 0.028798 0.000000
vt 0.325000 0.000000 0.000000
vt 0.020000 0.000000 0.000000
vt 0.325000 -0.028798 0.000000
vt 0.020000 -0.028798 0.000000
vt 0.325000 -0.057596 0.000000
vt 0.020000 -0.057596 0.000000
vt 0.325000 -0.086394 0.000000
vt 0.020000 -0.086394 0.000000
vt 0.325000 -0.115192 0.000000
vt 0.020000 -0.115192 0.000000
vt 0.325000 -0.143990 0.000000
vt 0.020000 -0.143990 0.000000
vt 0.325000 -0.172788 0.000000
vt 0.020000 -0.172788 0.000000
vt 0.325000 -0.201586 0.000000
vt 0.020000 -0.201586 0.000000
vt 0.325000 -0.230383 0.000000
vt 0.020000 -0.230383 0.000000
vt 0.325000 -0.259181 0.000000
vt 0.020000 -0.259181 0.000000
vt 0.325000 -0.287979 0.000000
vt 0.020000 -0.287979 0.000000
vt -0.255000 0.000000 0.000000
vt -0.020000 0.000000 0.000000
vt -0.255000 0.082739 0.000000
vt -0.020000 0.082739 0.000000
vt -0.255000 0.165478 0.000000
vt -0.020000 0.165478 0.000000
vt -0.255000 0.248217 0.000000
vt -0.020000 0.248217 0.000000
vt -0.255000 0.330956 0.000000
vt -0.020000 0.330956 0.000000
vt -0.255000 0.413695 0.000000
vt -0.020000 0.413695 0.000000
vt -0.255000 0.496434 0.000000
vt -0.020000 0.496434 0.000000
vt -0.255000 0.579173 0.000000
vt -0.020000 0.579173 0.000000
vt -0.255000 0.661912 0.000000
vt -0.020000 0.661912 0.000000
vt 0.200000 0.020000 0.000000
vt 0.381464 0.020000 0.000000
vt 0.200000 0.255000 0.000000
vt 0.381464 0.255000 0.000000
vt 5.153020 0.205000 0.000000
vt -0.000000 0.205000 0.000000
vt 5.153020 0.020000 0.000000
vt -0.000000 0.020000 0.000000
vt 0.018005 0.205000 0.000000
vt 0.000000 0.205000 0.000000
vt 0.018005 0.020000 0.000000
vt 0.000000 0.020000 0.000000
vt -0.020000 0.290604 0.000000
vt -0.205000 0.290604 0.000000
vt -0.020000 0.217953 0.000000
vt -0.205000 0.217953 0.000000
vt -0.020000 0.145302 0.000000
vt -0.205000 0.145302 0.000000
vt -0.020000 0.072651 0.000000
vt -0.205000 0.072651 0.000000
vt -0.020000 -0.000000 0.000000
vt -0.205000 -0.000000 0.000000
vt 0.465210 0.205000 0.000000
vt -1.505072 0.205000 0.000000
vt 0.465210 0.020000 0.000000
vt -1.505072 0.020000 0.000000
vt 0.325000 -0.316777 0.000000
vt 0.020000 -0.316777 0.000000
vt 0.325000 -0.345575 0.000000
vt 0.020000 -0.345575 0.000000
vt 0.325000 0.345575 0.000000
vt 0.020000 0.345575 0.000000
vt 0.325000 0.316777 0.000000
vt 0.020000 0.316777 0.000000
vt 0.325000 0.287979 0.000000
vt 0.020000 0.287979 0.000000
vt 0.325000 0.259181 0.000000
vt 0.020000 0.259181 0.000000
vt 0.325000 0.230383 0.000000
vt 0.020000 0.230383 0.000000
vt 0.325000 0.201586 0.000000
vt 0.020000 0.201586 0.000000
vt 0.325000 0.172788 0.000000
vt 0.020000 0.172788 0.000000
vt 0.325000 0.143990 0.000000
vt 0.020000 0.143990 0.000000
vt 0.325000 0.115192 0.000000
vt 0.020000 0.115192 0.000000
vt 0.325000 0.086394 0.000000
vt 0.020000 0.086394 0.000000
vt 0.325000 0.057596 0.000000
vt 0.020000 0.057596 0.000000
vt 0.325000 0.028798 0.000000
vt 0.020000 0.028798 0.000000
vt 0.325000 0.000000 0.000000
vt 0.020000 0.000000 0.000000
vt 0.325000 -0.028798 0.000000
vt 0.020000 -0.028798 0.000000
vt 0.325000 -0.057596 0.000000
vt 0.020000 -0.057596 0.000000
vt 0.325000 -0.086394 0.000000
vt 0.020000 -0.086394 0.000000
vt 0.325000 -0.115192 0.000000
vt 0.020000 -0.115192 0.000000
vt 0.325000 -0.143990 0.000000
vt 0.020000 -0.143990 0.000000
vt 0.325000 -0.172788 0.000000
vt 0.020000 -0.172788 0.000000
vt 0.325000 -0.201586 0.000000
vt 0.020000 -0.201586 0.000000
vt 0.325000 -0.230383 0.000000
vt 0.020000 -0.230383 0.000000
vt 0.325000 -0.259181 0.000000
vt 0.020000 -0.259181 0.000000
vt 0.325000 -0.287979 0.000000
vt 0.020000 -0.287979 0.000000
vt -0.255000 -0.000000 0.000000
vt -0.020000 0.000000 0.000000
vt -0.255000 0.088732 0.000000
vt -0.020000 0.088732 0.000000
vt -0.255000 0.177464 0.000000
vt -0.020000 0.177464 0.000000
vt -0.255000 0.266196 0.000000
vt -0.020000 0.266196 0.000000
vt -0.255000 0.354928 0.000000
vt -0.020000 0.354928 0.000000
vt -0.255000 0.443660 0.000000
vt -0.020000 0.443660 0.000000
vt -0.255000 0.532392 0.000000
vt -0.020000 0.532392 0.000000
vt -0.255000 0.621124 0.000000
vt -0.020000 0.621124 0.000000
vt -0.255000 0.709855 0.000000
vt -0.020000 0.709855 0.000000
vt -0.255000 0.798587 0.000000
vt -0.020000 0.798587 0.000000
vt -0.255000 0.887319 0.000000
vt -0.020000 0.887319 0.000000
vt -0.255000 0.976051 0.000000
vt -0.020000 0.976051 0.000000
vt -0.255000 1.064783 0.000000
vt -0.020000 1.064783 0.000000
vt -0.255000 1.153515 0.000000
vt -0.020000 1.153515 0.000000
vt 0.019368 0.205000 0.000000
vt -0.000000 0.205000 0.000000
vt 0.019368 0.020000 0.000000
vt -0.000000 0.020000 0.000000
vt -0.020000 0.290605 0.000000
vt -0.205000 0.290605 0.000000
vt -0.020000 0.217954 0.000000
vt -0.205000 0.217954 0.000000
vt -0.020000 0.145303 0.000000
vt -0.205000 0.145303 0.000000
vt -0.020000 0.072651 0.000000
vt -0.205000 0.072651 0.000000
vt -0.020000 0.000000 0.000000
vt -0.205000 0.000000 0.000000
vt 0.531673 0.205000 0.000000
vt -6.332555 0.205000 0.000000
vt 0.531673 0.020000 0.000000
vt -6.332555 0.020000 0.000000
vt 0.246023 0.255000 0.000000
vt 0.000000 0.255000 0.000000
vt 0.246023 0.020000 0.000000
vt 0.000000 0.020000 0.000000
vt 0.325000 -0.316777 0.000000
vt 0.020000 -0.316777 0.000000
vt 0.325000 -0.345575 0.000000
vt 0.020000 -0.345575 0.000000
vt 0.325000 0.345575 0.000000
vt 0.020000 0.345575 0.000000
vt 0.325000 0.316777 0.000000
vt 0.020000 0.316777 0.000000
vt 0.325000 0.287979 0.000000
vt 0.020000 0.287979 0.000000
vt 0.325000 0.259181 0.000000
vt 0.020000 0.259181 0.000000
vt 0.325000 0.230383 0.000000
vt 0.020000 0.230383 0.000000
vt 0.325000 0.201586 0.000000
vt 0.020000 0.201586 0.000000
vt 0.325000 0.172788 0.000000
vt 0.020000 0.172788 0.000000
vt 0.325000 0.143990 0.000000
vt 0.020000 0.143990 0.000000
vt 0.325000 0.115192 0.000000
vt 0.020000 0.115192 0.000000
vt 0.325000 0.086394 0.000000
vt 0.020000 0.086394 0.000000
vt 0.325000 0.057596 0.000000
vt 0.020000 0.057596 0.000000
vt 0.325000 0.028798 0.000000
vt 0.020000 0.028798 0.000000
vt 0.325000 0.000000 0.000000
vt 0.020000 0.000000 0.000000
vt 0.325000 -0.028798 0.000000
vt 0.020000 -0.028798 0.000000
vt 0.325000 -0.057596 0.000000
vt 0.020000 -0.057596 0.000000
vt 0.325000 -0.086394 0.000000
vt 0.020000 -0.086394 0.000000
vt 0.325000 -0.115192 0.000000
vt 0.020000 -0.115192 0.000000
vt 0.325000 -0.143990 0.000000
vt 0.020000 -0.143990 0.000000
vt 0.325000 -0.172788 0.000000
vt 0.020000 -0.172788 0.000000
vt 0.325000 -0.201586 0.000000
vt 0.020000 -0.201586 0.000000
vt 0.325000 -0.230383 0.000000
vt 0.020000 -0.230383 0.000000
vt 0.325000 -0.259181 0.000000
vt 0.020000 -0.259181 0.000000
vt 0.325000 -0.287979 0.000000
vt 0.020000 -0.287979 0.000000
vt -0.255000 0.000000 0.000000
vt -0.020000 0.000000 0.000000
vt -0.255000 0.089086 0.000000
vt -0.020000 0.089086 0.000000
vt -0.255000 0.178171 0.000000
vt -0.020000 0.178171 0.000000
vt -0.255000 0.267257 0.000000
vt -0.020000 0.267257 0.000000
vt -0.255000 0.356343 0.000000
vt -0.020000 0.356343 0.000000
vt -0.255000 0.445429 0.000000
vt -0.020000 0.445429 0.000000
vt -0.255000 0.534514 0.000000
vt -0.020000 0.534514 0.000000
vt -0.255000 0.623600 0.000000
vt -0.020000 0.623600 0.000000
vt -0.255000 0.712686 0.000000
vt -0.020000 0.712686 0.000000
vt -0.255000 0.801772 0.000000
vt -0.020000 0.801772 0.000000
vt -0.255000 0.890857 0.000000
vt -0.020000 0.890857 0.000000
vt -0.255000 0.979943 0.000000
vt -0.020000 0.979943 0.000000
vt -0.255000 1.069029 0.000000
vt -0.020000 1.069029 0.000000
vt -0.255000 1.158115 0.000000
vt -0.020000 1.158115 0.000000
vt 0.200000 0.020000 0.000000
vt 0.460663 0.020000 0.000000
vt 0.200000 0.255000 0.000000
vt 0.460663 0.255000 0.000000
vt 2.012296 0.205000 0.000000
vt 0.000000 0.205000 0.000000
vt 2.012296 0.020000 0.000000
vt 0.000000 0.020000 0.000000
vt 0.019368 0.205000 0.000000
vt 0.000000 0.205000 0.000000
vt 0.019368 0.020000 0.000000
vt 0.000000 0.020000 0.000000
vt 8.433159 6.448335 0.000000
vt 8.436907 6.419865 0.000000
vt 8.708508 6.480453 0.000000
vt 8.433159 6.391395 0.000000
vt 8.422170 6.364865 0.000000
vt 8.404689 6.342083 0.000000
vt 8.508372 5.998479 0.000000
vt 8.707053 1.327434 0.000000
vt 8.507053 1.327122 0.000000
vt 8.504122 1.297088 0.000000
vt 8.381907 6.324602 0.000000
vt 8.355377 6.313613 0.000000
vt 8.326907 5.998479 0.000000
vt 8.326907 6.309865 0.000000
vt 8.244699 6.006576 0.000000
vt 8.165650 6.030555 0.000000
vt 8.298437 6.313613 0.000000
vt 8.092798 6.069495 0.000000
vt 8.028942 6.121900 0.000000
vt 8.271907 6.324602 0.000000
vt 7.976538 6.185755 0.000000
vt 8.249126 6.342083 0.000000
vt 7.937597 6.258607 0.000000
vt 8.231645 6.364865 0.000000
vt 7.913618 6.337657 0.000000
vt 8.220656 6.391395 0.000000
vt 7.905521 6.419865 0.000000
vt 8.216907 6.419865 0.000000
vt 8.220656 6.448335 0.000000
vt 8.231645 6.474865 0.000000
vt 7.905521 6.601202 0.000000
vt 8.249126 6.497647 0.000000
vt 8.271907 6.515128 0.000000
vt 8.298437 6.526117 0.000000
vt 8.387685 6.801275 0.000000
vt 7.905521 6.801202 0.000000
vt 8.326907 6.529865 0.000000
vt 8.355377 6.526117 0.000000
vt 8.456622 6.793879 0.000000
vt 8.522357 6.771836 0.000000
vt 8.581816 6.736175 0.000000
vt 8.632218 6.688566 0.000000
vt 8.381907 6.515128 0.000000
vt 8.671206 6.631234 0.000000
vt 8.404689 6.497647 0.000000
vt 8.696956 6.566860 0.000000
vt 8.422170 6.474865 0.000000
vt 8.708265 6.498456 0.000000
vt 6.959959 0.009935 0.000000
vt 6.963707 -0.018535 0.000000
vt 7.373121 0.133623 0.000000
vt 6.959959 -0.047005 0.000000
vt 7.185620 -0.336783 0.000000
vt 6.948970 -0.073535 0.000000
vt 6.931489 -0.096317 0.000000
vt 6.908707 -0.113798 0.000000
vt 6.882177 -0.124787 0.000000
vt 7.134252 -0.387972 0.000000
vt 7.073405 -0.427427 0.000000
vt 7.005712 -0.453442 0.000000
vt 6.914735 -0.465149 0.000000
vt 6.934101 -0.464889 0.000000
vt 6.853707 -0.128535 0.000000
vt 6.825237 -0.124787 0.000000
vt 6.377615 -0.265099 0.000000
vt 6.798707 -0.113798 0.000000
vt 6.775926 -0.096317 0.000000
vt 6.758445 -0.073535 0.000000
vt 6.377615 -0.016097 0.000000
vt 6.747456 -0.047005 0.000000
vt 6.743707 -0.018535 0.000000
vt 6.747456 0.009935 0.000000
vt 6.386311 0.072079 0.000000
vt 6.758445 0.036465 0.000000
vt 6.411196 0.157116 0.000000
vt 6.775926 0.059247 0.000000
vt 6.451406 0.236070 0.000000
vt 6.798707 0.076728 0.000000
vt 6.505550 0.306206 0.000000
vt 6.825237 0.087717 0.000000
vt 6.571753 0.365094 0.000000
vt 6.647720 0.410696 0.000000
vt 6.853707 0.091465 0.000000
vt 6.730822 0.441431 0.000000
vt 6.818180 0.456236 0.000000
vt 6.906769 0.454597 0.000000
vt 6.993519 0.436572 0.000000
vt 7.075428 0.402784 0.000000
vt 6.882177 0.087717 0.000000
vt 7.149657 0.354404 0.000000
vt 7.213636 0.293108 0.000000
vt 6.908707 0.076728 0.000000
vt 6.931489 0.059247 0.000000
vt 6.948970 0.036465 0.000000
vt -1.295041 6.448335 0.000000
vt -1.291293 6.419865 0.000000
vt -0.985287 6.419865 0.000000
vt -1.295041 6.391395 0.000000
vt -0.993281 6.338706 0.000000
vt -1.306030 6.364865 0.000000
vt -1.016954 6.260666 0.000000
vt -1.323511 6.342083 0.000000
vt -1.055397 6.188745 0.000000
vt -1.346293 6.324602 0.000000
vt -1.107132 6.125705 0.000000
vt -1.372823 6.313613 0.000000
vt -1.170172 6.073969 0.000000
vt -1.242094 6.035526 0.000000
vt -1.401293 6.309865 0.000000
vt -1.320134 6.011853 0.000000
vt -1.401293 6.003859 0.000000
vt -1.429763 6.313613 0.000000
vt -1.582045 6.003859 0.000000
vt -1.456293 6.324602 0.000000
vt -1.782046 6.003859 0.000000
vt -1.479074 6.342083 0.000000
vt -1.782083 6.478965 0.000000
vt -1.496555 6.364865 0.000000
vt -1.507544 6.391395 0.000000
vt -1.511293 6.419865 0.000000
vt -1.507544 6.448335 0.000000
vt -1.496555 6.474865 0.000000
vt -1.774688 6.547902 0.000000
vt -1.479074 6.497647 0.000000
vt -1.752644 6.613638 0.000000
vt -1.456293 6.515128 0.000000
vt -1.716984 6.673096 0.000000
vt -1.669374 6.723498 0.000000
vt -1.429763 6.526117 0.000000
vt -1.612042 6.762486 0.000000
vt -1.547669 6.788236 0.000000
vt -1.479264 6.799545 0.000000
vt -1.461261 6.799788 0.000000
vt -1.401293 6.529865 0.000000
vt -1.372823 6.526117 0.000000
vt -0.985287 6.799859 0.000000
vt -1.346293 6.515128 0.000000
vt -1.323511 6.497647 0.000000
vt -1.306030 6.474865 0.000000
vt 0.203559 0.009935 0.000000
vt 0.207307 -0.018535 0.000000
vt 0.582180 -0.018535 0.000000
vt 0.203559 -0.047005 0.000000
vt 0.192570 -0.073535 0.000000
vt 0.582180 -0.264558 0.000000
vt 0.175089 -0.096317 0.000000
vt 0.152307 -0.113798 0.000000
vt 0.125777 -0.124787 0.000000
vt 0.050507 -0.464509 0.000000
vt 0.097307 -0.128535 0.000000
vt 0.068837 -0.124787 0.000000
vt -0.022012 -0.464384 0.000000
vt -0.092937 -0.449258 0.000000
vt -0.159199 -0.419786 0.000000
vt -0.217929 -0.377243 0.000000
vt -0.231806 -0.363733 0.000000
vt 0.042307 -0.113798 0.000000
vt 0.019526 -0.096317 0.000000
vt 0.002045 -0.073535 0.000000
vt -0.008944 -0.047005 0.000000
vt -0.440759 0.128755 0.000000
vt -0.012693 -0.018535 0.000000
vt -0.008944 0.009935 0.000000
vt 0.002045 0.036465 0.000000
vt 0.019526 0.059247 0.000000
vt -0.256442 0.313071 0.000000
vt 0.042307 0.076728 0.000000
vt 0.068837 0.087717 0.000000
vt 0.097307 0.091465 0.000000
vt -0.113699 0.418017 0.000000
vt -0.189904 0.372119 0.000000
vt 0.125777 0.087717 0.000000
vt 0.316214 0.414109 0.000000
vt 0.233486 0.446822 0.000000
vt 0.146174 0.463869 0.000000
vt 0.152307 0.076728 0.000000
vt 0.457027 0.306586 0.000000
vt 0.391573 0.366834 0.000000
vt 0.510371 0.235394 0.000000
vt 0.175089 0.059247 0.000000
vt 0.549811 0.155654 0.000000
vt 0.192570 0.036465 0.000000
vt 0.574019 0.070050 0.000000
vt 0.057218 0.464677 0.000000
vt -0.030390 0.449220 0.000000
vt -1.653308 1.060580 0.000000
vt -1.520603 1.210734 0.000000
vt -1.704498 1.111948 0.000000
vt -1.544426 1.232323 0.000000
vt -1.743954 1.172795 0.000000
vt -1.563051 1.258530 0.000000
vt -1.769968 1.240488 0.000000
vt -1.575604 1.288128 0.000000
vt -1.781415 1.312099 0.000000
vt -1.581500 1.319733 0.000000
vt -1.781675 1.331465 0.000000
vt -1.581675 1.332816 0.000000
vt 8.578688 1.056549 0.000000
vt 8.443360 1.204065 0.000000
vt 8.593512 1.069013 0.000000
vt 8.641685 1.123220 0.000000
vt 8.461005 1.218902 0.000000
vt 8.677602 1.186220 0.000000
vt 8.480614 1.241840 0.000000
vt 8.495186 1.268265 0.000000
vt 8.699711 1.255287 0.000000
vt -0.985257 6.599859 0.000000
vn 0.000009 0.100000 0.000000
vn 0.000009 0.100000 0.000000
vn 0.000009 0.100000 0.000000
vn 0.000009 0.100000 0.000000
vn -0.100000 -0.000000 0.000000
vn -0.100000 -0.000000 0.000000
vn -0.100000 -0.000000 0.000000
vn -0.100000 -0.000000 0.000000
vn -0.000015 0.100000 0.000000
vn -0.000015 0.100000 0.000000
vn -0.000015 0.100000 0.000000
vn -0.000015 0.100000 0.000000
vn 0.000015 -0.100000 0.000000
vn 0.000015 -0.100000 0.000000
vn 0.000015 -0.100000 0.000000
vn 0.000015 -0.100000 0.000000
vn -0.100000 -0.000015 0.000000
vn -0.100000 -0.000015 0.000000
vn -0.100000 -0.000015 0.000000
vn -0.100000 -0.000015 0.000000
vn -0.100000 -0.000015 0.000000
vn 0.000000 0.000000 0.100000
vn 0.000000 0.000000 0.100000
vn 0.000000 0.000000 0.100000
vn 0.000000 0.000000 0.100000
vn 0.000000 0.000000 0.100000
vn 0.000000 0.000000 0.100000
vn 0.000000 0.000000 0.100000
vn 0.000000 0.000000 0.100000
vn 0.000000 0.000000 0.100000
vn 0.000000 0.000000 0.100000
vn 0.000000 0.000000 0.100000
vn 0.000000 0.000000 0.100000
vn 0.000000 0.000000 0.100000
vn 0.000000 0.000000 0.100000
vn 0.000000 0.000000 0.100000
vn 0.000000 0.000000 0.100000
vn 0.000000 0.000000 0.100000
vn 0.000000 0.000000 0.100000
vn 0.000000 0.000000 0.100000
vn 0.000000 0.000000 0.100000
vn 0.000000 0.000000 0.100000
vn 0.000000 0.000000 0.100000
vn 0.000000 0.000000 0.100000
vn 0.000000 0.000000 0.100000
vn 0.000000 0.000000 0.100000
vn 0.000000 0.000000 0.100000
vn 0.000000 0.000000 0.100000
vn 0.000000 0.000000 0.100000
vn 0.000000 0.000000 0.100000
vn 0.000000 0.000000 0.100000
vn 0.000000 0.000000 0.100000
vn 0.000000 0.000000 0.100000
vn 0.000000 0.000000 0.100000
vn 0.000000 0.000000 0.100000
vn 0.000000 0.000000 0.100000
vn 0.000000 0.000000 0.100000
vn 0.000000 0.000000 0.100000
vn 0.000000 0.000000 0.100000
vn 0.000000 0.000000 0.100000
vn 0.000000 0.000000 0.100000
vn 0.000000 0.000000 0.100000
vn 0.000000 0.000000 0.100000
vn 0.000000 0.000000 0.100000
vn 0.000000 0.000000 0.100000
vn 0.000000 0.000000 0.100000
vn 0.000000 0.000000 0.100000
vn 0.000000 0.000000 0.100000
vn 0.000000 0.000000 0.100000
vn 0.000000 0.000000 0.100000
vn 0.000000 0.000000 0.100000
vn 0.000000 0.000000 0.100000
vn 0.000000 0.000000 0.100000
vn 0.000000 0.000000 0.100000
vn 0.000000 0.000000 0.100000
vn 0.000000 0.000000 0.100000
vn 0.000000 0.000000 0.100000
vn 0.000000 0.000000 0.100000
vn 0.000000 0.000000 0.100000
vn 0.000000 0.000000 0.100000
vn 0.000000 0.000000 0.100000
vn 0.000000 0.000000 0.100000
vn 0.000000 0.000000 0.100000
vn 0.000000 0.000000 0.100000
vn 0.000000 0.000000 0.100000
vn 0.000000 0.000000 0.100000
vn 0.000000 0.000000 0.100000
vn 0.000000 0.000000 0.100000
vn -0.100000 -0.000008 0.000000
vn -0.100000 -0.000008 0.000000
vn -0.100000 -0.000008 0.000000
vn -0.100000 -0.000008 0.000000
vn -0.099852 -0.005429 0.000000
vn -0.099852 -0.005429 0.000000
vn -0.096569 -0.025969 0.000000
vn -0.096569 -0.025969 0.000000
vn -0.089108 -0.045385 0.000000
vn -0.089108 -0.045385 0.000000
vn -0.077791 -0.062838 0.000000
vn -0.077791 -0.062838 0.000000
vn -0.063108 -0.077572 0.000000
vn -0.063108 -0.077572 0.000000
vn -0.099991 -0.001342 0.000000
vn -0.099991 -0.001342 0.000000
vn -0.099991 -0.001342 0.000000
vn -0.099991 -0.001342 0.000000
vn 0.100000 0.000008 0.000000
vn 0.100000 0.000008 0.000000
vn 0.100000 0.000008 0.000000
vn 0.100000 0.000008 0.000000
vn 0.099991 0.001342 0.000000
vn 0.099991 0.001342 0.000000
vn 0.099991 0.001342 0.000000
vn 0.099991 0.001342 0.000000
vn 0.099711 0.007599 0.000000
vn 0.099711 0.007599 0.000000
vn 0.095745 0.028861 0.000000
vn 0.095745 0.028861 0.000000
vn 0.087299 0.048774 0.000000
vn 0.087299 0.048774 0.000000
vn 0.074770 0.066404 0.000000
vn 0.074770 0.066404 0.000000
vn 0.058742 0.080928 0.000000
vn 0.058742 0.080928 0.000000
vn 0.070780 0.070641 0.000000
vn 0.070780 0.070641 0.000000
vn 0.070780 0.070641 0.000000
vn 0.070780 0.070641 0.000000
vn -0.000000 -0.100000 0.000000
vn -0.000000 -0.100000 0.000000
vn -0.000000 -0.100000 0.000000
vn -0.000000 -0.100000 0.000000
vn 0.067435 -0.073841 0.000000
vn 0.067435 -0.073841 0.000000
vn 0.081251 -0.058294 0.000000
vn 0.081251 -0.058294 0.000000
vn 0.091553 -0.040225 0.000000
vn 0.091553 -0.040225 0.000000
vn 0.097894 -0.020416 0.000000
vn 0.097894 -0.020416 0.000000
vn 0.100000 0.000276 0.000000
vn 0.100000 0.000276 0.000000
vn 0.064358 -0.076538 0.000000
vn 0.064358 -0.076538 0.000000
vn 0.064358 -0.076538 0.000000
vn 0.064358 -0.076538 0.000000
vn -0.070717 0.070704 0.000000
vn -0.070717 0.070704 0.000000
vn -0.070717 0.070704 0.000000
vn -0.070717 0.070704 0.000000
vn -0.064358 0.076538 0.000000
vn -0.064358 0.076538 0.000000
vn -0.064358 0.076538 0.000000
vn -0.064358 0.076538 0.000000
vn -0.069025 0.072357 0.000000
vn -0.069025 0.072357 0.000000
vn -0.082214 0.056928 0.000000
vn -0.082214 0.056928 0.000000
vn -0.092017 0.039153 0.000000
vn -0.092017 0.039153 0.000000
vn -0.098027 0.019765 0.000000
vn -0.098027 0.019765 0.000000
vn -0.099999 -0.000438 0.000000
vn -0.099999 -0.000438 0.000000
vn -0.100000 0.000028 0.000000
vn -0.100000 0.000028 0.000000
vn -0.100000 0.000028 0.000000
vn -0.100000 0.000028 0.000000
vn 0.070711 0.070711 0.000000
vn 0.070711 0.070711 0.000000
vn 0.070711 0.070711 0.000000
vn 0.070711 0.070711 0.000000
vn 0.100000 0.000275 0.000000
vn 0.100000 0.000275 0.000000
vn 0.100000 0.000275 0.000000
vn 0.100000 0.000275 0.000000
vn 0.011723 -0.099310 0.000000
vn 0.024100 -0.097053 0.000000
vn 0.011723 -0.099310 0.000000
vn 0.024100 -0.097053 0.000000
vn 0.041719 -0.090882 0.000000
vn 0.041719 -0.090882 0.000000
vn 0.053746 -0.084329 0.000000
vn 0.053746 -0.084329 0.000000
vn 0.067062 -0.074180 0.000000
vn 0.067062 -0.074180 0.000000
vn 0.079168 -0.061093 0.000000
vn 0.079168 -0.061093 0.000000
vn 0.087356 -0.048672 0.000000
vn 0.087356 -0.048672 0.000000
vn 0.095399 -0.029984 0.000000
vn 0.095399 -0.029984 0.000000
vn 0.098592 -0.016724 0.000000
vn 0.098592 -0.016724 0.000000
vn 0.000275 -0.100000 0.000000
vn 0.000275 -0.100000 0.000000
vn 0.000275 -0.100000 0.000000
vn 0.000275 -0.100000 0.000000
vn -0.100000 -0.000275 0.000000
vn -0.100000 -0.000275 0.000000
vn -0.100000 -0.000275 0.000000
vn -0.100000 -0.000275 0.000000
vn -0.000275 0.100000 0.000000
vn -0.000275 0.100000 0.000000
vn -0.000275 0.100000 0.000000
vn -0.000275 0.100000 0.000000
vn 0.098498 0.017266 0.000000
vn 0.095233 0.030507 0.000000
vn 0.098498 0.017266 0.000000
vn 0.095233 0.030507 0.000000
vn 0.087087 0.049151 0.000000
vn 0.087087 0.049151 0.000000
vn 0.078831 0.061527 0.000000
vn 0.078831 0.061527 0.000000
vn 0.066654 0.074547 0.000000
vn 0.066654 0.074547 0.000000
vn 0.053282 0.084623 0.000000
vn 0.053282 0.084623 0.000000
vn 0.041219 0.091110 0.000000
vn 0.041219 0.091110 0.000000
vn 0.023566 0.097183 0.000000
vn 0.023566 0.097183 0.000000
vn 0.011177 0.099373 0.000000
vn 0.011177 0.099373 0.000000
vn -0.000275 0.100000 0.000000
vn -0.000275 0.100000 0.000000
vn -0.000275 0.100000 0.000000
vn -0.000275 0.100000 0.000000
vn -0.098115 0.019326 0.000000
vn -0.094417 0.032947 0.000000
vn -0.098115 0.019326 0.000000
vn -0.094417 0.032947 0.000000
vn -0.085415 0.052002 0.000000
vn -0.085415 0.052002 0.000000
vn -0.076441 0.064473 0.000000
vn -0.076441 0.064473 0.000000
vn -0.063687 0.077097 0.000000
vn -0.063687 0.077097 0.000000
vn -0.050432 0.086352 0.000000
vn -0.050432 0.086352 0.000000
vn -0.038642 0.092232 0.000000
vn -0.038642 0.092232 0.000000
vn -0.021521 0.097657 0.000000
vn -0.021521 0.097657 0.000000
vn -0.009523 0.099546 0.000000
vn -0.009523 0.099546 0.000000
vn -0.100000 -0.000275 0.000000
vn -0.100000 -0.000275 0.000000
vn -0.100000 -0.000275 0.000000
vn -0.100000 -0.000275 0.000000
vn -0.009267 -0.099570 0.000000
vn -0.021327 -0.097699 0.000000
vn -0.009267 -0.099570 0.000000
vn -0.021327 -0.097699 0.000000
vn -0.038547 -0.092272 0.000000
vn -0.038547 -0.092272 0.000000
vn -0.050404 -0.086368 0.000000
vn -0.050404 -0.086368 0.000000
vn -0.063723 -0.077067 0.000000
vn -0.063723 -0.077067 0.000000
vn -0.076470 -0.064438 0.000000
vn -0.076470 -0.064438 0.000000
vn -0.085405 -0.052019 0.000000
vn -0.085405 -0.052019 0.000000
vn -0.094378 -0.033058 0.000000
vn -0.094378 -0.033058 0.000000
vn -0.098079 -0.019506 0.000000
vn -0.098079 -0.019506 0.000000
vn 0.000275 -0.100000 0.000000
vn 0.000275 -0.100000 0.000000
vn 0.000275 -0.100000 0.000000
vn 0.000275 -0.100000 0.000000
vn 0.100000 0.000275 0.000000
vn 0.100000 0.000275 0.000000
vn 0.100000 0.000275 0.000000
vn 0.100000 0.000275 0.000000
vn 0.000000 0.000000 -0.100000
vn 0.000000 0.000000 -0.100000
vn 0.000000 0.000000 -0.100000
vn 0.000000 0.000000 -0.100000
vn 0.000000 0.000000 -0.100000
vn 0.000000 0.000000 -0.100000
vn 0.000000 0.000000 -0.100000
vn 0.000000 0.000000 -0.100000
vn 0.000000 0.000000 -0.100000
vn 0.000000 0.000000 -0.100000
vn 0.000000 0.000000 -0.100000
vn 0.000000 0.000000 -0.100000
vn 0.000000 0.000000 -0.100000
vn 0.000000 0.000000 -0.100000
vn 0.000000 0.000000 -0.100000
vn 0.000000 0.000000 -0.100000
vn 0.000000 0.000000 -0.100000
vn 0.000000 0.000000 -0.100000
vn 0.000000 0.000000 -0.100000
vn 0.000000 0.000000 -0.100000
vn 0.000000 0.000000 -0.100000
vn 0.000000 0.000000 -0.100000
vn 0.000000 0.000000 -0.100000
vn 0.000000 0.000000 -0.100000
vn 0.000000 0.000000 -0.100000
vn 0.000000 0.000000 -0.100000
vn 0.000000 0.000000 -0.100000
vn 0.000000 0.000000 -0.100000
vn 0.000000 0.000000 -0.100000
vn 0.000000 0.000000 -0.100000
vn 0.000000 0.000000 -0.100000
vn 0.000000 0.000000 -0.100000
vn 0.000000 0.000000 -0.100000
vn 0.000000 0.000000 -0.100000
vn 0.000000 0.000000 -0.100000
vn 0.000000 0.000000 -0.100000
vn 0.000000 0.000000 -0.100000
vn 0.000000 0.000000 -0.100000
vn 0.000000 0.000000 -0.100000
vn 0.000000 0.000000 -0.100000
vn 0.000000 0.000000 -0.100000
vn 0.000000 0.000000 -0.100000
vn 0.000000 0.000000 -0.100000
vn 0.000000 0.000000 -0.100000
vn 0.000000 0.000000 -0.100000
vn 0.000000 0.000000 -0.100000
vn 0.000000 0.000000 -0.100000
vn 0.000000 0.000000 -0.100000
vn 0.000000 0.000000 -0.100000
vn 0.000000 0.000000 -0.100000
vn 0.000000 0.000000 -0.100000
vn 0.000000 0.000000 -0.100000
vn 0.000000 0.000000 -0.100000
vn 0.000000 0.000000 -0.100000
vn 0.000000 0.000000 -0.100000
vn 0.000000 0.000000 -0.100000
vn 0.000000 0.000000 -0.100000
vn 0.000000 0.000000 -0.100000
vn 0.000000 0.000000 -0.100000
vn 0.000000 0.000000 -0.100000
vn 0.000000 0.000000 -0.100000
vn 0.000000 0.000000 -0.100000
vn 0.000000 0.000000 -0.100000
vn 0.000000 0.000000 -0.100000
vn 0.000000 0.000000 -0.100000
vn 0.000000 0.000000 -0.100000
vn 0.000000 0.000000 -0.100000
vn 0.000000 0.000000 -0.100000
vn 0.000000 0.000000 -0.100000
vn 0.000000 0.000000 -0.100000
vn 0.000000 0.000000 -0.100000
vn 0.000000 0.000000 -0.100000
vn 0.000000 0.000000 -0.100000
vn 0.000000 0.000000 -0.100000
vn 0.000000 0.000000 -0.100000
vn 0.000000 0.000000 -0.100000
vn 0.000000 0.000000 -0.100000
vn 0.000000 0.000000 -0.100000
vn 0.000000 0.000000 -0.100000
vn 0.000000 0.000000 -0.100000
vn 0.000000 0.000000 -0.100000
vn 0.000000 0.000000 -0.100000
vn 0.000000 0.000000 -0.100000
vn 0.000000 0.000000 -0.100000
vn 0.000000 0.000000 -0.100000
vn 0.000000 0.000000 -0.100000
vn 0.000000 0.000000 -0.100000
vn 0.000000 0.000000 -0.100000
vn 0.000000 0.000000 -0.100000
vn 0.000000 0.000000 -0.100000
vn 0.000000 0.000000 -0.100000
vn 0.000000 0.000000 -0.100000
vn 0.000000 0.000000 -0.100000
vn 0.000000 0.000000 -0.100000
vn 0.000000 0.000000 -0.100000
vn 0.000000 0.000000 -0.100000
vn 0.000000 0.000000 -0.100000
vn 0.000000 0.000000 -0.100000
vn 0.000000 0.000000 -0.100000
vn 0.000000 0.000000 -0.100000
vn 0.000000 0.000000 -0.100000
vn 0.000000 0.000000 -0.100000
vn 0.000000 0.000000 -0.100000
vn 0.000000 0.000000 -0.100000
vn 0.000000 0.000000 -0.100000
vn 0.000000 0.000000 -0.100000
vn 0.000000 0.000000 -0.100000
vn 0.000000 0.000000 -0.100000
vn 0.000000 0.000000 -0.100000
vn 0.000000 0.000000 -0.100000
vn 0.000000 0.000000 -0.100000
vn 0.000000 0.000000 -0.100000
vn 0.000000 0.000000 -0.100000
vn 0.000000 0.000000 -0.100000
vn 0.000000 0.000000 -0.100000
vn 0.000000 0.000000 -0.100000
vn 0.000000 0.000000 -0.100000
vn 0.000000 0.000000 -0.100000
vn 0.000000 0.000000 -0.100000
vn 0.000000 0.000000 -0.100000
vn 0.000000 0.000000 -0.100000
vn 0.000000 0.000000 -0.100000
vn 0.000000 0.000000 -0.100000
vn 0.000000 0.000000 -0.100000
vn 0.000000 0.000000 -0.100000
vn 0.000000 0.000000 -0.100000
vn 0.000000 0.000000 -0.100000
vn 0.000000 0.000000 -0.100000
vn 0.000000 0.000000 -0.100000
vn 0.000000 0.000000 -0.100000
vn 0.000000 0.000000 -0.100000
vn 0.000000 0.000000 -0.100000
vn 0.000000 0.000000 -0.100000
vn 0.000000 0.000000 -0.100000
vn 0.000000 0.000000 -0.100000
vn 0.000000 0.000000 -0.100000
vn 0.000000 0.000000 -0.100000
vn 0.000000 0.000000 -0.100000
vn 0.000000 0.000000 -0.100000
vn 0.000000 0.000000 -0.100000
vn 0.000000 0.000000 -0.100000
vn 0.000000 0.000000 -0.100000
vn 0.000000 0.000000 -0.100000
vn 0.000000 0.000000 -0.100000
vn 0.000000 0.000000 -0.100000
vn 0.000000 0.000000 -0.100000
vn 0.000000 0.000000 -0.100000
vn 0.000000 0.000000 -0.100000
vn 0.000000 0.000000 -0.100000
vn 0.000000 0.000000 -0.100000
vn 0.000000 0.000000 -0.100000
vn 0.000000 0.000000 -0.100000
vn 0.000000 0.000000 -0.100000
vn 0.000000 0.000000 -0.100000
vn 0.000000 0.000000 -0.100000
vn 0.000000 0.000000 -0.100000
vn 0.000000 0.000000 -0.100000
vn 0.000000 0.000000 -0.100000
vn 0.000000 0.000000 -0.100000
vn 0.000000 0.000000 -0.100000
vn 0.000000 0.000000 -0.100000
vn 0.000000 0.000000 -0.100000
vn 0.000000 0.000000 -0.100000
vn 0.000000 0.000000 -0.100000
vn 0.000000 0.000000 -0.100000
vn 0.000000 0.000000 -0.100000
vn 0.000000 0.000000 -0.100000
vn 0.000000 0.000000 -0.100000
vn 0.000000 0.000000 -0.100000
vn 0.000000 0.000000 -0.100000
vn 0.000000 0.000000 -0.100000
vn 0.000000 0.000000 -0.100000
vn 0.000000 0.000000 -0.100000
vn 0.000000 0.000000 -0.100000
vn 0.000000 0.000000 -0.100000
vn 0.000000 0.000000 -0.100000
vn 0.000000 0.000000 -0.100000
vn 0.000000 0.000000 -0.100000
vn 0.000000 0.000000 -0.100000
vn 0.000000 0.000000 -0.100000
vn 0.000000 0.000000 -0.100000
vn 0.000000 0.000000 -0.100000
vn 0.000000 0.000000 -0.100000
vn 0.000000 0.000000 -0.100000
vn 0.000000 0.000000 -0.100000
vn 0.000000 0.000000 -0.100000
vn 0.000000 0.000000 -0.100000
vn 0.000000 0.000000 -0.100000
vn 0.000000 0.000000 -0.100000
vn 0.000000 0.000000 -0.100000
vn 0.000000 0.000000 -0.100000
vn 0.000000 0.000000 -0.100000
vn 0.000000 0.000000 -0.100000
vn 0.000000 0.000000 -0.100000
vn 0.000000 0.000000 -0.100000
vn 0.000000 0.000000 -0.100000
vn 0.000000 0.000000 -0.100000
vn 0.000000 0.000000 -0.100000
vn 0.000000 0.000000 -0.100000
vn 0.000000 0.000000 -0.100000
vn 0.000000 0.000000 -0.100000
vn 0.000000 0.000000 -0.100000
vn 0.000000 0.000000 -0.100000
vn 0.000000 0.000000 -0.100000
vn 0.000000 0.000000 -0.100000
vn 0.000000 0.000000 -0.100000
vn 0.000000 0.000000 -0.100000
vn 0.000000 0.000000 -0.100000
vn 0.000000 0.000000 -0.100000
vn 0.000000 0.000000 -0.100000
vn 0.000000 0.000000 -0.100000
vn 0.000000 0.000000 -0.100000
vn 0.000000 0.000000 -0.100000
vn 0.000000 0.000000 -0.100000
vn 0.000000 0.000000 -0.100000
vn 0.000000 0.000000 -0.100000
vn 0.000000 0.000000 -0.100000
vn 0.000000 0.000000 -0.100000
vn 0.000000 0.000000 -0.100000
vn 0.000000 0.000000 -0.100000
vn 0.000000 0.000000 -0.100000
vn 0.000000 0.000000 -0.100000
vn 0.000000 0.000000 -0.100000
vn 0.000000 0.000000 -0.100000
vn 0.000000 0.000000 -0.100000
vn 0.000000 0.000000 -0.100000
vn 0.000000 0.000000 -0.100000
vn 0.000000 0.000000 -0.100000
vn 0.000000 0.000000 -0.100000
vn 0.000000 0.000000 -0.100000
vn 0.000000 0.000000 -0.100000
vn 0.000000 0.000000 -0.100000
vn 0.000000 0.000000 -0.100000
vn 0.000000 0.000000 -0.100000
vn 0.000000 0.000000 -0.100000
vn 0.000000 0.000000 -0.100000
vn 0.000000 0.000000 -0.100000
vn 0.000000 0.000000 -0.100000
vn 0.000000 0.000000 -0.100000
vn 0.000000 0.000000 -0.100000
vn 0.000000 0.000000 -0.100000
vn 0.000000 0.000000 -0.100000
vn 0.000000 0.000000 -0.100000
vn 0.000000 0.000000 -0.100000
vn 0.000000 0.000000 -0.100000
vn 0.000000 0.000000 -0.100000
vn 0.000000 0.000000 -0.100000
vn 0.000000 0.000000 -0.100000
vn 0.000000 0.000000 -0.100000
vn 0.000000 0.000000 -0.100000
vn 0.000000 0.000000 -0.100000
vn 0.000000 0.000000 -0.100000
vn 0.000000 0.000000 -0.100000
vn 0.000000 0.000000 -0.100000
vn 0.000000 0.000000 -0.100000
vn 0.000000 0.000000 -0.100000
vn 0.000000 0.000000 -0.100000
vn 0.000000 0.000000 -0.100000
vn 0.000000 0.000000 -0.100000
vn 0.000000 0.000000 -0.100000
vn 0.000000 0.000000 -0.100000
vn 0.000000 0.000000 -0.100000
vn 0.000000 0.000000 -0.100000
vn 0.000000 0.000000 -0.100000
vn 0.000000 0.000000 -0.100000
vn 0.000000 0.000000 -0.100000
vn 0.000000 0.000000 -0.100000
vn 0.000000 0.000000 -0.100000
vn 0.000000 0.000000 -0.100000
vn 0.000000 0.000000 -0.100000
vn 0.000000 0.000000 -0.100000
vn 0.000000 0.000000 -0.100000
vn 0.000000 0.000000 -0.100000
vn 0.000000 0.000000 -0.100000
vn 0.000000 0.000000 -0.100000
vn 0.000000 0.000000 -0.100000
vn 0.000000 0.000000 -0.100000
vn 0.000000 0.000000 -0.100000
vn 0.000000 0.000000 -0.100000
vn 0.000000 0.000000 -0.100000
vn 0.000000 0.000000 -0.100000
vn 0.000000 0.000000 -0.100000
vn 0.000000 0.000000 -0.100000
vn 0.000000 0.000000 -0.100000
vn 0.000000 0.000000 -0.100000
vn 0.000000 0.000000 -0.100000
vn 0.000000 0.000000 -0.100000
vn 0.000000 0.000000 -0.100000
vn 0.000000 0.000000 -0.100000
vn 0.000000 0.000000 -0.100000
vn 0.000000 0.000000 -0.100000
vn 0.000000 0.000000 -0.100000
vn 0.000000 0.000000 -0.100000
vn 0.000000 0.000000 -0.100000
vn 0.000000 0.000000 -0.100000
vn 0.000000 0.000000 -0.100000
vn 0.000000 0.000000 -0.100000
vn 0.000000 0.000000 -0.100000
vn 0.000000 0.000000 -0.100000
vn 0.000000 0.000000 -0.100000
vn 0.000000 0.000000 -0.100000
vn 0.000000 0.000000 -0.100000
vn 0.000000 0.000000 -0.100000
vn 0.000000 0.000000 -0.100000
vn 0.000000 0.000000 -0.100000
vn 0.000000 0.000000 -0.100000
vn 0.000000 0.000000 -0.100000
vn 0.000000 0.000000 -0.100000
vn 0.000000 0.000000 -0.100000
vn 0.000000 0.000000 -0.100000
vn 0.000000 0.000000 -0.100000
vn 0.000000 0.000000 -0.100000
vn 0.000000 0.000000 -0.100000
vn 0.000000 0.000000 -0.100000
vn 0.000000 0.000000 -0.100000
vn 0.000000 0.000000 -0.100000
vn 0.000000 0.000000 -0.100000
vn 0.000000 0.000000 -0.100000
vn 0.000000 0.000000 -0.100000
vn 0.000000 0.000000 -0.100000
vn 0.000000 0.000000 -0.100000
vn 0.000000 0.000000 -0.100000
vn 0.000000 0.000000 -0.100000
vn 0.000000 0.000000 -0.100000
vn 0.000000 0.000000 -0.100000
vn 0.000000 0.000000 -0.100000
vn 0.000000 0.000000 -0.100000
vn 0.000000 0.000000 -0.100000
vn 0.000000 0.000000 -0.100000
vn 0.000000 0.000000 -0.100000
vn 0.000000 0.000000 -0.100000
vn 0.000000 0.000000 -0.100000
vn 0.000000 0.000000 -0.100000
vn 0.000000 0.000000 -0.100000
vn 0.000000 0.000000 -0.100000
vn 0.000000 0.000000 -0.100000
vn 0.000000 0.000000 -0.100000
vn 0.000000 0.000000 -0.100000
vn 0.000000 0.000000 -0.100000
vn 0.000000 0.000000 -0.100000
vn 0.000000 0.000000 -0.100000
vn 0.000000 0.000000 -0.100000
vn 0.000000 0.000000 -0.100000
vn 0.000000 0.000000 -0.100000
vn 0.000000 0.000000 -0.100000
vn 0.000000 0.000000 -0.100000
vn 0.000000 0.000000 -0.100000
vn 0.000000 0.000000 -0.100000
vn 0.000000 0.000000 -0.100000
vn 0.000000 0.000000 -0.100000
vn 0.000000 0.000000 -0.100000
vn 0.000000 0.000000 -0.100000
vn 0.000000 0.000000 -0.100000
vn 0.000000 0.000000 -0.100000
vn 0.000000 0.000000 -0.100000
vn 0.000000 0.000000 -0.100000
vn 0.000000 0.000000 -0.100000
vn 0.000000 0.000000 -0.100000
vn 0.000000 0.000000 -0.100000
vn 0.000000 0.000000 -0.100000
vn 0.000000 0.000000 -0.100000
vn 0.000000 0.000000 -0.100000
vn 0.000000 0.000000 -0.100000
vn 0.000000 0.000000 -0.100000
vn 0.000000 0.000000 -0.100000
vn 0.000000 0.000000 -0.100000
vn 0.000000 0.000000 -0.100000
vn 0.000000 0.000000 -0.100000
vn 0.000000 0.000000 -0.100000
vn 0.000000 0.000000 -0.100000
vn 0.000000 0.000000 -0.100000
vn 0.000000 0.000000 -0.100000
vn 0.000000 0.000000 -0.100000
vn 0.000000 0.000000 -0.100000
vn 0.000000 0.000000 -0.100000
vn 0.000000 0.000000 -0.100000
vn 0.000000 0.000000 -0.100000
vn 0.000000 0.000000 -0.100000
vn 0.000000 0.000000 -0.100000
vn 0.000000 0.000000 -0.100000
vn 0.000000 0.000000 -0.100000
vn 0.000000 0.000000 -0.100000
vn 0.000000 0.000000 -0.100000
vn 0.000000 0.000000 -0.100000
vn 0.000000 0.000000 -0.100000
vn 0.000000 0.000000 -0.100000
vn 0.000000 0.000000 -0.100000
vn 0.000000 0.000000 -0.100000
vn 0.000000 0.000000 -0.100000
vn 0.000000 0.000000 -0.100000
vn 0.000000 0.000000 -0.100000
vn 0.000000 0.000000 -0.100000
vn 0.000000 0.000000 -0.100000
vn 0.000000 0.000000 -0.100000
vn 0.000000 0.000000 -0.100000
vn 0.000000 0.000000 -0.100000
vn 0.000000 0.000000 -0.100000
vn 0.000000 0.000000 -0.100000
vn 0.000000 0.000000 -0.100000
vn 0.000000 0.000000 -0.100000
vn 0.000000 0.000000 -0.100000
vn 0.000000 0.000000 -0.100000
vn 0.000000 0.000000 -0.100000
vn 0.000000 0.000000 -0.100000
vn 0.000000 0.000000 -0.100000
vn 0.000000 0.000000 -0.100000
vn 0.000000 0.000000 -0.100000
vn 0.000000 0.000000 -0.100000
vn 0.000000 0.000000 -0.100000
vn 0.000000 0.000000 -0.100000
vn 0.000000 0.000000 -0.100000
vn 0.000000 0.000000 -0.100000
vn 0.000000 0.000000 -0.100000
vn 0.000000 0.000000 -0.100000
vn 0.000000 0.000000 -0.100000
vn 0.000000 0.000000 -0.100000
vn 0.000000 0.000000 -0.100000
vn 0.000000 0.000000 -0.100000
vn 0.000000 0.000000 -0.100000
vn 0.000000 0.000000 -0.100000
vn 0.000000 0.000000 -0.100000
vn 0.000000 0.000000 -0.100000
vn 0.000000 0.000000 -0.100000
vn 0.000000 0.000000 -0.100000
vn 0.000000 0.000000 -0.100000
vn 0.000000 0.000000 -0.100000
vn 0.000000 0.000000 -0.100000
vn 0.000000 0.000000 -0.100000
vn 0.000000 0.000000 -0.100000
vn 0.000000 0.000000 -0.100000
vn 0.000000 0.000000 -0.100000
vn 0.000000 0.000000 -0.100000
vn 0.000000 0.000000 -0.100000
vn 0.000000 0.000000 -0.100000
vn 0.000000 0.000000 -0.100000
vn 0.000000 0.000000 -0.100000
vn 0.000000 0.000000 -0.100000
vn 0.000000 0.000000 -0.100000
vn 0.000000 0.000000 -0.100000
vn 0.000000 0.000000 -0.100000
vn 0.000000 0.000000 -0.100000
vn 0.000000 0.000000 -0.100000
vn 0.000000 0.000000 -0.100000
vn 0.000000 0.000000 -0.100000
vn 0.000000 0.000000 -0.100000
vn 0.000000 0.000000 -0.100000
vn 0.000000 0.000000 -0.100000
vn 0.000000 0.000000 -0.100000
vn 0.000000 0.000000 -0.100000
vn 0.000000 0.000000 -0.100000
vn 0.000000 0.000000 -0.100000
vn 0.000000 0.000000 -0.100000
vn 0.000000 0.000000 -0.100000
vn 0.000000 0.000000 -0.100000
vn 0.000000 0.000000 -0.100000
vn 0.000000 0.000000 -0.100000
vn 0.000000 0.000000 -0.100000
vn 0.000000 0.000000 -0.100000
vn 0.000000 0.000000 -0.100000
vn 0.000000 0.000000 -0.100000
vn 0.000000 0.000000 -0.100000
vn 0.000000 0.000000 -0.100000
vn 0.000000 0.000000 -0.100000
vn 0.000000 0.000000 -0.100000
vn 0.000000 0.000000 -0.100000
vn 0.000000 0.000000 -0.100000
vn -0.100000 -0.000275 0.000000
vn -0.100000 -0.000275 0.000000
vn -0.100000 -0.000275 0.000000
vn -0.100000 -0.000275 0.000000
vn 0.000275 -0.100000 0.000000
vn 0.000275 -0.100000 0.000000
vn 0.000275 -0.100000 0.000000
vn 0.000275 -0.100000 0.000000
vn -0.100000 -0.000275 0.000000
vn -0.100000 -0.000275 0.000000
vn -0.100000 -0.000275 0.000000
vn -0.100000 -0.000275 0.000000
vn 0.000275 -0.100000 0.000000
vn 0.000275 -0.100000 0.000000
vn 0.000275 -0.100000 0.000000
vn 0.000275 -0.100000 0.000000
vn 0.100000 0.000275 0.000000
vn 0.100000 0.000275 0.000000
vn 0.100000 0.000275 0.000000
vn 0.100000 0.000275 0.000000
vn 0.000275 -0.100000 0.000000
vn 0.000275 -0.100000 0.000000
vn 0.000275 -0.100000 0.000000
vn 0.000275 -0.100000 0.000000
vn 0.100000 0.000275 0.000000
vn 0.100000 0.000275 0.000000
vn 0.100000 0.000275 0.000000
vn 0.100000 0.000275 0.000000
vn -0.000275 0.100000 0.000000
vn -0.000275 0.100000 0.000000
vn -0.000275 0.100000 0.000000
vn -0.000275 0.100000 0.000000
vn 0.000000 0.000000 -0.100000
vn 0.000000 0.000000 -0.100000
vn 0.000000 0.000000 -0.100000
vn 0.000000 0.000000 -0.100000
vn 0.000000 0.000000 -0.100000
vn 0.000000 0.000000 -0.100000
vn 0.000000 0.000000 -0.100000
vn 0.000000 0.000000 -0.100000
vn -0.092498 -0.038003 0.000000
vn -0.092498 -0.038003 0.000000
vn -0.092498 -0.038003 0.000000
vn -0.092498 -0.038003 0.000000
vn -0.093028 0.036685 0.000000
vn -0.093028 0.036685 0.000000
vn -0.093028 0.036685 0.000000
vn -0.093028 0.036685 0.000000
vn 0.000275 -0.100000 0.000000
vn 0.000275 -0.100000 0.000000
vn 0.000275 -0.100000 0.000000
vn 0.000275 -0.100000 0.000000
vn 0.093514 -0.035427 0.000000
vn 0.093514 -0.035427 0.000000
vn 0.093514 -0.035427 0.000000
vn 0.093514 -0.035427 0.000000
vn 0.093011 0.036729 0.000000
vn 0.093011 0.036729 0.000000
vn 0.093011 0.036729 0.000000
vn 0.093011 0.036729 0.000000
vn -0.000275 0.100000 0.000000
vn -0.000275 0.100000 0.000000
vn -0.000275 0.100000 0.000000
vn -0.000275 0.100000 0.000000
vn 0.000000 0.000000 -0.100000
vn 0.000000 0.000000 -0.100000
vn 0.000000 0.000000 -0.100000
vn 0.000000 0.000000 -0.100000
vn 0.000000 0.000000 -0.100000
vn 0.000000 0.000000 -0.100000
vn 0.100000 0.000275 0.000000
vn 0.100000 0.000275 0.000000
vn 0.100000 0.000275 0.000000
vn 0.100000 0.000275 0.000000
vn 0.013022 -0.099148 0.000000
vn 0.025614 -0.096664 0.000000
vn 0.013022 -0.099148 0.000000
vn 0.025614 -0.096664 0.000000
vn 0.043503 -0.090042 0.000000
vn 0.043503 -0.090042 0.000000
vn 0.055643 -0.083089 0.000000
vn 0.055643 -0.083089 0.000000
vn 0.068956 -0.072423 0.000000
vn 0.068956 -0.072423 0.000000
vn 0.080614 -0.059172 0.000000
vn 0.080614 -0.059172 0.000000
vn 0.088368 -0.046810 0.000000
vn 0.088368 -0.046810 0.000000
vn 0.095896 -0.028354 0.000000
vn 0.095896 -0.028354 0.000000
vn 0.098822 -0.015305 0.000000
vn 0.098822 -0.015305 0.000000
vn 0.000275 -0.100000 0.000000
vn 0.000275 -0.100000 0.000000
vn 0.000275 -0.100000 0.000000
vn 0.000275 -0.100000 0.000000
vn -0.098498 -0.017265 0.000000
vn -0.095233 -0.030507 0.000000
vn -0.098498 -0.017265 0.000000
vn -0.095233 -0.030507 0.000000
vn -0.087087 -0.049151 0.000000
vn -0.087087 -0.049151 0.000000
vn -0.078832 -0.061527 0.000000
vn -0.078832 -0.061527 0.000000
vn -0.066654 -0.074547 0.000000
vn -0.066654 -0.074547 0.000000
vn -0.053282 -0.084623 0.000000
vn -0.053282 -0.084623 0.000000
vn -0.041219 -0.091110 0.000000
vn -0.041219 -0.091110 0.000000
vn -0.023566 -0.097183 0.000000
vn -0.023566 -0.097183 0.000000
vn -0.011177 -0.099373 0.000000
vn -0.011177 -0.099373 0.000000
vn -0.100000 -0.000275 0.000000
vn -0.100000 -0.000275 0.000000
vn -0.100000 -0.000275 0.000000
vn -0.100000 -0.000275 0.000000
vn -0.011723 0.099310 0.000000
vn -0.024100 0.097053 0.000000
vn -0.011723 0.099310 0.000000
vn -0.024100 0.097053 0.000000
vn -0.041719 0.090882 0.000000
vn -0.041719 0.090882 0.000000
vn -0.053745 0.084329 0.000000
vn -0.053745 0.084329 0.000000
vn -0.067062 0.074180 0.000000
vn -0.067062 0.074180 0.000000
vn -0.079168 0.061093 0.000000
vn -0.079168 0.061093 0.000000
vn -0.087356 0.048672 0.000000
vn -0.087356 0.048672 0.000000
vn -0.095399 0.029984 0.000000
vn -0.095399 0.029984 0.000000
vn -0.098592 0.016724 0.000000
vn -0.098592 0.016724 0.000000
vn -0.000275 0.100000 0.000000
vn -0.000275 0.100000 0.000000
vn -0.000275 0.100000 0.000000
vn -0.000275 0.100000 0.000000
vn 0.098736 0.015848 0.000000
vn 0.095739 0.028881 0.000000
vn 0.098736 0.015848 0.000000
vn 0.095739 0.028881 0.000000
vn 0.088109 0.047295 0.000000
vn 0.088109 0.047295 0.000000
vn 0.080288 0.059615 0.000000
vn 0.080288 0.059615 0.000000
vn 0.068557 0.072801 0.000000
vn 0.068557 0.072801 0.000000
vn 0.055186 0.083394 0.000000
vn 0.055186 0.083394 0.000000
vn 0.043008 0.090279 0.000000
vn 0.043008 0.090279 0.000000
vn 0.025083 0.096803 0.000000
vn 0.025083 0.096803 0.000000
vn 0.012478 0.099218 0.000000
vn 0.012478 0.099218 0.000000
vn -0.000275 0.100000 0.000000
vn -0.000275 0.100000 0.000000
vn -0.000275 0.100000 0.000000
vn -0.000275 0.100000 0.000000
vn -0.098176 0.019012 0.000000
vn -0.094540 0.032590 0.000000
vn -0.098176 0.019012 0.000000
vn -0.094540 0.032590 0.000000
vn -0.085655 0.051606 0.000000
vn -0.085655 0.051606 0.000000
vn -0.076775 0.064075 0.000000
vn -0.076775 0.064075 0.000000
vn -0.064088 0.076764 0.000000
vn -0.064088 0.076764 0.000000
vn -0.050821 0.086123 0.000000
vn -0.050821 0.086123 0.000000
vn -0.039001 0.092081 0.000000
vn -0.039001 0.092081 0.000000
vn -0.021819 0.097591 0.000000
vn -0.021819 0.097591 0.000000
vn -0.009777 0.099521 0.000000
vn -0.009777 0.099521 0.000000
vn -0.100000 -0.000275 0.000000
vn -0.100000 -0.000275 0.000000
vn -0.100000 -0.000275 0.000000
vn -0.100000 -0.000275 0.000000
vn -0.009523 -0.099545 0.000000
vn -0.021628 -0.097633 0.000000
vn -0.009523 -0.099545 0.000000
vn -0.021628 -0.097633 0.000000
vn -0.038908 -0.092120 0.000000
vn -0.038908 -0.092120 0.000000
vn -0.050795 -0.086139 0.000000
vn -0.050795 -0.086139 0.000000
vn -0.064126 -0.076733 0.000000
vn -0.064126 -0.076733 0.000000
vn -0.076803 -0.064041 0.000000
vn -0.076803 -0.064041 0.000000
vn -0.085644 -0.051624 0.000000
vn -0.085644 -0.051624 0.000000
vn -0.094501 -0.032704 0.000000
vn -0.094501 -0.032704 0.000000
vn -0.098141 -0.019194 0.000000
vn -0.098141 -0.019194 0.000000
vn 0.000275 -0.100000 0.000000
vn 0.000275 -0.100000 0.000000
vn 0.000275 -0.100000 0.000000
vn 0.000275 -0.100000 0.000000
vn 0.098185 -0.018967 0.000000
vn 0.094558 -0.032539 0.000000
vn 0.098185 -0.018967 0.000000
vn 0.094558 -0.032539 0.000000
vn 0.085690 -0.051549 0.000000
vn 0.085690 -0.051549 0.000000
vn 0.076823 -0.064017 0.000000
vn 0.076823 -0.064017 0.000000
vn 0.064146 -0.076716 0.000000
vn 0.064146 -0.076716 0.000000
vn 0.050877 -0.086090 0.000000
vn 0.050877 -0.086090 0.000000
vn 0.039053 -0.092059 0.000000
vn 0.039053 -0.092059 0.000000
vn 0.021863 -0.097581 0.000000
vn 0.021863 -0.097581 0.000000
vn 0.009814 -0.099517 0.000000
vn 0.009814 -0.099517 0.000000
vn 0.100000 0.000275 0.000000
vn 0.100000 0.000275 0.000000
vn 0.100000 0.000275 0.000000
vn 0.100000 0.000275 0.000000
vn 0.008976 0.099596 0.000000
vn 0.020984 0.097774 0.000000
vn 0.008976 0.099596 0.000000
vn 0.020984 0.097774 0.000000
vn 0.038135 0.092443 0.000000
vn 0.038135 0.092443 0.000000
vn 0.049957 0.086628 0.000000
vn 0.049957 0.086628 0.000000
vn 0.063263 0.077446 0.000000
vn 0.063263 0.077446 0.000000
vn 0.076086 0.064892 0.000000
vn 0.076086 0.064892 0.000000
vn 0.085128 0.052471 0.000000
vn 0.085128 0.052471 0.000000
vn 0.094234 0.033465 0.000000
vn 0.094234 0.033465 0.000000
vn 0.098007 0.019865 0.000000
vn 0.098007 0.019865 0.000000
vn 0.000000 0.000000 -0.100000
vn 0.000000 0.000000 -0.100000
vn 0.000000 0.000000 -0.100000
vn 0.000000 0.000000 -0.100000
vn 0.000000 0.000000 -0.100000
vn 0.000000 0.000000 -0.100000
vn 0.000000 0.000000 -0.100000
vn 0.000000 0.000000 -0.100000
vn 0.000000 0.000000 -0.100000
vn 0.000000 0.000000 -0.100000
vn 0.000000 0.000000 -0.100000
vn 0.000000 0.000000 -0.100000
vn 0.000000 0.000000 -0.100000
vn 0.000000 0.000000 -0.100000
vn 0.000000 0.000000 -0.100000
vn 0.000000 0.000000 -0.100000
vn 0.000000 0.000000 -0.100000
vn 0.000000 0.000000 -0.100000
vn 0.000000 0.000000 -0.100000
vn 0.000000 0.000000 -0.100000
vn 0.000000 0.000000 -0.100000
vn 0.000000 0.000000 -0.100000
vn 0.000000 0.000000 -0.100000
vn 0.000000 0.000000 -0.100000
vn 0.000000 0.000000 -0.100000
vn 0.000000 0.000000 -0.100000
vn 0.000000 0.000000 -0.100000
vn 0.000000 0.000000 -0.100000
vn 0.000000 0.000000 -0.100000
vn 0.000000 0.000000 -0.100000
vn 0.000000 0.000000 -0.100000
vn 0.000000 0.000000 -0.100000
vn 0.000000 0.000000 -0.100000
vn 0.000000 0.000000 -0.100000
vn 0.000000 0.000000 -0.100000
vn 0.000000 0.000000 -0.100000
vn 0.000000 0.000000 -0.100000
vn 0.000000 0.000000 -0.100000
vn 0.000000 0.000000 -0.100000
vn 0.000000 0.000000 -0.100000
vn 0.000000 0.000000 -0.100000
vn 0.000000 0.000000 -0.100000
vn 0.000000 0.000000 -0.100000
vn 0.000000 0.000000 -0.100000
vn 0.000000 0.000000 -0.100000
vn 0.000000 0.000000 -0.100000
vn 0.000000 0.000000 -0.100000
vn 0.000000 0.000000 -0.100000
vn 0.000000 0.000000 -0.100000
vn 0.000000 0.000000 -0.100000
vn 0.000000 0.000000 -0.100000
vn 0.000000 0.000000 -0.100000
vn 0.000000 0.000000 -0.100000
vn 0.000000 0.000000 -0.100000
vn 0.000000 0.000000 -0.100000
vn 0.000000 0.000000 -0.100000
vn 0.000000 0.000000 -0.100000
vn 0.000000 0.000000 -0.100000
vn 0.000000 0.000000 -0.100000
vn 0.000000 0.000000 -0.100000
vn 0.000000 0.000000 -0.100000
vn 0.000000 0.000000 -0.100000
vn 0.000000 0.000000 -0.100000
vn 0.000000 0.000000 -0.100000
vn 0.000000 0.000000 -0.100000
vn 0.000000 0.000000 -0.100000
vn 0.000000 0.000000 -0.100000
vn 0.000000 0.000000 -0.100000
vn 0.000000 0.000000 -0.100000
vn 0.000000 0.000000 -0.100000
vn 0.000000 0.000000 -0.100000
vn 0.000000 0.000000 -0.100000
vn 0.000000 0.000000 -0.100000
vn 0.000000 0.000000 -0.100000
vn 0.000000 0.000000 -0.100000
vn 0.000000 0.000000 -0.100000
vn 0.000000 0.000000 -0.100000
vn 0.000000 0.000000 -0.100000
vn 0.000000 0.000000 -0.100000
vn 0.000000 0.000000 -0.100000
vn 0.000000 0.000000 -0.100000
vn 0.000000 0.000000 -0.100000
vn 0.000000 0.000000 -0.100000
vn 0.000000 0.000000 -0.100000
vn 0.000000 0.000000 -0.100000
vn 0.000000 0.000000 -0.100000
vn 0.000000 0.000000 -0.100000
vn 0.000000 0.000000 -0.100000
vn 0.000000 0.000000 -0.100000
vn 0.000000 0.000000 -0.100000
vn 0.000000 0.000000 -0.100000
vn 0.000000 0.000000 -0.100000
vn -0.000275 0.100000 0.000000
vn -0.000275 0.100000 0.000000
vn -0.000275 0.100000 0.000000
vn -0.000275 0.100000 0.000000
vn -0.100000 -0.000275 0.000000
vn -0.100000 -0.000275 0.000000
vn -0.100000 -0.000275 0.000000
vn -0.100000 -0.000275 0.000000
vn 0.000275 -0.100000 0.000000
vn 0.000275 -0.100000 0.000000
vn 0.000275 -0.100000 0.000000
vn 0.000275 -0.100000 0.000000
vn 0.094037 -0.034015 0.000000
vn 0.094037 -0.034015 0.000000
vn 0.094037 -0.034015 0.000000
vn 0.094037 -0.034015 0.000000
vn -0.100000 -0.000275 0.000000
vn -0.100000 -0.000275 0.000000
vn -0.100000 -0.000275 0.000000
vn -0.100000 -0.000275 0.000000
vn 0.000275 -0.100000 0.000000
vn 0.000275 -0.100000 0.000000
vn 0.000275 -0.100000 0.000000
vn 0.000275 -0.100000 0.000000
vn 0.100000 0.000275 0.000000
vn 0.100000 0.000275 0.000000
vn 0.100000 0.000275 0.000000
vn 0.100000 0.000275 0.000000
vn -0.000275 0.100000 0.000000
vn -0.000275 0.100000 0.000000
vn -0.000275 0.100000 0.000000
vn -0.000275 0.100000 0.000000
vn -0.094166 0.033657 0.000000
vn -0.094166 0.033657 0.000000
vn -0.094166 0.033657 0.000000
vn -0.094166 0.033657 0.000000
vn 0.100000 0.000275 0.000000
vn 0.100000 0.000275 0.000000
vn 0.100000 0.000275 0.000000
vn 0.100000 0.000275 0.000000
vn 0.000000 0.000000 -0.100000
vn 0.000000 0.000000 -0.100000
vn 0.000000 0.000000 -0.100000
vn 0.000000 0.000000 -0.100000
vn 0.000000 0.000000 -0.100000
vn 0.000000 0.000000 -0.100000
vn 0.000000 0.000000 -0.100000
vn 0.000000 0.000000 -0.100000
vn 0.000000 0.000000 -0.100000
vn 0.000000 0.000000 -0.100000
vn -0.000275 0.100000 0.000000
vn -0.000275 0.100000 0.000000
vn -0.000275 0.100000 0.000000
vn -0.000275 0.100000 0.000000
vn -0.100000 -0.000275 0.000000
vn -0.100000 -0.000275 0.000000
vn -0.100000 -0.000275 0.000000
vn -0.100000 -0.000275 0.000000
vn -0.009267 -0.099570 0.000000
vn -0.021327 -0.097699 0.000000
vn -0.009267 -0.099570 0.000000
vn -0.021327 -0.097699 0.000000
vn -0.038547 -0.092272 0.000000
vn -0.038547 -0.092272 0.000000
vn -0.050404 -0.086368 0.000000
vn -0.050404 -0.086368 0.000000
vn -0.063723 -0.077067 0.000000
vn -0.063723 -0.077067 0.000000
vn -0.076470 -0.064438 0.000000
vn -0.076470 -0.064438 0.000000
vn -0.085405 -0.052019 0.000000
vn -0.085405 -0.052019 0.000000
vn -0.094378 -0.033058 0.000000
vn -0.094378 -0.033058 0.000000
vn -0.098079 -0.019506 0.000000
vn -0.098079 -0.019506 0.000000
vn 0.000275 -0.100000 0.000000
vn 0.000275 -0.100000 0.000000
vn 0.000275 -0.100000 0.000000
vn 0.000275 -0.100000 0.000000
vn 0.098245 -0.018655 0.000000
vn 0.094679 -0.032185 0.000000
vn 0.098245 -0.018655 0.000000
vn 0.094679 -0.032185 0.000000
vn 0.085927 -0.051153 0.000000
vn 0.085927 -0.051153 0.000000
vn 0.077154 -0.063618 0.000000
vn 0.077154 -0.063618 0.000000
vn 0.064546 -0.076379 0.000000
vn 0.064546 -0.076379 0.000000
vn 0.051268 -0.085858 0.000000
vn 0.051268 -0.085858 0.000000
vn 0.039414 -0.091905 0.000000
vn 0.039414 -0.091905 0.000000
vn 0.022164 -0.097513 0.000000
vn 0.022164 -0.097513 0.000000
vn 0.010070 -0.099492 0.000000
vn 0.010070 -0.099492 0.000000
vn 0.100000 0.000275 0.000000
vn 0.100000 0.000275 0.000000
vn 0.100000 0.000275 0.000000
vn 0.100000 0.000275 0.000000
vn -0.000275 0.100000 0.000000
vn -0.000275 0.100000 0.000000
vn -0.000275 0.100000 0.000000
vn -0.000275 0.100000 0.000000
vn -0.100000 -0.000275 0.000000
vn -0.100000 -0.000275 0.000000
vn -0.100000 -0.000275 0.000000
vn -0.100000 -0.000275 0.000000
vn -0.013022 0.099149 0.000000
vn -0.025613 0.096664 0.000000
vn -0.013022 0.099149 0.000000
vn -0.025613 0.096664 0.000000
vn -0.043502 0.090042 0.000000
vn -0.043502 0.090042 0.000000
vn -0.055642 0.083090 0.000000
vn -0.055642 0.083090 0.000000
vn -0.068956 0.072423 0.000000
vn -0.068956 0.072423 0.000000
vn -0.080614 0.059173 0.000000
vn -0.080614 0.059173 0.000000
vn -0.088368 0.046810 0.000000
vn -0.088368 0.046810 0.000000
vn -0.095896 0.028355 0.000000
vn -0.095896 0.028355 0.000000
vn -0.098822 0.015305 0.000000
vn -0.098822 0.015305 0.000000
vn -0.000275 0.100000 0.000000
vn -0.000275 0.100000 0.000000
vn -0.000275 0.100000 0.000000
vn -0.000275 0.100000 0.000000
vn 0.098498 0.017266 0.000000
vn 0.095233 0.030508 0.000000
vn 0.098498 0.017266 0.000000
vn 0.095233 0.030508 0.000000
vn 0.087087 0.049152 0.000000
vn 0.087087 0.049152 0.000000
vn 0.078831 0.061528 0.000000
vn 0.078831 0.061528 0.000000
vn 0.066653 0.074548 0.000000
vn 0.066653 0.074548 0.000000
vn 0.053281 0.084623 0.000000
vn 0.053281 0.084623 0.000000
vn 0.041219 0.091110 0.000000
vn 0.041219 0.091110 0.000000
vn 0.023566 0.097184 0.000000
vn 0.023566 0.097184 0.000000
vn 0.011177 0.099373 0.000000
vn 0.011177 0.099373 0.000000
vn 0.100000 0.000275 0.000000
vn 0.100000 0.000275 0.000000
vn 0.100000 0.000275 0.000000
vn 0.100000 0.000275 0.000000
vn 0.000000 0.000000 -0.100000
vn 0.000000 0.000000 -0.100000
vn 0.000000 0.000000 -0.100000
vn 0.000000 0.000000 -0.100000
vn 0.000000 0.000000 -0.100000
vn 0.000000 0.000000 -0.100000
vn 0.000000 0.000000 -0.100000
vn 0.000000 0.000000 -0.100000
vn 0.000000 0.000000 -0.100000
vn 0.000000 0.000000 -0.100000
vn 0.000000 0.000000 -0.100000
vn 0.000000 0.000000 -0.100000
vn 0.000000 0.000000 -0.100000
vn 0.000000 0.000000 -0.100000
vn 0.000000 0.000000 -0.100000
vn 0.000000 0.000000 -0.100000
vn 0.000000 0.000000 -0.100000
vn 0.000000 0.000000 -0.100000
vn 0.000000 0.000000 -0.100000
vn 0.000000 0.000000 -0.100000
vn 0.000000 0.000000 -0.100000
vn 0.000000 0.000000 -0.100000
vn 0.000000 0.000000 -0.100000
vn 0.000000 0.000000 -0.100000
vn 0.000000 0.000000 -0.100000
vn 0.000000 0.000000 -0.100000
vn 0.000000 0.000000 -0.100000
vn 0.000000 0.000000 -0.100000
vn 0.000000 0.000000 -0.100000
vn 0.000000 0.000000 -0.100000
vn 0.000000 0.000000 -0.100000
vn 0.000000 0.000000 -0.100000
vn 0.000000 0.000000 -0.100000
vn 0.000000 0.000000 -0.100000
vn 0.000000 0.000000 -0.100000
vn 0.000000 0.000000 -0.100000
vn 0.000000 0.000000 -0.100000
vn 0.000000 0.000000 -0.100000
vn 0.000000 0.000000 -0.100000
vn 0.000000 0.000000 -0.100000
vn -0.100000 -0.000275 0.000000
vn -0.100000 -0.000275 0.000000
vn -0.100000 -0.000275 0.000000
vn -0.100000 -0.000275 0.000000
vn 0.000275 -0.100000 0.000000
vn 0.000275 -0.100000 0.000000
vn 0.000275 -0.100000 0.000000
vn 0.000275 -0.100000 0.000000
vn -0.100000 -0.000275 0.000000
vn -0.100000 -0.000275 0.000000
vn -0.100000 -0.000275 0.000000
vn -0.100000 -0.000275 0.000000
vn 0.000275 -0.100000 0.000000
vn 0.000275 -0.100000 0.000000
vn 0.000275 -0.100000 0.000000
vn 0.000275 -0.100000 0.000000
vn 0.100000 0.000275 0.000000
vn 0.100000 0.000275 0.000000
vn 0.100000 0.000275 0.000000
vn 0.100000 0.000275 0.000000
vn 0.000275 -0.100000 0.000000
vn 0.000275 -0.100000 0.000000
vn 0.000275 -0.100000 0.000000
vn 0.000275 -0.100000 0.000000
vn 0.100000 0.000275 0.000000
vn 0.100000 0.000275 0.000000
vn 0.100000 0.000275 0.000000
vn 0.100000 0.000275 0.000000
vn -0.000275 0.100000 0.000000
vn -0.000275 0.100000 0.000000
vn -0.000275 0.100000 0.000000
vn -0.000275 0.100000 0.000000
vn 0.000000 0.000000 -0.100000
vn 0.000000 0.000000 -0.100000
vn 0.000000 0.000000 -0.100000
vn 0.000000 0.000000 -0.100000
vn 0.000000 0.000000 -0.100000
vn 0.000000 0.000000 -0.100000
vn 0.000000 0.000000 -0.100000
vn 0.000000 0.000000 -0.100000
vn -0.000275 0.100000 0.000000
vn -0.000275 0.100000 0.000000
vn -0.000275 0.100000 0.000000
vn -0.000275 0.100000 0.000000
vn -0.100000 -0.000275 0.000000
vn -0.100000 -0.000275 0.000000
vn -0.100000 -0.000275 0.000000
vn -0.100000 -0.000275 0.000000
vn 0.000275 -0.100000 0.000000
vn 0.000275 -0.100000 0.000000
vn 0.000275 -0.100000 0.000000
vn 0.000275 -0.100000 0.000000
vn 0.100000 0.000275 0.000000
vn 0.100000 0.000275 0.000000
vn 0.100000 0.000275 0.000000
vn 0.100000 0.000275 0.000000
vn -0.000275 0.100000 0.000000
vn -0.000275 0.100000 0.000000
vn -0.000275 0.100000 0.000000
vn -0.000275 0.100000 0.000000
vn -0.100000 -0.000275 0.000000
vn -0.100000 -0.000275 0.000000
vn -0.100000 -0.000275 0.000000
vn -0.100000 -0.000275 0.000000
vn 0.000275 -0.100000 0.000000
vn 0.000275 -0.100000 0.000000
vn 0.000275 -0.100000 0.000000
vn 0.000275 -0.100000 0.000000
vn -0.100000 -0.000275 0.000000
vn -0.100000 -0.000275 0.000000
vn -0.100000 -0.000275 0.000000
vn -0.100000 -0.000275 0.000000
vn -0.000275 0.100000 0.000000
vn -0.000275 0.100000 0.000000
vn -0.000275 0.100000 0.000000
vn -0.000275 0.100000 0.000000
vn -0.100000 -0.000275 0.000000
vn -0.100000 -0.000275 0.000000
vn -0.100000 -0.000275 0.000000
vn -0.100000 -0.000275 0.000000
vn 0.000275 -0.100000 0.000000
vn 0.000275 -0.100000 0.000000
vn 0.000275 -0.100000 0.000000
vn 0.000275 -0.100000 0.000000
vn -0.100000 -0.000275 0.000000
vn -0.100000 -0.000275 0.000000
vn -0.100000 -0.000275 0.000000
vn -0.100000 -0.000275 0.000000
vn 0.000000 0.000000 -0.100000
vn 0.000000 0.000000 -0.100000
vn 0.000000 0.000000 -0.100000
vn 0.000000 0.000000 -0.100000
vn 0.000000 0.000000 -0.100000
vn 0.000000 0.000000 -0.100000
vn 0.000000 0.000000 -0.100000
vn 0.000000 0.000000 -0.100000
vn 0.000000 0.000000 -0.100000
vn 0.000000 0.000000 -0.100000
vn 0.000000 0.000000 -0.100000
vn 0.000000 0.000000 -0.100000
vn -0.000275 0.100000 0.000000
vn -0.000275 0.100000 0.000000
vn -0.000275 0.100000 0.000000
vn -0.000275 0.100000 0.000000
vn -0.100000 -0.000275 0.000000
vn -0.100000 -0.000275 0.000000
vn -0.100000 -0.000275 0.000000
vn -0.100000 -0.000275 0.000000
vn 0.000275 -0.100000 0.000000
vn 0.000275 -0.100000 0.000000
vn 0.000275 -0.100000 0.000000
vn 0.000275 -0.100000 0.000000
vn 0.100000 0.000275 0.000000
vn 0.100000 0.000275 0.000000
vn 0.100000 0.000275 0.000000
vn 0.100000 0.000275 0.000000
vn -0.000275 0.100000 0.000000
vn -0.000275 0.100000 0.000000
vn -0.000275 0.100000 0.000000
vn -0.000275 0.100000 0.000000
vn -0.100000 -0.000275 0.000000
vn -0.100000 -0.000275 0.000000
vn -0.100000 -0.000275 0.000000
vn -0.100000 -0.000275 0.000000
vn 0.000000 0.000000 -0.100000
vn 0.000000 0.000000 -0.100000
vn 0.000000 0.000000 -0.100000
vn 0.000000 0.000000 -0.100000
vn 0.000000 0.000000 -0.100000
vn 0.000000 0.000000 -0.100000
vn 0.100000 0.000275 0.000000
vn 0.100000 0.000275 0.000000
vn 0.100000 0.000275 0.000000
vn 0.100000 0.000275 0.000000
vn 0.080760 -0.058973 0.000000
vn 0.085469 -0.051914 0.000000
vn 0.080760 -0.058973 0.000000
vn 0.085469 -0.051914 0.000000
vn 0.095873 -0.028432 0.000000
vn 0.095873 -0.028432 0.000000
vn 0.099640 -0.008478 0.000000
vn 0.099640 -0.008478 0.000000
vn 0.099978 -0.002078 0.000000
vn 0.099978 -0.002078 0.000000
vn 0.001090 -0.099994 0.000000
vn 0.006531 -0.099787 0.000000
vn 0.001090 -0.099994 0.000000
vn 0.006531 -0.099787 0.000000
vn 0.023356 -0.097234 0.000000
vn 0.023356 -0.097234 0.000000
vn 0.044501 -0.089552 0.000000
vn 0.044501 -0.089552 0.000000
vn 0.051265 -0.085859 0.000000
vn 0.051265 -0.085859 0.000000
vn 0.000275 -0.100000 0.000000
vn 0.000275 -0.100000 0.000000
vn 0.000275 -0.100000 0.000000
vn 0.000275 -0.100000 0.000000
vn 0.098746 -0.015788 0.000000
vn 0.095730 -0.028910 0.000000
vn 0.098746 -0.015788 0.000000
vn 0.095730 -0.028910 0.000000
vn 0.088027 -0.047447 0.000000
vn 0.088027 -0.047447 0.000000
vn 0.080125 -0.059833 0.000000
vn 0.080125 -0.059833 0.000000
vn 0.068307 -0.073035 0.000000
vn 0.068307 -0.073035 0.000000
vn 0.054990 -0.083523 0.000000
vn 0.054990 -0.083523 0.000000
vn 0.042887 -0.090337 0.000000
vn 0.042887 -0.090337 0.000000
vn 0.025089 -0.096802 0.000000
vn 0.025089 -0.096802 0.000000
vn 0.012571 -0.099207 0.000000
vn 0.012571 -0.099207 0.000000
vn 0.100000 0.000275 0.000000
vn 0.100000 0.000275 0.000000
vn 0.100000 0.000275 0.000000
vn 0.100000 0.000275 0.000000
vn 0.009230 0.099573 0.000000
vn 0.021283 0.097709 0.000000
vn 0.009230 0.099573 0.000000
vn 0.021283 0.097709 0.000000
vn 0.038494 0.092294 0.000000
vn 0.038494 0.092294 0.000000
vn 0.050347 0.086401 0.000000
vn 0.050347 0.086401 0.000000
vn 0.063665 0.077115 0.000000
vn 0.063665 0.077115 0.000000
vn 0.076422 0.064495 0.000000
vn 0.076422 0.064495 0.000000
vn 0.085371 0.052076 0.000000
vn 0.085371 0.052076 0.000000
vn 0.094360 0.033109 0.000000
vn 0.094360 0.033109 0.000000
vn 0.098070 0.019551 0.000000
vn 0.098070 0.019551 0.000000
vn -0.000275 0.100000 0.000000
vn -0.000275 0.100000 0.000000
vn -0.000275 0.100000 0.000000
vn -0.000275 0.100000 0.000000
vn -0.098176 0.019012 0.000000
vn -0.094540 0.032590 0.000000
vn -0.098176 0.019012 0.000000
vn -0.094540 0.032590 0.000000
vn -0.085655 0.051606 0.000000
vn -0.085655 0.051606 0.000000
vn -0.076775 0.064075 0.000000
vn -0.076775 0.064075 0.000000
vn -0.064088 0.076764 0.000000
vn -0.064088 0.076764 0.000000
vn -0.050821 0.086123 0.000000
vn -0.050821 0.086123 0.000000
vn -0.039001 0.092081 0.000000
vn -0.039001 0.092081 0.000000
vn -0.021819 0.097591 0.000000
vn -0.021819 0.097591 0.000000
vn -0.009777 0.099521 0.000000
vn -0.009777 0.099521 0.000000
vn -0.100000 -0.000275 0.000000
vn -0.100000 -0.000275 0.000000
vn -0.100000 -0.000275 0.000000
vn -0.100000 -0.000275 0.000000
vn 0.000275 -0.100000 0.000000
vn 0.000275 -0.100000 0.000000
vn 0.000275 -0.100000 0.000000
vn 0.000275 -0.100000 0.000000
vn 0.100000 0.000275 0.000000
vn 0.100000 0.000275 0.000000
vn 0.100000 0.000275 0.000000
vn 0.100000 0.000275 0.000000
vn 0.011723 -0.099310 0.000000
vn 0.024100 -0.097052 0.000000
vn 0.011723 -0.099310 0.000000
vn 0.024100 -0.097052 0.000000
vn 0.041720 -0.090882 0.000000
vn 0.041720 -0.090882 0.000000
vn 0.053746 -0.084329 0.000000
vn 0.053746 -0.084329 0.000000
vn 0.067063 -0.074179 0.000000
vn 0.067063 -0.074179 0.000000
vn 0.079169 -0.061093 0.000000
vn 0.079169 -0.061093 0.000000
vn 0.087356 -0.048671 0.000000
vn 0.087356 -0.048671 0.000000
vn 0.095399 -0.029984 0.000000
vn 0.095399 -0.029984 0.000000
vn 0.098592 -0.016724 0.000000
vn 0.098592 -0.016724 0.000000
vn 0.000275 -0.100000 0.000000
vn 0.000275 -0.100000 0.000000
vn 0.000275 -0.100000 0.000000
vn 0.000275 -0.100000 0.000000
vn -0.098498 -0.017265 0.000000
vn -0.095233 -0.030507 0.000000
vn -0.098498 -0.017265 0.000000
vn -0.095233 -0.030507 0.000000
vn -0.087087 -0.049151 0.000000
vn -0.087087 -0.049151 0.000000
vn -0.078831 -0.061528 0.000000
vn -0.078831 -0.061528 0.000000
vn -0.066653 -0.074547 0.000000
vn -0.066653 -0.074547 0.000000
vn -0.053281 -0.084623 0.000000
vn -0.053281 -0.084623 0.000000
vn -0.041219 -0.091110 0.000000
vn -0.041219 -0.091110 0.000000
vn -0.023566 -0.097184 0.000000
vn -0.023566 -0.097184 0.000000
vn -0.011177 -0.099373 0.000000
vn -0.011177 -0.099373 0.000000
vn -0.100000 -0.000275 0.000000
vn -0.100000 -0.000275 0.000000
vn -0.100000 -0.000275 0.000000
vn -0.100000 -0.000275 0.000000
vn -0.080756 0.058978 0.000000
vn -0.085467 0.051918 0.000000
vn -0.080756 0.058978 0.000000
vn -0.085467 0.051918 0.000000
vn -0.095873 0.028432 0.000000
vn -0.095873 0.028432 0.000000
vn -0.099640 0.008474 0.000000
vn -0.099640 0.008474 0.000000
vn -0.099979 0.002073 0.000000
vn -0.099979 0.002073 0.000000
vn -0.001090 0.099994 0.000000
vn -0.006531 0.099786 0.000000
vn -0.001090 0.099994 0.000000
vn -0.006531 0.099786 0.000000
vn -0.023355 0.097234 0.000000
vn -0.023355 0.097234 0.000000
vn -0.044500 0.089553 0.000000
vn -0.044500 0.089553 0.000000
vn -0.051264 0.085860 0.000000
vn -0.051264 0.085860 0.000000
vn -0.000275 0.100000 0.000000
vn -0.000275 0.100000 0.000000
vn -0.000275 0.100000 0.000000
vn -0.000275 0.100000 0.000000
vn -0.055721 0.083037 0.000000
vn -0.048935 0.087209 0.000000
vn -0.055721 0.083037 0.000000
vn -0.048935 0.087209 0.000000
vn -0.026851 0.096328 0.000000
vn -0.026851 0.096328 0.000000
vn -0.008318 0.099653 0.000000
vn -0.008318 0.099653 0.000000
vn -0.002340 0.099973 0.000000
vn -0.002340 0.099973 0.000000
vn -0.099922 0.003938 0.000000
vn -0.099451 0.010468 0.000000
vn -0.099922 0.003938 0.000000
vn -0.099451 0.010468 0.000000
vn -0.095167 0.030712 0.000000
vn -0.095167 0.030712 0.000000
vn -0.084855 0.052911 0.000000
vn -0.084855 0.052911 0.000000
vn -0.080401 0.059462 0.000000
vn -0.080401 0.059462 0.000000
vn -0.100000 -0.000275 0.000000
vn -0.100000 -0.000275 0.000000
vn -0.100000 -0.000275 0.000000
vn -0.100000 -0.000275 0.000000
vn -0.009523 -0.099545 0.000000
vn -0.021628 -0.097633 0.000000
vn -0.009523 -0.099545 0.000000
vn -0.021628 -0.097633 0.000000
vn -0.038908 -0.092120 0.000000
vn -0.038908 -0.092120 0.000000
vn -0.050795 -0.086139 0.000000
vn -0.050795 -0.086139 0.000000
vn -0.064126 -0.076733 0.000000
vn -0.064126 -0.076733 0.000000
vn -0.076803 -0.064041 0.000000
vn -0.076803 -0.064041 0.000000
vn -0.085644 -0.051624 0.000000
vn -0.085644 -0.051624 0.000000
vn -0.094501 -0.032704 0.000000
vn -0.094501 -0.032704 0.000000
vn -0.098141 -0.019194 0.000000
vn -0.098141 -0.019194 0.000000
vn 0.000275 -0.100000 0.000000
vn 0.000275 -0.100000 0.000000
vn 0.000275 -0.100000 0.000000
vn 0.000275 -0.100000 0.000000
vn 0.098185 -0.018967 0.000000
vn 0.094558 -0.032539 0.000000
vn 0.098185 -0.018967 0.000000
vn 0.094558 -0.032539 0.000000
vn 0.085690 -0.051549 0.000000
vn 0.085690 -0.051549 0.000000
vn 0.076823 -0.064017 0.000000
vn 0.076823 -0.064017 0.000000
vn 0.064146 -0.076716 0.000000
vn 0.064146 -0.076716 0.000000
vn 0.050877 -0.086090 0.000000
vn 0.050877 -0.086090 0.000000
vn 0.039053 -0.092059 0.000000
vn 0.039053 -0.092059 0.000000
vn 0.021863 -0.097581 0.000000
vn 0.021863 -0.097581 0.000000
vn 0.009814 -0.099517 0.000000
vn 0.009814 -0.099517 0.000000
vn 0.100000 0.000275 0.000000
vn 0.100000 0.000275 0.000000
vn 0.100000 0.000275 0.000000
vn 0.100000 0.000275 0.000000
vn -0.000275 0.100000 0.000000
vn -0.000275 0.100000 0.000000
vn -0.000275 0.100000 0.000000
vn -0.000275 0.100000 0.000000
vn -0.100000 -0.000275 0.000000
vn -0.100000 -0.000275 0.000000
vn -0.100000 -0.000275 0.000000
vn -0.100000 -0.000275 0.000000
vn -0.011722 0.099311 0.000000
vn -0.024099 0.097053 0.000000
vn -0.011722 0.099311 0.000000
vn -0.024099 0.097053 0.000000
vn -0.041718 0.090882 0.000000
vn -0.041718 0.090882 0.000000
vn -0.053745 0.084330 0.000000
vn -0.053745 0.084330 0.000000
vn -0.067062 0.074180 0.000000
vn -0.067062 0.074180 0.000000
vn -0.079168 0.061094 0.000000
vn -0.079168 0.061094 0.000000
vn -0.087356 0.048672 0.000000
vn -0.087356 0.048672 0.000000
vn -0.095399 0.029984 0.000000
vn -0.095399 0.029984 0.000000
vn -0.098592 0.016724 0.000000
vn -0.098592 0.016724 0.000000
vn -0.000275 0.100000 0.000000
vn -0.000275 0.100000 0.000000
vn -0.000275 0.100000 0.000000
vn -0.000275 0.100000 0.000000
vn 0.098498 0.017266 0.000000
vn 0.095233 0.030508 0.000000
vn 0.098498 0.017266 0.000000
vn 0.095233 0.030508 0.000000
vn 0.087087 0.049151 0.000000
vn 0.087087 0.049151 0.000000
vn 0.078831 0.061527 0.000000
vn 0.078831 0.061527 0.000000
vn 0.066654 0.074547 0.000000
vn 0.066654 0.074547 0.000000
vn 0.053282 0.084623 0.000000
vn 0.053282 0.084623 0.000000
vn 0.041220 0.091109 0.000000
vn 0.041220 0.091109 0.000000
vn 0.023567 0.097183 0.000000
vn 0.023567 0.097183 0.000000
vn 0.011178 0.099373 0.000000
vn 0.011178 0.099373 0.000000
vn 0.000000 0.000000 -0.100000
vn 0.000000 0.000000 -0.100000
vn 0.000000 0.000000 -0.100000
vn 0.000000 0.000000 -0.100000
vn 0.000000 0.000000 -0.100000
vn 0.000000 0.000000 -0.100000
vn 0.000000 0.000000 -0.100000
vn 0.000000 0.000000 -0.100000
vn 0.000000 0.000000 -0.100000
vn 0.000000 0.000000 -0.100000
vn 0.000000 0.000000 -0.100000
vn 0.000000 0.000000 -0.100000
vn 0.000000 0.000000 -0.100000
vn 0.000000 0.000000 -0.100000
vn 0.000000 0.000000 -0.100000
vn 0.000000 0.000000 -0.100000
vn 0.000000 0.000000 -0.100000
vn 0.000000 0.000000 -0.100000
vn 0.000000 0.000000 -0.100000
vn 0.000000 0.000000 -0.100000
vn 0.000000 0.000000 -0.100000
vn 0.000000 0.000000 -0.100000
vn 0.000000 0.000000 -0.100000
vn 0.000000 0.000000 -0.100000
vn 0.000000 0.000000 -0.100000
vn 0.000000 0.000000 -0.100000
vn 0.000000 0.000000 -0.100000
vn 0.000000 0.000000 -0.100000
vn 0.000000 0.000000 -0.100000
vn 0.000000 0.000000 -0.100000
vn 0.000000 0.000000 -0.100000
vn 0.000000 0.000000 -0.100000
vn 0.000000 0.000000 -0.100000
vn 0.000000 0.000000 -0.100000
vn 0.000000 0.000000 -0.100000
vn 0.000000 0.000000 -0.100000
vn 0.000000 0.000000 -0.100000
vn 0.000000 0.000000 -0.100000
vn 0.000000 0.000000 -0.100000
vn 0.000000 0.000000 -0.100000
vn 0.000000 0.000000 -0.100000
vn 0.000000 0.000000 -0.100000
vn 0.000000 0.000000 -0.100000
vn 0.000000 0.000000 -0.100000
vn 0.000000 0.000000 -0.100000
vn 0.000000 0.000000 -0.100000
vn 0.000000 0.000000 -0.100000
vn 0.000000 0.000000 -0.100000
vn 0.000000 0.000000 -0.100000
vn 0.000000 0.000000 -0.100000
vn 0.000000 0.000000 -0.100000
vn 0.000000 0.000000 -0.100000
vn 0.000000 0.000000 -0.100000
vn 0.000000 0.000000 -0.100000
vn 0.000000 0.000000 -0.100000
vn 0.000000 0.000000 -0.100000
vn 0.000000 0.000000 -0.100000
vn 0.000000 0.000000 -0.100000
vn 0.000000 0.000000 -0.100000
vn 0.000000 0.000000 -0.100000
vn 0.000000 0.000000 -0.100000
vn 0.000000 0.000000 -0.100000
vn 0.000000 0.000000 -0.100000
vn 0.000000 0.000000 -0.100000
vn 0.000000 0.000000 -0.100000
vn 0.000000 0.000000 -0.100000
vn 0.000000 0.000000 -0.100000
vn 0.000000 0.000000 -0.100000
vn 0.000000 0.000000 -0.100000
vn 0.000000 0.000000 -0.100000
vn 0.000000 0.000000 -0.100000
vn 0.000000 0.000000 -0.100000
vn 0.000000 0.000000 -0.100000
vn 0.000000 0.000000 -0.100000
vn 0.000000 0.000000 -0.100000
vn 0.000000 0.000000 -0.100000
vn 0.000000 0.000000 -0.100000
vn 0.000000 0.000000 -0.100000
vn 0.000000 0.000000 -0.100000
vn 0.000000 0.000000 -0.100000
vn 0.000000 0.000000 -0.100000
vn 0.000000 0.000000 -0.100000
vn 0.000000 0.000000 -0.100000
vn 0.000000 0.000000 -0.100000
vn 0.000000 0.000000 -0.100000
vn 0.000000 0.000000 -0.100000
vn 0.000000 0.000000 -0.100000
vn 0.000000 0.000000 -0.100000
vn 0.000000 0.000000 -0.100000
vn 0.000000 0.000000 -0.100000
vn 0.000000 0.000000 -0.100000
vn 0.000000 0.000000 -0.100000
vn 0.000000 0.000000 -0.100000
vn 0.000000 0.000000 -0.100000
vn 0.000000 0.000000 -0.100000
vn 0.000000 0.000000 -0.100000
vn 0.000000 0.000000 -0.100000
vn 0.000000 0.000000 -0.100000
vn 0.000000 0.000000 -0.100000
vn 0.000000 0.000000 -0.100000
vn 0.000000 0.000000 -0.100000
vn 0.000000 0.000000 -0.100000
vn 0.000000 0.000000 -0.100000
vn 0.000000 0.000000 -0.100000
vn 0.000000 0.000000 -0.100000
vn 0.000000 0.000000 -0.100000
vn 0.000000 0.000000 -0.100000
vn 0.000000 0.000000 -0.100000
vn 0.000000 0.000000 -0.100000
vn 0.000000 0.000000 -0.100000
vn 0.000000 0.000000 -0.100000
vn 0.000000 0.000000 -0.100000
vn -0.000275 0.100000 0.000000
vn -0.000275 0.100000 0.000000
vn -0.000275 0.100000 0.000000
vn -0.000275 0.100000 0.000000
vn -0.100000 -0.000275 0.000000
vn -0.100000 -0.000275 0.000000
vn -0.100000 -0.000275 0.000000
vn -0.100000 -0.000275 0.000000
vn 0.000275 -0.100000 0.000000
vn 0.000275 -0.100000 0.000000
vn 0.000275 -0.100000 0.000000
vn 0.000275 -0.100000 0.000000
vn 0.094037 -0.034015 0.000000
vn 0.094037 -0.034015 0.000000
vn 0.094037 -0.034015 0.000000
vn 0.094037 -0.034015 0.000000
vn -0.100000 -0.000275 0.000000
vn -0.100000 -0.000275 0.000000
vn -0.100000 -0.000275 0.000000
vn -0.100000 -0.000275 0.000000
vn 0.000275 -0.100000 0.000000
vn 0.000275 -0.100000 0.000000
vn 0.000275 -0.100000 0.000000
vn 0.000275 -0.100000 0.000000
vn 0.100000 0.000275 0.000000
vn 0.100000 0.000275 0.000000
vn 0.100000 0.000275 0.000000
vn 0.100000 0.000275 0.000000
vn -0.000275 0.100000 0.000000
vn -0.000275 0.100000 0.000000
vn -0.000275 0.100000 0.000000
vn -0.000275 0.100000 0.000000
vn -0.094166 0.033657 0.000000
vn -0.094166 0.033657 0.000000
vn -0.094166 0.033657 0.000000
vn -0.094166 0.033657 0.000000
vn 0.100000 0.000275 0.000000
vn 0.100000 0.000275 0.000000
vn 0.100000 0.000275 0.000000
vn 0.100000 0.000275 0.000000
vn 0.000000 0.000000 -0.100000
vn 0.000000 0.000000 -0.100000
vn 0.000000 0.000000 -0.100000
vn 0.000000 0.000000 -0.100000
vn 0.000000 0.000000 -0.100000
vn 0.000000 0.000000 -0.100000
vn 0.000000 0.000000 -0.100000
vn 0.000000 0.000000 -0.100000
vn 0.000000 0.000000 -0.100000
vn 0.000000 0.000000 -0.100000
vn 0.100000 0.000275 0.000000
vn 0.100000 0.000275 0.000000
vn 0.100000 0.000275 0.000000
vn 0.100000 0.000275 0.000000
vn -0.000275 0.100000 0.000000
vn -0.000275 0.100000 0.000000
vn -0.000275 0.100000 0.000000
vn -0.000275 0.100000 0.000000
vn -0.100000 -0.000275 0.000000
vn -0.100000 -0.000275 0.000000
vn -0.100000 -0.000275 0.000000
vn -0.100000 -0.000275 0.000000
vn 0.000275 -0.100000 0.000000
vn 0.000275 -0.100000 0.000000
vn 0.000275 -0.100000 0.000000
vn 0.000275 -0.100000 0.000000
vn 0.000000 0.000000 -0.100000
vn 0.000000 0.000000 -0.100000
vn 0.000000 0.000000 -0.100000
vn 0.000000 0.000000 -0.100000
vn -0.000275 0.100000 0.000000
vn -0.000275 0.100000 0.000000
vn -0.000275 0.100000 0.000000
vn -0.000275 0.100000 0.000000
vn 0.098234 -0.018710 0.000000
vn 0.098234 -0.018710 0.000000
vn 0.098234 -0.018710 0.000000
vn 0.098234 -0.018710 0.000000
vn -0.098130 -0.019249 0.000000
vn -0.098130 -0.019249 0.000000
vn -0.098130 -0.019249 0.000000
vn -0.098130 -0.019249 0.000000
vn 0.098270 -0.018520 0.000000
vn 0.098270 -0.018520 0.000000
vn 0.098270 -0.018520 0.000000
vn 0.098270 -0.018520 0.000000
vn 0.000275 -0.100000 0.000000
vn 0.000275 -0.100000 0.000000
vn 0.000275 -0.100000 0.000000
vn 0.000275 -0.100000 0.000000
vn -0.098167 -0.019059 0.000000
vn -0.098167 -0.019059 0.000000
vn -0.098167 -0.019059 0.000000
vn -0.098167 -0.019059 0.000000
vn 0.000275 -0.100000 0.000000
vn 0.000275 -0.100000 0.000000
vn 0.000275 -0.100000 0.000000
vn 0.000275 -0.100000 0.000000
vn 0.097470 0.022350 0.000000
vn 0.097470 0.022350 0.000000
vn 0.097470 0.022350 0.000000
vn 0.097470 0.022350 0.000000
vn -0.000275 0.100000 0.000000
vn -0.000275 0.100000 0.000000
vn -0.000275 0.100000 0.000000
vn -0.000275 0.100000 0.000000
vn -0.097460 0.022397 0.000000
vn -0.097460 0.022397 0.000000
vn -0.097460 0.022397 0.000000
vn -0.097460 0.022397 0.000000
vn 0.000275 -0.100000 0.000000
vn 0.000275 -0.100000 0.000000
vn 0.000275 -0.100000 0.000000
vn 0.000275 -0.100000 0.000000
vn 0.000000 0.000000 -0.100000
vn 0.000000 0.000000 -0.100000
vn 0.000000 0.000000 -0.100000
vn 0.000000 0.000000 -0.100000
vn 0.000000 0.000000 -0.100000
vn 0.000000 0.000000 -0.100000
vn 0.000000 0.000000 -0.100000
vn 0.000000 0.000000 -0.100000
vn 0.000000 0.000000 -0.100000
vn 0.000000 0.000000 -0.100000
vn 0.000000 0.000000 -0.100000
vn 0.000000 0.000000 -0.100000
vn 0.000000 0.000000 -0.100000
vn 0.000000 0.000000 -0.100000
vn 0.000000 0.000000 -0.100000
vn 0.000000 0.000000 -0.100000
vn 0.000000 0.000000 -0.100000
vn 0.000000 0.000000 -0.100000
vn 0.000000 0.000000 -0.100000
vn 0.000000 0.000000 -0.100000
vn 0.000000 0.000000 -0.100000
vn 0.000000 0.000000 -0.100000
vn 0.000000 0.000000 -0.100000
vn 0.000000 0.000000 -0.100000
vn 0.000000 0.000000 -0.100000
vn 0.000000 0.000000 -0.100000
vn 0.000000 0.000000 -0.100000
vn 0.000000 0.000000 -0.100000
vn 0.000000 0.000000 -0.100000
vn 0.000000 0.000000 -0.100000
vn 0.000000 0.000000 -0.100000
vn 0.000000 0.000000 -0.100000
vn 0.000000 0.000000 -0.100000
vn 0.000000 0.000000 -0.100000
vn 0.000000 0.000000 -0.100000
vn 0.000000 0.000000 -0.100000
vn 0.000000 0.000000 -0.100000
vn 0.000000 0.000000 -0.100000
vn 0.000000 0.000000 -0.100000
vn 0.000000 0.000000 -0.100000
vn 0.000000 0.000000 -0.100000
vn 0.000000 0.000000 -0.100000
vn 0.000000 0.000000 -0.100000
vn 0.000000 0.000000 -0.100000
vn 0.000000 0.000000 -0.100000
vn 0.000000 0.000000 -0.100000
vn 0.000000 0.000000 -0.100000
vn -0.000275 0.100000 0.000000
vn -0.000275 0.100000 0.000000
vn -0.000275 0.100000 0.000000
vn -0.000275 0.100000 0.000000
vn 0.098234 -0.018710 0.000000
vn 0.098234 -0.018710 0.000000
vn 0.098234 -0.018710 0.000000
vn 0.098234 -0.018710 0.000000
vn -0.098130 -0.019249 0.000000
vn -0.098130 -0.019249 0.000000
vn -0.098130 -0.019249 0.000000
vn -0.098130 -0.019249 0.000000
vn 0.098270 -0.018520 0.000000
vn 0.098270 -0.018520 0.000000
vn 0.098270 -0.018520 0.000000
vn 0.098270 -0.018520 0.000000
vn 0.000275 -0.100000 0.000000
vn 0.000275 -0.100000 0.000000
vn 0.000275 -0.100000 0.000000
vn 0.000275 -0.100000 0.000000
vn -0.098167 -0.019059 0.000000
vn -0.098167 -0.019059 0.000000
vn -0.098167 -0.019059 0.000000
vn -0.098167 -0.019059 0.000000
vn 0.000275 -0.100000 0.000000
vn 0.000275 -0.100000 0.000000
vn 0.000275 -0.100000 0.000000
vn 0.000275 -0.100000 0.000000
vn 0.097470 0.022350 0.000000
vn 0.097470 0.022350 0.000000
vn 0.097470 0.022350 0.000000
vn 0.097470 0.022350 0.000000
vn -0.000275 0.100000 0.000000
vn -0.000275 0.100000 0.000000
vn -0.000275 0.100000 0.000000
vn -0.000275 0.100000 0.000000
vn -0.097460 0.022397 0.000000
vn -0.097460 0.022397 0.000000
vn -0.097460 0.022397 0.000000
vn -0.097460 0.022397 0.000000
vn 0.000275 -0.100000 0.000000
vn 0.000275 -0.100000 0.000000
vn 0.000275 -0.100000 0.000000
vn 0.000275 -0.100000 0.000000
vn 0.000000 0.000000 -0.100000
vn 0.000000 0.000000 -0.100000
vn 0.000000 0.000000 -0.100000
vn 0.000000 0.000000 -0.100000
vn 0.000000 0.000000 -0.100000
vn 0.000000 0.000000 -0.100000
vn 0.000000 0.000000 -0.100000
vn 0.000000 0.000000 -0.100000
vn 0.000000 0.000000 -0.100000
vn 0.000000 0.000000 -0.100000
vn 0.000000 0.000000 -0.100000
vn 0.000000 0.000000 -0.100000
vn 0.000000 0.000000 -0.100000
vn 0.000000 0.000000 -0.100000
vn -0.096593 -0.025882 0.000000
vn -0.096593 -0.025882 0.000000
vn -0.100000 -0.000000 0.000000
vn -0.100000 -0.000000 0.000000
vn -0.096593 0.025882 0.000000
vn -0.096593 0.025882 0.000000
vn -0.086603 0.050000 0.000000
vn -0.086603 0.050000 0.000000
vn -0.070711 0.070711 0.000000
vn -0.070711 0.070711 0.000000
vn -0.050000 0.086603 0.000000
vn -0.050000 0.086603 0.000000
vn -0.025882 0.096593 0.000000
vn -0.025882 0.096593 0.000000
vn 0.000000 0.100000 0.000000
vn 0.000000 0.100000 0.000000
vn 0.025882 0.096593 0.000000
vn 0.025882 0.096593 0.000000
vn 0.050000 0.086603 0.000000
vn 0.050000 0.086603 0.000000
vn 0.070711 0.070711 0.000000
vn 0.070711 0.070711 0.000000
vn 0.086603 0.050000 0.000000
vn 0.086603 0.050000 0.000000
vn 0.096593 0.025882 0.000000
vn 0.096593 0.025882 0.000000
vn 0.100000 0.000000 0.000000
vn 0.100000 0.000000 0.000000
vn 0.096593 -0.025882 0.000000
vn 0.096593 -0.025882 0.000000
vn 0.086603 -0.050000 0.000000
vn 0.086603 -0.050000 0.000000
vn 0.070711 -0.070711 0.000000
vn 0.070711 -0.070711 0.000000
vn 0.050000 -0.086603 0.000000
vn 0.050000 -0.086603 0.000000
vn 0.025882 -0.096593 0.000000
vn 0.025882 -0.096593 0.000000
vn 0.000000 -0.100000 0.000000
vn 0.000000 -0.100000 0.000000
vn -0.025882 -0.096593 0.000000
vn -0.025882 -0.096593 0.000000
vn -0.050000 -0.086603 0.000000
vn -0.050000 -0.086603 0.000000
vn -0.070711 -0.070711 0.000000
vn -0.070711 -0.070711 0.000000
vn -0.086603 -0.050000 0.000000
vn -0.086603 -0.050000 0.000000
vn 0.000000 0.000000 -0.100000
vn 0.000000 0.000000 -0.100000
vn 0.000000 0.000000 -0.100000
vn 0.000000 0.000000 -0.100000
vn 0.000000 0.000000 -0.100000
vn 0.000000 0.000000 -0.100000
vn 0.000000 0.000000 -0.100000
vn 0.000000 0.000000 -0.100000
vn 0.000000 0.000000 -0.100000
vn 0.000000 0.000000 -0.100000
vn 0.000000 0.000000 -0.100000
vn 0.000000 0.000000 -0.100000
vn 0.000000 0.000000 -0.100000
vn 0.000000 0.000000 -0.100000
vn 0.000000 0.000000 -0.100000
vn 0.000000 0.000000 -0.100000
vn 0.000000 0.000000 -0.100000
vn 0.000000 0.000000 -0.100000
vn 0.000000 0.000000 -0.100000
vn 0.000000 0.000000 -0.100000
vn 0.000000 0.000000 -0.100000
vn 0.000000 0.000000 -0.100000
vn 0.000000 0.000000 -0.100000
vn 0.000000 0.000000 -0.100000
vn 0.000000 0.000000 -0.100000
vn 0.000000 0.000000 -0.100000
vn 0.000000 0.000000 -0.100000
vn 0.000000 0.000000 -0.100000
vn 0.000000 0.000000 -0.100000
vn 0.000000 0.000000 -0.100000
vn 0.000000 0.000000 -0.100000
vn 0.000000 0.000000 -0.100000
vn 0.000000 0.000000 -0.100000
vn 0.000000 0.000000 -0.100000
vn 0.000000 0.000000 -0.100000
vn 0.000000 0.000000 -0.100000
vn 0.000000 0.000000 -0.100000
vn 0.000000 0.000000 -0.100000
vn 0.000000 0.000000 -0.100000
vn 0.000000 0.000000 -0.100000
vn 0.000000 0.000000 -0.100000
vn 0.000000 0.000000 -0.100000
vn 0.000000 0.000000 -0.100000
vn 0.000000 0.000000 -0.100000
vn 0.000000 0.000000 -0.100000
vn 0.000000 0.000000 -0.100000
vn 0.000000 0.000000 -0.100000
vn 0.000000 0.000000 -0.100000
vn -0.096593 -0.025882 0.000000
vn -0.096593 -0.025882 0.000000
vn -0.100000 -0.000000 0.000000
vn -0.100000 -0.000000 0.000000
vn -0.096593 0.025882 0.000000
vn -0.096593 0.025882 0.000000
vn -0.086603 0.050000 0.000000
vn -0.086603 0.050000 0.000000
vn -0.070711 0.070711 0.000000
vn -0.070711 0.070711 0.000000
vn -0.050000 0.086603 0.000000
vn -0.050000 0.086603 0.000000
vn -0.025882 0.096593 0.000000
vn -0.025882 0.096593 0.000000
vn 0.000000 0.100000 0.000000
vn 0.000000 0.100000 0.000000
vn 0.025882 0.096593 0.000000
vn 0.025882 0.096593 0.000000
vn 0.050000 0.086603 0.000000
vn 0.050000 0.086603 0.000000
vn 0.070711 0.070711 0.000000
vn 0.070711 0.070711 0.000000
vn 0.086603 0.050000 0.000000
vn 0.086603 0.050000 0.000000
vn 0.096593 0.025882 0.000000
vn 0.096593 0.025882 0.000000
vn 0.100000 0.000000 0.000000
vn 0.100000 0.000000 0.000000
vn 0.096593 -0.025882 0.000000
vn 0.096593 -0.025882 0.000000
vn 0.086603 -0.050000 0.000000
vn 0.086603 -0.050000 0.000000
vn 0.070711 -0.070711 0.000000
vn 0.070711 -0.070711 0.000000
vn 0.050000 -0.086603 0.000000
vn 0.050000 -0.086603 0.000000
vn 0.025882 -0.096593 0.000000
vn 0.025882 -0.096593 0.000000
vn 0.000000 -0.100000 0.000000
vn 0.000000 -0.100000 0.000000
vn -0.025882 -0.096593 0.000000
vn -0.025882 -0.096593 0.000000
vn -0.050000 -0.086603 0.000000
vn -0.050000 -0.086603 0.000000
vn -0.070711 -0.070711 0.000000
vn -0.070711 -0.070711 0.000000
vn -0.086603 -0.050000 0.000000
vn -0.086603 -0.050000 0.000000
vn 0.000000 0.000000 -0.100000
vn 0.000000 0.000000 -0.100000
vn 0.000000 0.000000 -0.100000
vn 0.000000 0.000000 -0.100000
vn 0.000000 0.000000 -0.100000
vn 0.000000 0.000000 -0.100000
vn 0.000000 0.000000 -0.100000
vn 0.000000 0.000000 -0.100000
vn 0.000000 0.000000 -0.100000
vn 0.000000 0.000000 -0.100000
vn 0.000000 0.000000 -0.100000
vn 0.000000 0.000000 -0.100000
vn 0.000000 0.000000 -0.100000
vn 0.000000 0.000000 -0.100000
vn 0.000000 0.000000 -0.100000
vn 0.000000 0.000000 -0.100000
vn 0.000000 0.000000 -0.100000
vn 0.000000 0.000000 -0.100000
vn 0.000000 0.000000 -0.100000
vn 0.000000 0.000000 -0.100000
vn 0.000000 0.000000 -0.100000
vn 0.000000 0.000000 -0.100000
vn 0.000000 0.000000 -0.100000
vn 0.000000 0.000000 -0.100000
vn 0.000000 0.000000 -0.100000
vn 0.000000 0.000000 -0.100000
vn 0.000000 0.000000 -0.100000
vn 0.000000 0.000000 -0.100000
vn 0.000000 0.000000 -0.100000
vn 0.000000 0.000000 -0.100000
vn 0.000000 0.000000 -0.100000
vn 0.000000 0.000000 -0.100000
vn 0.000000 0.000000 -0.100000
vn 0.000000 0.000000 -0.100000
vn 0.000000 0.000000 -0.100000
vn 0.000000 0.000000 -0.100000
vn 0.000000 0.000000 -0.100000
vn 0.000000 0.000000 -0.100000
vn 0.000000 0.000000 -0.100000
vn 0.000000 0.000000 -0.100000
vn 0.000000 0.000000 -0.100000
vn 0.000000 0.000000 -0.100000
vn 0.000000 0.000000 -0.100000
vn 0.000000 0.000000 -0.100000
vn 0.000000 0.000000 -0.100000
vn 0.000000 0.000000 -0.100000
vn 0.000000 0.000000 -0.100000
vn 0.000000 0.000000 -0.100000
vn -0.096593 -0.025882 0.000000
vn -0.096593 -0.025882 0.000000
vn -0.100000 -0.000000 0.000000
vn -0.100000 -0.000000 0.000000
vn -0.096593 0.025882 0.000000
vn -0.096593 0.025882 0.000000
vn -0.086603 0.050000 0.000000
vn -0.086603 0.050000 0.000000
vn -0.070711 0.070711 0.000000
vn -0.070711 0.070711 0.000000
vn -0.050000 0.086603 0.000000
vn -0.050000 0.086603 0.000000
vn -0.025882 0.096593 0.000000
vn -0.025882 0.096593 0.000000
vn 0.000000 0.100000 0.000000
vn 0.000000 0.100000 0.000000
vn 0.025882 0.096593 0.000000
vn 0.025882 0.096593 0.000000
vn 0.050000 0.086603 0.000000
vn 0.050000 0.086603 0.000000
vn 0.070711 0.070711 0.000000
vn 0.070711 0.070711 0.000000
vn 0.086603 0.050000 0.000000
vn 0.086603 0.050000 0.000000
vn 0.096593 0.025882 0.000000
vn 0.096593 0.025882 0.000000
vn 0.100000 0.000000 0.000000
vn 0.100000 0.000000 0.000000
vn 0.096593 -0.025882 0.000000
vn 0.096593 -0.025882 0.000000
vn 0.086603 -0.050000 0.000000
vn 0.086603 -0.050000 0.000000
vn 0.070711 -0.070711 0.000000
vn 0.070711 -0.070711 0.000000
vn 0.050000 -0.086603 0.000000
vn 0.050000 -0.086603 0.000000
vn 0.025882 -0.096593 0.000000
vn 0.025882 -0.096593 0.000000
vn 0.000000 -0.100000 0.000000
vn 0.000000 -0.100000 0.000000
vn -0.025882 -0.096593 0.000000
vn -0.025882 -0.096593 0.000000
vn -0.050000 -0.086603 0.000000
vn -0.050000 -0.086603 0.000000
vn -0.070711 -0.070711 0.000000
vn -0.070711 -0.070711 0.000000
vn -0.086603 -0.050000 0.000000
vn -0.086603 -0.050000 0.000000
vn 0.000000 0.000000 -0.100000
vn 0.000000 0.000000 -0.100000
vn 0.000000 0.000000 -0.100000
vn 0.000000 0.000000 -0.100000
vn 0.000000 0.000000 -0.100000
vn 0.000000 0.000000 -0.100000
vn 0.000000 0.000000 -0.100000
vn 0.000000 0.000000 -0.100000
vn 0.000000 0.000000 -0.100000
vn 0.000000 0.000000 -0.100000
vn 0.000000 0.000000 -0.100000
vn 0.000000 0.000000 -0.100000
vn 0.000000 0.000000 -0.100000
vn 0.000000 0.000000 -0.100000
vn 0.000000 0.000000 -0.100000
vn 0.000000 0.000000 -0.100000
vn 0.000000 0.000000 -0.100000
vn 0.000000 0.000000 -0.100000
vn 0.000000 0.000000 -0.100000
vn 0.000000 0.000000 -0.100000
vn 0.000000 0.000000 -0.100000
vn 0.000000 0.000000 -0.100000
vn 0.000000 0.000000 -0.100000
vn 0.000000 0.000000 -0.100000
vn 0.000000 0.000000 -0.100000
vn 0.000000 0.000000 -0.100000
vn 0.000000 0.000000 -0.100000
vn 0.000000 0.000000 -0.100000
vn 0.000000 0.000000 -0.100000
vn 0.000000 0.000000 -0.100000
vn 0.000000 0.000000 -0.100000
vn 0.000000 0.000000 -0.100000
vn 0.000000 0.000000 -0.100000
vn 0.000000 0.000000 -0.100000
vn 0.000000 0.000000 -0.100000
vn 0.000000 0.000000 -0.100000
vn 0.000000 0.000000 -0.100000
vn 0.000000 0.000000 -0.100000
vn 0.000000 0.000000 -0.100000
vn 0.000000 0.000000 -0.100000
vn 0.000000 0.000000 -0.100000
vn 0.000000 0.000000 -0.100000
vn 0.000000 0.000000 -0.100000
vn 0.000000 0.000000 -0.100000
vn 0.000000 0.000000 -0.100000
vn 0.000000 0.000000 -0.100000
vn 0.000000 0.000000 -0.100000
vn 0.000000 0.000000 -0.100000
vn -0.096593 -0.025882 0.000000
vn -0.096593 -0.025882 0.000000
vn -0.100000 -0.000000 0.000000
vn -0.100000 -0.000000 0.000000
vn -0.096593 0.025882 0.000000
vn -0.096593 0.025882 0.000000
vn -0.086603 0.050000 0.000000
vn -0.086603 0.050000 0.000000
vn -0.070711 0.070711 0.000000
vn -0.070711 0.070711 0.000000
vn -0.050000 0.086603 0.000000
vn -0.050000 0.086603 0.000000
vn -0.025882 0.096593 0.000000
vn -0.025882 0.096593 0.000000
vn 0.000000 0.100000 0.000000
vn 0.000000 0.100000 0.000000
vn 0.025882 0.096593 0.000000
vn 0.025882 0.096593 0.000000
vn 0.050000 0.086603 0.000000
vn 0.050000 0.086603 0.000000
vn 0.070711 0.070711 0.000000
vn 0.070711 0.070711 0.000000
vn 0.086603 0.050000 0.000000
vn 0.086603 0.050000 0.000000
vn 0.096593 0.025882 0.000000
vn 0.096593 0.025882 0.000000
vn 0.100000 0.000000 0.000000
vn 0.100000 0.000000 0.000000
vn 0.096593 -0.025882 0.000000
vn 0.096593 -0.025882 0.000000
vn 0.086603 -0.050000 0.000000
vn 0.086603 -0.050000 0.000000
vn 0.070711 -0.070711 0.000000
vn 0.070711 -0.070711 0.000000
vn 0.050000 -0.086603 0.000000
vn 0.050000 -0.086603 0.000000
vn 0.025882 -0.096593 0.000000
vn 0.025882 -0.096593 0.000000
vn 0.000000 -0.100000 0.000000
vn 0.000000 -0.100000 0.000000
vn -0.025882 -0.096593 0.000000
vn -0.025882 -0.096593 0.000000
vn -0.050000 -0.086603 0.000000
vn -0.050000 -0.086603 0.000000
vn -0.070711 -0.070711 0.000000
vn -0.070711 -0.070711 0.000000
vn -0.086603 -0.050000 0.000000
vn -0.086603 -0.050000 0.000000
vn 0.000000 0.000000 -0.100000
vn 0.000000 0.000000 -0.100000
vn 0.000000 0.000000 -0.100000
vn 0.000000 0.000000 -0.100000
vn 0.000000 0.000000 -0.100000
vn 0.000000 0.000000 -0.100000
vn 0.000000 0.000000 -0.100000
vn 0.000000 0.000000 -0.100000
vn 0.000000 0.000000 -0.100000
vn 0.000000 0.000000 -0.100000
vn 0.000000 0.000000 -0.100000
vn 0.000000 0.000000 -0.100000
vn 0.000000 0.000000 -0.100000
vn 0.000000 0.000000 -0.100000
vn 0.000000 0.000000 -0.100000
vn 0.000000 0.000000 -0.100000
vn 0.000000 0.000000 -0.100000
vn 0.000000 0.000000 -0.100000
vn 0.000000 0.000000 -0.100000
vn 0.000000 0.000000 -0.100000
vn 0.000000 0.000000 -0.100000
vn 0.000000 0.000000 -0.100000
vn 0.000000 0.000000 -0.100000
vn 0.000000 0.000000 -0.100000
vn 0.000000 0.000000 -0.100000
vn 0.000000 0.000000 -0.100000
vn 0.000000 0.000000 -0.100000
vn 0.000000 0.000000 -0.100000
vn 0.000000 0.000000 -0.100000
vn 0.000000 0.000000 -0.100000
vn 0.000000 0.000000 -0.100000
vn 0.000000 0.000000 -0.100000
vn 0.000000 0.000000 -0.100000
vn 0.000000 0.000000 -0.100000
vn 0.000000 0.000000 -0.100000
vn 0.000000 0.000000 -0.100000
vn 0.000000 0.000000 -0.100000
vn 0.000000 0.000000 -0.100000
vn 0.000000 0.000000 -0.100000
vn 0.000000 0.000000 -0.100000
vn 0.000000 0.000000 -0.100000
vn 0.000000 0.000000 -0.100000
vn 0.000000 0.000000 -0.100000
vn 0.000000 0.000000 -0.100000
vn 0.000000 0.000000 -0.100000
vn 0.000000 0.000000 -0.100000
vn 0.000000 0.000000 -0.100000
vn 0.000000 0.000000 -0.100000
vn 0.070704 0.000954 -0.070711
vn 0.070704 0.000954 -0.070711
vn 0.070704 0.000954 -0.070711
vn 0.070704 0.000954 -0.070711
vn -0.000954 0.070704 -0.070711
vn -0.000954 0.070704 -0.070711
vn -0.000954 0.070704 -0.070711
vn -0.000954 0.070704 -0.070711
vn 0.000949 -0.070704 -0.070711
vn 0.000949 -0.070704 -0.070711
vn 0.000949 -0.070704 -0.070711
vn 0.000949 -0.070704 -0.070711
vn -0.070704 -0.000949 -0.070711
vn -0.070704 -0.000949 -0.070711
vn -0.070704 -0.000949 -0.070711
vn -0.070704 -0.000949 -0.070711
vn -0.070638 -0.003212 -0.070711
vn -0.070611 -0.003760 -0.070711
vn -0.069166 -0.014701 -0.070711
vn -0.068313 -0.018257 -0.070711
vn -0.065838 -0.025796 -0.070711
vn -0.063072 -0.031967 -0.070711
vn -0.060743 -0.036198 -0.070711
vn -0.055114 -0.044300 -0.070711
vn -0.054019 -0.045629 -0.070711
vn -0.044780 -0.054724 -0.070711
vn -0.045845 -0.053836 -0.070711
vn -0.049326 -0.050665 -0.070711
vn -0.049326 -0.050665 -0.070711
vn -0.049326 -0.050665 -0.070711
vn -0.049326 -0.050665 -0.070711
vn -0.050049 -0.049951 -0.070711
vn -0.050049 -0.049951 -0.070711
vn -0.050049 -0.049951 -0.070711
vn -0.050049 -0.049951 -0.070711
vn 0.005665 -0.070483 -0.070711
vn -0.005921 -0.070462 -0.070711
vn 0.007035 -0.070360 -0.070711
vn -0.007644 -0.070296 -0.070711
vn -0.017348 -0.068550 -0.070711
vn -0.021994 -0.067203 -0.070711
vn -0.028309 -0.064797 -0.070711
vn -0.035395 -0.061214 -0.070711
vn -0.038511 -0.059304 -0.070711
vn -0.047272 -0.052587 -0.070711
vn -0.047678 -0.052219 -0.070711
vn -0.000007 -0.070711 -0.070711
vn -0.000007 -0.070711 -0.070711
vn -0.000007 -0.070711 -0.070711
vn -0.000007 -0.070711 -0.070711
vn -0.070711 -0.000006 -0.070711
vn -0.070711 -0.000006 -0.070711
vn -0.070711 -0.000006 -0.070711
vn -0.070711 -0.000006 -0.070711
vn -0.070711 -0.000006 -0.070711
vn -0.003240 0.070636 -0.070711
vn -0.003834 0.070607 -0.070711
vn -0.015114 0.069077 -0.070711
vn -0.018936 0.068128 -0.070711
vn -0.026554 0.065535 -0.070711
vn -0.033151 0.062458 -0.070711
vn -0.037233 0.060114 -0.070711
vn -0.045814 0.053862 -0.070711
vn -0.046844 0.052968 -0.070711
vn -0.055111 0.044304 -0.070711
vn -0.056330 0.042743 -0.070711
vn -0.061797 0.034368 -0.070711
vn -0.064207 0.029622 -0.070711
vn -0.066710 0.023446 -0.070711
vn -0.069077 0.015113 -0.070711
vn -0.069710 0.011852 -0.070711
vn -0.070711 -0.000091 -0.070711
vn -0.070711 -0.000082 -0.070711
vn -0.070711 -0.000104 -0.070711
vn 0.053846 -0.045833 -0.070711
vn 0.045639 -0.054010 -0.070711
vn 0.054725 -0.044779 -0.070711
vn 0.044301 -0.055113 -0.070711
vn 0.036206 -0.060738 -0.070711
vn 0.031968 -0.063072 -0.070711
vn 0.025802 -0.065835 -0.070711
vn 0.018258 -0.068313 -0.070711
vn 0.014705 -0.069165 -0.070711
vn 0.003761 -0.070611 -0.070711
vn 0.003213 -0.070638 -0.070711
vn -0.000011 0.070711 -0.070711
vn -0.000011 0.070711 -0.070711
vn -0.000011 0.070711 -0.070711
vn -0.000011 0.070711 -0.070711
vn -0.000011 0.070711 -0.070711
vn 0.070636 0.003240 -0.070711
vn 0.070607 0.003834 -0.070711
vn 0.069076 0.015114 -0.070711
vn 0.068128 0.018936 -0.070711
vn 0.065535 0.026555 -0.070711
vn 0.062458 0.033151 -0.070711
vn 0.060114 0.037234 -0.070711
vn 0.053862 0.045814 -0.070711
vn 0.052968 0.046844 -0.070711
vn 0.044303 0.055111 -0.070711
vn 0.042743 0.056330 -0.070711
vn 0.034367 0.061797 -0.070711
vn 0.029622 0.064207 -0.070711
vn 0.023446 0.066711 -0.070711
vn 0.015113 0.069077 -0.070711
vn 0.011851 0.069710 -0.070711
vn -0.000091 0.070711 -0.070711
vn -0.000083 0.070711 -0.070711
vn -0.000104 0.070711 -0.070711
vn 0.050005 -0.049995 -0.070711
vn 0.050005 -0.049995 -0.070711
vn 0.050005 -0.049995 -0.070711
vn 0.050005 -0.049995 -0.070711
vn 0.045508 -0.054120 -0.070711
vn 0.045508 -0.054120 -0.070711
vn 0.045508 -0.054120 -0.070711
vn 0.045508 -0.054120 -0.070711
vn 0.070711 -0.000020 -0.070711
vn 0.070711 -0.000020 -0.070711
vn 0.070711 -0.000020 -0.070711
vn 0.070711 -0.000020 -0.070711
vn 0.070711 -0.000020 -0.070711
vn 0.047218 -0.052635 -0.070711
vn 0.047625 -0.052267 -0.070711
vn 0.055369 -0.043980 -0.070711
vn 0.057418 -0.041269 -0.070711
vn 0.061955 -0.034081 -0.070711
vn 0.064721 -0.028480 -0.070711
vn 0.066790 -0.023219 -0.070711
vn 0.069217 -0.014457 -0.070711
vn 0.069736 -0.011701 -0.070711
vn 0.070710 0.000167 -0.070711
vn 0.070711 0.000149 -0.070711
vn 0.070710 0.000194 -0.070711
vn 0.000000 0.000000 -0.100000
vn 0.000000 0.000000 -0.100000
vn 0.000000 0.000000 -0.100000
vn -0.000000 -0.000000 0.100000
vn -0.000000 -0.000000 0.100000
vn -0.000000 -0.000000 0.100000
vn -0.000000 -0.000000 0.100000
vn -0.000000 -0.000000 0.100000
vn -0.000000 -0.000000 0.100000
vn -0.000000 -0.000000 0.100000
vn -0.000000 -0.000000 0.100000
vn -0.000000 -0.000000 0.100000
vn -0.000000 -0.000000 0.100000
vn -0.000000 -0.000000 0.100000
vn -0.000000 -0.000000 0.100000
vn -0.000000 -0.000000 0.100000
vn -0.000000 -0.000000 0.100000
vn -0.000000 -0.000000 0.100000
vn -0.000000 -0.000000 0.100000
vn -0.000000 -0.000000 0.100000
vn -0.000000 -0.000000 0.100000
vn -0.000000 -0.000000 0.100000
vn -0.000000 -0.000000 0.100000
vn -0.000000 -0.000000 0.100000
vn -0.000000 -0.000000 0.100000
vn -0.000000 -0.000000 0.100000
vn -0.000000 -0.000000 0.100000
vn -0.000000 -0.000000 0.100000
vn -0.000000 -0.000000 0.100000
vn -0.000000 -0.000000 0.100000
vn -0.000000 -0.000000 0.100000
vn -0.000000 -0.000000 0.100000
vn -0.000000 -0.000000 0.100000
vn -0.000000 -0.000000 0.100000
vn -0.000000 -0.000000 0.100000
vn -0.000000 -0.000000 0.100000
vn -0.000000 -0.000000 0.100000
vn -0.000000 -0.000000 0.100000
vn -0.000000 -0.000000 0.100000
vn -0.000000 -0.000000 0.100000
vn -0.000000 -0.000000 0.100000
vn -0.000000 -0.000000 0.100000
vn -0.000000 -0.000000 0.100000
vn -0.000000 -0.000000 0.100000
vn -0.000000 -0.000000 0.100000
vn -0.000000 -0.000000 0.100000
vn -0.000000 -0.000000 0.100000
vn -0.000000 -0.000000 0.100000
vn -0.000000 -0.000000 0.100000
vn -0.000000 -0.000000 0.100000
vn -0.000000 -0.000000 0.100000
vn -0.000000 -0.000000 0.100000
vn -0.000000 -0.000000 0.100000
vn -0.000000 -0.000000 0.100000
vn -0.000000 -0.000000 0.100000
vn -0.000000 -0.000000 0.100000
vn -0.000000 -0.000000 0.100000
vn -0.000000 -0.000000 0.100000
vn -0.000000 -0.000000 0.100000
vn -0.000000 -0.000000 0.100000
vn -0.000000 -0.000000 0.100000
vn -0.000000 -0.000000 0.100000
vn -0.000000 -0.000000 0.100000
vn -0.000000 -0.000000 0.100000
vn -0.000000 -0.000000 0.100000
vn -0.000000 -0.000000 0.100000
vn -0.000000 -0.000000 0.100000
vn -0.000000 -0.000000 0.100000
vn -0.000000 -0.000000 0.100000
vn -0.000000 -0.000000 0.100000
vn -0.000000 -0.000000 0.100000
vn -0.000000 -0.000000 0.100000
vn -0.000000 -0.000000 0.100000
vn -0.000000 -0.000000 0.100000
vn -0.000000 -0.000000 0.100000
vn -0.000000 -0.000000 0.100000
vn -0.000000 -0.000000 0.100000
vn -0.000000 -0.000000 0.100000
vn -0.000000 -0.000000 0.100000
vn -0.000000 -0.000000 0.100000
vn -0.000000 -0.000000 0.100000
vn -0.000000 -0.000000 0.100000
vn -0.000000 -0.000000 0.100000
vn -0.000000 -0.000000 0.100000
vn -0.000000 -0.000000 0.100000
vn -0.000000 -0.000000 0.100000
vn -0.000000 -0.000000 0.100000
vn -0.000000 -0.000000 0.100000
vn -0.000000 -0.000000 0.100000
vn -0.000000 -0.000000 0.100000
vn -0.000000 -0.000000 0.100000
vn -0.000000 -0.000000 0.100000
vn -0.000000 -0.000000 0.100000
vn -0.000000 -0.000000 0.100000
vn -0.000000 -0.000000 0.100000
vn -0.000000 -0.000000 0.100000
vn -0.000000 -0.000000 0.100000
vn -0.000000 -0.000000 0.100000
vn -0.005547 0.099846 -0.000000
vn -0.005547 0.099846 -0.000000
vn -0.026883 0.096319 -0.000000
vn -0.026883 0.096319 -0.000000
vn -0.046962 0.088287 -0.000000
vn -0.046962 0.088287 -0.000000
vn -0.064844 0.076126 -0.000000
vn -0.064844 0.076126 -0.000000
vn -0.079695 0.060405 -0.000000
vn -0.079695 0.060405 -0.000000
vn -0.090817 0.041859 -0.000000
vn -0.090817 0.041859 -0.000000
vn -0.097693 0.021356 -0.000000
vn -0.097693 0.021356 -0.000000
vn -0.100000 -0.000147 0.000000
vn -0.100000 -0.000147 0.000000
vn -0.100000 -0.000008 0.000000
vn -0.100000 -0.000008 0.000000
vn -0.100000 -0.000008 0.000000
vn -0.100000 -0.000008 0.000000
vn -0.096593 0.025882 0.000000
vn -0.096593 0.025882 0.000000
vn -0.100000 0.000000 0.000000
vn -0.100000 0.000000 0.000000
vn -0.096593 -0.025882 0.000000
vn -0.096593 -0.025882 0.000000
vn -0.086603 -0.050000 0.000000
vn -0.086603 -0.050000 0.000000
vn -0.070711 -0.070711 0.000000
vn -0.070711 -0.070711 0.000000
vn -0.050000 -0.086603 0.000000
vn -0.050000 -0.086603 0.000000
vn -0.025882 -0.096593 0.000000
vn -0.025882 -0.096593 0.000000
vn 0.000000 -0.100000 0.000000
vn 0.000000 -0.100000 0.000000
vn 0.025882 -0.096593 0.000000
vn 0.025882 -0.096593 0.000000
vn 0.050000 -0.086603 0.000000
vn 0.050000 -0.086603 0.000000
vn 0.070711 -0.070711 0.000000
vn 0.070711 -0.070711 0.000000
vn 0.086603 -0.050000 0.000000
vn 0.086603 -0.050000 0.000000
vn 0.096593 -0.025882 0.000000
vn 0.096593 -0.025882 0.000000
vn 0.100000 -0.000000 0.000000
vn 0.100000 -0.000000 0.000000
vn 0.096593 0.025882 0.000000
vn 0.096593 0.025882 0.000000
vn 0.086603 0.050000 0.000000
vn 0.086603 0.050000 0.000000
vn 0.070711 0.070711 0.000000
vn 0.070711 0.070711 0.000000
vn 0.050000 0.086603 0.000000
vn 0.050000 0.086603 0.000000
vn 0.025882 0.096593 0.000000
vn 0.025882 0.096593 0.000000
vn 0.000000 0.100000 0.000000
vn 0.000000 0.100000 0.000000
vn -0.025882 0.096593 0.000000
vn -0.025882 0.096593 0.000000
vn -0.050000 0.086603 0.000000
vn -0.050000 0.086603 0.000000
vn -0.070711 0.070711 0.000000
vn -0.070711 0.070711 0.000000
vn -0.086603 0.050000 0.000000
vn -0.086603 0.050000 0.000000
vn 0.100000 0.000000 0.000000
vn 0.100000 0.000000 0.000000
vn 0.098079 -0.019509 0.000000
vn 0.098079 -0.019509 0.000000
vn 0.092388 -0.038268 0.000000
vn 0.092388 -0.038268 0.000000
vn 0.083147 -0.055557 0.000000
vn 0.083147 -0.055557 0.000000
vn 0.070711 -0.070711 0.000000
vn 0.070711 -0.070711 0.000000
vn 0.055557 -0.083147 0.000000
vn 0.055557 -0.083147 0.000000
vn 0.038268 -0.092388 0.000000
vn 0.038268 -0.092388 0.000000
vn 0.019509 -0.098079 0.000000
vn 0.019509 -0.098079 0.000000
vn 0.100000 0.000000 0.000000
vn 0.100000 0.000000 0.000000
vn 0.100000 0.000000 0.000000
vn -0.000015 0.100000 0.000000
vn -0.000015 0.100000 0.000000
vn -0.000015 0.100000 0.000000
vn -0.000015 0.100000 0.000000
vn -0.001350 0.099991 0.000000
vn -0.001350 0.099991 0.000000
vn -0.001350 0.099991 0.000000
vn -0.001350 0.099991 0.000000
vn 0.099846 0.005547 0.000000
vn 0.099846 0.005547 0.000000
vn 0.096319 0.026883 0.000000
vn 0.096319 0.026883 0.000000
vn 0.088287 0.046962 0.000000
vn 0.088287 0.046962 0.000000
vn 0.076126 0.064845 0.000000
vn 0.076126 0.064845 0.000000
vn 0.060405 0.079694 0.000000
vn 0.060405 0.079694 0.000000
vn 0.041859 0.090817 0.000000
vn 0.041859 0.090817 0.000000
vn 0.021356 0.097693 0.000000
vn 0.021356 0.097693 0.000000
vn -0.000146 0.100000 -0.000000
vn -0.000146 0.100000 -0.000000
vn -0.000015 0.100000 0.000000
vn -0.000015 0.100000 0.000000
vn -0.000015 0.100000 0.000000
vn -0.000015 0.100000 0.000000
vn -0.100000 -0.000000 0.000000
vn -0.100000 -0.000000 0.000000
vn -0.100000 -0.000000 0.000000
vn -0.100000 -0.000000 0.000000
vn -0.096593 0.025882 0.000000
vn -0.096593 0.025882 0.000000
vn -0.100000 0.000000 0.000000
vn -0.100000 0.000000 0.000000
vn -0.096593 -0.025882 0.000000
vn -0.096593 -0.025882 0.000000
vn -0.086603 -0.050000 0.000000
vn -0.086603 -0.050000 0.000000
vn -0.070711 -0.070711 0.000000
vn -0.070711 -0.070711 0.000000
vn -0.050000 -0.086603 0.000000
vn -0.050000 -0.086603 0.000000
vn -0.025882 -0.096593 0.000000
vn -0.025882 -0.096593 0.000000
vn 0.000000 -0.100000 0.000000
vn 0.000000 -0.100000 0.000000
vn 0.025882 -0.096593 0.000000
vn 0.025882 -0.096593 0.000000
vn 0.050000 -0.086603 0.000000
vn 0.050000 -0.086603 0.000000
vn 0.070711 -0.070711 0.000000
vn 0.070711 -0.070711 0.000000
vn 0.086603 -0.050000 0.000000
vn 0.086603 -0.050000 0.000000
vn 0.096593 -0.025882 0.000000
vn 0.096593 -0.025882 0.000000
vn 0.100000 -0.000000 0.000000
vn 0.100000 -0.000000 0.000000
vn 0.096593 0.025882 0.000000
vn 0.096593 0.025882 0.000000
vn 0.086603 0.050000 0.000000
vn 0.086603 0.050000 0.000000
vn 0.070711 0.070711 0.000000
vn 0.070711 0.070711 0.000000
vn 0.050000 0.086603 0.000000
vn 0.050000 0.086603 0.000000
vn 0.025882 0.096593 0.000000
vn 0.025882 0.096593 0.000000
vn 0.000000 0.100000 0.000000
vn 0.000000 0.100000 0.000000
vn -0.025882 0.096593 0.000000
vn -0.025882 0.096593 0.000000
vn -0.050000 0.086603 0.000000
vn -0.050000 0.086603 0.000000
vn -0.070711 0.070711 0.000000
vn -0.070711 0.070711 0.000000
vn -0.086603 0.050000 0.000000
vn -0.086603 0.050000 0.000000
vn 0.000000 -0.100000 0.000000
vn 0.000000 -0.100000 0.000000
vn -0.019509 -0.098079 0.000000
vn -0.019509 -0.098079 0.000000
vn -0.038268 -0.092388 0.000000
vn -0.038268 -0.092388 0.000000
vn -0.055557 -0.083147 0.000000
vn -0.055557 -0.083147 0.000000
vn -0.070711 -0.070711 0.000000
vn -0.070711 -0.070711 0.000000
vn -0.083147 -0.055557 0.000000
vn -0.083147 -0.055557 0.000000
vn -0.092388 -0.038268 0.000000
vn -0.092388 -0.038268 0.000000
vn -0.098079 -0.019509 0.000000
vn -0.098079 -0.019509 0.000000
vn 0.000000 -0.100000 0.000000
vn 0.000000 -0.100000 0.000000
vn 0.100000 -0.000028 0.000000
vn 0.100000 -0.000028 0.000000
vn 0.100000 -0.000028 0.000000
vn 0.100000 -0.000028 0.000000
vn 0.099991 0.001350 0.000000
vn 0.099991 0.001350 0.000000
vn 0.099991 0.001350 0.000000
vn 0.099991 0.001350 0.000000
vn 0.005431 -0.099852 0.000000
vn 0.005431 -0.099852 0.000000
vn 0.025970 -0.096569 0.000000
vn 0.025970 -0.096569 0.000000
vn 0.045385 -0.089108 0.000000
vn 0.045385 -0.089108 0.000000
vn 0.062837 -0.077791 0.000000
vn 0.062837 -0.077791 0.000000
vn 0.077571 -0.063109 0.000000
vn 0.077571 -0.063109 0.000000
vn 0.070717 -0.070704 0.000000
vn 0.070717 -0.070704 0.000000
vn 0.070717 -0.070704 0.000000
vn 0.070717 -0.070704 0.000000
vn -0.096593 0.025882 0.000000
vn -0.096593 0.025882 0.000000
vn -0.100000 0.000000 0.000000
vn -0.100000 0.000000 0.000000
vn -0.096593 -0.025882 0.000000
vn -0.096593 -0.025882 0.000000
vn -0.086603 -0.050000 0.000000
vn -0.086603 -0.050000 0.000000
vn -0.070711 -0.070711 0.000000
vn -0.070711 -0.070711 0.000000
vn -0.050000 -0.086603 0.000000
vn -0.050000 -0.086603 0.000000
vn -0.025882 -0.096593 0.000000
vn -0.025882 -0.096593 0.000000
vn 0.000000 -0.100000 0.000000
vn 0.000000 -0.100000 0.000000
vn 0.025882 -0.096593 0.000000
vn 0.025882 -0.096593 0.000000
vn 0.050000 -0.086603 0.000000
vn 0.050000 -0.086603 0.000000
vn 0.070711 -0.070711 0.000000
vn 0.070711 -0.070711 0.000000
vn 0.086603 -0.050000 0.000000
vn 0.086603 -0.050000 0.000000
vn 0.096593 -0.025882 0.000000
vn 0.096593 -0.025882 0.000000
vn 0.100000 -0.000000 0.000000
vn 0.100000 -0.000000 0.000000
vn 0.096593 0.025882 0.000000
vn 0.096593 0.025882 0.000000
vn 0.086603 0.050000 0.000000
vn 0.086603 0.050000 0.000000
vn 0.070711 0.070711 0.000000
vn 0.070711 0.070711 0.000000
vn 0.050000 0.086603 0.000000
vn 0.050000 0.086603 0.000000
vn 0.025882 0.096593 0.000000
vn 0.025882 0.096593 0.000000
vn 0.000000 0.100000 0.000000
vn 0.000000 0.100000 0.000000
vn -0.025882 0.096593 0.000000
vn -0.025882 0.096593 0.000000
vn -0.050000 0.086603 0.000000
vn -0.050000 0.086603 0.000000
vn -0.070711 0.070711 0.000000
vn -0.070711 0.070711 0.000000
vn -0.086603 0.050000 0.000000
vn -0.086603 0.050000 0.000000
vn -0.099999 0.000512 -0.000000
vn -0.099999 0.000512 -0.000000
vn -0.098172 0.019033 -0.000000
vn -0.098172 0.019033 -0.000000
vn -0.092945 0.036894 -0.000000
vn -0.092945 0.036894 -0.000000
vn -0.084500 0.053477 -0.000000
vn -0.084500 0.053477 -0.000000
vn -0.073127 0.068209 -0.000000
vn -0.073127 0.068209 -0.000000
vn -0.059222 0.080578 -0.000000
vn -0.059222 0.080578 -0.000000
vn -0.043266 0.090156 -0.000000
vn -0.043266 0.090156 -0.000000
vn -0.025811 0.096612 -0.000000
vn -0.025811 0.096612 -0.000000
vn -0.007462 0.099721 -0.000000
vn -0.007462 0.099721 -0.000000
vn 0.011145 0.099377 0.000000
vn 0.011145 0.099377 0.000000
vn 0.029366 0.095591 0.000000
vn 0.029366 0.095591 0.000000
vn 0.046570 0.088494 0.000000
vn 0.046570 0.088494 0.000000
vn 0.062161 0.078332 0.000000
vn 0.062161 0.078332 0.000000
vn 0.075600 0.065458 0.000000
vn 0.075600 0.065458 0.000000
vn 0.001342 -0.099991 0.000000
vn 0.001342 -0.099991 0.000000
vn 0.001342 -0.099991 0.000000
vn 0.001342 -0.099991 0.000000
vn -0.066769 -0.074444 0.000000
vn -0.066769 -0.074444 0.000000
vn -0.049922 -0.086647 0.000000
vn -0.049922 -0.086647 0.000000
vn -0.030916 -0.095101 0.000000
vn -0.030916 -0.095101 0.000000
vn -0.010572 -0.099440 0.000000
vn -0.010572 -0.099440 0.000000
vn 0.010230 -0.099475 0.000000
vn 0.010230 -0.099475 0.000000
vn -0.000009 -0.100000 0.000000
vn -0.000009 -0.100000 0.000000
vn -0.000009 -0.100000 0.000000
vn -0.000009 -0.100000 0.000000
vn 0.100000 -0.000000 0.000000
vn 0.100000 -0.000000 0.000000
vn 0.100000 -0.000000 0.000000
vn 0.100000 -0.000000 0.000000
vn -0.096593 0.025882 0.000000
vn -0.096593 0.025882 0.000000
vn -0.100000 0.000000 0.000000
vn -0.100000 0.000000 0.000000
vn -0.096593 -0.025882 0.000000
vn -0.096593 -0.025882 0.000000
vn -0.086603 -0.050000 0.000000
vn -0.086603 -0.050000 0.000000
vn -0.070711 -0.070711 0.000000
vn -0.070711 -0.070711 0.000000
vn -0.050000 -0.086603 0.000000
vn -0.050000 -0.086603 0.000000
vn -0.025882 -0.096593 0.000000
vn -0.025882 -0.096593 0.000000
vn 0.000000 -0.100000 0.000000
vn 0.000000 -0.100000 0.000000
vn 0.025882 -0.096593 0.000000
vn 0.025882 -0.096593 0.000000
vn 0.050000 -0.086603 0.000000
vn 0.050000 -0.086603 0.000000
vn 0.070711 -0.070711 0.000000
vn 0.070711 -0.070711 0.000000
vn 0.086603 -0.050000 0.000000
vn 0.086603 -0.050000 0.000000
vn 0.096593 -0.025882 0.000000
vn 0.096593 -0.025882 0.000000
vn 0.100000 -0.000000 0.000000
vn 0.100000 -0.000000 0.000000
vn 0.096593 0.025882 0.000000
vn 0.096593 0.025882 0.000000
vn 0.086603 0.050000 0.000000
vn 0.086603 0.050000 0.000000
vn 0.070711 0.070711 0.000000
vn 0.070711 0.070711 0.000000
vn 0.050000 0.086603 0.000000
vn 0.050000 0.086603 0.000000
vn 0.025882 0.096593 0.000000
vn 0.025882 0.096593 0.000000
vn 0.000000 0.100000 0.000000
vn 0.000000 0.100000 0.000000
vn -0.025882 0.096593 0.000000
vn -0.025882 0.096593 0.000000
vn -0.050000 0.086603 0.000000
vn -0.050000 0.086603 0.000000
vn -0.070711 0.070711 0.000000
vn -0.070711 0.070711 0.000000
vn -0.086603 0.050000 0.000000
vn -0.086603 0.050000 0.000000
vn -0.072957 0.068390 -0.000000
vn -0.072957 0.068390 -0.000000
vn -0.059234 0.080568 -0.000000
vn -0.059234 0.080568 -0.000000
vn -0.043518 0.090034 -0.000000
vn -0.043518 0.090034 -0.000000
vn -0.026336 0.096470 -0.000000
vn -0.026336 0.096470 -0.000000
vn -0.008268 0.099658 -0.000000
vn -0.008268 0.099658 -0.000000
vn 0.010078 0.099491 0.000000
vn 0.010078 0.099491 0.000000
vn 0.028086 0.095975 0.000000
vn 0.028086 0.095975 0.000000
vn 0.045147 0.089228 0.000000
vn 0.045147 0.089228 0.000000
vn 0.060689 0.079478 0.000000
vn 0.060689 0.079478 0.000000
vn 0.074188 0.067053 0.000000
vn 0.074188 0.067053 0.000000
vn 0.085190 0.052370 0.000000
vn 0.085190 0.052370 0.000000
vn 0.093324 0.035925 0.000000
vn 0.093324 0.035925 0.000000
vn 0.098317 0.018270 0.000000
vn 0.098317 0.018270 0.000000
vn -0.070711 0.070711 0.000000
vn -0.070711 0.070711 0.000000
vn -0.070711 0.070711 0.000000
vn -0.070711 0.070711 0.000000
vn -0.070780 -0.070641 0.000000
vn -0.070780 -0.070641 0.000000
vn -0.070780 -0.070641 0.000000
vn -0.070780 -0.070641 0.000000
vn -0.069757 -0.071652 0.000000
vn -0.069757 -0.071652 0.000000
vn -0.069757 -0.071652 0.000000
vn -0.069757 -0.071652 0.000000
vn 0.000000 0.000000 0.100000
vn 0.000000 0.000000 0.100000
vn 0.000000 0.000000 0.100000
vn 0.000000 0.000000 0.100000
vn 0.000000 0.000000 0.100000
vn 0.000000 0.000000 0.100000
vn 0.000000 0.000000 0.100000
vn 0.000000 0.000000 0.100000
vn 0.000000 0.000000 0.100000
vn 0.000000 0.000000 0.100000
vn 0.000000 0.000000 0.100000
vn 0.000000 0.000000 0.100000
vn 0.000000 0.000000 0.100000
vn 0.000000 0.000000 0.100000
vn 0.000000 0.000000 0.100000
vn 0.000000 0.000000 0.100000
vn 0.000000 0.000000 0.100000
vn 0.000000 0.000000 0.100000
vn 0.000000 0.000000 0.100000
vn 0.000000 0.000000 0.100000
vn 0.000000 0.000000 0.100000
vn 0.000000 0.000000 0.100000
vn 0.000000 0.000000 0.100000
vn 0.000000 0.000000 0.100000
vn 0.000000 0.000000 0.100000
vn 0.000000 0.000000 0.100000
vn 0.000000 0.000000 0.100000
vn 0.000000 0.000000 0.100000
vn 0.000000 0.000000 0.100000
vn 0.000000 0.000000 0.100000
vn 0.000000 0.000000 0.100000
vn 0.000000 0.000000 0.100000
vn 0.000000 0.000000 0.100000
vn 0.000000 0.000000 0.100000
vn 0.000000 0.000000 0.100000
vn 0.000000 0.000000 0.100000
vn 0.000000 0.000000 0.100000
vn 0.000000 0.000000 0.100000
vn 0.000000 0.000000 0.100000
vn 0.000000 0.000000 0.100000
vn 0.000000 0.000000 0.100000
vn 0.000000 0.000000 0.100000
vn 0.000000 0.000000 0.100000
vn 0.000000 0.000000 0.100000
vn 0.000000 0.000000 0.100000
vn 0.000000 0.000000 0.100000
vn 0.000000 0.000000 0.100000
vn 0.000000 0.000000 0.100000
vn 0.000000 0.000000 0.100000
vn 0.000000 0.000000 0.100000
vn 0.000000 0.000000 0.100000
vn 0.000000 0.000000 0.100000
vn 0.000000 0.000000 0.100000
vn 0.000000 0.000000 0.100000
vn 0.000000 0.000000 0.100000
vn 0.000000 0.000000 0.100000
vn 0.000000 0.000000 0.100000
vn 0.000000 0.000000 0.100000
vn 0.000000 0.000000 0.100000
vn 0.000000 0.000000 0.100000
vn 0.000000 0.000000 0.100000
vn 0.000000 0.000000 0.100000
vn 0.000000 0.000000 0.100000
vn 0.000000 0.000000 0.100000
vn 0.000000 0.000000 0.100000
vn 0.000000 0.000000 0.100000
vn 0.000000 0.000000 0.100000
vn 0.000000 0.000000 0.100000
vn 0.000000 0.000000 0.100000
vn 0.000000 0.000000 0.100000
vn 0.000000 0.000000 0.100000
vn 0.000000 0.000000 0.100000
vn 0.000000 0.000000 0.100000
vn 0.000000 0.000000 0.100000
vn 0.000000 0.000000 0.100000
vn 0.000000 0.000000 0.100000
vn 0.000000 0.000000 0.100000
vn 0.000000 0.000000 0.100000
vn 0.000000 0.000000 0.100000
vn 0.000000 0.000000 0.100000
vn 0.000000 0.000000 0.100000
vn 0.000000 0.000000 0.100000
vn 0.000000 0.000000 0.100000
vn 0.000000 0.000000 0.100000
vn 0.000000 0.000000 0.100000
vn 0.000000 0.000000 0.100000
vn 0.000000 0.000000 0.100000
vn 0.000000 0.000000 0.100000
vn 0.000000 0.000000 0.100000
vn 0.000000 0.000000 0.100000
vn 0.000000 0.000000 0.100000
vn 0.000000 0.000000 0.100000
vn 0.000000 0.000000 0.100000
vn 0.000000 0.000000 0.100000
vn 0.000000 0.000000 0.100000
vn 0.000000 0.000000 0.100000
vn 0.000000 0.000000 0.100000
vn 0.000000 0.000000 0.100000
vn 0.000000 0.000000 0.100000
vn 0.000000 0.000000 0.100000
vn 0.000000 0.000000 0.100000
vn 0.000000 0.000000 0.100000
vn 0.000000 0.000000 0.100000
vn 0.000000 0.000000 0.100000
vn 0.000000 0.000000 0.100000
vn 0.000000 0.000000 0.100000
vn 0.000000 0.000000 0.100000
vn 0.000000 0.000000 0.100000
vn 0.000000 0.000000 0.100000
vn 0.000000 0.000000 0.100000
vn 0.000000 0.000000 0.100000
vn 0.000000 0.000000 0.100000
vn 0.000000 0.000000 0.100000
vn 0.000000 0.000000 0.100000
vn 0.000000 0.000000 0.100000
vn 0.000000 0.000000 0.100000
vn 0.000000 0.000000 0.100000
vn 0.000000 0.000000 0.100000
vn 0.000000 0.000000 0.100000
vn 0.000000 0.000000 0.100000
vn 0.000000 0.000000 0.100000
vn 0.000000 0.000000 0.100000
vn 0.000000 0.000000 0.100000
vn 0.000000 0.000000 0.100000
vn 0.000000 0.000000 0.100000
vn 0.000000 0.000000 0.100000
vn 0.000000 0.000000 0.100000
vn 0.000000 0.000000 0.100000
vn 0.000000 0.000000 0.100000
vn 0.000000 0.000000 0.100000
vn 0.000000 0.000000 0.100000
vn 0.000000 0.000000 0.100000
vn 0.000000 0.000000 0.100000
vn 0.000000 0.000000 0.100000
vn 0.000000 0.000000 0.100000
vn 0.000000 0.000000 0.100000
vn 0.000000 0.000000 0.100000
vn 0.000000 0.000000 0.100000
vn 0.000000 0.000000 0.100000
vn 0.000000 0.000000 0.100000
vn 0.000000 0.000000 0.100000
vn 0.000000 0.000000 0.100000
vn 0.000000 0.000000 0.100000
vn 0.000000 0.000000 0.100000
vn 0.000000 0.000000 0.100000
vn 0.000000 0.000000 0.100000
vn 0.000000 0.000000 0.100000
vn 0.000000 0.000000 0.100000
vn 0.000000 0.000000 0.100000
vn 0.000000 0.000000 0.100000
vn 0.000000 0.000000 0.100000
vn 0.000000 0.000000 0.100000
vn 0.000000 0.000000 0.100000
vn 0.000000 0.000000 0.100000
vn 0.000000 0.000000 0.100000
vn 0.000000 0.000000 0.100000
vn 0.000000 0.000000 0.100000
vn 0.000000 0.000000 0.100000
vn 0.000000 0.000000 0.100000
vn 0.000000 0.000000 0.100000
vn 0.000000 0.000000 0.100000
vn 0.000000 0.000000 0.100000
vn 0.000000 0.000000 0.100000
vn 0.000000 0.000000 0.100000
vn 0.000000 0.000000 0.100000
vn 0.000000 0.000000 0.100000
vn 0.000000 0.000000 0.100000
vn 0.000000 0.000000 0.100000
vn 0.000000 0.000000 0.100000
vn 0.000000 0.000000 0.100000
vn 0.000000 0.000000 0.100000
vn 0.000000 0.000000 0.100000
vn 0.000000 0.000000 0.100000
vn 0.000000 0.000000 0.100000
vn 0.000000 0.000000 0.100000
vn 0.000000 0.000000 0.100000
vn 0.000000 0.000000 0.100000
vn 0.000000 0.000000 0.100000
vn 0.000000 0.000000 0.100000
vn 0.000000 0.000000 0.100000
vn 0.000000 0.000000 0.100000
vn 0.000000 0.000000 0.100000
vn 0.000000 0.000000 0.100000
vn 0.000000 0.000000 0.100000
vn 0.000000 0.000000 0.100000
vn 0.000000 0.000000 0.100000
vn 0.000000 0.000000 0.100000
vn 0.000000 0.000000 0.100000
vn 0.000000 0.000000 0.100000
vn 0.000000 0.000000 0.100000
vn 0.000000 0.000000 0.100000
vn 0.000000 0.000000 0.100000
vn 0.000000 0.000000 0.100000
vn 0.000000 0.000000 0.100000
vn 0.000000 0.000000 0.100000
vn 0.000000 0.000000 0.100000
vn 0.000000 0.000000 0.100000
vn 0.000000 0.000000 0.100000
vn 0.000000 0.000000 0.100000
vn 0.000000 0.000000 0.100000
vn 0.000000 0.000000 0.100000
vn 0.000000 0.000000 0.100000
vn 0.000000 0.000000 0.100000
vn 0.000000 0.000000 0.100000
vn 0.000000 0.000000 0.100000
vn 0.000000 0.000000 0.100000
vn 0.000000 0.000000 0.100000
usemtl Steel_-_Satin
f 1/1/1 2/2/2 4/3/3
f 4/3/3 2/2/2 3/4/4
f 2/5/5 5/6/6 3/7/7
f 3/7/7 5/6/6 6/8/8
f 7/9/9 8/10/10 10/11/11
f 10/11/11 8/10/10 9/12/12
f 11/13/13 12/14/14 14/15/15
f 14/15/15 12/14/14 13/16/16
f 9/17/17 8/18/18 12/19/19
f 12/19/19 8/18/18 13/20/20
f 13/20/20 8/18/18 15/21/21
f 4/22/22 3/23/23 76/24/24
f 76/24/24 3/23/23 6/25/25
f 76/24/24 6/25/25 75/26/26
f 75/26/26 6/25/25 16/27/27
f 75/26/26 16/27/27 74/28/28
f 74/28/28 16/27/27 17/29/29
f 74/28/28 17/29/29 73/30/30
f 73/30/30 17/29/29 18/31/31
f 73/30/30 18/31/31 72/32/32
f 72/32/32 18/31/31 19/33/33
f 72/32/32 19/33/33 71/34/34
f 71/34/34 19/33/33 20/35/35
f 71/34/34 20/35/35 70/36/36
f 70/36/36 20/35/35 21/37/37
f 70/36/36 21/37/37 41/38/38
f 41/38/38 21/37/37 40/39/39
f 40/39/39 21/37/37 22/40/40
f 40/39/39 22/40/40 35/41/41
f 35/41/41 22/40/40 23/42/42
f 35/41/41 23/42/42 30/43/43
f 30/43/43 23/42/42 24/44/44
f 30/43/43 24/44/44 25/45/45
f 25/45/45 26/46/46 30/43/43
f 30/43/43 26/46/46 27/47/47
f 30/43/43 27/47/47 28/48/48
f 28/48/48 29/49/49 30/43/43
f 35/41/41 30/43/43 34/50/50
f 34/50/50 30/43/43 31/51/51
f 34/50/50 31/51/51 33/52/52
f 33/52/52 31/51/51 32/53/53
f 36/54/54 37/55/55 35/41/41
f 35/41/41 37/55/55 38/56/56
f 35/41/41 38/56/56 39/57/57
f 39/57/57 40/39/39 35/41/41
f 70/36/36 41/38/38 50/58/58
f 50/58/58 41/38/38 42/59/59
f 50/58/58 42/59/59 49/60/60
f 49/60/60 42/59/59 43/61/61
f 49/60/60 43/61/61 48/62/62
f 48/62/62 43/61/61 44/63/63
f 48/62/62 44/63/63 47/64/64
f 47/64/64 44/63/63 45/65/65
f 47/64/64 45/65/65 46/66/66
f 46/66/66 45/65/65 13/67/67
f 46/66/66 13/67/67 15/68/68
f 45/65/65 14/69/69 13/67/67
f 50/58/58 51/70/70 70/36/36
f 70/36/36 51/70/70 69/71/71
f 69/71/71 51/70/70 56/72/72
f 69/71/71 56/72/72 68/73/73
f 68/73/73 56/72/72 67/74/74
f 67/74/74 56/72/72 61/75/75
f 67/74/74 61/75/75 66/76/76
f 66/76/76 61/75/75 65/77/77
f 65/77/77 61/75/75 64/78/78
f 64/78/78 61/75/75 63/79/79
f 63/79/79 61/75/75 62/80/80
f 51/70/70 52/81/81 56/72/72
f 56/72/72 52/81/81 53/82/82
f 56/72/72 53/82/82 54/83/83
f 54/83/83 55/84/84 56/72/72
f 56/72/72 57/85/85 61/75/75
f 61/75/75 57/85/85 58/86/86
f 61/75/75 58/86/86 59/87/87
f 59/87/87 60/88/88 61/75/75
f 77/89/89 78/90/90 80/91/91
f 80/91/91 78/90/90 79/92/92
f 90/93/93 81/94/94 89/95/95
f 89/95/95 81/94/94 82/96/96
f 89/95/95 82/96/96 88/97/97
f 88/97/97 82/96/96 83/98/98
f 88/97/97 83/98/98 87/99/99
f 87/99/99 83/98/98 84/100/100
f 87/99/99 84/100/100 86/101/101
f 86/101/101 84/100/100 85/102/102
f 78/103/103 81/104/104 79/105/105
f 79/105/105 81/104/104 90/106/106
f 91/107/107 92/108/108 55/109/109
f 55/109/109 92/108/108 56/110/110
f 92/111/111 93/112/112 56/113/113
f 56/113/113 93/112/112 57/114/114
f 57/114/115 93/115/116 58/116/117
f 58/116/117 93/115/116 94/117/118
f 58/116/117 94/117/118 59/118/119
f 59/118/119 94/117/118 95/119/120
f 59/118/119 95/119/120 60/120/121
f 60/120/121 95/119/120 96/121/122
f 60/120/121 96/121/122 61/122/123
f 61/122/123 96/121/122 97/123/124
f 97/124/125 98/125/126 61/126/127
f 61/126/127 98/125/126 62/127/128
f 55/128/129 54/129/130 91/130/131
f 91/130/131 54/129/130 99/131/132
f 109/132/133 100/133/134 108/134/135
f 108/134/135 100/133/134 101/135/136
f 108/134/135 101/135/136 107/136/137
f 107/136/137 101/135/136 102/137/138
f 107/136/137 102/137/138 106/138/139
f 106/138/139 102/137/138 103/139/140
f 106/138/139 103/139/140 105/140/141
f 105/140/141 103/139/140 104/141/142
f 110/142/143 100/143/144 111/144/145
f 111/144/145 100/143/144 109/145/146
f 112/146/147 113/147/148 29/148/149
f 29/148/149 113/147/148 30/149/150
f 113/150/151 114/151/152 30/152/153
f 30/152/153 114/151/152 31/153/154
f 31/153/155 114/154/156 32/155/157
f 32/155/157 114/154/156 115/156/158
f 32/155/157 115/156/158 33/157/159
f 33/157/159 115/156/158 116/158/160
f 33/157/159 116/158/160 34/159/161
f 34/159/161 116/158/160 117/160/162
f 34/159/161 117/160/162 35/161/163
f 35/161/163 117/160/162 118/162/164
f 118/163/165 119/164/166 35/165/167
f 35/165/167 119/164/166 36/166/168
f 29/167/169 28/168/170 112/169/171
f 112/169/171 28/168/170 120/170/172
f 121/171/173 122/172/174 124/173/175
f 124/173/175 122/172/174 123/174/176
f 125/175/177 126/176/178 140/177/179
f 140/177/179 126/176/178 139/178/180
f 139/178/180 126/176/178 127/179/181
f 139/178/180 127/179/181 138/180/182
f 138/180/182 127/179/181 128/181/183
f 138/180/182 128/181/183 137/182/184
f 137/182/184 128/181/183 129/183/185
f 137/182/184 129/183/185 136/184/186
f 136/184/186 129/183/185 130/185/187
f 136/184/186 130/185/187 135/186/188
f 135/186/188 130/185/187 131/187/189
f 135/186/188 131/187/189 134/188/190
f 134/188/190 131/187/189 132/189/191
f 134/188/190 132/189/191 133/190/192
f 133/190/192 132/189/191 121/191/193
f 133/190/192 121/191/193 124/192/194
f 141/193/195 125/194/196 142/195/197
f 142/195/197 125/194/196 140/196/198
f 143/197/199 141/198/200 144/199/201
f 144/199/201 141/198/200 142/200/202
f 145/201/203 143/202/204 146/203/205
f 146/203/205 143/202/204 144/204/206
f 122/205/207 147/206/208 123/207/209
f 123/207/209 147/206/208 160/208/210
f 160/208/210 147/206/208 148/209/211
f 160/208/210 148/209/211 159/210/212
f 159/210/212 148/209/211 149/211/213
f 159/210/212 149/211/213 158/212/214
f 158/212/214 149/211/213 150/213/215
f 158/212/214 150/213/215 157/214/216
f 157/214/216 150/213/215 151/215/217
f 157/214/216 151/215/217 156/216/218
f 156/216/218 151/215/217 152/217/219
f 156/216/218 152/217/219 155/218/220
f 155/218/220 152/217/219 153/219/221
f 155/218/220 153/219/221 154/220/222
f 154/220/222 153/219/221 145/221/223
f 154/220/222 145/221/223 146/222/224
f 161/223/225 162/224/226 164/225/227
f 164/225/227 162/224/226 163/226/228
f 165/227/229 166/228/230 180/229/231
f 180/229/231 166/228/230 179/230/232
f 179/230/232 166/228/230 167/231/233
f 179/230/232 167/231/233 178/232/234
f 178/232/234 167/231/233 168/233/235
f 178/232/234 168/233/235 177/234/236
f 177/234/236 168/233/235 169/235/237
f 177/234/236 169/235/237 176/236/238
f 176/236/238 169/235/237 170/237/239
f 176/236/238 170/237/239 175/238/240
f 175/238/240 170/237/239 171/239/241
f 175/238/240 171/239/241 174/240/242
f 174/240/242 171/239/241 172/241/243
f 174/240/242 172/241/243 173/242/244
f 173/242/244 172/241/243 161/243/245
f 173/242/244 161/243/245 164/244/246
f 181/245/247 165/246/248 182/247/249
f 182/247/249 165/246/248 180/248/250
f 183/249/251 184/250/252 198/251/253
f 198/251/253 184/250/252 197/252/254
f 197/252/254 184/250/252 185/253/255
f 197/252/254 185/253/255 196/254/256
f 196/254/256 185/253/255 186/255/257
f 196/254/256 186/255/257 195/256/258
f 195/256/258 186/255/257 187/257/259
f 195/256/258 187/257/259 194/258/260
f 194/258/260 187/257/259 188/259/261
f 194/258/260 188/259/261 193/260/262
f 193/260/262 188/259/261 189/261/263
f 193/260/262 189/261/263 192/262/264
f 192/262/264 189/261/263 190/263/265
f 192/262/264 190/263/265 191/264/266
f 191/264/266 190/263/265 181/265/267
f 191/264/266 181/265/267 182/266/268
f 199/267/269 183/268/270 200/269/271
f 200/269/271 183/268/270 198/270/272
f 162/271/273 199/272/274 163/273/275
f 163/273/275 199/272/274 200/274/276
f 200/275/277 144/276/278 163/277/279
f 163/277/279 144/276/278 142/278/280
f 163/277/279 142/278/280 164/279/281
f 164/279/281 142/278/280 140/280/282
f 164/279/281 140/280/282 139/281/283
f 200/275/277 198/282/284 144/276/278
f 144/276/278 198/282/284 146/283/285
f 146/283/285 198/282/284 154/284/286
f 154/284/286 198/282/284 155/285/287
f 155/285/287 198/282/284 156/286/288
f 156/286/288 198/282/284 157/287/289
f 157/287/289 198/282/284 158/288/290
f 158/288/290 198/282/284 159/289/291
f 159/289/291 198/282/284 160/290/292
f 160/290/292 198/282/284 197/291/293
f 160/290/292 197/291/293 123/292/294
f 123/292/294 197/291/293 196/293/295
f 123/292/294 196/293/295 191/294/296
f 191/294/296 196/293/295 195/295/297
f 191/294/296 195/295/297 194/296/298
f 194/296/298 193/297/299 191/294/296
f 191/294/296 193/297/299 192/298/300
f 191/294/296 182/299/301 123/292/294
f 123/292/294 182/299/301 124/300/302
f 124/300/302 182/299/301 180/301/303
f 124/300/302 180/301/303 179/302/304
f 178/303/305 177/304/306 179/302/304
f 179/302/304 177/304/306 176/305/307
f 179/302/304 176/305/307 175/306/308
f 175/306/308 174/307/309 179/302/304
f 179/302/304 174/307/309 124/300/302
f 174/307/309 173/308/310 124/300/302
f 124/300/302 173/308/310 133/309/311
f 133/309/311 173/308/310 164/279/281
f 133/309/311 164/279/281 134/310/312
f 134/310/312 164/279/281 135/311/313
f 135/311/313 164/279/281 136/312/314
f 136/312/314 164/279/281 137/313/315
f 137/313/315 164/279/281 138/314/316
f 138/314/316 164/279/281 139/281/283
f 202/315/317 530/316/318 201/317/319
f 201/317/319 530/316/318 531/318/320
f 201/317/319 531/318/320 593/319/321
f 593/319/321 531/318/320 598/320/322
f 598/320/322 531/318/320 437/321/323
f 598/320/322 437/321/323 597/322/324
f 597/322/324 437/321/323 438/323/325
f 597/322/324 438/323/325 596/324/326
f 596/324/326 438/323/325 456/325/327
f 596/324/326 456/325/327 595/326/328
f 595/326/328 456/325/327 220/327/329
f 595/326/328 220/327/329 221/328/330
f 530/316/318 202/315/317 244/329/331
f 244/329/331 202/315/317 203/330/332
f 244/329/331 203/330/332 204/331/333
f 204/331/333 205/332/334 244/329/331
f 244/329/331 205/332/334 206/333/335
f 244/329/331 206/333/335 207/334/336
f 207/334/336 208/335/337 244/329/331
f 244/329/331 208/335/337 209/336/338
f 244/329/331 209/336/338 210/337/339
f 210/337/339 211/338/340 244/329/331
f 244/329/331 211/338/340 243/339/341
f 243/339/341 211/338/340 212/340/342
f 243/339/341 212/340/342 213/341/343
f 213/341/343 214/342/344 243/339/341
f 243/339/341 214/342/344 215/343/345
f 243/339/341 215/343/345 216/344/346
f 216/344/346 217/345/347 243/339/341
f 243/339/341 217/345/347 218/346/348
f 243/339/341 218/346/348 219/347/349
f 243/339/341 219/347/349 457/348/350
f 457/348/350 219/347/349 220/327/329
f 457/348/350 220/327/329 456/325/327
f 221/328/330 222/349/351 595/326/328
f 595/326/328 222/349/351 223/350/352
f 595/326/328 223/350/352 224/351/353
f 224/351/353 225/352/354 595/326/328
f 595/326/328 225/352/354 226/353/355
f 595/326/328 226/353/355 227/354/356
f 227/354/356 228/355/357 595/326/328
f 595/326/328 228/355/357 594/356/358
f 594/356/358 228/355/357 229/357/359
f 594/356/358 229/357/359 593/319/321
f 593/319/321 229/357/359 230/358/360
f 593/319/321 230/358/360 231/359/361
f 231/359/361 232/360/362 593/319/321
f 593/319/321 232/360/362 233/361/363
f 593/319/321 233/361/363 234/362/364
f 234/362/364 235/363/365 593/319/321
f 593/319/321 235/363/365 236/364/366
f 593/319/321 236/364/366 201/317/319
f 238/365/367 472/366/368 237/367/369
f 237/367/369 472/366/368 245/368/370
f 237/367/369 245/368/370 246/369/371
f 239/370/372 331/371/373 238/365/367
f 238/365/367 331/371/373 332/372/374
f 238/365/367 332/372/374 333/373/375
f 240/374/376 497/375/377 239/370/372
f 239/370/372 497/375/377 397/376/378
f 239/370/372 397/376/378 398/377/379
f 241/378/380 242/379/381 240/374/376
f 240/374/376 242/379/381 497/375/377
f 497/375/377 242/379/381 457/348/350
f 457/348/350 242/379/381 243/339/341
f 244/329/331 245/368/370 530/316/318
f 530/316/318 245/368/370 472/366/368
f 530/316/318 472/366/368 529/380/382
f 529/380/382 472/366/368 473/381/383
f 529/380/382 473/381/383 528/382/384
f 528/382/384 473/381/383 474/383/385
f 528/382/384 474/383/385 560/384/386
f 560/384/386 474/383/385 559/385/387
f 559/385/387 474/383/385 475/386/388
f 559/385/387 475/386/388 476/387/389
f 248/388/390 494/389/391 247/390/392
f 247/390/392 494/389/391 471/391/393
f 247/390/392 471/391/393 268/392/394
f 268/392/394 471/391/393 267/393/395
f 267/393/395 471/391/393 341/394/396
f 267/393/395 341/394/396 342/395/397
f 494/389/391 248/388/390 311/396/398
f 311/396/398 248/388/390 249/397/399
f 311/396/398 249/397/399 310/398/400
f 310/398/400 249/397/399 250/399/401
f 310/398/400 250/399/401 251/400/402
f 251/400/402 252/401/403 310/398/400
f 310/398/400 252/401/403 253/402/404
f 310/398/400 253/402/404 254/403/405
f 254/403/405 255/404/406 310/398/400
f 310/398/400 255/404/406 256/405/407
f 310/398/400 256/405/407 257/406/408
f 258/407/409 498/408/410 257/406/408
f 257/406/408 498/408/410 499/409/411
f 257/406/408 499/409/411 310/398/400
f 310/398/400 499/409/411 309/410/412
f 309/410/412 499/409/411 291/411/413
f 309/410/412 291/411/413 308/412/414
f 308/412/414 291/411/413 292/413/415
f 308/412/414 292/413/415 293/414/416
f 498/408/410 258/407/409 396/415/417
f 396/415/417 258/407/409 259/416/418
f 396/415/417 259/416/418 395/417/419
f 395/417/419 259/416/418 260/418/420
f 395/417/419 260/418/420 394/419/421
f 394/419/421 260/418/420 261/420/422
f 394/419/421 261/420/422 393/421/423
f 393/421/423 261/420/422 262/422/424
f 393/421/423 262/422/424 392/423/425
f 392/423/425 262/422/424 263/424/426
f 392/423/425 263/424/426 391/425/427
f 391/425/427 263/424/426 264/426/428
f 391/425/427 264/426/428 390/427/429
f 390/427/429 264/426/428 265/428/430
f 390/427/429 265/428/430 389/429/431
f 389/429/431 265/428/430 266/430/432
f 389/429/431 266/430/432 388/431/433
f 388/431/433 266/430/432 387/432/434
f 387/432/434 266/430/432 386/433/435
f 386/433/435 266/430/432 350/434/436
f 386/433/435 350/434/436 385/435/437
f 385/435/437 350/434/436 384/436/438
f 384/436/438 350/434/436 383/437/439
f 383/437/439 350/434/436 382/438/440
f 382/438/440 350/434/436 381/439/441
f 381/439/441 350/434/436 380/440/442
f 380/440/442 350/434/436 351/441/443
f 380/440/442 351/441/443 379/442/444
f 379/442/444 351/441/443 378/443/445
f 378/443/445 351/441/443 370/444/446
f 378/443/445 370/444/446 371/445/447
f 266/430/432 267/393/395 350/434/436
f 350/434/436 267/393/395 349/446/448
f 349/446/448 267/393/395 348/447/449
f 348/447/449 267/393/395 347/448/450
f 347/448/450 267/393/395 346/449/451
f 346/449/451 267/393/395 345/450/452
f 345/450/452 267/393/395 344/451/453
f 344/451/453 267/393/395 343/452/454
f 343/452/454 267/393/395 342/395/397
f 268/392/394 269/453/455 247/390/392
f 247/390/392 269/453/455 286/454/456
f 286/454/456 269/453/455 278/455/457
f 286/454/456 278/455/457 285/456/458
f 285/456/458 278/455/457 284/457/459
f 284/457/459 278/455/457 279/458/460
f 284/457/459 279/458/460 283/459/461
f 283/459/461 279/458/460 280/460/462
f 283/459/461 280/460/462 281/461/463
f 278/455/457 269/453/455 277/462/464
f 277/462/464 269/453/455 270/463/465
f 277/462/464 270/463/465 271/464/466
f 277/462/464 271/464/466 276/465/467
f 276/465/467 271/464/466 272/466/468
f 276/465/467 272/466/468 275/467/469
f 275/467/469 272/466/468 274/468/470
f 274/468/470 272/466/468 273/469/471
f 281/461/463 282/470/472 283/459/461
f 288/471/473 299/472/474 287/473/475
f 287/473/475 299/472/474 493/474/476
f 287/473/475 493/474/476 294/475/477
f 294/475/477 493/474/476 494/389/391
f 294/475/477 494/389/391 312/476/478
f 312/476/478 494/389/391 311/396/398
f 289/477/479 290/478/480 288/471/473
f 288/471/473 290/478/480 298/479/481
f 288/471/473 298/479/481 299/472/474
f 298/479/481 290/478/480 500/480/482
f 500/480/482 290/478/480 291/411/413
f 500/480/482 291/411/413 499/409/411
f 294/475/477 312/476/478 293/414/416
f 293/414/416 312/476/478 307/481/483
f 293/414/416 307/481/483 308/412/414
f 306/482/484 295/483/485 305/484/486
f 305/484/486 295/483/485 296/485/487
f 305/484/486 296/485/487 432/486/488
f 432/486/488 296/485/487 431/487/489
f 431/487/489 296/485/487 297/488/490
f 431/487/489 297/488/490 500/480/482
f 500/480/482 297/488/490 298/479/481
f 493/474/476 299/472/474 492/489/491
f 492/489/491 299/472/474 300/490/492
f 492/489/491 300/490/492 432/486/488
f 432/486/488 300/490/492 301/491/493
f 432/486/488 301/491/493 304/492/494
f 304/492/494 301/491/493 302/493/495
f 304/492/494 302/493/495 303/494/496
f 304/492/494 305/484/486 432/486/488
f 314/495/497 407/496/498 313/497/499
f 313/497/499 407/496/498 408/498/500
f 313/497/499 408/498/500 416/499/501
f 416/499/501 408/498/500 409/500/502
f 416/499/501 409/500/502 410/501/503
f 407/496/498 314/495/497 322/502/504
f 322/502/504 314/495/497 315/503/505
f 322/502/504 315/503/505 316/504/506
f 322/502/504 316/504/506 321/505/507
f 321/505/507 316/504/506 317/506/508
f 321/505/507 317/506/508 320/507/509
f 320/507/509 317/506/508 319/508/510
f 319/508/510 317/506/508 318/509/511
f 322/502/504 323/510/512 407/496/498
f 407/496/498 323/510/512 406/511/513
f 406/511/513 323/510/512 324/512/514
f 406/511/513 324/512/514 325/513/515
f 325/513/515 326/514/516 406/511/513
f 406/511/513 326/514/516 327/515/517
f 406/511/513 327/515/517 328/516/518
f 328/516/518 329/517/519 406/511/513
f 406/511/513 329/517/519 330/518/520
f 406/511/513 330/518/520 331/371/373
f 333/373/375 334/519/521 238/365/367
f 238/365/367 334/519/521 335/520/522
f 238/365/367 335/520/522 336/521/523
f 336/521/523 337/522/524 238/365/367
f 238/365/367 337/522/524 338/523/525
f 238/365/367 338/523/525 339/524/526
f 339/524/526 340/525/527 238/365/367
f 238/365/367 340/525/527 472/366/368
f 472/366/368 340/525/527 471/391/393
f 471/391/393 340/525/527 341/394/396
f 370/444/446 351/441/443 369/526/528
f 369/526/528 351/441/443 352/527/529
f 369/526/528 352/527/529 360/528/530
f 360/528/530 352/527/529 353/529/531
f 360/528/530 353/529/531 354/530/532
f 360/528/530 354/530/532 359/531/533
f 359/531/533 354/530/532 355/532/534
f 359/531/533 355/532/534 356/533/535
f 356/533/535 357/534/536 359/531/533
f 359/531/533 357/534/536 358/535/537
f 360/528/530 361/536/538 369/526/528
f 369/526/528 361/536/538 368/537/539
f 368/537/539 361/536/538 367/538/540
f 367/538/540 361/536/538 362/539/541
f 367/538/540 362/539/541 366/540/542
f 366/540/542 362/539/541 365/541/543
f 365/541/543 362/539/541 364/542/544
f 364/542/544 362/539/541 363/543/545
f 371/445/447 372/544/546 378/443/445
f 378/443/445 372/544/546 377/545/547
f 377/545/547 372/544/546 373/546/548
f 377/545/547 373/546/548 376/547/549
f 376/547/549 373/546/548 375/548/550
f 375/548/550 373/546/548 374/549/551
f 396/415/417 397/376/378 498/408/410
f 498/408/410 397/376/378 497/375/377
f 398/377/379 399/550/552 239/370/372
f 239/370/372 399/550/552 400/551/553
f 239/370/372 400/551/553 401/552/554
f 401/552/554 402/553/555 239/370/372
f 239/370/372 402/553/555 403/554/556
f 239/370/372 403/554/556 404/555/557
f 404/555/557 405/556/558 239/370/372
f 239/370/372 405/556/558 406/511/513
f 239/370/372 406/511/513 331/371/373
f 416/499/501 410/501/503 415/557/559
f 415/557/559 410/501/503 411/558/560
f 415/557/559 411/558/560 414/559/561
f 414/559/561 411/558/560 413/560/562
f 413/560/562 411/558/560 412/561/563
f 416/499/501 417/562/564 313/497/499
f 313/497/499 417/562/564 424/563/565
f 424/563/565 417/562/564 423/564/566
f 423/564/566 417/562/564 418/565/567
f 423/564/566 418/565/567 422/566/568
f 422/566/568 418/565/567 419/567/569
f 422/566/568 419/567/569 420/568/570
f 420/568/570 421/569/571 422/566/568
f 426/570/572 491/571/573 425/572/574
f 425/572/574 491/571/573 492/489/491
f 425/572/574 492/489/491 433/573/575
f 433/573/575 492/489/491 432/486/488
f 427/574/576 550/575/577 426/570/572
f 426/570/572 550/575/577 487/576/578
f 426/570/572 487/576/578 488/577/579
f 427/574/576 428/578/580 550/575/577
f 550/575/577 428/578/580 545/579/581
f 550/575/577 545/579/581 549/580/582
f 549/580/582 545/579/581 548/581/583
f 548/581/583 545/579/581 547/582/584
f 547/582/584 545/579/581 546/583/585
f 429/584/586 430/585/587 428/578/580
f 428/578/580 430/585/587 501/586/588
f 428/578/580 501/586/588 545/579/581
f 545/579/581 501/586/588 502/587/589
f 545/579/581 502/587/589 503/588/590
f 430/585/587 431/487/489 501/586/588
f 501/586/588 431/487/489 500/480/482
f 433/573/575 434/589/591 425/572/574
f 436/590/592 592/591/593 435/592/594
f 435/592/594 592/591/593 456/325/327
f 435/592/594 456/325/327 438/323/325
f 437/321/323 531/318/320 436/590/592
f 436/590/592 531/318/320 532/593/595
f 436/590/592 532/593/595 591/594/596
f 591/594/596 532/593/595 590/595/597
f 590/595/597 532/593/595 599/596/598
f 590/595/597 599/596/598 600/597/599
f 440/598/600 442/599/601 439/600/602
f 439/600/602 442/599/601 454/601/603
f 439/600/602 454/601/603 446/602/604
f 446/602/604 454/601/603 603/603/605
f 446/602/604 603/603/605 605/604/606
f 605/604/606 603/603/605 604/605/607
f 440/598/600 441/606/608 442/599/601
f 442/599/601 443/607/609 454/601/603
f 454/601/603 443/607/609 453/608/610
f 453/608/610 443/607/609 183/609/611
f 453/608/610 183/609/611 569/610/612
f 569/610/612 183/609/611 199/611/613
f 569/610/612 199/611/613 162/612/614
f 444/613/615 181/614/616 443/607/609
f 443/607/609 181/614/616 190/615/617
f 443/607/609 190/615/617 189/616/618
f 445/617/619 533/618/620 444/613/615
f 444/613/615 533/618/620 534/619/621
f 444/613/615 534/619/621 161/620/622
f 161/620/622 534/619/621 535/621/623
f 161/620/622 535/621/623 162/612/614
f 162/612/614 535/621/623 536/622/624
f 162/612/614 536/622/624 537/623/625
f 446/602/604 605/604/606 445/617/619
f 445/617/619 605/604/606 606/624/626
f 445/617/619 606/624/626 533/618/620
f 533/618/620 606/624/626 599/596/598
f 533/618/620 599/596/598 532/593/595
f 448/625/627 574/626/628 447/627/629
f 447/627/629 574/626/628 575/628/630
f 447/627/629 575/628/630 470/629/631
f 470/629/631 575/628/630 469/630/632
f 469/630/632 575/628/630 468/631/633
f 468/631/633 575/628/630 467/632/634
f 467/632/634 575/628/630 576/633/635
f 467/632/634 576/633/635 466/634/636
f 466/634/636 576/633/635 577/635/637
f 466/634/636 577/635/637 578/636/638
f 448/625/627 449/637/639 574/626/628
f 574/626/628 449/637/639 450/638/640
f 574/626/628 450/638/640 451/639/641
f 451/639/641 452/640/642 574/626/628
f 574/626/628 452/640/642 453/608/610
f 574/626/628 453/608/610 569/610/612
f 454/601/603 455/641/643 603/603/605
f 603/603/605 455/641/643 602/642/644
f 602/642/644 455/641/643 589/643/645
f 602/642/644 589/643/645 600/597/599
f 600/597/599 589/643/645 590/595/597
f 456/325/327 592/591/593 455/641/643
f 455/641/643 592/591/593 585/644/646
f 455/641/643 585/644/646 588/645/647
f 588/645/647 585/644/646 586/646/648
f 588/645/647 586/646/648 587/647/649
f 497/375/377 457/348/350 496/648/650
f 496/648/650 457/348/350 458/649/651
f 496/648/650 458/649/651 495/650/652
f 495/650/652 458/649/651 459/651/653
f 495/650/652 459/651/653 518/652/654
f 518/652/654 459/651/653 460/653/655
f 518/652/654 460/653/655 517/654/656
f 517/654/656 460/653/655 461/655/657
f 517/654/656 461/655/657 581/656/658
f 581/656/658 461/655/657 462/657/659
f 581/656/658 462/657/659 580/658/660
f 580/658/660 462/657/659 463/659/661
f 580/658/660 463/659/661 464/660/662
f 464/660/662 465/661/663 580/658/660
f 580/658/660 465/661/663 466/634/636
f 580/658/660 466/634/636 579/662/664
f 579/662/664 466/634/636 578/636/638
f 476/387/389 477/663/665 559/385/387
f 559/385/387 477/663/665 478/664/666
f 559/385/387 478/664/666 558/665/667
f 558/665/667 478/664/666 557/666/668
f 557/666/668 478/664/666 556/667/669
f 556/667/669 478/664/666 479/668/670
f 556/667/669 479/668/670 555/669/671
f 555/669/671 479/668/670 554/670/672
f 554/670/672 479/668/670 480/671/673
f 554/670/672 480/671/673 553/672/674
f 553/672/674 480/671/673 481/673/675
f 553/672/674 481/673/675 552/674/676
f 552/674/676 481/673/675 482/675/677
f 552/674/676 482/675/677 551/676/678
f 551/676/678 482/675/677 483/677/679
f 551/676/678 483/677/679 484/678/680
f 484/678/680 485/679/681 551/676/678
f 551/676/678 485/679/681 486/680/682
f 551/676/678 486/680/682 550/575/577
f 550/575/577 486/680/682 487/576/578
f 488/577/579 489/681/683 426/570/572
f 426/570/572 489/681/683 490/682/684
f 426/570/572 490/682/684 491/571/573
f 503/588/590 504/683/685 545/579/581
f 545/579/581 504/683/685 505/684/686
f 545/579/581 505/684/686 506/685/687
f 506/685/687 507/686/688 545/579/581
f 545/579/581 507/686/688 544/687/689
f 544/687/689 507/686/688 508/688/690
f 544/687/689 508/688/690 509/689/691
f 509/689/691 510/690/692 544/687/689
f 544/687/689 510/690/692 511/691/693
f 544/687/689 511/691/693 543/692/694
f 543/692/694 511/691/693 512/693/695
f 543/692/694 512/693/695 584/694/696
f 584/694/696 512/693/695 583/695/697
f 583/695/697 512/693/695 582/696/698
f 582/696/698 512/693/695 581/656/658
f 581/656/658 512/693/695 513/697/699
f 581/656/658 513/697/699 514/698/700
f 514/698/700 515/699/701 581/656/658
f 581/656/658 515/699/701 516/700/702
f 581/656/658 516/700/702 517/654/656
f 542/701/703 519/702/704 568/703/705
f 568/703/705 519/702/704 520/704/706
f 568/703/705 520/704/706 567/705/707
f 567/705/707 520/704/706 521/706/708
f 567/705/707 521/706/708 566/707/709
f 566/707/709 521/706/708 565/708/710
f 565/708/710 521/706/708 522/709/711
f 565/708/710 522/709/711 564/710/712
f 564/710/712 522/709/711 523/711/713
f 564/710/712 523/711/713 563/712/714
f 563/712/714 523/711/713 524/713/715
f 563/712/714 524/713/715 562/714/716
f 562/714/716 524/713/715 561/715/717
f 561/715/717 524/713/715 560/384/386
f 560/384/386 524/713/715 525/716/718
f 560/384/386 525/716/718 526/717/719
f 526/717/719 527/718/720 560/384/386
f 560/384/386 527/718/720 528/382/384
f 537/623/625 538/719/721 162/612/614
f 162/612/614 538/719/721 539/720/722
f 162/612/614 539/720/722 569/610/612
f 569/610/612 539/720/722 540/721/723
f 569/610/612 540/721/723 568/703/705
f 568/703/705 540/721/723 541/722/724
f 568/703/705 541/722/724 542/701/703
f 569/610/612 570/723/725 574/626/628
f 574/626/628 570/723/725 571/724/726
f 574/626/628 571/724/726 572/725/727
f 572/725/727 573/726/728 574/626/628
f 588/645/647 589/643/645 455/641/643
f 591/594/596 592/591/593 436/590/592
f 600/597/599 601/727/729 602/642/644
f 161/620/622 172/728/730 444/613/615
f 444/613/615 172/728/730 171/729/731
f 444/613/615 171/729/731 170/730/732
f 170/730/732 169/731/733 444/613/615
f 444/613/615 169/731/733 168/732/734
f 444/613/615 168/732/734 167/733/735
f 167/733/735 166/734/736 444/613/615
f 444/613/615 166/734/736 165/735/737
f 444/613/615 165/735/737 181/614/616
f 189/616/618 188/736/738 443/607/609
f 443/607/609 188/736/738 187/737/739
f 443/607/609 187/737/739 186/738/740
f 186/738/740 185/739/741 443/607/609
f 443/607/609 185/739/741 184/740/742
f 443/607/609 184/740/742 183/609/611
f 600/741/743 599/742/744 608/743/745
f 608/743/745 599/742/744 607/744/746
f 601/745/747 600/746/748 609/747/749
f 609/747/749 600/746/748 608/748/750
f 602/749/751 601/750/752 610/751/753
f 610/751/753 601/750/752 609/752/754
f 603/753/755 602/754/756 611/755/757
f 611/755/757 602/754/756 610/756/758
f 604/757/759 603/758/760 612/759/761
f 612/759/761 603/758/760 611/760/762
f 605/761/763 604/762/764 613/763/765
f 613/763/765 604/762/764 612/764/766
f 606/765/767 605/766/768 614/767/769
f 614/767/769 605/766/768 613/768/770
f 599/769/771 606/770/772 607/771/773
f 607/771/773 606/770/772 614/772/774
f 608/773/775 607/774/776 609/775/777
f 609/775/777 607/774/776 614/776/778
f 609/775/777 614/776/778 612/777/779
f 612/777/779 614/776/778 613/778/780
f 611/779/781 610/780/782 612/777/779
f 612/777/779 610/780/782 609/775/777
f 594/781/783 593/782/784 616/783/785
f 616/783/785 593/782/784 615/784/786
f 595/785/787 594/786/788 617/787/789
f 617/787/789 594/786/788 616/788/790
f 596/789/791 595/790/792 618/791/793
f 618/791/793 595/790/792 617/792/794
f 597/793/795 596/794/796 619/795/797
f 619/795/797 596/794/796 618/796/798
f 598/797/799 597/798/800 620/799/801
f 620/799/801 597/798/800 619/800/802
f 593/801/803 598/802/804 615/803/805
f 615/803/805 598/802/804 620/804/806
f 615/805/807 620/806/808 616/807/809
f 616/807/809 620/806/808 619/808/810
f 616/807/809 619/808/810 618/809/811
f 618/809/811 617/810/812 616/807/809
f 621/811/813 622/812/814 624/813/815
f 624/813/815 622/812/814 623/814/816
f 625/815/817 626/816/818 640/817/819
f 640/817/819 626/816/818 639/818/820
f 639/818/820 626/816/818 627/819/821
f 639/818/820 627/819/821 638/820/822
f 638/820/822 627/819/821 628/821/823
f 638/820/822 628/821/823 637/822/824
f 637/822/824 628/821/823 629/823/825
f 637/822/824 629/823/825 636/824/826
f 636/824/826 629/823/825 630/825/827
f 636/824/826 630/825/827 635/826/828
f 635/826/828 630/825/827 631/827/829
f 635/826/828 631/827/829 634/828/830
f 634/828/830 631/827/829 632/829/831
f 634/828/830 632/829/831 633/830/832
f 633/830/832 632/829/831 621/831/833
f 633/830/832 621/831/833 624/832/834
f 641/833/835 625/834/836 642/835/837
f 642/835/837 625/834/836 640/836/838
f 643/837/839 644/838/840 658/839/841
f 658/839/841 644/838/840 657/840/842
f 657/840/842 644/838/840 645/841/843
f 657/840/842 645/841/843 656/842/844
f 656/842/844 645/841/843 646/843/845
f 656/842/844 646/843/845 655/844/846
f 655/844/846 646/843/845 647/845/847
f 655/844/846 647/845/847 654/846/848
f 654/846/848 647/845/847 648/847/849
f 654/846/848 648/847/849 653/848/850
f 653/848/850 648/847/849 649/849/851
f 653/848/850 649/849/851 652/850/852
f 652/850/852 649/849/851 650/851/853
f 652/850/852 650/851/853 651/852/854
f 651/852/854 650/851/853 641/853/855
f 651/852/854 641/853/855 642/854/856
f 659/855/857 643/856/858 660/857/859
f 660/857/859 643/856/858 658/858/860
f 661/859/861 662/860/862 676/861/863
f 676/861/863 662/860/862 675/862/864
f 675/862/864 662/860/862 663/863/865
f 675/862/864 663/863/865 674/864/866
f 674/864/866 663/863/865 664/865/867
f 674/864/866 664/865/867 673/866/868
f 673/866/868 664/865/867 665/867/869
f 673/866/868 665/867/869 672/868/870
f 672/868/870 665/867/869 666/869/871
f 672/868/870 666/869/871 671/870/872
f 671/870/872 666/869/871 667/871/873
f 671/870/872 667/871/873 670/872/874
f 670/872/874 667/871/873 668/873/875
f 670/872/874 668/873/875 669/874/876
f 669/874/876 668/873/875 659/875/877
f 669/874/876 659/875/877 660/876/878
f 677/877/879 661/878/880 678/879/881
f 678/879/881 661/878/880 676/880/882
f 622/881/883 679/882/884 623/883/885
f 623/883/885 679/882/884 692/884/886
f 692/884/886 679/882/884 680/885/887
f 692/884/886 680/885/887 691/886/888
f 691/886/888 680/885/887 681/887/889
f 691/886/888 681/887/889 690/888/890
f 690/888/890 681/887/889 682/889/891
f 690/888/890 682/889/891 689/890/892
f 689/890/892 682/889/891 683/891/893
f 689/890/892 683/891/893 688/892/894
f 688/892/894 683/891/893 684/893/895
f 688/892/894 684/893/895 687/894/896
f 687/894/896 684/893/895 685/895/897
f 687/894/896 685/895/897 686/896/898
f 686/896/898 685/895/897 677/897/899
f 686/896/898 677/897/899 678/898/900
f 202/899/901 201/900/902 694/901/903
f 694/901/903 201/900/902 693/902/904
f 210/903/905 209/904/906 702/905/907
f 702/905/907 209/904/906 701/906/908
f 701/906/908 209/904/906 208/907/909
f 701/906/908 208/907/909 700/908/910
f 700/908/910 208/907/909 207/909/911
f 700/908/910 207/909/911 699/910/912
f 699/910/912 207/909/911 206/911/913
f 699/910/912 206/911/913 698/912/914
f 698/912/914 206/911/913 205/913/915
f 698/912/914 205/913/915 697/914/916
f 697/914/916 205/913/915 204/915/917
f 697/914/916 204/915/917 696/916/918
f 696/916/918 204/915/917 203/917/919
f 696/916/918 203/917/919 695/918/920
f 695/918/920 203/917/919 202/919/921
f 695/918/920 202/919/921 694/920/922
f 211/921/923 210/922/924 703/923/925
f 703/923/925 210/922/924 702/924/926
f 219/925/927 218/926/928 711/927/929
f 711/927/929 218/926/928 710/928/930
f 710/928/930 218/926/928 217/929/931
f 710/928/930 217/929/931 709/930/932
f 709/930/932 217/929/931 216/931/933
f 709/930/932 216/931/933 708/932/934
f 708/932/934 216/931/933 215/933/935
f 708/932/934 215/933/935 707/934/936
f 707/934/936 215/933/935 214/935/937
f 707/934/936 214/935/937 706/936/938
f 706/936/938 214/935/937 213/937/939
f 706/936/938 213/937/939 705/938/940
f 705/938/940 213/937/939 212/939/941
f 705/938/940 212/939/941 704/940/942
f 704/940/942 212/939/941 211/941/943
f 704/940/942 211/941/943 703/942/944
f 220/943/945 219/944/946 712/945/947
f 712/945/947 219/944/946 711/946/948
f 228/947/949 227/948/950 720/949/951
f 720/949/951 227/948/950 719/950/952
f 719/950/952 227/948/950 226/951/953
f 719/950/952 226/951/953 718/952/954
f 718/952/954 226/951/953 225/953/955
f 718/952/954 225/953/955 717/954/956
f 717/954/956 225/953/955 224/955/957
f 717/954/956 224/955/957 716/956/958
f 716/956/958 224/955/957 223/957/959
f 716/956/958 223/957/959 715/958/960
f 715/958/960 223/957/959 222/959/961
f 715/958/960 222/959/961 714/960/962
f 714/960/962 222/959/961 221/961/963
f 714/960/962 221/961/963 713/962/964
f 713/962/964 221/961/963 220/963/965
f 713/962/964 220/963/965 712/964/966
f 229/965/967 228/966/968 721/967/969
f 721/967/969 228/966/968 720/968/970
f 201/969/971 236/970/972 693/971/973
f 693/971/973 236/970/972 728/972/974
f 728/972/974 236/970/972 235/973/975
f 728/972/974 235/973/975 727/974/976
f 727/974/976 235/973/975 234/975/977
f 727/974/976 234/975/977 726/976/978
f 726/976/978 234/975/977 233/977/979
f 726/976/978 233/977/979 725/978/980
f 725/978/980 233/977/979 232/979/981
f 725/978/980 232/979/981 724/980/982
f 724/980/982 232/979/981 231/981/983
f 724/980/982 231/981/983 723/982/984
f 723/982/984 231/981/983 230/983/985
f 723/982/984 230/983/985 722/984/986
f 722/984/986 230/983/985 229/985/987
f 722/984/986 229/985/987 721/986/988
f 728/987/989 657/988/990 693/989/991
f 693/989/991 657/988/990 656/990/992
f 693/989/991 656/990/992 655/991/993
f 657/988/990 728/987/989 658/992/994
f 658/992/994 728/987/989 727/993/995
f 658/992/994 727/993/995 722/994/996
f 722/994/996 727/993/995 726/995/997
f 722/994/996 726/995/997 725/996/998
f 725/996/998 724/997/999 722/994/996
f 722/994/996 724/997/999 723/998/1000
f 722/994/996 721/999/1001 658/992/994
f 658/992/994 721/999/1001 660/1000/1002
f 660/1000/1002 721/999/1001 720/1001/1003
f 660/1000/1002 720/1001/1003 719/1002/1004
f 718/1003/1005 717/1004/1006 719/1002/1004
f 719/1002/1004 717/1004/1006 716/1005/1007
f 719/1002/1004 716/1005/1007 715/1006/1008
f 715/1006/1008 714/1007/1009 719/1002/1004
f 719/1002/1004 714/1007/1009 660/1000/1002
f 714/1007/1009 713/1008/1010 660/1000/1002
f 660/1000/1002 713/1008/1010 669/1009/1011
f 669/1009/1011 713/1008/1010 712/1010/1012
f 669/1009/1011 712/1010/1012 670/1011/1013
f 670/1011/1013 712/1010/1012 671/1012/1014
f 671/1012/1014 712/1010/1012 672/1013/1015
f 672/1013/1015 712/1010/1012 673/1014/1016
f 673/1014/1016 712/1010/1012 674/1015/1017
f 674/1015/1017 712/1010/1012 675/1016/1018
f 675/1016/1018 712/1010/1012 676/1017/1019
f 676/1017/1019 712/1010/1012 711/1018/1020
f 676/1017/1019 711/1018/1020 678/1019/1021
f 678/1019/1021 711/1018/1020 686/1020/1022
f 686/1020/1022 711/1018/1020 687/1021/1023
f 687/1021/1023 711/1018/1020 688/1022/1024
f 688/1022/1024 711/1018/1020 689/1023/1025
f 689/1023/1025 711/1018/1020 690/1024/1026
f 690/1024/1026 711/1018/1020 691/1025/1027
f 691/1025/1027 711/1018/1020 692/1026/1028
f 692/1026/1028 711/1018/1020 710/1027/1029
f 692/1026/1028 710/1027/1029 623/1028/1030
f 623/1028/1030 710/1027/1029 709/1029/1031
f 623/1028/1030 709/1029/1031 704/1030/1032
f 704/1030/1032 709/1029/1031 708/1031/1033
f 704/1030/1032 708/1031/1033 707/1032/1034
f 707/1032/1034 706/1033/1035 704/1030/1032
f 704/1030/1032 706/1033/1035 705/1034/1036
f 704/1030/1032 703/1035/1037 623/1028/1030
f 623/1028/1030 703/1035/1037 624/1036/1038
f 624/1036/1038 703/1035/1037 702/1037/1039
f 624/1036/1038 702/1037/1039 701/1038/1040
f 700/1039/1041 699/1040/1042 701/1038/1040
f 701/1038/1040 699/1040/1042 698/1041/1043
f 701/1038/1040 698/1041/1043 697/1042/1044
f 697/1042/1044 696/1043/1045 701/1038/1040
f 701/1038/1040 696/1043/1045 624/1036/1038
f 696/1043/1045 695/1044/1046 624/1036/1038
f 624/1036/1038 695/1044/1046 633/1045/1047
f 633/1045/1047 695/1044/1046 694/1046/1048
f 633/1045/1047 694/1046/1048 634/1047/1049
f 634/1047/1049 694/1046/1048 635/1048/1050
f 635/1048/1050 694/1046/1048 636/1049/1051
f 636/1049/1051 694/1046/1048 637/1050/1052
f 637/1050/1052 694/1046/1048 638/1051/1053
f 638/1051/1053 694/1046/1048 639/1052/1054
f 639/1052/1054 694/1046/1048 640/1053/1055
f 640/1053/1055 694/1046/1048 693/989/991
f 640/1053/1055 693/989/991 642/1054/1056
f 642/1054/1056 693/989/991 651/1055/1057
f 651/1055/1057 693/989/991 652/1056/1058
f 652/1056/1058 693/989/991 653/1057/1059
f 653/1057/1059 693/989/991 654/1058/1060
f 654/1058/1060 693/989/991 655/991/993
f 121/1059/1061 126/1060/1062 122/1061/1063
f 122/1061/1063 126/1060/1062 125/1062/1064
f 122/1061/1063 125/1062/1064 153/1063/1065
f 153/1063/1065 125/1062/1064 145/1064/1066
f 145/1064/1066 125/1062/1064 141/1065/1067
f 145/1064/1066 141/1065/1067 143/1066/1068
f 132/1067/1069 131/1068/1070 121/1059/1061
f 121/1059/1061 131/1068/1070 130/1069/1071
f 121/1059/1061 130/1069/1071 129/1070/1072
f 129/1070/1072 128/1071/1073 121/1059/1061
f 121/1059/1061 128/1071/1073 127/1072/1074
f 121/1059/1061 127/1072/1074 126/1060/1062
f 153/1063/1065 152/1073/1075 122/1061/1063
f 122/1061/1063 152/1073/1075 151/1074/1076
f 122/1061/1063 151/1074/1076 150/1075/1077
f 150/1075/1077 149/1076/1078 122/1061/1063
f 122/1061/1063 149/1076/1078 148/1077/1079
f 122/1061/1063 148/1077/1079 147/1078/1080
f 238/1079/1081 237/1080/1082 730/1081/1083
f 730/1081/1083 237/1080/1082 729/1082/1084
f 239/1083/1085 238/1084/1086 731/1085/1087
f 731/1085/1087 238/1084/1086 730/1086/1088
f 240/1087/1089 239/1088/1090 732/1089/1091
f 732/1089/1091 239/1088/1090 731/1090/1092
f 241/1091/1093 240/1092/1094 733/1093/1095
f 733/1093/1095 240/1092/1094 732/1094/1096
f 242/1095/1097 241/1096/1098 734/1097/1099
f 734/1097/1099 241/1096/1098 733/1098/1100
f 243/1099/1101 242/1100/1102 735/1101/1103
f 735/1101/1103 242/1100/1102 734/1102/1104
f 244/1103/1105 243/1104/1106 736/1105/1107
f 736/1105/1107 243/1104/1106 735/1106/1108
f 245/1107/1109 244/1108/1110 737/1109/1111
f 737/1109/1111 244/1108/1110 736/1110/1112
f 246/1111/1113 245/1112/1114 738/1113/1115
f 738/1113/1115 245/1112/1114 737/1114/1116
f 237/1115/1117 246/1116/1118 729/1117/1119
f 729/1117/1119 246/1116/1118 738/1118/1120
f 729/1119/1121 738/1120/1122 730/1121/1123
f 730/1121/1123 738/1120/1122 731/1122/1124
f 731/1122/1124 738/1120/1122 732/1123/1125
f 732/1123/1125 738/1120/1122 733/1124/1126
f 733/1124/1126 738/1120/1122 737/1125/1127
f 733/1124/1126 737/1125/1127 736/1126/1128
f 736/1126/1128 735/1127/1129 733/1124/1126
f 733/1124/1126 735/1127/1129 734/1128/1130
f 248/1129/1131 247/1130/1132 740/1131/1133
f 740/1131/1133 247/1130/1132 739/1132/1134
f 249/1133/1135 248/1134/1136 741/1135/1137
f 741/1135/1137 248/1134/1136 740/1136/1138
f 257/1137/1139 256/1138/1140 749/1139/1141
f 749/1139/1141 256/1138/1140 748/1140/1142
f 748/1140/1142 256/1138/1140 255/1141/1143
f 748/1140/1142 255/1141/1143 747/1142/1144
f 747/1142/1144 255/1141/1143 254/1143/1145
f 747/1142/1144 254/1143/1145 746/1144/1146
f 746/1144/1146 254/1143/1145 253/1145/1147
f 746/1144/1146 253/1145/1147 745/1146/1148
f 745/1146/1148 253/1145/1147 252/1147/1149
f 745/1146/1148 252/1147/1149 744/1148/1150
f 744/1148/1150 252/1147/1149 251/1149/1151
f 744/1148/1150 251/1149/1151 743/1150/1152
f 743/1150/1152 251/1149/1151 250/1151/1153
f 743/1150/1152 250/1151/1153 742/1152/1154
f 742/1152/1154 250/1151/1153 249/1153/1155
f 742/1152/1154 249/1153/1155 741/1154/1156
f 258/1155/1157 257/1156/1158 750/1157/1159
f 750/1157/1159 257/1156/1158 749/1158/1160
f 266/1159/1161 265/1160/1162 758/1161/1163
f 758/1161/1163 265/1160/1162 757/1162/1164
f 757/1162/1164 265/1160/1162 264/1163/1165
f 757/1162/1164 264/1163/1165 756/1164/1166
f 756/1164/1166 264/1163/1165 263/1165/1167
f 756/1164/1166 263/1165/1167 755/1166/1168
f 755/1166/1168 263/1165/1167 262/1167/1169
f 755/1166/1168 262/1167/1169 754/1168/1170
f 754/1168/1170 262/1167/1169 261/1169/1171
f 754/1168/1170 261/1169/1171 753/1170/1172
f 753/1170/1172 261/1169/1171 260/1171/1173
f 753/1170/1172 260/1171/1173 752/1172/1174
f 752/1172/1174 260/1171/1173 259/1173/1175
f 752/1172/1174 259/1173/1175 751/1174/1176
f 751/1174/1176 259/1173/1175 258/1175/1177
f 751/1174/1176 258/1175/1177 750/1176/1178
f 267/1177/1179 266/1178/1180 759/1179/1181
f 759/1179/1181 266/1178/1180 758/1180/1182
f 268/1181/1183 267/1182/1184 760/1183/1185
f 760/1183/1185 267/1182/1184 759/1184/1186
f 269/1185/1187 268/1186/1188 761/1187/1189
f 761/1187/1189 268/1186/1188 760/1188/1190
f 277/1189/1191 276/1190/1192 769/1191/1193
f 769/1191/1193 276/1190/1192 768/1192/1194
f 768/1192/1194 276/1190/1192 275/1193/1195
f 768/1192/1194 275/1193/1195 767/1194/1196
f 767/1194/1196 275/1193/1195 274/1195/1197
f 767/1194/1196 274/1195/1197 766/1196/1198
f 766/1196/1198 274/1195/1197 273/1197/1199
f 766/1196/1198 273/1197/1199 765/1198/1200
f 765/1198/1200 273/1197/1199 272/1199/1201
f 765/1198/1200 272/1199/1201 764/1200/1202
f 764/1200/1202 272/1199/1201 271/1201/1203
f 764/1200/1202 271/1201/1203 763/1202/1204
f 763/1202/1204 271/1201/1203 270/1203/1205
f 763/1202/1204 270/1203/1205 762/1204/1206
f 762/1204/1206 270/1203/1205 269/1205/1207
f 762/1204/1206 269/1205/1207 761/1206/1208
f 278/1207/1209 277/1208/1210 770/1209/1211
f 770/1209/1211 277/1208/1210 769/1210/1212
f 286/1211/1213 285/1212/1214 778/1213/1215
f 778/1213/1215 285/1212/1214 777/1214/1216
f 777/1214/1216 285/1212/1214 284/1215/1217
f 777/1214/1216 284/1215/1217 776/1216/1218
f 776/1216/1218 284/1215/1217 283/1217/1219
f 776/1216/1218 283/1217/1219 775/1218/1220
f 775/1218/1220 283/1217/1219 282/1219/1221
f 775/1218/1220 282/1219/1221 774/1220/1222
f 774/1220/1222 282/1219/1221 281/1221/1223
f 774/1220/1222 281/1221/1223 773/1222/1224
f 773/1222/1224 281/1221/1223 280/1223/1225
f 773/1222/1224 280/1223/1225 772/1224/1226
f 772/1224/1226 280/1223/1225 279/1225/1227
f 772/1224/1226 279/1225/1227 771/1226/1228
f 771/1226/1228 279/1225/1227 278/1227/1229
f 771/1226/1228 278/1227/1229 770/1228/1230
f 247/1229/1231 286/1230/1232 739/1231/1233
f 739/1231/1233 286/1230/1232 778/1232/1234
f 739/1233/1235 778/1234/1236 740/1235/1237
f 740/1235/1237 778/1234/1236 741/1236/1238
f 741/1236/1238 778/1234/1236 742/1237/1239
f 742/1237/1239 778/1234/1236 747/1238/1240
f 742/1237/1239 747/1238/1240 746/1239/1241
f 747/1238/1240 778/1234/1236 748/1240/1242
f 748/1240/1242 778/1234/1236 777/1241/1243
f 748/1240/1242 777/1241/1243 749/1242/1244
f 749/1242/1244 777/1241/1243 776/1243/1245
f 749/1242/1244 776/1243/1245 775/1244/1246
f 775/1244/1246 774/1245/1247 749/1242/1244
f 749/1242/1244 774/1245/1247 773/1246/1248
f 749/1242/1244 773/1246/1248 772/1247/1249
f 772/1247/1249 771/1248/1250 749/1242/1244
f 749/1242/1244 771/1248/1250 770/1249/1251
f 749/1242/1244 770/1249/1251 769/1250/1252
f 749/1242/1244 769/1250/1252 750/1251/1253
f 750/1251/1253 769/1250/1252 768/1252/1254
f 750/1251/1253 768/1252/1254 767/1253/1255
f 767/1253/1255 766/1254/1256 750/1251/1253
f 750/1251/1253 766/1254/1256 765/1255/1257
f 750/1251/1253 765/1255/1257 764/1256/1258
f 764/1256/1258 763/1257/1259 750/1251/1253
f 750/1251/1253 763/1257/1259 762/1258/1260
f 750/1251/1253 762/1258/1260 751/1259/1261
f 751/1259/1261 762/1258/1260 761/1260/1262
f 751/1259/1261 761/1260/1262 752/1261/1263
f 752/1261/1263 761/1260/1262 757/1262/1264
f 752/1261/1263 757/1262/1264 753/1263/1265
f 753/1263/1265 757/1262/1264 754/1264/1266
f 754/1264/1266 757/1262/1264 755/1265/1267
f 755/1265/1267 757/1262/1264 756/1266/1268
f 760/1267/1269 759/1268/1270 761/1260/1262
f 761/1260/1262 759/1268/1270 758/1269/1271
f 761/1260/1262 758/1269/1271 757/1262/1264
f 746/1239/1241 745/1270/1272 742/1237/1239
f 742/1237/1239 745/1270/1272 744/1271/1273
f 742/1237/1239 744/1271/1273 743/1272/1274
f 288/1273/1275 287/1274/1276 780/1275/1277
f 780/1275/1277 287/1274/1276 779/1276/1278
f 289/1277/1279 288/1278/1280 781/1279/1281
f 781/1279/1281 288/1278/1280 780/1280/1282
f 290/1281/1283 289/1282/1284 782/1283/1285
f 782/1283/1285 289/1282/1284 781/1284/1286
f 291/1285/1287 290/1286/1288 783/1287/1289
f 783/1287/1289 290/1286/1288 782/1288/1290
f 292/1289/1291 291/1290/1292 784/1291/1293
f 784/1291/1293 291/1290/1292 783/1292/1294
f 293/1293/1295 292/1294/1296 785/1295/1297
f 785/1295/1297 292/1294/1296 784/1296/1298
f 294/1297/1299 293/1298/1300 786/1299/1301
f 786/1299/1301 293/1298/1300 785/1300/1302
f 287/1301/1303 294/1302/1304 779/1303/1305
f 779/1303/1305 294/1302/1304 786/1304/1306
f 780/1305/1307 779/1306/1308 781/1307/1309
f 781/1307/1309 779/1306/1308 786/1308/1310
f 781/1307/1309 786/1308/1310 784/1309/1311
f 784/1309/1311 786/1308/1310 785/1310/1312
f 783/1311/1313 782/1312/1314 784/1309/1311
f 784/1309/1311 782/1312/1314 781/1307/1309
f 296/1313/1315 295/1314/1316 788/1315/1317
f 788/1315/1317 295/1314/1316 787/1316/1318
f 297/1317/1319 296/1318/1320 789/1319/1321
f 789/1319/1321 296/1318/1320 788/1320/1322
f 298/1321/1323 297/1322/1324 790/1323/1325
f 790/1323/1325 297/1322/1324 789/1324/1326
f 299/1325/1327 298/1326/1328 791/1327/1329
f 791/1327/1329 298/1326/1328 790/1328/1330
f 300/1329/1331 299/1330/1332 792/1331/1333
f 792/1331/1333 299/1330/1332 791/1332/1334
f 301/1333/1335 300/1334/1336 793/1335/1337
f 793/1335/1337 300/1334/1336 792/1336/1338
f 302/1337/1339 301/1338/1340 794/1339/1341
f 794/1339/1341 301/1338/1340 793/1340/1342
f 303/1341/1343 302/1342/1344 795/1343/1345
f 795/1343/1345 302/1342/1344 794/1344/1346
f 304/1345/1347 303/1346/1348 796/1347/1349
f 796/1347/1349 303/1346/1348 795/1348/1350
f 305/1349/1351 304/1350/1352 797/1351/1353
f 797/1351/1353 304/1350/1352 796/1352/1354
f 306/1353/1355 305/1354/1356 798/1355/1357
f 798/1355/1357 305/1354/1356 797/1356/1358
f 295/1357/1359 306/1358/1360 787/1359/1361
f 787/1359/1361 306/1358/1360 798/1360/1362
f 798/1361/1363 790/1362/1364 787/1363/1365
f 787/1363/1365 790/1362/1364 789/1364/1366
f 787/1363/1365 789/1364/1366 788/1365/1367
f 797/1366/1368 795/1367/1369 798/1361/1363
f 798/1361/1363 795/1367/1369 791/1368/1370
f 798/1361/1363 791/1368/1370 790/1362/1364
f 797/1366/1368 796/1369/1371 795/1367/1369
f 795/1367/1369 794/1370/1372 791/1368/1370
f 791/1368/1370 794/1370/1372 792/1371/1373
f 792/1371/1373 794/1370/1372 793/1372/1374
f 308/1373/1375 307/1374/1376 800/1375/1377
f 800/1375/1377 307/1374/1376 799/1376/1378
f 309/1377/1379 308/1378/1380 801/1379/1381
f 801/1379/1381 308/1378/1380 800/1380/1382
f 310/1381/1383 309/1382/1384 802/1383/1385
f 802/1383/1385 309/1382/1384 801/1384/1386
f 311/1385/1387 310/1386/1388 803/1387/1389
f 803/1387/1389 310/1386/1388 802/1388/1390
f 312/1389/1391 311/1390/1392 804/1391/1393
f 804/1391/1393 311/1390/1392 803/1392/1394
f 307/1393/1395 312/1394/1396 799/1395/1397
f 799/1395/1397 312/1394/1396 804/1396/1398
f 804/1397/1399 803/1398/1400 799/1399/1401
f 799/1399/1401 803/1398/1400 802/1400/1402
f 799/1399/1401 802/1400/1402 801/1401/1403
f 801/1401/1403 800/1402/1404 799/1399/1401
f 314/1403/1405 313/1404/1406 806/1405/1407
f 806/1405/1407 313/1404/1406 805/1406/1408
f 318/1407/1409 317/1408/1410 810/1409/1411
f 810/1409/1411 317/1408/1410 809/1410/1412
f 809/1410/1412 317/1408/1410 316/1411/1413
f 809/1410/1412 316/1411/1413 808/1412/1414
f 808/1412/1414 316/1411/1413 315/1413/1415
f 808/1412/1414 315/1413/1415 807/1414/1416
f 807/1414/1416 315/1413/1415 314/1415/1417
f 807/1414/1416 314/1415/1417 806/1416/1418
f 322/1417/1419 321/1418/1420 814/1419/1421
f 814/1419/1421 321/1418/1420 813/1420/1422
f 813/1420/1422 321/1418/1420 320/1421/1423
f 813/1420/1422 320/1421/1423 812/1422/1424
f 812/1422/1424 320/1421/1423 319/1423/1425
f 812/1422/1424 319/1423/1425 811/1424/1426
f 811/1424/1426 319/1423/1425 318/1425/1427
f 811/1424/1426 318/1425/1427 810/1426/1428
f 323/1427/1429 322/1428/1430 815/1429/1431
f 815/1429/1431 322/1428/1430 814/1430/1432
f 331/1431/1433 330/1432/1434 823/1433/1435
f 823/1433/1435 330/1432/1434 822/1434/1436
f 822/1434/1436 330/1432/1434 329/1435/1437
f 822/1434/1436 329/1435/1437 821/1436/1438
f 821/1436/1438 329/1435/1437 328/1437/1439
f 821/1436/1438 328/1437/1439 820/1438/1440
f 820/1438/1440 328/1437/1439 327/1439/1441
f 820/1438/1440 327/1439/1441 819/1440/1442
f 819/1440/1442 327/1439/1441 326/1441/1443
f 819/1440/1442 326/1441/1443 818/1442/1444
f 818/1442/1444 326/1441/1443 325/1443/1445
f 818/1442/1444 325/1443/1445 817/1444/1446
f 817/1444/1446 325/1443/1445 324/1445/1447
f 817/1444/1446 324/1445/1447 816/1446/1448
f 816/1446/1448 324/1445/1447 323/1447/1449
f 816/1446/1448 323/1447/1449 815/1448/1450
f 332/1449/1451 331/1450/1452 824/1451/1453
f 824/1451/1453 331/1450/1452 823/1452/1454
f 340/1453/1455 339/1454/1456 832/1455/1457
f 832/1455/1457 339/1454/1456 831/1456/1458
f 831/1456/1458 339/1454/1456 338/1457/1459
f 831/1456/1458 338/1457/1459 830/1458/1460
f 830/1458/1460 338/1457/1459 337/1459/1461
f 830/1458/1460 337/1459/1461 829/1460/1462
f 829/1460/1462 337/1459/1461 336/1461/1463
f 829/1460/1462 336/1461/1463 828/1462/1464
f 828/1462/1464 336/1461/1463 335/1463/1465
f 828/1462/1464 335/1463/1465 827/1464/1466
f 827/1464/1466 335/1463/1465 334/1465/1467
f 827/1464/1466 334/1465/1467 826/1466/1468
f 826/1466/1468 334/1465/1467 333/1467/1469
f 826/1466/1468 333/1467/1469 825/1468/1470
f 825/1468/1470 333/1467/1469 332/1469/1471
f 825/1468/1470 332/1469/1471 824/1470/1472
f 341/1471/1473 340/1472/1474 833/1473/1475
f 833/1473/1475 340/1472/1474 832/1474/1476
f 349/1475/1477 348/1476/1478 841/1477/1479
f 841/1477/1479 348/1476/1478 840/1478/1480
f 840/1478/1480 348/1476/1478 347/1479/1481
f 840/1478/1480 347/1479/1481 839/1480/1482
f 839/1480/1482 347/1479/1481 346/1481/1483
f 839/1480/1482 346/1481/1483 838/1482/1484
f 838/1482/1484 346/1481/1483 345/1483/1485
f 838/1482/1484 345/1483/1485 837/1484/1486
f 837/1484/1486 345/1483/1485 344/1485/1487
f 837/1484/1486 344/1485/1487 836/1486/1488
f 836/1486/1488 344/1485/1487 343/1487/1489
f 836/1486/1488 343/1487/1489 835/1488/1490
f 835/1488/1490 343/1487/1489 342/1489/1491
f 835/1488/1490 342/1489/1491 834/1490/1492
f 834/1490/1492 342/1489/1491 341/1491/1493
f 834/1490/1492 341/1491/1493 833/1492/1494
f 350/1493/1495 349/1494/1496 842/1495/1497
f 842/1495/1497 349/1494/1496 841/1496/1498
f 351/1497/1499 350/1498/1500 843/1499/1501
f 843/1499/1501 350/1498/1500 842/1500/1502
f 352/1501/1503 351/1502/1504 844/1503/1505
f 844/1503/1505 351/1502/1504 843/1504/1506
f 360/1505/1507 359/1506/1508 852/1507/1509
f 852/1507/1509 359/1506/1508 851/1508/1510
f 851/1508/1510 359/1506/1508 358/1509/1511
f 851/1508/1510 358/1509/1511 850/1510/1512
f 850/1510/1512 358/1509/1511 357/1511/1513
f 850/1510/1512 357/1511/1513 849/1512/1514
f 849/1512/1514 357/1511/1513 356/1513/1515
f 849/1512/1514 356/1513/1515 848/1514/1516
f 848/1514/1516 356/1513/1515 355/1515/1517
f 848/1514/1516 355/1515/1517 847/1516/1518
f 847/1516/1518 355/1515/1517 354/1517/1519
f 847/1516/1518 354/1517/1519 846/1518/1520
f 846/1518/1520 354/1517/1519 353/1519/1521
f 846/1518/1520 353/1519/1521 845/1520/1522
f 845/1520/1522 353/1519/1521 352/1521/1523
f 845/1520/1522 352/1521/1523 844/1522/1524
f 361/1523/1525 360/1524/1526 853/1525/1527
f 853/1525/1527 360/1524/1526 852/1526/1528
f 369/1527/1529 368/1528/1530 861/1529/1531
f 861/1529/1531 368/1528/1530 860/1530/1532
f 860/1530/1532 368/1528/1530 367/1531/1533
f 860/1530/1532 367/1531/1533 859/1532/1534
f 859/1532/1534 367/1531/1533 366/1533/1535
f 859/1532/1534 366/1533/1535 858/1534/1536
f 858/1534/1536 366/1533/1535 365/1535/1537
f 858/1534/1536 365/1535/1537 857/1536/1538
f 857/1536/1538 365/1535/1537 364/1537/1539
f 857/1536/1538 364/1537/1539 856/1538/1540
f 856/1538/1540 364/1537/1539 363/1539/1541
f 856/1538/1540 363/1539/1541 855/1540/1542
f 855/1540/1542 363/1539/1541 362/1541/1543
f 855/1540/1542 362/1541/1543 854/1542/1544
f 854/1542/1544 362/1541/1543 361/1543/1545
f 854/1542/1544 361/1543/1545 853/1544/1546
f 370/1545/1547 369/1546/1548 862/1547/1549
f 862/1547/1549 369/1546/1548 861/1548/1550
f 374/1549/1551 373/1550/1552 866/1551/1553
f 866/1551/1553 373/1550/1552 865/1552/1554
f 865/1552/1554 373/1550/1552 372/1553/1555
f 865/1552/1554 372/1553/1555 864/1554/1556
f 864/1554/1556 372/1553/1555 371/1555/1557
f 864/1554/1556 371/1555/1557 863/1556/1558
f 863/1556/1558 371/1555/1557 370/1557/1559
f 863/1556/1558 370/1557/1559 862/1558/1560
f 378/1559/1561 377/1560/1562 870/1561/1563
f 870/1561/1563 377/1560/1562 869/1562/1564
f 869/1562/1564 377/1560/1562 376/1563/1565
f 869/1562/1564 376/1563/1565 868/1564/1566
f 868/1564/1566 376/1563/1565 375/1565/1567
f 868/1564/1566 375/1565/1567 867/1566/1568
f 867/1566/1568 375/1565/1567 374/1567/1569
f 867/1566/1568 374/1567/1569 866/1568/1570
f 379/1569/1571 378/1570/1572 871/1571/1573
f 871/1571/1573 378/1570/1572 870/1572/1574
f 383/1573/1575 382/1574/1576 875/1575/1577
f 875/1575/1577 382/1574/1576 874/1576/1578
f 874/1576/1578 382/1574/1576 381/1577/1579
f 874/1576/1578 381/1577/1579 873/1578/1580
f 873/1578/1580 381/1577/1579 380/1579/1581
f 873/1578/1580 380/1579/1581 872/1580/1582
f 872/1580/1582 380/1579/1581 379/1581/1583
f 872/1580/1582 379/1581/1583 871/1582/1584
f 387/1583/1585 386/1584/1586 879/1585/1587
f 879/1585/1587 386/1584/1586 878/1586/1588
f 878/1586/1588 386/1584/1586 385/1587/1589
f 878/1586/1588 385/1587/1589 877/1588/1590
f 877/1588/1590 385/1587/1589 384/1589/1591
f 877/1588/1590 384/1589/1591 876/1590/1592
f 876/1590/1592 384/1589/1591 383/1591/1593
f 876/1590/1592 383/1591/1593 875/1592/1594
f 388/1593/1595 387/1594/1596 880/1595/1597
f 880/1595/1597 387/1594/1596 879/1596/1598
f 396/1597/1599 395/1598/1600 888/1599/1601
f 888/1599/1601 395/1598/1600 887/1600/1602
f 887/1600/1602 395/1598/1600 394/1601/1603
f 887/1600/1602 394/1601/1603 886/1602/1604
f 886/1602/1604 394/1601/1603 393/1603/1605
f 886/1602/1604 393/1603/1605 885/1604/1606
f 885/1604/1606 393/1603/1605 392/1605/1607
f 885/1604/1606 392/1605/1607 884/1606/1608
f 884/1606/1608 392/1605/1607 391/1607/1609
f 884/1606/1608 391/1607/1609 883/1608/1610
f 883/1608/1610 391/1607/1609 390/1609/1611
f 883/1608/1610 390/1609/1611 882/1610/1612
f 882/1610/1612 390/1609/1611 389/1611/1613
f 882/1610/1612 389/1611/1613 881/1612/1614
f 881/1612/1614 389/1611/1613 388/1613/1615
f 881/1612/1614 388/1613/1615 880/1614/1616
f 397/1615/1617 396/1616/1618 889/1617/1619
f 889/1617/1619 396/1616/1618 888/1618/1620
f 405/1619/1621 404/1620/1622 897/1621/1623
f 897/1621/1623 404/1620/1622 896/1622/1624
f 896/1622/1624 404/1620/1622 403/1623/1625
f 896/1622/1624 403/1623/1625 895/1624/1626
f 895/1624/1626 403/1623/1625 402/1625/1627
f 895/1624/1626 402/1625/1627 894/1626/1628
f 894/1626/1628 402/1625/1627 401/1627/1629
f 894/1626/1628 401/1627/1629 893/1628/1630
f 893/1628/1630 401/1627/1629 400/1629/1631
f 893/1628/1630 400/1629/1631 892/1630/1632
f 892/1630/1632 400/1629/1631 399/1631/1633
f 892/1630/1632 399/1631/1633 891/1632/1634
f 891/1632/1634 399/1631/1633 398/1633/1635
f 891/1632/1634 398/1633/1635 890/1634/1636
f 890/1634/1636 398/1633/1635 397/1635/1637
f 890/1634/1636 397/1635/1637 889/1636/1638
f 406/1637/1639 405/1638/1640 898/1639/1641
f 898/1639/1641 405/1638/1640 897/1640/1642
f 407/1641/1643 406/1642/1644 899/1643/1645
f 899/1643/1645 406/1642/1644 898/1644/1646
f 408/1645/1647 407/1646/1648 900/1647/1649
f 900/1647/1649 407/1646/1648 899/1648/1650
f 416/1649/1651 415/1650/1652 908/1651/1653
f 908/1651/1653 415/1650/1652 907/1652/1654
f 907/1652/1654 415/1650/1652 414/1653/1655
f 907/1652/1654 414/1653/1655 906/1654/1656
f 906/1654/1656 414/1653/1655 413/1655/1657
f 906/1654/1656 413/1655/1657 905/1656/1658
f 905/1656/1658 413/1655/1657 412/1657/1659
f 905/1656/1658 412/1657/1659 904/1658/1660
f 904/1658/1660 412/1657/1659 411/1659/1661
f 904/1658/1660 411/1659/1661 903/1660/1662
f 903/1660/1662 411/1659/1661 410/1661/1663
f 903/1660/1662 410/1661/1663 902/1662/1664
f 902/1662/1664 410/1661/1663 409/1663/1665
f 902/1662/1664 409/1663/1665 901/1664/1666
f 901/1664/1666 409/1663/1665 408/1665/1667
f 901/1664/1666 408/1665/1667 900/1666/1668
f 417/1667/1669 416/1668/1670 909/1669/1671
f 909/1669/1671 416/1668/1670 908/1670/1672
f 313/1671/1673 424/1672/1674 805/1673/1675
f 805/1673/1675 424/1672/1674 916/1674/1676
f 916/1674/1676 424/1672/1674 423/1675/1677
f 916/1674/1676 423/1675/1677 915/1676/1678
f 915/1676/1678 423/1675/1677 422/1677/1679
f 915/1676/1678 422/1677/1679 914/1678/1680
f 914/1678/1680 422/1677/1679 421/1679/1681
f 914/1678/1680 421/1679/1681 913/1680/1682
f 913/1680/1682 421/1679/1681 420/1681/1683
f 913/1680/1682 420/1681/1683 912/1682/1684
f 912/1682/1684 420/1681/1683 419/1683/1685
f 912/1682/1684 419/1683/1685 911/1684/1686
f 911/1684/1686 419/1683/1685 418/1685/1687
f 911/1684/1686 418/1685/1687 910/1686/1688
f 910/1686/1688 418/1685/1687 417/1687/1689
f 910/1686/1688 417/1687/1689 909/1688/1690
f 916/1689/1691 887/1690/1692 805/1691/1693
f 805/1691/1693 887/1690/1692 886/1692/1694
f 805/1691/1693 886/1692/1694 881/1693/1695
f 881/1693/1695 886/1692/1694 885/1694/1696
f 881/1693/1695 885/1694/1696 884/1695/1697
f 887/1690/1692 916/1689/1691 888/1696/1698
f 888/1696/1698 916/1689/1691 915/1697/1699
f 888/1696/1698 915/1697/1699 914/1698/1700
f 914/1698/1700 913/1699/1701 888/1696/1698
f 888/1696/1698 913/1699/1701 912/1700/1702
f 888/1696/1698 912/1700/1702 911/1701/1703
f 911/1701/1703 910/1702/1704 888/1696/1698
f 888/1696/1698 910/1702/1704 909/1703/1705
f 888/1696/1698 909/1703/1705 889/1704/1706
f 889/1704/1706 909/1703/1705 908/1705/1707
f 889/1704/1706 908/1705/1707 907/1706/1708
f 907/1706/1708 906/1707/1709 889/1704/1706
f 889/1704/1706 906/1707/1709 905/1708/1710
f 889/1704/1706 905/1708/1710 904/1709/1711
f 904/1709/1711 903/1710/1712 889/1704/1706
f 889/1704/1706 903/1710/1712 902/1711/1713
f 889/1704/1706 902/1711/1713 901/1712/1714
f 889/1704/1706 901/1712/1714 890/1713/1715
f 890/1713/1715 901/1712/1714 900/1714/1716
f 890/1713/1715 900/1714/1716 896/1715/1717
f 896/1715/1717 900/1714/1716 897/1716/1718
f 897/1716/1718 900/1714/1716 898/1717/1719
f 898/1717/1719 900/1714/1716 899/1718/1720
f 895/1719/1721 894/1720/1722 896/1715/1717
f 896/1715/1717 894/1720/1722 893/1721/1723
f 896/1715/1717 893/1721/1723 892/1722/1724
f 892/1722/1724 891/1723/1725 896/1715/1717
f 896/1715/1717 891/1723/1725 890/1713/1715
f 884/1695/1697 883/1724/1726 881/1693/1695
f 881/1693/1695 883/1724/1726 882/1725/1727
f 881/1693/1695 880/1726/1728 805/1691/1693
f 805/1691/1693 880/1726/1728 879/1727/1729
f 805/1691/1693 879/1727/1729 806/1728/1730
f 806/1728/1730 879/1727/1729 874/1729/1731
f 806/1728/1730 874/1729/1731 873/1730/1732
f 879/1727/1729 878/1731/1733 874/1729/1731
f 874/1729/1731 878/1731/1733 876/1732/1734
f 874/1729/1731 876/1732/1734 875/1733/1735
f 878/1731/1733 877/1734/1736 876/1732/1734
f 806/1728/1730 873/1730/1732 807/1735/1737
f 807/1735/1737 873/1730/1732 872/1736/1738
f 807/1735/1737 872/1736/1738 808/1737/1739
f 808/1737/1739 872/1736/1738 871/1738/1740
f 808/1737/1739 871/1738/1740 809/1739/1741
f 809/1739/1741 871/1738/1740 810/1740/1742
f 810/1740/1742 871/1738/1740 811/1741/1743
f 811/1741/1743 871/1738/1740 812/1742/1744
f 812/1742/1744 871/1738/1740 813/1743/1745
f 813/1743/1745 871/1738/1740 870/1744/1746
f 813/1743/1745 870/1744/1746 814/1745/1747
f 814/1745/1747 870/1744/1746 869/1746/1748
f 814/1745/1747 869/1746/1748 815/1747/1749
f 815/1747/1749 869/1746/1748 868/1748/1750
f 815/1747/1749 868/1748/1750 867/1749/1751
f 867/1749/1751 866/1750/1752 815/1747/1749
f 815/1747/1749 866/1750/1752 865/1751/1753
f 815/1747/1749 865/1751/1753 864/1752/1754
f 815/1747/1749 864/1752/1754 816/1753/1755
f 816/1753/1755 864/1752/1754 863/1754/1756
f 816/1753/1755 863/1754/1756 862/1755/1757
f 861/1756/1758 823/1757/1759 862/1755/1757
f 862/1755/1757 823/1757/1759 822/1758/1760
f 862/1755/1757 822/1758/1760 817/1759/1761
f 817/1759/1761 822/1758/1760 818/1760/1762
f 818/1760/1762 822/1758/1760 819/1761/1763
f 819/1761/1763 822/1758/1760 820/1762/1764
f 820/1762/1764 822/1758/1760 821/1763/1765
f 860/1764/1766 831/1765/1767 861/1756/1758
f 861/1756/1758 831/1765/1767 830/1766/1768
f 861/1756/1758 830/1766/1768 824/1767/1769
f 824/1767/1769 830/1766/1768 829/1768/1770
f 824/1767/1769 829/1768/1770 825/1769/1771
f 825/1769/1771 829/1768/1770 828/1770/1772
f 825/1769/1771 828/1770/1772 827/1771/1773
f 831/1765/1767 860/1764/1766 832/1772/1774
f 832/1772/1774 860/1764/1766 859/1773/1775
f 832/1772/1774 859/1773/1775 858/1774/1776
f 858/1774/1776 857/1775/1777 832/1772/1774
f 832/1772/1774 857/1775/1777 856/1776/1778
f 832/1772/1774 856/1776/1778 855/1777/1779
f 855/1777/1779 854/1778/1780 832/1772/1774
f 832/1772/1774 854/1778/1780 853/1779/1781
f 832/1772/1774 853/1779/1781 852/1780/1782
f 832/1772/1774 852/1780/1782 833/1781/1783
f 833/1781/1783 852/1780/1782 851/1782/1784
f 833/1781/1783 851/1782/1784 850/1783/1785
f 850/1783/1785 849/1784/1786 833/1781/1783
f 833/1781/1783 849/1784/1786 848/1785/1787
f 833/1781/1783 848/1785/1787 847/1786/1788
f 847/1786/1788 846/1787/1789 833/1781/1783
f 833/1781/1783 846/1787/1789 845/1788/1790
f 833/1781/1783 845/1788/1790 834/1789/1791
f 834/1789/1791 845/1788/1790 844/1790/1792
f 834/1789/1791 844/1790/1792 835/1791/1793
f 835/1791/1793 844/1790/1792 840/1792/1794
f 835/1791/1793 840/1792/1794 836/1793/1795
f 836/1793/1795 840/1792/1794 837/1794/1796
f 837/1794/1796 840/1792/1794 838/1795/1797
f 838/1795/1797 840/1792/1794 839/1796/1798
f 843/1797/1799 842/1798/1800 844/1790/1792
f 844/1790/1792 842/1798/1800 841/1799/1801
f 844/1790/1792 841/1799/1801 840/1792/1794
f 827/1771/1773 826/1800/1802 825/1769/1771
f 824/1767/1769 823/1757/1759 861/1756/1758
f 817/1759/1761 816/1753/1755 862/1755/1757
f 426/1801/1803 425/1802/1804 918/1803/1805
f 918/1803/1805 425/1802/1804 917/1804/1806
f 427/1805/1807 426/1806/1808 919/1807/1809
f 919/1807/1809 426/1806/1808 918/1808/1810
f 428/1809/1811 427/1810/1812 920/1811/1813
f 920/1811/1813 427/1810/1812 919/1812/1814
f 429/1813/1815 428/1814/1816 921/1815/1817
f 921/1815/1817 428/1814/1816 920/1816/1818
f 430/1817/1819 429/1818/1820 922/1819/1821
f 922/1819/1821 429/1818/1820 921/1820/1822
f 431/1821/1823 430/1822/1824 923/1823/1825
f 923/1823/1825 430/1822/1824 922/1824/1826
f 432/1825/1827 431/1826/1828 924/1827/1829
f 924/1827/1829 431/1826/1828 923/1828/1830
f 433/1829/1831 432/1830/1832 925/1831/1833
f 925/1831/1833 432/1830/1832 924/1832/1834
f 434/1833/1835 433/1834/1836 926/1835/1837
f 926/1835/1837 433/1834/1836 925/1836/1838
f 425/1837/1839 434/1838/1840 917/1839/1841
f 917/1839/1841 434/1838/1840 926/1840/1842
f 917/1841/1843 926/1842/1844 918/1843/1845
f 918/1843/1845 926/1842/1844 919/1844/1846
f 919/1844/1846 926/1842/1844 920/1845/1847
f 920/1845/1847 926/1842/1844 921/1846/1848
f 921/1846/1848 926/1842/1844 925/1847/1849
f 921/1846/1848 925/1847/1849 924/1848/1850
f 924/1848/1850 923/1849/1851 921/1846/1848
f 921/1846/1848 923/1849/1851 922/1850/1852
f 436/1851/1853 435/1852/1854 928/1853/1855
f 928/1853/1855 435/1852/1854 927/1854/1856
f 437/1855/1857 436/1856/1858 929/1857/1859
f 929/1857/1859 436/1856/1858 928/1858/1860
f 438/1859/1861 437/1860/1862 930/1861/1863
f 930/1861/1863 437/1860/1862 929/1862/1864
f 435/1863/1865 438/1864/1866 927/1865/1867
f 927/1865/1867 438/1864/1866 930/1866/1868
f 927/1867/1869 930/1868/1870 928/1869/1871
f 928/1869/1871 930/1868/1870 929/1870/1872
f 931/1871/1873 932/1872/1874 934/1873/1875
f 934/1873/1875 932/1872/1874 933/1874/1876
f 935/1875/1877 931/1876/1878 936/1877/1879
f 936/1877/1879 931/1876/1878 934/1878/1880
f 932/1879/1881 935/1880/1882 933/1881/1883
f 933/1881/1883 935/1880/1882 936/1882/1884
f 586/1883/1885 585/1884/1886 938/1885/1887
f 938/1885/1887 585/1884/1886 937/1886/1888
f 587/1887/1889 586/1888/1890 939/1889/1891
f 939/1889/1891 586/1888/1890 938/1890/1892
f 588/1891/1893 587/1892/1894 940/1893/1895
f 940/1893/1895 587/1892/1894 939/1894/1896
f 589/1895/1897 588/1896/1898 941/1897/1899
f 941/1897/1899 588/1896/1898 940/1898/1900
f 590/1899/1901 589/1900/1902 942/1901/1903
f 942/1901/1903 589/1900/1902 941/1902/1904
f 591/1903/1905 590/1904/1906 943/1905/1907
f 943/1905/1907 590/1904/1906 942/1906/1908
f 592/1907/1909 591/1908/1910 944/1909/1911
f 944/1909/1911 591/1908/1910 943/1910/1912
f 585/1911/1913 592/1912/1914 937/1913/1915
f 937/1913/1915 592/1912/1914 944/1914/1916
f 937/1915/1917 944/1916/1918 938/1917/1919
f 938/1917/1919 944/1916/1918 934/1918/1920
f 938/1917/1919 934/1918/1920 939/1919/1921
f 939/1919/1921 934/1918/1920 933/1920/1922
f 939/1919/1921 933/1920/1922 941/1921/1923
f 941/1921/1923 933/1920/1922 942/1922/1924
f 942/1922/1924 933/1920/1922 936/1923/1925
f 942/1922/1924 936/1923/1925 943/1924/1926
f 943/1924/1926 936/1923/1925 934/1918/1920
f 943/1924/1926 934/1918/1920 944/1916/1918
f 941/1921/1923 940/1925/1927 939/1919/1921
f 621/1926/1928 626/1927/1929 622/1928/1930
f 622/1928/1930 626/1927/1929 625/1929/1931
f 622/1928/1930 625/1929/1931 685/1930/1932
f 685/1930/1932 625/1929/1931 677/1931/1933
f 677/1931/1933 625/1929/1931 641/1932/1934
f 677/1931/1933 641/1932/1934 661/1933/1935
f 661/1933/1935 641/1932/1934 662/1934/1936
f 662/1934/1936 641/1932/1934 659/1935/1937
f 662/1934/1936 659/1935/1937 663/1936/1938
f 663/1936/1938 659/1935/1937 664/1937/1939
f 664/1937/1939 659/1935/1937 665/1938/1940
f 665/1938/1940 659/1935/1937 666/1939/1941
f 666/1939/1941 659/1935/1937 667/1940/1942
f 667/1940/1942 659/1935/1937 668/1941/1943
f 632/1942/1944 631/1943/1945 621/1926/1928
f 621/1926/1928 631/1943/1945 630/1944/1946
f 621/1926/1928 630/1944/1946 629/1945/1947
f 629/1945/1947 628/1946/1948 621/1926/1928
f 621/1926/1928 628/1946/1948 627/1947/1949
f 621/1926/1928 627/1947/1949 626/1927/1929
f 641/1932/1934 650/1948/1950 659/1935/1937
f 659/1935/1937 650/1948/1950 643/1949/1951
f 643/1949/1951 650/1948/1950 649/1950/1952
f 643/1949/1951 649/1950/1952 648/1951/1953
f 648/1951/1953 647/1952/1954 643/1949/1951
f 643/1949/1951 647/1952/1954 646/1953/1955
f 643/1949/1951 646/1953/1955 645/1954/1956
f 645/1954/1956 644/1955/1957 643/1949/1951
f 685/1930/1932 684/1956/1958 622/1928/1930
f 622/1928/1930 684/1956/1958 683/1957/1959
f 622/1928/1930 683/1957/1959 682/1958/1960
f 682/1958/1960 681/1959/1961 622/1928/1930
f 622/1928/1930 681/1959/1961 680/1960/1962
f 622/1928/1930 680/1960/1962 679/1961/1963
f 945/1962/1964 946/1963/1965 948/1964/1966
f 948/1964/1966 946/1963/1965 947/1965/1967
f 949/1966/1968 945/1967/1969 950/1968/1970
f 950/1968/1970 945/1967/1969 948/1969/1971
f 946/1970/1972 949/1971/1973 947/1972/1974
f 947/1972/1974 949/1971/1973 950/1973/1975
f 440/1974/1976 439/1975/1977 952/1976/1978
f 952/1976/1978 439/1975/1977 951/1977/1979
f 441/1978/1980 440/1979/1981 953/1980/1982
f 953/1980/1982 440/1979/1981 952/1981/1983
f 442/1982/1984 441/1983/1985 954/1984/1986
f 954/1984/1986 441/1983/1985 953/1985/1987
f 443/1986/1988 442/1987/1989 955/1988/1990
f 955/1988/1990 442/1987/1989 954/1989/1991
f 444/1990/1992 443/1991/1993 956/1992/1994
f 956/1992/1994 443/1991/1993 955/1993/1995
f 445/1994/1996 444/1995/1997 957/1996/1998
f 957/1996/1998 444/1995/1997 956/1997/1999
f 446/1998/2000 445/1999/2001 958/2000/2002
f 958/2000/2002 445/1999/2001 957/2001/2003
f 439/2002/2004 446/2003/2005 951/2004/2006
f 951/2004/2006 446/2003/2005 958/2005/2007
f 951/2006/2008 958/2007/2009 952/2008/2010
f 952/2008/2010 958/2007/2009 948/2009/2011
f 952/2008/2010 948/2009/2011 953/2010/2012
f 953/2010/2012 948/2009/2011 947/2011/2013
f 953/2010/2012 947/2011/2013 955/2012/2014
f 955/2012/2014 947/2011/2013 956/2013/2015
f 956/2013/2015 947/2011/2013 950/2014/2016
f 956/2013/2015 950/2014/2016 957/2015/2017
f 957/2015/2017 950/2014/2016 948/2009/2011
f 957/2015/2017 948/2009/2011 958/2007/2009
f 955/2012/2014 954/2016/2018 953/2010/2012
f 932/2017/2019 931/2018/2020 935/2019/2021
f 960/2020/2022 448/2021/2023 959/2022/2024
f 959/2022/2024 448/2021/2023 447/2023/2025
f 959/2024/2024 447/2025/2025 982/2026/2026
f 982/2026/2026 447/2025/2025 470/2027/2027
f 982/2026/2026 470/2027/2027 981/2028/2028
f 981/2028/2028 470/2027/2027 469/2029/2029
f 981/2028/2028 469/2029/2029 980/2030/2030
f 980/2030/2030 469/2029/2029 468/2031/2031
f 980/2030/2030 468/2031/2031 979/2032/2032
f 979/2032/2032 468/2031/2031 467/2033/2033
f 979/2032/2032 467/2033/2033 978/2034/2034
f 978/2034/2034 467/2033/2033 466/2035/2035
f 978/2034/2034 466/2035/2035 977/2036/2036
f 977/2036/2036 466/2035/2035 465/2037/2037
f 977/2036/2036 465/2037/2037 976/2038/2038
f 976/2038/2038 465/2037/2037 464/2039/2039
f 976/2038/2038 464/2039/2039 975/2040/2040
f 975/2040/2040 464/2039/2039 463/2041/2041
f 975/2040/2040 463/2041/2041 974/2042/2042
f 974/2042/2042 463/2041/2041 462/2043/2043
f 974/2042/2042 462/2043/2043 973/2044/2044
f 973/2044/2044 462/2043/2043 461/2045/2045
f 973/2044/2044 461/2045/2045 972/2046/2046
f 972/2046/2046 461/2045/2045 460/2047/2047
f 972/2046/2046 460/2047/2047 971/2048/2048
f 971/2048/2048 460/2047/2047 459/2049/2049
f 971/2048/2048 459/2049/2049 970/2050/2050
f 970/2050/2050 459/2049/2049 458/2051/2051
f 970/2050/2050 458/2051/2051 969/2052/2052
f 969/2052/2052 458/2051/2051 457/2053/2053
f 969/2052/2052 457/2053/2053 968/2054/2054
f 968/2054/2054 457/2053/2053 456/2055/2055
f 968/2054/2054 456/2055/2055 967/2056/2056
f 967/2056/2056 456/2055/2055 455/2057/2057
f 967/2056/2056 455/2057/2057 966/2058/2058
f 966/2058/2058 455/2057/2057 454/2059/2059
f 966/2058/2058 454/2059/2059 965/2060/2060
f 965/2060/2060 454/2059/2059 453/2061/2061
f 965/2060/2060 453/2061/2061 964/2062/2062
f 964/2062/2062 453/2061/2061 452/2063/2063
f 964/2062/2062 452/2063/2063 963/2064/2064
f 963/2064/2064 452/2063/2063 451/2065/2065
f 963/2064/2064 451/2065/2065 962/2066/2066
f 962/2066/2066 451/2065/2065 450/2067/2067
f 962/2066/2066 450/2067/2067 961/2068/2068
f 961/2068/2068 450/2067/2067 449/2069/2069
f 961/2068/2068 449/2069/2069 960/2020/2022
f 960/2020/2022 449/2069/2069 448/2021/2023
f 1006/2070/2070 983/2071/2071 959/2072/2072
f 959/2072/2072 983/2071/2071 984/2073/2073
f 959/2072/2072 984/2073/2073 960/2074/2074
f 960/2074/2074 984/2073/2073 985/2075/2075
f 960/2074/2074 985/2075/2075 961/2076/2076
f 961/2076/2076 985/2075/2075 986/2077/2077
f 961/2076/2076 986/2077/2077 962/2078/2078
f 962/2078/2078 986/2077/2077 987/2079/2079
f 962/2078/2078 987/2079/2079 963/2080/2080
f 963/2080/2080 987/2079/2079 988/2081/2081
f 963/2080/2080 988/2081/2081 964/2082/2082
f 964/2082/2082 988/2081/2081 989/2083/2083
f 964/2082/2082 989/2083/2083 965/2084/2084
f 965/2084/2084 989/2083/2083 966/2085/2085
f 966/2085/2085 989/2083/2083 990/2086/2086
f 966/2085/2085 990/2086/2086 967/2087/2087
f 967/2087/2087 990/2086/2086 991/2088/2088
f 967/2087/2087 991/2088/2088 968/2089/2089
f 968/2089/2089 991/2088/2088 992/2090/2090
f 968/2089/2089 992/2090/2090 969/2091/2091
f 969/2091/2091 992/2090/2090 993/2092/2092
f 969/2091/2091 993/2092/2092 970/2093/2093
f 970/2093/2093 993/2092/2092 994/2094/2094
f 970/2093/2093 994/2094/2094 971/2095/2095
f 971/2095/2095 994/2094/2094 995/2096/2096
f 971/2095/2095 995/2096/2096 972/2097/2097
f 972/2097/2097 995/2096/2096 996/2098/2098
f 972/2097/2097 996/2098/2098 997/2099/2099
f 972/2097/2097 997/2099/2099 973/2100/2100
f 973/2100/2100 997/2099/2099 998/2101/2101
f 973/2100/2100 998/2101/2101 974/2102/2102
f 974/2102/2102 998/2101/2101 999/2103/2103
f 974/2102/2102 999/2103/2103 975/2104/2104
f 975/2104/2104 999/2103/2103 1000/2105/2105
f 975/2104/2104 1000/2105/2105 976/2106/2106
f 976/2106/2106 1000/2105/2105 1001/2107/2107
f 976/2106/2106 1001/2107/2107 977/2108/2108
f 977/2108/2108 1001/2107/2107 978/2109/2109
f 978/2109/2109 1001/2107/2107 1002/2110/2110
f 978/2109/2109 1002/2110/2110 979/2111/2111
f 979/2111/2111 1002/2110/2110 1003/2112/2112
f 979/2111/2111 1003/2112/2112 980/2113/2113
f 980/2113/2113 1003/2112/2112 1004/2114/2114
f 980/2113/2113 1004/2114/2114 981/2115/2115
f 981/2115/2115 1004/2114/2114 1005/2116/2116
f 981/2115/2115 1005/2116/2116 982/2117/2117
f 982/2117/2117 1005/2116/2116 1006/2070/2070
f 982/2117/2117 1006/2070/2070 959/2072/2072
f 1008/2118/2118 472/2119/2119 1007/2120/2120
f 1007/2120/2120 472/2119/2119 471/2121/2121
f 1007/2122/2120 471/2123/2121 1030/2124/2122
f 1030/2124/2122 471/2123/2121 494/2125/2123
f 1030/2124/2122 494/2125/2123 1029/2126/2124
f 1029/2126/2124 494/2125/2123 493/2127/2125
f 1029/2126/2124 493/2127/2125 1028/2128/2126
f 1028/2128/2126 493/2127/2125 492/2129/2127
f 1028/2128/2126 492/2129/2127 1027/2130/2128
f 1027/2130/2128 492/2129/2127 491/2131/2129
f 1027/2130/2128 491/2131/2129 1026/2132/2130
f 1026/2132/2130 491/2131/2129 490/2133/2131
f 1026/2132/2130 490/2133/2131 1025/2134/2132
f 1025/2134/2132 490/2133/2131 489/2135/2133
f 1025/2134/2132 489/2135/2133 1024/2136/2134
f 1024/2136/2134 489/2135/2133 488/2137/2135
f 1024/2136/2134 488/2137/2135 1023/2138/2136
f 1023/2138/2136 488/2137/2135 487/2139/2137
f 1023/2138/2136 487/2139/2137 1022/2140/2138
f 1022/2140/2138 487/2139/2137 486/2141/2139
f 1022/2140/2138 486/2141/2139 1021/2142/2140
f 1021/2142/2140 486/2141/2139 485/2143/2141
f 1021/2142/2140 485/2143/2141 1020/2144/2142
f 1020/2144/2142 485/2143/2141 484/2145/2143
f 1020/2144/2142 484/2145/2143 1019/2146/2144
f 1019/2146/2144 484/2145/2143 483/2147/2145
f 1019/2146/2144 483/2147/2145 1018/2148/2146
f 1018/2148/2146 483/2147/2145 482/2149/2147
f 1018/2148/2146 482/2149/2147 1017/2150/2148
f 1017/2150/2148 482/2149/2147 481/2151/2149
f 1017/2150/2148 481/2151/2149 1016/2152/2150
f 1016/2152/2150 481/2151/2149 480/2153/2151
f 1016/2152/2150 480/2153/2151 1015/2154/2152
f 1015/2154/2152 480/2153/2151 479/2155/2153
f 1015/2154/2152 479/2155/2153 1014/2156/2154
f 1014/2156/2154 479/2155/2153 478/2157/2155
f 1014/2156/2154 478/2157/2155 1013/2158/2156
f 1013/2158/2156 478/2157/2155 477/2159/2157
f 1013/2158/2156 477/2159/2157 1012/2160/2158
f 1012/2160/2158 477/2159/2157 476/2161/2159
f 1012/2160/2158 476/2161/2159 1011/2162/2160
f 1011/2162/2160 476/2161/2159 475/2163/2161
f 1011/2162/2160 475/2163/2161 1010/2164/2162
f 1010/2164/2162 475/2163/2161 474/2165/2163
f 1010/2164/2162 474/2165/2163 1009/2166/2164
f 1009/2166/2164 474/2165/2163 473/2167/2165
f 1009/2166/2164 473/2167/2165 1008/2118/2118
f 1008/2118/2118 473/2167/2165 472/2119/2119
f 1054/2168/2166 1031/2169/2167 1007/2170/2168
f 1007/2170/2168 1031/2169/2167 1032/2171/2169
f 1007/2170/2168 1032/2171/2169 1008/2172/2170
f 1008/2172/2170 1032/2171/2169 1033/2173/2171
f 1008/2172/2170 1033/2173/2171 1009/2174/2172
f 1009/2174/2172 1033/2173/2171 1034/2175/2173
f 1009/2174/2172 1034/2175/2173 1010/2176/2174
f 1010/2176/2174 1034/2175/2173 1035/2177/2175
f 1010/2176/2174 1035/2177/2175 1011/2178/2176
f 1011/2178/2176 1035/2177/2175 1036/2179/2177
f 1011/2178/2176 1036/2179/2177 1012/2180/2178
f 1012/2180/2178 1036/2179/2177 1037/2181/2179
f 1012/2180/2178 1037/2181/2179 1013/2182/2180
f 1013/2182/2180 1037/2181/2179 1014/2183/2181
f 1014/2183/2181 1037/2181/2179 1038/2184/2182
f 1014/2183/2181 1038/2184/2182 1015/2185/2183
f 1015/2185/2183 1038/2184/2182 1039/2186/2184
f 1015/2185/2183 1039/2186/2184 1016/2187/2185
f 1016/2187/2185 1039/2186/2184 1040/2188/2186
f 1016/2187/2185 1040/2188/2186 1017/2189/2187
f 1017/2189/2187 1040/2188/2186 1041/2190/2188
f 1017/2189/2187 1041/2190/2188 1018/2191/2189
f 1018/2191/2189 1041/2190/2188 1042/2192/2190
f 1018/2191/2189 1042/2192/2190 1019/2193/2191
f 1019/2193/2191 1042/2192/2190 1043/2194/2192
f 1019/2193/2191 1043/2194/2192 1020/2195/2193
f 1020/2195/2193 1043/2194/2192 1044/2196/2194
f 1020/2195/2193 1044/2196/2194 1045/2197/2195
f 1020/2195/2193 1045/2197/2195 1021/2198/2196
f 1021/2198/2196 1045/2197/2195 1046/2199/2197
f 1021/2198/2196 1046/2199/2197 1022/2200/2198
f 1022/2200/2198 1046/2199/2197 1047/2201/2199
f 1022/2200/2198 1047/2201/2199 1023/2202/2200
f 1023/2202/2200 1047/2201/2199 1048/2203/2201
f 1023/2202/2200 1048/2203/2201 1024/2204/2202
f 1024/2204/2202 1048/2203/2201 1049/2205/2203
f 1024/2204/2202 1049/2205/2203 1025/2206/2204
f 1025/2206/2204 1049/2205/2203 1026/2207/2205
f 1026/2207/2205 1049/2205/2203 1050/2208/2206
f 1026/2207/2205 1050/2208/2206 1027/2209/2207
f 1027/2209/2207 1050/2208/2206 1051/2210/2208
f 1027/2209/2207 1051/2210/2208 1028/2211/2209
f 1028/2211/2209 1051/2210/2208 1052/2212/2210
f 1028/2211/2209 1052/2212/2210 1029/2213/2211
f 1029/2213/2211 1052/2212/2210 1053/2214/2212
f 1029/2213/2211 1053/2214/2212 1030/2215/2213
f 1030/2215/2213 1053/2214/2212 1054/2168/2166
f 1030/2215/2213 1054/2168/2166 1007/2170/2168
f 1056/2216/2214 496/2217/2215 1055/2218/2216
f 1055/2218/2216 496/2217/2215 495/2219/2217
f 1055/2220/2216 495/2221/2217 1078/2222/2218
f 1078/2222/2218 495/2221/2217 518/2223/2219
f 1078/2222/2218 518/2223/2219 1077/2224/2220
f 1077/2224/2220 518/2223/2219 517/2225/2221
f 1077/2224/2220 517/2225/2221 1076/2226/2222
f 1076/2226/2222 517/2225/2221 516/2227/2223
f 1076/2226/2222 516/2227/2223 1075/2228/2224
f 1075/2228/2224 516/2227/2223 515/2229/2225
f 1075/2228/2224 515/2229/2225 1074/2230/2226
f 1074/2230/2226 515/2229/2225 514/2231/2227
f 1074/2230/2226 514/2231/2227 1073/2232/2228
f 1073/2232/2228 514/2231/2227 513/2233/2229
f 1073/2232/2228 513/2233/2229 1072/2234/2230
f 1072/2234/2230 513/2233/2229 512/2235/2231
f 1072/2234/2230 512/2235/2231 1071/2236/2232
f 1071/2236/2232 512/2235/2231 511/2237/2233
f 1071/2236/2232 511/2237/2233 1070/2238/2234
f 1070/2238/2234 511/2237/2233 510/2239/2235
f 1070/2238/2234 510/2239/2235 1069/2240/2236
f 1069/2240/2236 510/2239/2235 509/2241/2237
f 1069/2240/2236 509/2241/2237 1068/2242/2238
f 1068/2242/2238 509/2241/2237 508/2243/2239
f 1068/2242/2238 508/2243/2239 1067/2244/2240
f 1067/2244/2240 508/2243/2239 507/2245/2241
f 1067/2244/2240 507/2245/2241 1066/2246/2242
f 1066/2246/2242 507/2245/2241 506/2247/2243
f 1066/2246/2242 506/2247/2243 1065/2248/2244
f 1065/2248/2244 506/2247/2243 505/2249/2245
f 1065/2248/2244 505/2249/2245 1064/2250/2246
f 1064/2250/2246 505/2249/2245 504/2251/2247
f 1064/2250/2246 504/2251/2247 1063/2252/2248
f 1063/2252/2248 504/2251/2247 503/2253/2249
f 1063/2252/2248 503/2253/2249 1062/2254/2250
f 1062/2254/2250 503/2253/2249 502/2255/2251
f 1062/2254/2250 502/2255/2251 1061/2256/2252
f 1061/2256/2252 502/2255/2251 501/2257/2253
f 1061/2256/2252 501/2257/2253 1060/2258/2254
f 1060/2258/2254 501/2257/2253 500/2259/2255
f 1060/2258/2254 500/2259/2255 1059/2260/2256
f 1059/2260/2256 500/2259/2255 499/2261/2257
f 1059/2260/2256 499/2261/2257 1058/2262/2258
f 1058/2262/2258 499/2261/2257 498/2263/2259
f 1058/2262/2258 498/2263/2259 1057/2264/2260
f 1057/2264/2260 498/2263/2259 497/2265/2261
f 1057/2264/2260 497/2265/2261 1056/2216/2214
f 1056/2216/2214 497/2265/2261 496/2217/2215
f 1102/2266/2262 1079/2267/2263 1055/2268/2264
f 1055/2268/2264 1079/2267/2263 1080/2269/2265
f 1055/2268/2264 1080/2269/2265 1056/2270/2266
f 1056/2270/2266 1080/2269/2265 1081/2271/2267
f 1056/2270/2266 1081/2271/2267 1057/2272/2268
f 1057/2272/2268 1081/2271/2267 1082/2273/2269
f 1057/2272/2268 1082/2273/2269 1058/2274/2270
f 1058/2274/2270 1082/2273/2269 1083/2275/2271
f 1058/2274/2270 1083/2275/2271 1059/2276/2272
f 1059/2276/2272 1083/2275/2271 1084/2277/2273
f 1059/2276/2272 1084/2277/2273 1060/2278/2274
f 1060/2278/2274 1084/2277/2273 1085/2279/2275
f 1060/2278/2274 1085/2279/2275 1061/2280/2276
f 1061/2280/2276 1085/2279/2275 1062/2281/2277
f 1062/2281/2277 1085/2279/2275 1086/2282/2278
f 1062/2281/2277 1086/2282/2278 1063/2283/2279
f 1063/2283/2279 1086/2282/2278 1087/2284/2280
f 1063/2283/2279 1087/2284/2280 1064/2285/2281
f 1064/2285/2281 1087/2284/2280 1088/2286/2282
f 1064/2285/2281 1088/2286/2282 1065/2287/2283
f 1065/2287/2283 1088/2286/2282 1089/2288/2284
f 1065/2287/2283 1089/2288/2284 1066/2289/2285
f 1066/2289/2285 1089/2288/2284 1090/2290/2286
f 1066/2289/2285 1090/2290/2286 1067/2291/2287
f 1067/2291/2287 1090/2290/2286 1091/2292/2288
f 1067/2291/2287 1091/2292/2288 1068/2293/2289
f 1068/2293/2289 1091/2292/2288 1092/2294/2290
f 1068/2293/2289 1092/2294/2290 1093/2295/2291
f 1068/2293/2289 1093/2295/2291 1069/2296/2292
f 1069/2296/2292 1093/2295/2291 1094/2297/2293
f 1069/2296/2292 1094/2297/2293 1070/2298/2294
f 1070/2298/2294 1094/2297/2293 1095/2299/2295
f 1070/2298/2294 1095/2299/2295 1071/2300/2296
f 1071/2300/2296 1095/2299/2295 1096/2301/2297
f 1071/2300/2296 1096/2301/2297 1072/2302/2298
f 1072/2302/2298 1096/2301/2297 1097/2303/2299
f 1072/2302/2298 1097/2303/2299 1073/2304/2300
f 1073/2304/2300 1097/2303/2299 1074/2305/2301
f 1074/2305/2301 1097/2303/2299 1098/2306/2302
f 1074/2305/2301 1098/2306/2302 1075/2307/2303
f 1075/2307/2303 1098/2306/2302 1099/2308/2304
f 1075/2307/2303 1099/2308/2304 1076/2309/2305
f 1076/2309/2305 1099/2308/2304 1100/2310/2306
f 1076/2309/2305 1100/2310/2306 1077/2311/2307
f 1077/2311/2307 1100/2310/2306 1101/2312/2308
f 1077/2311/2307 1101/2312/2308 1078/2313/2309
f 1078/2313/2309 1101/2312/2308 1102/2266/2262
f 1078/2313/2309 1102/2266/2262 1055/2268/2264
f 1104/2314/2310 520/2315/2311 1103/2316/2312
f 1103/2316/2312 520/2315/2311 519/2317/2313
f 1103/2318/2312 519/2319/2313 1126/2320/2314
f 1126/2320/2314 519/2319/2313 542/2321/2315
f 1126/2320/2314 542/2321/2315 1125/2322/2316
f 1125/2322/2316 542/2321/2315 541/2323/2317
f 1125/2322/2316 541/2323/2317 1124/2324/2318
f 1124/2324/2318 541/2323/2317 540/2325/2319
f 1124/2324/2318 540/2325/2319 1123/2326/2320
f 1123/2326/2320 540/2325/2319 539/2327/2321
f 1123/2326/2320 539/2327/2321 1122/2328/2322
f 1122/2328/2322 539/2327/2321 538/2329/2323
f 1122/2328/2322 538/2329/2323 1121/2330/2324
f 1121/2330/2324 538/2329/2323 537/2331/2325
f 1121/2330/2324 537/2331/2325 1120/2332/2326
f 1120/2332/2326 537/2331/2325 536/2333/2327
f 1120/2332/2326 536/2333/2327 1119/2334/2328
f 1119/2334/2328 536/2333/2327 535/2335/2329
f 1119/2334/2328 535/2335/2329 1118/2336/2330
f 1118/2336/2330 535/2335/2329 534/2337/2331
f 1118/2336/2330 534/2337/2331 1117/2338/2332
f 1117/2338/2332 534/2337/2331 533/2339/2333
f 1117/2338/2332 533/2339/2333 1116/2340/2334
f 1116/2340/2334 533/2339/2333 532/2341/2335
f 1116/2340/2334 532/2341/2335 1115/2342/2336
f 1115/2342/2336 532/2341/2335 531/2343/2337
f 1115/2342/2336 531/2343/2337 1114/2344/2338
f 1114/2344/2338 531/2343/2337 530/2345/2339
f 1114/2344/2338 530/2345/2339 1113/2346/2340
f 1113/2346/2340 530/2345/2339 529/2347/2341
f 1113/2346/2340 529/2347/2341 1112/2348/2342
f 1112/2348/2342 529/2347/2341 528/2349/2343
f 1112/2348/2342 528/2349/2343 1111/2350/2344
f 1111/2350/2344 528/2349/2343 527/2351/2345
f 1111/2350/2344 527/2351/2345 1110/2352/2346
f 1110/2352/2346 527/2351/2345 526/2353/2347
f 1110/2352/2346 526/2353/2347 1109/2354/2348
f 1109/2354/2348 526/2353/2347 525/2355/2349
f 1109/2354/2348 525/2355/2349 1108/2356/2350
f 1108/2356/2350 525/2355/2349 524/2357/2351
f 1108/2356/2350 524/2357/2351 1107/2358/2352
f 1107/2358/2352 524/2357/2351 523/2359/2353
f 1107/2358/2352 523/2359/2353 1106/2360/2354
f 1106/2360/2354 523/2359/2353 522/2361/2355
f 1106/2360/2354 522/2361/2355 1105/2362/2356
f 1105/2362/2356 522/2361/2355 521/2363/2357
f 1105/2362/2356 521/2363/2357 1104/2314/2310
f 1104/2314/2310 521/2363/2357 520/2315/2311
f 1150/2364/2358 1127/2365/2359 1103/2366/2360
f 1103/2366/2360 1127/2365/2359 1128/2367/2361
f 1103/2366/2360 1128/2367/2361 1104/2368/2362
f 1104/2368/2362 1128/2367/2361 1129/2369/2363
f 1104/2368/2362 1129/2369/2363 1105/2370/2364
f 1105/2370/2364 1129/2369/2363 1130/2371/2365
f 1105/2370/2364 1130/2371/2365 1106/2372/2366
f 1106/2372/2366 1130/2371/2365 1131/2373/2367
f 1106/2372/2366 1131/2373/2367 1107/2374/2368
f 1107/2374/2368 1131/2373/2367 1132/2375/2369
f 1107/2374/2368 1132/2375/2369 1108/2376/2370
f 1108/2376/2370 1132/2375/2369 1133/2377/2371
f 1108/2376/2370 1133/2377/2371 1109/2378/2372
f 1109/2378/2372 1133/2377/2371 1110/2379/2373
f 1110/2379/2373 1133/2377/2371 1134/2380/2374
f 1110/2379/2373 1134/2380/2374 1111/2381/2375
f 1111/2381/2375 1134/2380/2374 1135/2382/2376
f 1111/2381/2375 1135/2382/2376 1112/2383/2377
f 1112/2383/2377 1135/2382/2376 1136/2384/2378
f 1112/2383/2377 1136/2384/2378 1113/2385/2379
f 1113/2385/2379 1136/2384/2378 1137/2386/2380
f 1113/2385/2379 1137/2386/2380 1114/2387/2381
f 1114/2387/2381 1137/2386/2380 1138/2388/2382
f 1114/2387/2381 1138/2388/2382 1115/2389/2383
f 1115/2389/2383 1138/2388/2382 1139/2390/2384
f 1115/2389/2383 1139/2390/2384 1116/2391/2385
f 1116/2391/2385 1139/2390/2384 1140/2392/2386
f 1116/2391/2385 1140/2392/2386 1141/2393/2387
f 1116/2391/2385 1141/2393/2387 1117/2394/2388
f 1117/2394/2388 1141/2393/2387 1142/2395/2389
f 1117/2394/2388 1142/2395/2389 1118/2396/2390
f 1118/2396/2390 1142/2395/2389 1143/2397/2391
f 1118/2396/2390 1143/2397/2391 1119/2398/2392
f 1119/2398/2392 1143/2397/2391 1144/2399/2393
f 1119/2398/2392 1144/2399/2393 1120/2400/2394
f 1120/2400/2394 1144/2399/2393 1145/2401/2395
f 1120/2400/2394 1145/2401/2395 1121/2402/2396
f 1121/2402/2396 1145/2401/2395 1122/2403/2397
f 1122/2403/2397 1145/2401/2395 1146/2404/2398
f 1122/2403/2397 1146/2404/2398 1123/2405/2399
f 1123/2405/2399 1146/2404/2398 1147/2406/2400
f 1123/2405/2399 1147/2406/2400 1124/2407/2401
f 1124/2407/2401 1147/2406/2400 1148/2408/2402
f 1124/2407/2401 1148/2408/2402 1125/2409/2403
f 1125/2409/2403 1148/2408/2402 1149/2410/2404
f 1125/2409/2403 1149/2410/2404 1126/2411/2405
f 1126/2411/2405 1149/2410/2404 1150/2364/2358
f 1126/2411/2405 1150/2364/2358 1103/2366/2360
f 568/2412/2406 567/2413/2407 1151/2414/2408
f 1151/2414/2408 567/2413/2407 1152/2415/2409
f 559/2416/2410 558/2417/2411 1153/2418/2412
f 1153/2418/2412 558/2417/2411 1154/2419/2413
f 1155/2420/2414 1156/2421/2415 579/2422/2416
f 579/2422/2416 1156/2421/2415 580/2423/2417
f 550/2424/2418 549/2425/2419 1157/2426/2420
f 1157/2426/2420 549/2425/2419 1158/2427/2421
f 1158/2428/2422 549/2429/2423 1163/2430/2424
f 1163/2430/2424 549/2429/2423 548/2431/2425
f 1163/2430/2424 548/2431/2425 1162/2432/2426
f 1162/2432/2426 548/2431/2425 547/2433/2427
f 1162/2432/2426 547/2433/2427 1161/2434/2428
f 1161/2434/2428 547/2433/2427 546/2435/2429
f 1161/2434/2428 546/2435/2429 1160/2436/2430
f 1160/2436/2430 546/2435/2429 545/2437/2431
f 1160/2436/2430 545/2437/2431 1159/2438/2432
f 1164/2439/2433 1165/2440/2434 543/2441/2435
f 543/2441/2435 1165/2440/2434 544/2442/2436
f 544/2443/2437 1165/2444/2438 545/2445/2439
f 545/2445/2439 1165/2444/2438 1159/2446/2440
f 1166/2447/2441 1167/2448/2442 581/2449/2443
f 581/2449/2443 1167/2448/2442 582/2450/2444
f 582/2450/2444 1167/2448/2442 1168/2451/2445
f 582/2450/2444 1168/2451/2445 583/2452/2446
f 583/2452/2446 1168/2451/2445 1169/2453/2447
f 583/2452/2446 1169/2453/2447 584/2454/2448
f 584/2454/2448 1169/2453/2447 1170/2455/2449
f 584/2454/2448 1170/2455/2449 543/2456/2450
f 543/2456/2450 1170/2455/2449 1164/2457/2451
f 1156/2458/2452 1166/2459/2453 580/2460/2454
f 580/2460/2454 1166/2459/2453 581/2461/2455
f 1171/2462/2456 1172/2463/2457 1157/2464/2458
f 1157/2464/2458 1172/2463/2457 550/2465/2459
f 550/2465/2459 1172/2463/2457 551/2466/2460
f 1154/2467/2461 558/2468/2462 1180/2469/2463
f 1180/2469/2463 558/2468/2462 557/2470/2464
f 1180/2469/2463 557/2470/2464 1179/2471/2465
f 1179/2471/2465 557/2470/2464 556/2472/2466
f 1179/2471/2465 556/2472/2466 1178/2473/2467
f 1178/2473/2467 556/2472/2466 555/2474/2468
f 1178/2473/2467 555/2474/2468 1177/2475/2469
f 1177/2475/2469 555/2474/2468 1176/2476/2470
f 1176/2476/2470 555/2474/2468 554/2477/2471
f 1176/2476/2470 554/2477/2471 1175/2478/2472
f 1175/2478/2472 554/2477/2471 553/2479/2473
f 1175/2478/2472 553/2479/2473 1174/2480/2474
f 1174/2480/2474 553/2479/2473 552/2481/2475
f 1174/2480/2474 552/2481/2475 1173/2482/2476
f 1173/2482/2476 552/2481/2475 1172/2483/2477
f 1173/2482/2476 1172/2483/2477 1171/2484/2478
f 552/2481/2475 551/2485/2479 1172/2483/2477
f 1181/2486/2480 1182/2487/2481 575/2488/2482
f 575/2488/2482 1182/2487/2481 576/2489/2483
f 576/2489/2483 1182/2487/2481 1183/2490/2484
f 576/2489/2483 1183/2490/2484 577/2491/2485
f 577/2491/2485 1183/2490/2484 1184/2492/2486
f 577/2491/2485 1184/2492/2486 578/2493/2487
f 578/2493/2487 1184/2492/2486 1185/2494/2488
f 578/2493/2487 1185/2494/2488 579/2495/2489
f 579/2495/2489 1185/2494/2488 1155/2496/2490
f 1186/2497/2491 1187/2498/2492 1153/2499/2493
f 1153/2499/2493 1187/2498/2492 559/2500/2494
f 559/2500/2494 1187/2498/2492 560/2501/2495
f 1152/2502/2496 567/2503/2497 1195/2504/2498
f 1195/2504/2498 567/2503/2497 566/2505/2499
f 1195/2504/2498 566/2505/2499 1194/2506/2500
f 1194/2506/2500 566/2505/2499 565/2507/2501
f 1194/2506/2500 565/2507/2501 1193/2508/2502
f 1193/2508/2502 565/2507/2501 564/2509/2503
f 1193/2508/2502 564/2509/2503 1192/2510/2504
f 1192/2510/2504 564/2509/2503 1191/2511/2505
f 1191/2511/2505 564/2509/2503 563/2512/2506
f 1191/2511/2505 563/2512/2506 1190/2513/2507
f 1190/2513/2507 563/2512/2506 562/2514/2508
f 1190/2513/2507 562/2514/2508 1189/2515/2509
f 1189/2515/2509 562/2514/2508 561/2516/2510
f 1189/2515/2509 561/2516/2510 1188/2517/2511
f 1188/2517/2511 561/2516/2510 1187/2518/2512
f 1188/2517/2511 1187/2518/2512 1186/2519/2513
f 561/2516/2510 560/2520/2514 1187/2518/2512
f 1196/2521/2515 1181/2522/2516 574/2523/2517
f 574/2523/2517 1181/2522/2516 575/2524/2518
f 1196/2525/2519 574/2526/2520 1197/2527/2521
f 1197/2527/2521 574/2526/2520 573/2528/2522
f 1198/2529/2523 1199/2530/2524 1151/2531/2525
f 1151/2531/2525 1199/2530/2524 568/2532/2526
f 568/2532/2526 1199/2530/2524 569/2533/2527
f 1197/2534/2528 573/2535/2529 1203/2536/2530
f 1203/2536/2530 573/2535/2529 572/2537/2531
f 1203/2536/2530 572/2537/2531 1202/2538/2532
f 1202/2538/2532 572/2537/2531 571/2539/2533
f 1202/2538/2532 571/2539/2533 1201/2540/2534
f 1201/2540/2534 571/2539/2533 570/2541/2535
f 1201/2540/2534 570/2541/2535 1200/2542/2536
f 1200/2542/2536 570/2541/2535 1199/2543/2537
f 1200/2542/2536 1199/2543/2537 1198/2544/2538
f 570/2541/2535 569/2545/2539 1199/2543/2537
f 946/2546/2540 945/2547/2541 949/2548/2542
f 81/2549/2543 78/2550/2544 1157/2551/2545
f 1157/2551/2545 78/2550/2544 77/2552/2546
f 1157/2551/2545 77/2552/2546 1171/2553/2547
f 1171/2553/2547 77/2552/2546 1204/2554/2548
f 1171/2553/2547 1204/2554/2548 1205/2555/2549
f 1171/2553/2547 1205/2555/2549 1173/2556/2550
f 1173/2556/2550 1205/2555/2549 1206/2557/2551
f 1173/2556/2550 1206/2557/2551 1174/2558/2552
f 1174/2558/2552 1206/2557/2551 1175/2559/2553
f 1175/2559/2553 1206/2557/2551 1207/2560/2554
f 1175/2559/2553 1207/2560/2554 1176/2561/2555
f 1176/2561/2555 1207/2560/2554 1208/2562/2556
f 1176/2561/2555 1208/2562/2556 1177/2563/2557
f 1177/2563/2557 1208/2562/2556 1209/2564/2558
f 1177/2563/2557 1209/2564/2558 1178/2565/2559
f 1178/2565/2559 1209/2564/2558 1210/2566/2560
f 1178/2565/2559 1210/2566/2560 1179/2567/2561
f 1179/2567/2561 1210/2566/2560 1180/2568/2562
f 1180/2568/2562 1210/2566/2560 1211/2569/2563
f 1180/2568/2562 1211/2569/2563 1154/2570/2564
f 1154/2570/2564 1211/2569/2563 1212/2571/2565
f 1154/2570/2564 1212/2571/2565 1153/2572/2566
f 1153/2572/2566 1212/2571/2565 8/2573/2567
f 1153/2572/2566 8/2573/2567 7/2574/2568
f 1153/2572/2566 7/2574/2568 1186/2575/2569
f 1186/2575/2569 7/2574/2568 1213/2576/2570
f 1186/2575/2569 1213/2576/2570 1188/2577/2571
f 1188/2577/2571 1213/2576/2570 1214/2578/2572
f 1188/2577/2571 1214/2578/2572 1189/2579/2573
f 1189/2579/2573 1214/2578/2572 1190/2580/2574
f 1190/2580/2574 1214/2578/2572 1215/2581/2575
f 1190/2580/2574 1215/2581/2575 1191/2582/2576
f 1191/2582/2576 1215/2581/2575 1216/2583/2577
f 1191/2582/2576 1216/2583/2577 1192/2584/2578
f 1192/2584/2578 1216/2583/2577 1217/2585/2579
f 1192/2584/2578 1217/2585/2579 1193/2586/2580
f 1193/2586/2580 1217/2585/2579 1218/2587/2581
f 1193/2586/2580 1218/2587/2581 1194/2588/2582
f 1194/2588/2582 1218/2587/2581 1195/2589/2583
f 1195/2589/2583 1218/2587/2581 1219/2590/2584
f 1195/2589/2583 1219/2590/2584 1152/2591/2585
f 1152/2591/2585 1219/2590/2584 1220/2592/2586
f 1152/2591/2585 1220/2592/2586 1151/2593/2587
f 1151/2593/2587 1220/2592/2586 1221/2594/2588
f 1151/2593/2587 1221/2594/2588 1198/2595/2589
f 1198/2595/2589 1221/2594/2588 104/2596/2590
f 1198/2595/2589 104/2596/2590 103/2597/2591
f 1198/2595/2589 103/2597/2591 1200/2598/2592
f 1200/2598/2592 103/2597/2591 102/2599/2593
f 1200/2598/2592 102/2599/2593 1201/2600/2594
f 1201/2600/2594 102/2599/2593 101/2601/2595
f 1201/2600/2594 101/2601/2595 1202/2602/2596
f 1202/2602/2596 101/2601/2595 1203/2603/2597
f 1203/2603/2597 101/2601/2595 100/2604/2598
f 1203/2603/2597 100/2604/2598 110/2605/2599
f 1222/2606/2600 1196/2607/2601 110/2605/2599
f 110/2605/2599 1196/2607/2601 1197/2608/2602
f 110/2605/2599 1197/2608/2602 1203/2603/2597
f 1196/2607/2601 1222/2606/2600 1181/2609/2603
f 1181/2609/2603 1222/2606/2600 1223/2610/2604
f 1181/2609/2603 1223/2610/2604 1182/2611/2605
f 1182/2611/2605 1223/2610/2604 1224/2612/2606
f 1182/2611/2605 1224/2612/2606 1183/2613/2607
f 1183/2613/2607 1224/2612/2606 1225/2614/2608
f 1183/2613/2607 1225/2614/2608 1184/2615/2609
f 1184/2615/2609 1225/2614/2608 1185/2616/2610
f 1185/2616/2610 1225/2614/2608 1226/2617/2611
f 1185/2616/2610 1226/2617/2611 1155/2618/2612
f 1155/2618/2612 1226/2617/2611 1227/2619/2613
f 1155/2618/2612 1227/2619/2613 1156/2620/2614
f 1156/2620/2614 1227/2619/2613 1166/2621/2615
f 1166/2621/2615 1227/2619/2613 1228/2622/2616
f 1166/2621/2615 1228/2622/2616 1167/2623/2617
f 1167/2623/2617 1228/2622/2616 1229/2624/2618
f 1167/2623/2617 1229/2624/2618 1168/2625/2619
f 1168/2625/2619 1229/2624/2618 1230/2626/2620
f 1168/2625/2619 1230/2626/2620 1169/2627/2621
f 1169/2627/2621 1230/2626/2620 1170/2628/2622
f 1170/2628/2622 1230/2626/2620 1231/2629/2623
f 1170/2628/2622 1231/2629/2623 1164/2630/2624
f 1164/2630/2624 1231/2629/2623 1165/2631/2625
f 1165/2631/2625 1231/2629/2623 1232/2632/2626
f 1165/2631/2625 1232/2632/2626 1233/2633/2627
f 1165/2631/2625 1233/2633/2627 1159/2634/2628
f 1159/2634/2628 1233/2633/2627 85/2635/2629
f 1159/2634/2628 85/2635/2629 1160/2636/2630
f 1160/2636/2630 85/2635/2629 84/2637/2631
f 1160/2636/2630 84/2637/2631 1161/2638/2632
f 1161/2638/2632 84/2637/2631 83/2639/2633
f 1161/2638/2632 83/2639/2633 1162/2640/2634
f 1162/2640/2634 83/2639/2633 1163/2641/2635
f 1163/2641/2635 83/2639/2633 82/2642/2636
f 1163/2641/2635 82/2642/2636 1158/2643/2637
f 1158/2643/2637 82/2642/2636 81/2549/2543
f 1158/2643/2637 81/2549/2543 1157/2551/2545
f 1241/2644/2638 1211/2645/2639 1240/2646/2640
f 1240/2646/2640 1211/2645/2639 1210/2647/2641
f 1240/2646/2640 1210/2647/2641 1239/2648/2642
f 1239/2648/2642 1210/2647/2641 1209/2649/2643
f 1239/2648/2642 1209/2649/2643 1238/2650/2644
f 1238/2650/2644 1209/2649/2643 1208/2651/2645
f 1238/2650/2644 1208/2651/2645 1237/2652/2646
f 1237/2652/2646 1208/2651/2645 1207/2653/2647
f 1237/2652/2646 1207/2653/2647 1236/2654/2648
f 1236/2654/2648 1207/2653/2647 1206/2655/2649
f 1236/2654/2648 1206/2655/2649 1235/2656/2650
f 1235/2656/2650 1206/2655/2649 1205/2657/2651
f 1235/2656/2650 1205/2657/2651 1234/2658/2652
f 1234/2658/2652 1205/2657/2651 1204/2659/2653
f 1204/2660/2654 77/2661/2655 1234/2662/2656
f 1234/2662/2656 77/2661/2655 80/2663/2657
f 1054/2664/2658 1265/2665/2659 1031/2666/2660
f 1031/2666/2660 1265/2665/2659 1242/2667/2661
f 1031/2668/2660 1242/2669/2661 1032/2670/2662
f 1032/2670/2662 1242/2669/2661 1243/2671/2663
f 1032/2670/2662 1243/2671/2663 1033/2672/2664
f 1033/2672/2664 1243/2671/2663 1244/2673/2665
f 1033/2672/2664 1244/2673/2665 1034/2674/2666
f 1034/2674/2666 1244/2673/2665 1245/2675/2667
f 1034/2674/2666 1245/2675/2667 1035/2676/2668
f 1035/2676/2668 1245/2675/2667 1246/2677/2669
f 1035/2676/2668 1246/2677/2669 1036/2678/2670
f 1036/2678/2670 1246/2677/2669 1247/2679/2671
f 1036/2678/2670 1247/2679/2671 1037/2680/2672
f 1037/2680/2672 1247/2679/2671 1248/2681/2673
f 1037/2680/2672 1248/2681/2673 1038/2682/2674
f 1038/2682/2674 1248/2681/2673 1249/2683/2675
f 1038/2682/2674 1249/2683/2675 1039/2684/2676
f 1039/2684/2676 1249/2683/2675 1250/2685/2677
f 1039/2684/2676 1250/2685/2677 1040/2686/2678
f 1040/2686/2678 1250/2685/2677 1251/2687/2679
f 1040/2686/2678 1251/2687/2679 1041/2688/2680
f 1041/2688/2680 1251/2687/2679 1252/2689/2681
f 1041/2688/2680 1252/2689/2681 1042/2690/2682
f 1042/2690/2682 1252/2689/2681 1253/2691/2683
f 1042/2690/2682 1253/2691/2683 1043/2692/2684
f 1043/2692/2684 1253/2691/2683 1254/2693/2685
f 1043/2692/2684 1254/2693/2685 1044/2694/2686
f 1044/2694/2686 1254/2693/2685 1255/2695/2687
f 1044/2694/2686 1255/2695/2687 1045/2696/2688
f 1045/2696/2688 1255/2695/2687 1256/2697/2689
f 1045/2696/2688 1256/2697/2689 1046/2698/2690
f 1046/2698/2690 1256/2697/2689 1257/2699/2691
f 1046/2698/2690 1257/2699/2691 1047/2700/2692
f 1047/2700/2692 1257/2699/2691 1258/2701/2693
f 1047/2700/2692 1258/2701/2693 1048/2702/2694
f 1048/2702/2694 1258/2701/2693 1259/2703/2695
f 1048/2702/2694 1259/2703/2695 1049/2704/2696
f 1049/2704/2696 1259/2703/2695 1260/2705/2697
f 1049/2704/2696 1260/2705/2697 1050/2706/2698
f 1050/2706/2698 1260/2705/2697 1261/2707/2699
f 1050/2706/2698 1261/2707/2699 1051/2708/2700
f 1051/2708/2700 1261/2707/2699 1262/2709/2701
f 1051/2708/2700 1262/2709/2701 1052/2710/2702
f 1052/2710/2702 1262/2709/2701 1263/2711/2703
f 1052/2710/2702 1263/2711/2703 1053/2712/2704
f 1053/2712/2704 1263/2711/2703 1264/2713/2705
f 1053/2712/2704 1264/2713/2705 1054/2664/2658
f 1054/2664/2658 1264/2713/2705 1265/2665/2659
f 46/2714/2706 1266/2715/2707 47/2716/2708
f 47/2716/2708 1266/2715/2707 1267/2717/2709
f 47/2716/2708 1267/2717/2709 48/2718/2710
f 48/2718/2710 1267/2717/2709 1268/2719/2711
f 48/2718/2710 1268/2719/2711 49/2720/2712
f 49/2720/2712 1268/2719/2711 1269/2721/2713
f 49/2720/2712 1269/2721/2713 50/2722/2714
f 50/2722/2714 1269/2721/2713 1270/2723/2715
f 50/2722/2714 1270/2723/2715 51/2724/2716
f 51/2724/2716 1270/2723/2715 1271/2725/2717
f 51/2724/2716 1271/2725/2717 52/2726/2718
f 52/2726/2718 1271/2725/2717 1272/2727/2719
f 52/2726/2718 1272/2727/2719 53/2728/2720
f 53/2728/2720 1272/2727/2719 1273/2729/2721
f 53/2728/2720 1273/2729/2721 54/2730/130
f 54/2730/130 1273/2729/2721 99/2731/132
f 9/2732/2722 1266/2733/2707 8/2734/2723
f 8/2734/2723 1266/2733/2707 46/2735/2706
f 8/2734/2723 46/2735/2706 15/2736/2724
f 8/2737/2725 1212/2738/2726 9/2739/2727
f 9/2739/2727 1212/2738/2726 1274/2740/2728
f 1212/2741/2729 1211/2742/2730 1274/2743/2731
f 1274/2743/2731 1211/2742/2730 1241/2744/2732
f 1282/2745/2733 1220/2746/2734 1281/2747/2735
f 1281/2747/2735 1220/2746/2734 1219/2748/2736
f 1281/2747/2735 1219/2748/2736 1280/2749/2737
f 1280/2749/2737 1219/2748/2736 1218/2750/2738
f 1280/2749/2737 1218/2750/2738 1279/2751/2739
f 1279/2751/2739 1218/2750/2738 1217/2752/2740
f 1279/2751/2739 1217/2752/2740 1278/2753/2741
f 1278/2753/2741 1217/2752/2740 1216/2754/2742
f 1278/2753/2741 1216/2754/2742 1277/2755/2743
f 1277/2755/2743 1216/2754/2742 1215/2756/2744
f 1277/2755/2743 1215/2756/2744 1276/2757/2745
f 1276/2757/2745 1215/2756/2744 1214/2758/2746
f 1276/2757/2745 1214/2758/2746 1275/2759/2747
f 1275/2759/2747 1214/2758/2746 1213/2760/2748
f 1213/2761/2749 7/2762/2750 1275/2763/2751
f 1275/2763/2751 7/2762/2750 10/2764/2752
f 14/2765/2753 45/2766/2754 11/2767/2755
f 11/2767/2755 45/2766/2754 1283/2768/2756
f 1150/2769/2757 1307/2770/2758 1127/2771/2759
f 1127/2771/2759 1307/2770/2758 1284/2772/2760
f 1127/2773/2759 1284/2774/2760 1128/2775/2761
f 1128/2775/2761 1284/2774/2760 1285/2776/2762
f 1128/2775/2761 1285/2776/2762 1129/2777/2763
f 1129/2777/2763 1285/2776/2762 1286/2778/2764
f 1129/2777/2763 1286/2778/2764 1130/2779/2765
f 1130/2779/2765 1286/2778/2764 1287/2780/2766
f 1130/2779/2765 1287/2780/2766 1131/2781/2767
f 1131/2781/2767 1287/2780/2766 1288/2782/2768
f 1131/2781/2767 1288/2782/2768 1132/2783/2769
f 1132/2783/2769 1288/2782/2768 1289/2784/2770
f 1132/2783/2769 1289/2784/2770 1133/2785/2771
f 1133/2785/2771 1289/2784/2770 1290/2786/2772
f 1133/2785/2771 1290/2786/2772 1134/2787/2773
f 1134/2787/2773 1290/2786/2772 1291/2788/2774
f 1134/2787/2773 1291/2788/2774 1135/2789/2775
f 1135/2789/2775 1291/2788/2774 1292/2790/2776
f 1135/2789/2775 1292/2790/2776 1136/2791/2777
f 1136/2791/2777 1292/2790/2776 1293/2792/2778
f 1136/2791/2777 1293/2792/2778 1137/2793/2779
f 1137/2793/2779 1293/2792/2778 1294/2794/2780
f 1137/2793/2779 1294/2794/2780 1138/2795/2781
f 1138/2795/2781 1294/2794/2780 1295/2796/2782
f 1138/2795/2781 1295/2796/2782 1139/2797/2783
f 1139/2797/2783 1295/2796/2782 1296/2798/2784
f 1139/2797/2783 1296/2798/2784 1140/2799/2785
f 1140/2799/2785 1296/2798/2784 1297/2800/2786
f 1140/2799/2785 1297/2800/2786 1141/2801/2787
f 1141/2801/2787 1297/2800/2786 1298/2802/2788
f 1141/2801/2787 1298/2802/2788 1142/2803/2789
f 1142/2803/2789 1298/2802/2788 1299/2804/2790
f 1142/2803/2789 1299/2804/2790 1143/2805/2791
f 1143/2805/2791 1299/2804/2790 1300/2806/2792
f 1143/2805/2791 1300/2806/2792 1144/2807/2793
f 1144/2807/2793 1300/2806/2792 1301/2808/2794
f 1144/2807/2793 1301/2808/2794 1145/2809/2795
f 1145/2809/2795 1301/2808/2794 1302/2810/2796
f 1145/2809/2795 1302/2810/2796 1146/2811/2797
f 1146/2811/2797 1302/2810/2796 1303/2812/2798
f 1146/2811/2797 1303/2812/2798 1147/2813/2799
f 1147/2813/2799 1303/2812/2798 1304/2814/2800
f 1147/2813/2799 1304/2814/2800 1148/2815/2801
f 1148/2815/2801 1304/2814/2800 1305/2816/2802
f 1148/2815/2801 1305/2816/2802 1149/2817/2803
f 1149/2817/2803 1305/2816/2802 1306/2818/2804
f 1149/2817/2803 1306/2818/2804 1150/2769/2757
f 1150/2769/2757 1306/2818/2804 1307/2770/2758
f 37/2819/2805 1308/2820/2806 38/2821/2807
f 38/2821/2807 1308/2820/2806 1309/2822/2808
f 38/2821/2807 1309/2822/2808 39/2823/2809
f 39/2823/2809 1309/2822/2808 1310/2824/2810
f 39/2823/2809 1310/2824/2810 40/2825/2811
f 40/2825/2811 1310/2824/2810 1311/2826/2812
f 40/2825/2811 1311/2826/2812 41/2827/2813
f 41/2827/2813 1311/2826/2812 1312/2828/2814
f 41/2827/2813 1312/2828/2814 42/2829/2815
f 42/2829/2815 1312/2828/2814 1313/2830/2816
f 42/2829/2815 1313/2830/2816 43/2831/2817
f 43/2831/2817 1313/2830/2816 1314/2832/2818
f 43/2831/2817 1314/2832/2818 44/2833/2819
f 44/2833/2819 1314/2832/2818 1315/2834/2820
f 44/2833/2819 1315/2834/2820 45/2835/2754
f 45/2835/2754 1315/2834/2820 1283/2836/2756
f 119/2837/2821 1308/2838/2806 36/2839/2822
f 36/2839/2822 1308/2838/2806 37/2840/2805
f 104/2841/2823 1221/2842/2824 105/2843/2825
f 105/2843/2825 1221/2842/2824 1316/2844/2826
f 1221/2845/2827 1220/2846/2828 1316/2847/2829
f 1316/2847/2829 1220/2846/2828 1282/2848/2830
f 1321/2849/2831 1226/2850/2832 1320/2851/2833
f 1320/2851/2833 1226/2850/2832 1225/2852/2834
f 1320/2851/2833 1225/2852/2834 1319/2853/2835
f 1319/2853/2835 1225/2852/2834 1224/2854/2836
f 1319/2853/2835 1224/2854/2836 1318/2855/2837
f 1318/2855/2837 1224/2854/2836 1223/2856/2838
f 1318/2855/2837 1223/2856/2838 1317/2857/2839
f 1317/2857/2839 1223/2856/2838 1222/2858/2840
f 1222/2859/2841 110/2860/2842 1317/2861/2843
f 1317/2861/2843 110/2860/2842 111/2862/2844
f 1006/2863/2845 1345/2864/2846 983/2865/2847
f 983/2865/2847 1345/2864/2846 1322/2866/2848
f 983/2867/2847 1322/2868/2848 984/2869/2849
f 984/2869/2849 1322/2868/2848 1323/2870/2850
f 984/2869/2849 1323/2870/2850 985/2871/2851
f 985/2871/2851 1323/2870/2850 1324/2872/2852
f 985/2871/2851 1324/2872/2852 986/2873/2853
f 986/2873/2853 1324/2872/2852 1325/2874/2854
f 986/2873/2853 1325/2874/2854 987/2875/2855
f 987/2875/2855 1325/2874/2854 1326/2876/2856
f 987/2875/2855 1326/2876/2856 988/2877/2857
f 988/2877/2857 1326/2876/2856 1327/2878/2858
f 988/2877/2857 1327/2878/2858 989/2879/2859
f 989/2879/2859 1327/2878/2858 1328/2880/2860
f 989/2879/2859 1328/2880/2860 990/2881/2861
f 990/2881/2861 1328/2880/2860 1329/2882/2862
f 990/2881/2861 1329/2882/2862 991/2883/2863
f 991/2883/2863 1329/2882/2862 1330/2884/2864
f 991/2883/2863 1330/2884/2864 992/2885/2865
f 992/2885/2865 1330/2884/2864 1331/2886/2866
f 992/2885/2865 1331/2886/2866 993/2887/2867
f 993/2887/2867 1331/2886/2866 1332/2888/2868
f 993/2887/2867 1332/2888/2868 994/2889/2869
f 994/2889/2869 1332/2888/2868 1333/2890/2870
f 994/2889/2869 1333/2890/2870 995/2891/2871
f 995/2891/2871 1333/2890/2870 1334/2892/2872
f 995/2891/2871 1334/2892/2872 996/2893/2873
f 996/2893/2873 1334/2892/2872 1335/2894/2874
f 996/2893/2873 1335/2894/2874 997/2895/2875
f 997/2895/2875 1335/2894/2874 1336/2896/2876
f 997/2895/2875 1336/2896/2876 998/2897/2877
f 998/2897/2877 1336/2896/2876 1337/2898/2878
f 998/2897/2877 1337/2898/2878 999/2899/2879
f 999/2899/2879 1337/2898/2878 1338/2900/2880
f 999/2899/2879 1338/2900/2880 1000/2901/2881
f 1000/2901/2881 1338/2900/2880 1339/2902/2882
f 1000/2901/2881 1339/2902/2882 1001/2903/2883
f 1001/2903/2883 1339/2902/2882 1340/2904/2884
f 1001/2903/2883 1340/2904/2884 1002/2905/2885
f 1002/2905/2885 1340/2904/2884 1341/2906/2886
f 1002/2905/2885 1341/2906/2886 1003/2907/2887
f 1003/2907/2887 1341/2906/2886 1342/2908/2888
f 1003/2907/2887 1342/2908/2888 1004/2909/2889
f 1004/2909/2889 1342/2908/2888 1343/2910/2890
f 1004/2909/2889 1343/2910/2890 1005/2911/2891
f 1005/2911/2891 1343/2910/2890 1344/2912/2892
f 1005/2911/2891 1344/2912/2892 1006/2863/2845
f 1006/2863/2845 1344/2912/2892 1345/2864/2846
f 6/2913/2893 5/2914/2894 16/2915/2895
f 16/2915/2895 5/2914/2894 1346/2916/2896
f 16/2915/2895 1346/2916/2896 17/2917/2897
f 17/2917/2897 1346/2916/2896 1347/2918/2898
f 17/2917/2897 1347/2918/2898 18/2919/2899
f 18/2919/2899 1347/2918/2898 1348/2920/2900
f 18/2919/2899 1348/2920/2900 19/2921/2901
f 19/2921/2901 1348/2920/2900 1349/2922/2902
f 19/2921/2901 1349/2922/2902 20/2923/2903
f 20/2923/2903 1349/2922/2902 1350/2924/2904
f 20/2923/2903 1350/2924/2904 21/2925/2905
f 21/2925/2905 1350/2924/2904 1351/2926/2906
f 21/2925/2905 1351/2926/2906 22/2927/2907
f 22/2927/2907 1351/2926/2906 1352/2928/2908
f 22/2927/2907 1352/2928/2908 23/2929/2909
f 23/2929/2909 1352/2928/2908 1353/2930/2910
f 23/2929/2909 1353/2930/2910 24/2931/2911
f 24/2931/2911 1353/2930/2910 1354/2932/2912
f 24/2931/2911 1354/2932/2912 25/2933/2913
f 25/2933/2913 1354/2932/2912 1355/2934/2914
f 25/2933/2913 1355/2934/2914 26/2935/2915
f 26/2935/2915 1355/2934/2914 1356/2936/2916
f 26/2935/2915 1356/2936/2916 27/2937/2917
f 27/2937/2917 1356/2936/2916 1357/2938/2918
f 27/2937/2917 1357/2938/2918 28/2939/2919
f 28/2939/2919 1357/2938/2918 120/2940/2920
f 1227/2941/2921 1226/2942/2922 1358/2943/2923
f 1358/2943/2923 1226/2942/2922 1321/2944/2924
f 1363/2945/2925 1232/2946/2926 1362/2947/2927
f 1362/2947/2927 1232/2946/2926 1231/2948/2928
f 1362/2947/2927 1231/2948/2928 1361/2949/2929
f 1361/2949/2929 1231/2948/2928 1230/2950/2930
f 1361/2949/2929 1230/2950/2930 1360/2951/2931
f 1360/2951/2931 1230/2950/2930 1229/2952/2932
f 1360/2951/2931 1229/2952/2932 1359/2953/2933
f 1359/2953/2933 1229/2952/2932 1228/2954/2934
f 1228/2955/2935 1227/2956/2936 1359/2957/2937
f 1359/2957/2937 1227/2956/2936 1358/2958/2938
f 4/2959/2939 76/2960/2940 1/2961/2941
f 1/2961/2941 76/2960/2940 1364/2962/2942
f 1102/2963/2943 1388/2964/2944 1079/2965/2945
f 1079/2965/2945 1388/2964/2944 1365/2966/2946
f 1079/2967/2945 1365/2968/2946 1080/2969/2947
f 1080/2969/2947 1365/2968/2946 1366/2970/2948
f 1080/2969/2947 1366/2970/2948 1081/2971/2949
f 1081/2971/2949 1366/2970/2948 1367/2972/2950
f 1081/2971/2949 1367/2972/2950 1082/2973/2951
f 1082/2973/2951 1367/2972/2950 1368/2974/2952
f 1082/2973/2951 1368/2974/2952 1083/2975/2953
f 1083/2975/2953 1368/2974/2952 1369/2976/2954
f 1083/2975/2953 1369/2976/2954 1084/2977/2955
f 1084/2977/2955 1369/2976/2954 1370/2978/2956
f 1084/2977/2955 1370/2978/2956 1085/2979/2957
f 1085/2979/2957 1370/2978/2956 1371/2980/2958
f 1085/2979/2957 1371/2980/2958 1086/2981/2959
f 1086/2981/2959 1371/2980/2958 1372/2982/2960
f 1086/2981/2959 1372/2982/2960 1087/2983/2961
f 1087/2983/2961 1372/2982/2960 1373/2984/2962
f 1087/2983/2961 1373/2984/2962 1088/2985/2963
f 1088/2985/2963 1373/2984/2962 1374/2986/2964
f 1088/2985/2963 1374/2986/2964 1089/2987/2965
f 1089/2987/2965 1374/2986/2964 1375/2988/2966
f 1089/2987/2965 1375/2988/2966 1090/2989/2967
f 1090/2989/2967 1375/2988/2966 1376/2990/2968
f 1090/2989/2967 1376/2990/2968 1091/2991/2969
f 1091/2991/2969 1376/2990/2968 1377/2992/2970
f 1091/2991/2969 1377/2992/2970 1092/2993/2971
f 1092/2993/2971 1377/2992/2970 1378/2994/2972
f 1092/2993/2971 1378/2994/2972 1093/2995/2973
f 1093/2995/2973 1378/2994/2972 1379/2996/2974
f 1093/2995/2973 1379/2996/2974 1094/2997/2975
f 1094/2997/2975 1379/2996/2974 1380/2998/2976
f 1094/2997/2975 1380/2998/2976 1095/2999/2977
f 1095/2999/2977 1380/2998/2976 1381/3000/2978
f 1095/2999/2977 1381/3000/2978 1096/3001/2979
f 1096/3001/2979 1381/3000/2978 1382/3002/2980
f 1096/3001/2979 1382/3002/2980 1097/3003/2981
f 1097/3003/2981 1382/3002/2980 1383/3004/2982
f 1097/3003/2981 1383/3004/2982 1098/3005/2983
f 1098/3005/2983 1383/3004/2982 1384/3006/2984
f 1098/3005/2983 1384/3006/2984 1099/3007/2985
f 1099/3007/2985 1384/3006/2984 1385/3008/2986
f 1099/3007/2985 1385/3008/2986 1100/3009/2987
f 1100/3009/2987 1385/3008/2986 1386/3010/2988
f 1100/3009/2987 1386/3010/2988 1101/3011/2989
f 1101/3011/2989 1386/3010/2988 1387/3012/2990
f 1101/3011/2989 1387/3012/2990 1102/2963/2943
f 1102/2963/2943 1387/3012/2990 1388/2964/2944
f 63/3013/2991 1389/3014/2992 64/3015/2993
f 64/3015/2993 1389/3014/2992 1390/3016/2994
f 64/3015/2993 1390/3016/2994 65/3017/2995
f 65/3017/2995 1390/3016/2994 1391/3018/2996
f 65/3017/2995 1391/3018/2996 66/3019/2997
f 66/3019/2997 1391/3018/2996 1392/3020/2998
f 66/3019/2997 1392/3020/2998 67/3021/2999
f 67/3021/2999 1392/3020/2998 1393/3022/3000
f 67/3021/2999 1393/3022/3000 68/3023/3001
f 68/3023/3001 1393/3022/3000 1394/3024/3002
f 68/3023/3001 1394/3024/3002 69/3025/3003
f 69/3025/3003 1394/3024/3002 1395/3026/3004
f 69/3025/3003 1395/3026/3004 70/3027/3005
f 70/3027/3005 1395/3026/3004 1396/3028/3006
f 70/3027/3005 1396/3028/3006 71/3029/3007
f 71/3029/3007 1396/3028/3006 1397/3030/3008
f 71/3029/3007 1397/3030/3008 72/3031/3009
f 72/3031/3009 1397/3030/3008 1398/3032/3010
f 72/3031/3009 1398/3032/3010 73/3033/3011
f 73/3033/3011 1398/3032/3010 1399/3034/3012
f 73/3033/3011 1399/3034/3012 74/3035/3013
f 74/3035/3013 1399/3034/3012 1400/3036/3014
f 74/3035/3013 1400/3036/3014 75/3037/3015
f 75/3037/3015 1400/3036/3014 1401/3038/3016
f 75/3037/3015 1401/3038/3016 76/3039/2940
f 76/3039/2940 1401/3038/3016 1364/3040/2942
f 98/3041/3017 1389/3042/3018 62/3043/3019
f 62/3043/3019 1389/3042/3018 63/3044/3020
f 85/3045/3021 1233/3046/3022 86/3047/3023
f 86/3047/3023 1233/3046/3022 1402/3048/3024
f 1233/3049/3025 1232/3050/3026 1402/3051/3027
f 1402/3051/3027 1232/3050/3026 1363/3052/3028
f 1285/3053/3029 1284/3054/3030 1316/3055/3031
f 1316/3055/3031 1284/3054/3030 1307/3056/3032
f 1316/3055/3031 1307/3056/3032 1306/3057/3033
f 1306/3057/3033 1305/3058/3034 1316/3055/3031
f 1316/3055/3031 1305/3058/3034 119/3059/3035
f 1316/3055/3031 119/3059/3035 105/3060/3036
f 105/3060/3036 119/3059/3035 118/3061/3037
f 105/3060/3036 118/3061/3037 117/3062/3038
f 1305/3058/3034 1304/3063/3039 119/3059/3035
f 119/3059/3035 1304/3063/3039 1303/3064/3040
f 119/3059/3035 1303/3064/3040 1308/3065/3041
f 1308/3065/3041 1303/3064/3040 1302/3066/3042
f 1308/3065/3041 1302/3066/3042 1309/3067/3043
f 1309/3067/3043 1302/3066/3042 1310/3068/3044
f 1310/3068/3044 1302/3066/3042 1301/3069/3045
f 1310/3068/3044 1301/3069/3045 1311/3070/3046
f 1311/3070/3046 1301/3069/3045 1312/3071/3047
f 1312/3071/3047 1301/3069/3045 1300/3072/3048
f 1312/3071/3047 1300/3072/3048 1313/3073/3049
f 1313/3073/3049 1300/3072/3048 1299/3074/3050
f 1313/3073/3049 1299/3074/3050 1314/3075/3051
f 1314/3075/3051 1299/3074/3050 1298/3076/3052
f 1314/3075/3051 1298/3076/3052 1315/3077/3053
f 1315/3077/3053 1298/3076/3052 1297/3078/3054
f 1315/3077/3053 1297/3078/3054 1283/3079/3055
f 1283/3079/3055 1297/3078/3054 1296/3080/3056
f 1283/3079/3055 1296/3080/3056 1295/3081/3057
f 1295/3081/3057 1294/3082/3058 1283/3079/3055
f 1283/3079/3055 1294/3082/3058 11/3083/3059
f 11/3083/3059 1294/3082/3058 1293/3084/3060
f 11/3083/3059 1293/3084/3060 1292/3085/3061
f 1292/3085/3061 1291/3086/3062 11/3083/3059
f 11/3083/3059 1291/3086/3062 1275/3087/3063
f 11/3083/3059 1275/3087/3063 10/3088/3064
f 1291/3086/3062 1290/3089/3065 1275/3087/3063
f 1275/3087/3063 1290/3089/3065 1289/3090/3066
f 1275/3087/3063 1289/3090/3066 1276/3091/3067
f 1276/3091/3067 1289/3090/3066 1277/3092/3068
f 1277/3092/3068 1289/3090/3066 1278/3093/3069
f 1278/3093/3069 1289/3090/3066 1279/3094/3070
f 1279/3094/3070 1289/3090/3066 1288/3095/3071
f 1279/3094/3070 1288/3095/3071 1280/3096/3072
f 1280/3096/3072 1288/3095/3071 1287/3097/3073
f 1280/3096/3072 1287/3097/3073 1281/3098/3074
f 1281/3098/3074 1287/3097/3073 1286/3099/3075
f 1281/3098/3074 1286/3099/3075 1282/3100/3076
f 1282/3100/3076 1286/3099/3075 1285/3053/3029
f 1282/3100/3076 1285/3053/3029 1316/3055/3031
f 1323/3101/3077 1322/3102/3078 112/3103/3079
f 112/3103/3079 1322/3102/3078 1345/3104/3080
f 112/3103/3079 1345/3104/3080 1317/3105/3081
f 1317/3105/3081 1345/3104/3080 1344/3106/3082
f 1317/3105/3081 1344/3106/3082 1343/3107/3083
f 1343/3107/3083 1342/3108/3084 1317/3105/3081
f 1317/3105/3081 1342/3108/3084 1341/3109/3085
f 1317/3105/3081 1341/3109/3085 1318/3110/3086
f 1318/3110/3086 1341/3109/3085 1319/3111/3087
f 1319/3111/3087 1341/3109/3085 1320/3112/3088
f 1320/3112/3088 1341/3109/3085 1358/3113/3089
f 1320/3112/3088 1358/3113/3089 1321/3114/3090
f 1341/3109/3085 1340/3115/3091 1358/3113/3089
f 1358/3113/3089 1340/3115/3091 1339/3116/3092
f 1358/3113/3089 1339/3116/3092 2/3117/3093
f 2/3117/3093 1339/3116/3092 1338/3118/3094
f 2/3117/3093 1338/3118/3094 1337/3119/3095
f 1337/3119/3095 1336/3120/3096 2/3117/3093
f 2/3117/3093 1336/3120/3096 5/3121/3097
f 5/3121/3097 1336/3120/3096 1335/3122/3098
f 5/3121/3097 1335/3122/3098 1334/3123/3099
f 1334/3123/3099 1333/3124/3100 5/3121/3097
f 5/3121/3097 1333/3124/3100 1346/3125/3101
f 1346/3125/3101 1333/3124/3100 1332/3126/3102
f 1346/3125/3101 1332/3126/3102 1347/3127/3103
f 1347/3127/3103 1332/3126/3102 1331/3128/3104
f 1347/3127/3103 1331/3128/3104 1348/3129/3105
f 1348/3129/3105 1331/3128/3104 1330/3130/3106
f 1348/3129/3105 1330/3130/3106 1349/3131/3107
f 1349/3131/3107 1330/3130/3106 1329/3132/3108
f 1349/3131/3107 1329/3132/3108 1350/3133/3109
f 1350/3133/3109 1329/3132/3108 1351/3134/3110
f 1351/3134/3110 1329/3132/3108 1328/3135/3111
f 1351/3134/3110 1328/3135/3111 1352/3136/3112
f 1352/3136/3112 1328/3135/3111 1353/3137/3113
f 1353/3137/3113 1328/3135/3111 1354/3138/3114
f 1354/3138/3114 1328/3135/3111 1355/3139/3115
f 1355/3139/3115 1328/3135/3111 1356/3140/3116
f 1356/3140/3116 1328/3135/3111 1327/3141/3117
f 1356/3140/3116 1327/3141/3117 1357/3142/3118
f 1357/3142/3118 1327/3141/3117 120/3143/3119
f 120/3143/3119 1327/3141/3117 1326/3144/3120
f 120/3143/3119 1326/3144/3120 1325/3145/3121
f 120/3143/3119 1325/3145/3121 112/3103/3079
f 112/3103/3079 1325/3145/3121 1324/3146/3122
f 112/3103/3079 1324/3146/3122 1323/3101/3077
f 1243/3147/3123 1242/3148/3124 1266/3149/3125
f 1266/3149/3125 1242/3148/3124 1265/3150/3126
f 1266/3149/3125 1265/3150/3126 1267/3151/3127
f 1267/3151/3127 1265/3150/3126 1264/3152/3128
f 1267/3151/3127 1264/3152/3128 1268/3153/3129
f 1268/3153/3129 1264/3152/3128 1263/3154/3130
f 1268/3153/3129 1263/3154/3130 1269/3155/3131
f 1269/3155/3131 1263/3154/3130 1262/3156/3132
f 1269/3155/3131 1262/3156/3132 1270/3157/3133
f 1270/3157/3133 1262/3156/3132 1261/3158/3134
f 1270/3157/3133 1261/3158/3134 1271/3159/3135
f 1271/3159/3135 1261/3158/3134 1272/3160/3136
f 1272/3160/3136 1261/3158/3134 1260/3161/3137
f 1272/3160/3136 1260/3161/3137 1273/3162/3138
f 1273/3162/3138 1260/3161/3137 99/3163/3139
f 99/3163/3139 1260/3161/3137 1259/3164/3140
f 99/3163/3139 1259/3164/3140 91/3165/3141
f 91/3165/3141 1259/3164/3140 1258/3166/3142
f 91/3165/3141 1258/3166/3142 80/3167/3143
f 80/3167/3143 1258/3166/3142 1257/3168/3144
f 80/3167/3143 1257/3168/3144 1234/3169/3145
f 1234/3169/3145 1257/3168/3144 1256/3170/3146
f 1234/3169/3145 1256/3170/3146 1255/3171/3147
f 1255/3171/3147 1254/3172/3148 1234/3169/3145
f 1234/3169/3145 1254/3172/3148 1253/3173/3149
f 1234/3169/3145 1253/3173/3149 1252/3174/3150
f 1234/3169/3145 1252/3174/3150 1235/3175/3151
f 1235/3175/3151 1252/3174/3150 1251/3176/3152
f 1235/3175/3151 1251/3176/3152 1236/3177/3153
f 1236/3177/3153 1251/3176/3152 1250/3178/3154
f 1236/3177/3153 1250/3178/3154 1237/3179/3155
f 1237/3179/3155 1250/3178/3154 1238/3180/3156
f 1238/3180/3156 1250/3178/3154 1249/3181/3157
f 1238/3180/3156 1249/3181/3157 1239/3182/3158
f 1239/3182/3158 1249/3181/3157 1240/3183/3159
f 1240/3183/3159 1249/3181/3157 1241/3184/3160
f 1241/3184/3160 1249/3181/3157 1274/3185/3161
f 1274/3185/3161 1249/3181/3157 1248/3186/3162
f 1274/3185/3161 1248/3186/3162 1247/3187/3163
f 1274/3185/3161 1247/3187/3163 9/3188/3164
f 9/3188/3164 1247/3187/3163 1246/3189/3165
f 9/3188/3164 1246/3189/3165 1245/3190/3166
f 9/3188/3164 1245/3190/3166 1266/3149/3125
f 1266/3149/3125 1245/3190/3166 1244/3191/3167
f 1266/3149/3125 1244/3191/3167 1243/3147/3123
f 1366/3192/3168 1365/3193/3169 1364/3194/3170
f 1364/3194/3170 1365/3193/3169 1388/3195/3171
f 1364/3194/3170 1388/3195/3171 1387/3196/3172
f 1364/3194/3170 1387/3196/3172 1/3197/3173
f 1/3197/3173 1387/3196/3172 1386/3198/3174
f 1/3197/3173 1386/3198/3174 1385/3199/3175
f 1385/3199/3175 1384/3200/3176 1/3197/3173
f 1/3197/3173 1384/3200/3176 1359/3201/3177
f 1/3197/3173 1359/3201/3177 2/3117/3093
f 2/3117/3093 1359/3201/3177 1358/3113/3089
f 1384/3200/3176 1383/3202/3178 1359/3201/3177
f 1359/3201/3177 1383/3202/3178 1382/3203/3179
f 1359/3201/3177 1382/3203/3179 1360/3204/3180
f 1360/3204/3180 1382/3203/3179 1361/3205/3181
f 1361/3205/3181 1382/3203/3179 1362/3206/3182
f 1362/3206/3182 1382/3203/3179 1363/3207/3183
f 1363/3207/3183 1382/3203/3179 1402/3208/3184
f 1402/3208/3184 1382/3203/3179 1381/3209/3185
f 1402/3208/3184 1381/3209/3185 1380/3210/3186
f 1380/3210/3186 1379/3211/3187 1402/3208/3184
f 1402/3208/3184 1379/3211/3187 1378/3212/3188
f 1402/3208/3184 1378/3212/3188 98/3213/3189
f 98/3213/3189 1378/3212/3188 1377/3214/3190
f 98/3213/3189 1377/3214/3190 1376/3215/3191
f 1376/3215/3191 1375/3216/3192 98/3213/3189
f 98/3213/3189 1375/3216/3192 1374/3217/3193
f 98/3213/3189 1374/3217/3193 1389/3218/3194
f 1389/3218/3194 1374/3217/3193 1373/3219/3195
f 1389/3218/3194 1373/3219/3195 1372/3220/3196
f 1371/3221/3197 1391/3222/3198 1372/3220/3196
f 1372/3220/3196 1391/3222/3198 1390/3223/3199
f 1372/3220/3196 1390/3223/3199 1389/3218/3194
f 1370/3224/3200 1396/3225/3201 1371/3221/3197
f 1371/3221/3197 1396/3225/3201 1395/3226/3202
f 1371/3221/3197 1395/3226/3202 1394/3227/3203
f 1369/3228/3204 1398/3229/3205 1370/3224/3200
f 1370/3224/3200 1398/3229/3205 1397/3230/3206
f 1370/3224/3200 1397/3230/3206 1396/3225/3201
f 1398/3229/3205 1369/3228/3204 1399/3231/3207
f 1399/3231/3207 1369/3228/3204 1368/3232/3208
f 1399/3231/3207 1368/3232/3208 1400/3233/3209
f 1400/3233/3209 1368/3232/3208 1367/3234/3210
f 1400/3233/3209 1367/3234/3210 1401/3235/3211
f 1401/3235/3211 1367/3234/3210 1366/3192/3168
f 1401/3235/3211 1366/3192/3168 1364/3194/3170
f 1394/3227/3203 1393/3236/3212 1371/3221/3197
f 1371/3221/3197 1393/3236/3212 1392/3237/3213
f 1371/3221/3197 1392/3237/3213 1391/3222/3198
f 1402/3208/3184 98/3213/3189 86/3238/3214
f 86/3238/3214 98/3213/3189 97/3239/3215
f 86/3238/3214 97/3239/3215 87/3240/3216
f 87/3240/3216 97/3239/3215 96/3241/3217
f 87/3240/3216 96/3241/3217 88/3242/3218
f 88/3242/3218 96/3241/3217 95/3243/3219
f 88/3242/3218 95/3243/3219 89/3244/3220
f 89/3244/3220 95/3243/3219 94/3245/3221
f 89/3244/3220 94/3245/3221 90/3246/3222
f 90/3246/3222 94/3245/3221 93/3247/3223
f 90/3246/3222 93/3247/3223 79/3248/3224
f 79/3248/3224 93/3247/3223 92/3249/3225
f 79/3248/3224 92/3249/3225 80/3167/3143
f 80/3167/3143 92/3249/3225 91/3165/3141
f 1317/3105/3081 111/3250/3226 112/3103/3079
f 112/3103/3079 111/3250/3226 113/3251/3227
f 113/3251/3227 111/3250/3226 109/3252/3228
f 113/3251/3227 109/3252/3228 108/3253/3229
f 113/3251/3227 108/3253/3229 114/3254/3230
f 114/3254/3230 108/3253/3229 107/3255/3231
f 114/3254/3230 107/3255/3231 115/3256/3232
f 115/3256/3232 107/3255/3231 116/3257/3233
f 116/3257/3233 107/3255/3231 106/3258/3234
f 116/3257/3233 106/3258/3234 117/3062/3038
f 117/3062/3038 106/3258/3234 105/3060/3036
f 10/3088/3064 9/3188/3164 11/3083/3059
f 11/3083/3059 9/3188/3164 12/3259/3235
# 1402 vertices
# 3259 texture params
# 3235 normals
# 2818 facets

# 1 groups
