# WaveFront *.obj file (generated by Autodesk ATF)

mtllib Pocketboard w_ LCD v15 back part no text.mtl

g Pocketboard w/ LCD Back Part

v -28.810323 -34.320728 -0.200000
v 29.144029 -34.326139 -0.200000
v 29.144029 -34.326139 -2.550000
v -28.810323 -34.320728 -2.550000
v 29.144029 -31.836116 -0.200000
v 29.144029 -31.836116 -2.550000
v 44.423090 36.336877 -2.050000
v -44.484994 36.323449 -2.050000
v -44.484994 36.323449 -0.200000
v 44.423090 36.336877 -0.200000
v 44.423090 34.336877 -0.200000
v -44.484692 34.323449 -0.200000
v -44.484692 34.323449 -2.550000
v 44.423090 34.336877 -2.550000
v -44.484994 36.323449 -2.550000
v 29.230992 -30.954359 -2.550000
v 29.479836 -30.103985 -2.550000
v 29.881942 -29.314447 -2.550000
v 30.423382 -28.613090 -2.550000
v 31.085405 -28.024205 -2.550000
v 31.845081 -27.568188 -2.550000
v 32.676100 -27.260834 -2.550000
v 33.549680 -27.112786 -2.550000
v 34.435564 -27.129173 -2.550000
v 35.303071 -27.309427 -2.550000
v 36.122154 -27.647305 -2.550000
v 36.864446 -28.131105 -2.550000
v 37.504237 -28.744070 -2.550000
v 39.099085 -30.338918 -2.550000
v 49.801482 -19.634498 -2.550000
v 49.977932 -19.486126 -2.550000
v 50.174014 -19.256747 -2.550000
v 50.319736 -18.992498 -2.550000
v 50.409095 -18.704266 -2.550000
v 50.438407 -18.403928 -2.550000
v 50.451593 28.309642 -2.550000
v 48.636951 28.309642 -2.550000
v 47.814867 28.390610 -2.550000
v 47.024376 28.630403 -2.550000
v 46.295855 29.019806 -2.550000
v 45.657301 29.543853 -2.550000
v 45.133254 30.182407 -2.550000
v 44.743851 30.910928 -2.550000
v 44.504058 31.701419 -2.550000
v 44.423090 32.523503 -2.550000
v -44.484994 32.523503 -2.550000
v -44.564928 31.711916 -2.550000
v -44.801659 30.931519 -2.550000
v -45.186089 30.212300 -2.550000
v -45.703446 29.581900 -2.550000
v -46.333846 29.064543 -2.550000
v -47.053065 28.680113 -2.550000
v -47.833462 28.443382 -2.550000
v -48.645049 28.363448 -2.550000
v -50.452577 28.363448 -2.550000
v -50.448876 -18.346989 -2.550000
v -50.447120 -18.477820 -2.550000
v -50.388163 -18.793870 -2.550000
v -50.262628 -19.089850 -2.550000
v -50.076387 -19.351914 -2.550000
v -49.838152 -19.567802 -2.550000
v -39.039708 -30.387598 -2.550000
v -37.196545 -28.544435 -2.550000
v -36.531167 -27.953953 -2.550000
v -35.769108 -27.494973 -2.550000
v -34.936020 -27.182945 -2.550000
v -34.059947 -27.028372 -2.550000
v -33.170378 -27.036458 -2.550000
v -32.297260 -27.206931 -2.550000
v -31.469982 -27.534052 -2.550000
v -30.716392 -28.006809 -2.550000
v -30.061857 -28.609288 -2.550000
v -29.528411 -29.321210 -2.550000
v -29.134011 -30.118609 -2.550000
v -28.891931 -30.974643 -2.550000
v -28.810323 -31.860497 -2.550000
v -52.452578 28.363448 -2.050000
v -52.448875 -18.360493 -2.050000
v -52.448875 -18.360493 -0.200000
v -52.452578 28.363448 -0.200000
v -52.446275 -18.554160 -2.050000
v -52.331803 -19.270265 -2.050000
v -52.071661 -19.947196 -2.050000
v -51.677106 -20.555666 -2.050000
v -51.165207 -21.069348 -2.050000
v -51.165207 -21.069348 -0.200000
v -51.677106 -20.555666 -0.200000
v -52.071661 -19.947196 -0.200000
v -52.331803 -19.270265 -0.200000
v -52.446275 -18.554160 -0.200000
v -50.452577 28.363448 -0.200000
v -50.448876 -18.346989 -0.200000
v -50.447120 -18.477820 -0.200000
v -50.388163 -18.793870 -0.200000
v -50.262628 -19.089850 -0.200000
v -50.076387 -19.351914 -0.200000
v -49.838152 -19.567802 -0.200000
v -39.039708 -30.387598 -0.200000
v -48.645049 28.363448 -0.200000
v 51.302994 -20.985013 -2.050000
v 51.784724 -20.442943 -2.050000
v 52.143900 -19.812946 -2.050000
v 52.364983 -19.122275 -2.050000
v 52.438408 -18.400810 -2.050000
v 52.438408 -18.400810 -0.200000
v 52.364983 -19.122275 -0.200000
v 52.143900 -19.812946 -0.200000
v 51.784724 -20.442943 -0.200000
v 51.302994 -20.985013 -0.200000
v 51.154757 -21.109661 -2.050000
v 51.154757 -21.109661 -0.200000
v 39.099085 -30.338918 -0.200000
v 49.801482 -19.634498 -0.200000
v 49.977932 -19.486126 -0.200000
v 50.174014 -19.256747 -0.200000
v 50.319736 -18.992498 -0.200000
v 50.409095 -18.704266 -0.200000
v 50.438407 -18.403928 -0.200000
v 50.451593 28.309642 -0.200000
v 37.504237 -28.744070 -0.200000
v 36.004951 -31.860497 -4.250000
v 35.933395 -31.316977 -4.250000
v 35.723604 -30.810497 -4.250000
v 35.389875 -30.375573 -4.250000
v 34.954951 -30.041844 -4.250000
v 34.448471 -29.832053 -4.250000
v 33.904951 -29.760497 -4.250000
v 33.361431 -29.832053 -4.250000
v 32.854951 -30.041844 -4.250000
v 32.420027 -30.375573 -4.250000
v 32.086298 -30.810497 -4.250000
v 31.876507 -31.316977 -4.250000
v 31.804951 -31.860497 -4.250000
v 31.876507 -32.404017 -4.250000
v 32.086298 -32.910497 -4.250000
v 32.420027 -33.345421 -4.250000
v 32.854951 -33.679150 -4.250000
v 33.361431 -33.888941 -4.250000
v 33.904951 -33.960497 -4.250000
v 34.448471 -33.888941 -4.250000
v 34.954951 -33.679150 -4.250000
v 35.389875 -33.345421 -4.250000
v 35.723604 -32.910497 -4.250000
v 35.933395 -32.404017 -4.250000
v 36.004951 -31.860497 -5.050000
v 35.933395 -32.404017 -5.050000
v 35.723604 -32.910497 -5.050000
v 35.389875 -33.345421 -5.050000
v 34.954951 -33.679150 -5.050000
v 34.448471 -33.888941 -5.050000
v 33.904951 -33.960497 -5.050000
v 33.361431 -33.888941 -5.050000
v 32.854951 -33.679150 -5.050000
v 32.420027 -33.345421 -5.050000
v 32.086298 -32.910497 -5.050000
v 31.876507 -32.404017 -5.050000
v 31.804951 -31.860497 -5.050000
v 31.876507 -31.316977 -5.050000
v 32.086298 -30.810497 -5.050000
v 32.420027 -30.375573 -5.050000
v 32.854951 -30.041844 -5.050000
v 33.361431 -29.832053 -5.050000
v 33.904951 -29.760497 -5.050000
v 34.448471 -29.832053 -5.050000
v 34.954951 -30.041844 -5.050000
v 35.389875 -30.375573 -5.050000
v 35.723604 -30.810497 -5.050000
v 35.933395 -31.316977 -5.050000
v 35.004951 -31.860497 -4.250000
v 34.967469 -31.575796 -4.250000
v 34.857579 -31.310497 -4.250000
v 34.682768 -31.082680 -4.250000
v 34.454951 -30.907869 -4.250000
v 34.189652 -30.797979 -4.250000
v 33.904951 -30.760497 -4.250000
v 33.620250 -30.797979 -4.250000
v 33.354951 -30.907869 -4.250000
v 33.127134 -31.082680 -4.250000
v 32.952323 -31.310497 -4.250000
v 32.842433 -31.575796 -4.250000
v 32.804951 -31.860497 -4.250000
v 32.842433 -32.145198 -4.250000
v 32.952323 -32.410497 -4.250000
v 33.127134 -32.638314 -4.250000
v 33.354951 -32.813125 -4.250000
v 33.620250 -32.923015 -4.250000
v 33.904951 -32.960497 -4.250000
v 34.189652 -32.923015 -4.250000
v 34.454951 -32.813125 -4.250000
v 34.682768 -32.638314 -4.250000
v 34.857579 -32.410497 -4.250000
v 34.967469 -32.145198 -4.250000
v -46.545049 32.523503 -4.250000
v -46.616605 33.067023 -4.250000
v -46.826396 33.573503 -4.250000
v -47.160125 34.008427 -4.250000
v -47.595049 34.342156 -4.250000
v -48.101529 34.551947 -4.250000
v -48.645049 34.623503 -4.250000
v -49.188569 34.551947 -4.250000
v -49.695049 34.342156 -4.250000
v -50.129973 34.008427 -4.250000
v -50.463702 33.573503 -4.250000
v -50.673493 33.067023 -4.250000
v -50.745049 32.523503 -4.250000
v -50.673493 31.979983 -4.250000
v -50.463702 31.473503 -4.250000
v -50.129973 31.038579 -4.250000
v -49.695049 30.704850 -4.250000
v -49.188569 30.495059 -4.250000
v -48.645049 30.423503 -4.250000
v -48.101529 30.495059 -4.250000
v -47.595049 30.704850 -4.250000
v -47.160125 31.038579 -4.250000
v -46.826396 31.473503 -4.250000
v -46.616605 31.979983 -4.250000
v -46.545049 32.523503 -5.050000
v -46.616605 31.979983 -5.050000
v -46.826396 31.473503 -5.050000
v -47.160125 31.038579 -5.050000
v -47.595049 30.704850 -5.050000
v -48.101529 30.495059 -5.050000
v -48.645049 30.423503 -5.050000
v -49.188569 30.495059 -5.050000
v -49.695049 30.704850 -5.050000
v -50.129973 31.038579 -5.050000
v -50.463702 31.473503 -5.050000
v -50.673493 31.979983 -5.050000
v -50.745049 32.523503 -5.050000
v -50.673493 33.067023 -5.050000
v -50.463702 33.573503 -5.050000
v -50.129973 34.008427 -5.050000
v -49.695049 34.342156 -5.050000
v -49.188569 34.551947 -5.050000
v -48.645049 34.623503 -5.050000
v -48.101529 34.551947 -5.050000
v -47.595049 34.342156 -5.050000
v -47.160125 34.008427 -5.050000
v -46.826396 33.573503 -5.050000
v -46.616605 33.067023 -5.050000
v -47.545049 32.523503 -4.250000
v -47.582531 32.808204 -4.250000
v -47.692421 33.073503 -4.250000
v -47.867232 33.301320 -4.250000
v -48.095049 33.476131 -4.250000
v -48.360348 33.586021 -4.250000
v -48.645049 33.623503 -4.250000
v -48.929750 33.586021 -4.250000
v -49.195049 33.476131 -4.250000
v -49.422866 33.301320 -4.250000
v -49.597677 33.073503 -4.250000
v -49.707567 32.808204 -4.250000
v -49.745049 32.523503 -4.250000
v -49.707567 32.238802 -4.250000
v -49.597677 31.973503 -4.250000
v -49.422866 31.745686 -4.250000
v -49.195049 31.570875 -4.250000
v -48.929750 31.460985 -4.250000
v -48.645049 31.423503 -4.250000
v -48.360348 31.460985 -4.250000
v -48.095049 31.570875 -4.250000
v -47.867232 31.745686 -4.250000
v -47.692421 31.973503 -4.250000
v -47.582531 32.238802 -4.250000
v -31.559049 -31.860497 -4.250000
v -31.630605 -31.316977 -4.250000
v -31.840396 -30.810497 -4.250000
v -32.174125 -30.375573 -4.250000
v -32.609049 -30.041844 -4.250000
v -33.115529 -29.832053 -4.250000
v -33.659049 -29.760497 -4.250000
v -34.202569 -29.832053 -4.250000
v -34.709049 -30.041844 -4.250000
v -35.143973 -30.375573 -4.250000
v -35.477702 -30.810497 -4.250000
v -35.687493 -31.316977 -4.250000
v -35.759049 -31.860497 -4.250000
v -35.687493 -32.404017 -4.250000
v -35.477702 -32.910497 -4.250000
v -35.143973 -33.345421 -4.250000
v -34.709049 -33.679150 -4.250000
v -34.202569 -33.888941 -4.250000
v -33.659049 -33.960497 -4.250000
v -33.115529 -33.888941 -4.250000
v -32.609049 -33.679150 -4.250000
v -32.174125 -33.345421 -4.250000
v -31.840396 -32.910497 -4.250000
v -31.630605 -32.404017 -4.250000
v -31.559049 -31.860497 -5.050000
v -31.630605 -32.404017 -5.050000
v -31.840396 -32.910497 -5.050000
v -32.174125 -33.345421 -5.050000
v -32.609049 -33.679150 -5.050000
v -33.115529 -33.888941 -5.050000
v -33.659049 -33.960497 -5.050000
v -34.202569 -33.888941 -5.050000
v -34.709049 -33.679150 -5.050000
v -35.143973 -33.345421 -5.050000
v -35.477702 -32.910497 -5.050000
v -35.687493 -32.404017 -5.050000
v -35.759049 -31.860497 -5.050000
v -35.687493 -31.316977 -5.050000
v -35.477702 -30.810497 -5.050000
v -35.143973 -30.375573 -5.050000
v -34.709049 -30.041844 -5.050000
v -34.202569 -29.832053 -5.050000
v -33.659049 -29.760497 -5.050000
v -33.115529 -29.832053 -5.050000
v -32.609049 -30.041844 -5.050000
v -32.174125 -30.375573 -5.050000
v -31.840396 -30.810497 -5.050000
v -31.630605 -31.316977 -5.050000
v -32.559049 -31.860497 -4.250000
v -32.596531 -31.575796 -4.250000
v -32.706421 -31.310497 -4.250000
v -32.881232 -31.082680 -4.250000
v -33.109049 -30.907869 -4.250000
v -33.374348 -30.797979 -4.250000
v -33.659049 -30.760497 -4.250000
v -33.943750 -30.797979 -4.250000
v -34.209049 -30.907869 -4.250000
v -34.436866 -31.082680 -4.250000
v -34.611677 -31.310497 -4.250000
v -34.721567 -31.575796 -4.250000
v -34.759049 -31.860497 -4.250000
v -34.721567 -32.145198 -4.250000
v -34.611677 -32.410497 -4.250000
v -34.436866 -32.638314 -4.250000
v -34.209049 -32.813125 -4.250000
v -33.943750 -32.923015 -4.250000
v -33.659049 -32.960497 -4.250000
v -33.374348 -32.923015 -4.250000
v -33.109049 -32.813125 -4.250000
v -32.881232 -32.638314 -4.250000
v -32.706421 -32.410497 -4.250000
v -32.596531 -32.145198 -4.250000
v 50.736951 32.523503 -4.250000
v 50.665395 33.067023 -4.250000
v 50.455604 33.573503 -4.250000
v 50.121875 34.008427 -4.250000
v 49.686951 34.342156 -4.250000
v 49.180471 34.551947 -4.250000
v 48.636951 34.623503 -4.250000
v 48.093431 34.551947 -4.250000
v 47.586951 34.342156 -4.250000
v 47.152027 34.008427 -4.250000
v 46.818298 33.573503 -4.250000
v 46.608507 33.067023 -4.250000
v 46.536951 32.523503 -4.250000
v 46.608507 31.979983 -4.250000
v 46.818298 31.473503 -4.250000
v 47.152027 31.038579 -4.250000
v 47.586951 30.704850 -4.250000
v 48.093431 30.495059 -4.250000
v 48.636951 30.423503 -4.250000
v 49.180471 30.495059 -4.250000
v 49.686951 30.704850 -4.250000
v 50.121875 31.038579 -4.250000
v 50.455604 31.473503 -4.250000
v 50.665395 31.979983 -4.250000
v 50.736951 32.523503 -5.050000
v 50.665395 31.979983 -5.050000
v 50.455604 31.473503 -5.050000
v 50.121875 31.038579 -5.050000
v 49.686951 30.704850 -5.050000
v 49.180471 30.495059 -5.050000
v 48.636951 30.423503 -5.050000
v 48.093431 30.495059 -5.050000
v 47.586951 30.704850 -5.050000
v 47.152027 31.038579 -5.050000
v 46.818298 31.473503 -5.050000
v 46.608507 31.979983 -5.050000
v 46.536951 32.523503 -5.050000
v 46.608507 33.067023 -5.050000
v 46.818298 33.573503 -5.050000
v 47.152027 34.008427 -5.050000
v 47.586951 34.342156 -5.050000
v 48.093431 34.551947 -5.050000
v 48.636951 34.623503 -5.050000
v 49.180471 34.551947 -5.050000
v 49.686951 34.342156 -5.050000
v 50.121875 34.008427 -5.050000
v 50.455604 33.573503 -5.050000
v 50.665395 33.067023 -5.050000
v 49.736951 32.523503 -4.250000
v 49.699469 32.808204 -4.250000
v 49.589579 33.073503 -4.250000
v 49.414768 33.301320 -4.250000
v 49.186951 33.476131 -4.250000
v 48.921652 33.586021 -4.250000
v 48.636951 33.623503 -4.250000
v 48.352250 33.586021 -4.250000
v 48.086951 33.476131 -4.250000
v 47.859134 33.301320 -4.250000
v 47.684323 33.073503 -4.250000
v 47.574433 32.808204 -4.250000
v 47.536951 32.523503 -4.250000
v 47.574433 32.238802 -4.250000
v 47.684323 31.973503 -4.250000
v 47.859134 31.745686 -4.250000
v 48.086951 31.570875 -4.250000
v 48.352250 31.460985 -4.250000
v 48.636951 31.423503 -4.250000
v 48.921652 31.460985 -4.250000
v 49.186951 31.570875 -4.250000
v 49.414768 31.745686 -4.250000
v 49.589579 31.973503 -4.250000
v 49.699469 32.238802 -4.250000
v 54.652958 33.143919 -3.550000
v 53.152955 33.134008 -5.050000
v 53.150272 33.332841 -5.050000
v 54.649781 33.379312 -3.550000
v -49.259741 38.522728 -3.550000
v -49.249505 37.022729 -5.050000
v -49.448188 37.020048 -5.050000
v -49.494656 38.519557 -3.550000
v 34.777944 -38.523312 -3.550000
v 34.529888 -38.526641 -3.550000
v 34.519893 -37.026640 -5.050000
v 34.731951 -37.023795 -5.050000
v -54.648874 -18.375347 -3.550000
v -53.148875 -18.365219 -5.050000
v -53.146029 -18.577217 -5.050000
v -54.645546 -18.623205 -3.550000
v -53.053816 -19.263577 -5.050000
v -52.849714 -19.925344 -5.050000
v -52.539310 -20.544409 -5.050000
v -52.131097 -21.103833 -5.050000
v -51.636246 -21.588307 -5.050000
v -52.651739 -22.694224 -3.550000
v -53.309066 -22.034261 -3.550000
v -53.849833 -21.275839 -3.550000
v -54.259529 -20.439310 -3.550000
v -54.527160 -19.547119 -3.550000
v -38.317750 -37.051485 -3.550000
v -38.496181 -36.877771 -3.550000
v -37.442095 -35.810523 -5.050000
v -37.289922 -35.958673 -5.050000
v -34.028100 -38.520241 -3.550000
v -34.959804 -38.518553 -3.550000
v -35.878726 -38.364739 -3.550000
v -36.760194 -38.062928 -3.550000
v -37.580544 -37.621224 -3.550000
v -36.739334 -36.378848 -5.050000
v -36.127003 -36.702491 -5.050000
v -35.469691 -36.920745 -5.050000
v -34.785390 -37.027635 -5.050000
v -34.092830 -37.020235 -5.050000
v -54.652954 33.112954 -3.550000
v -53.902954 33.113418 -4.300000
v -53.152954 33.113882 -5.050000
v -50.181565 36.911769 -5.050000
v -50.881277 36.666881 -5.050000
v -51.522118 36.294203 -5.050000
v -52.081006 35.807161 -5.050000
v -52.537809 35.223297 -5.050000
v -52.876073 34.563643 -5.050000
v -53.083613 33.851960 -5.050000
v -54.576476 34.025347 -3.550000
v -54.347122 34.911748 -3.550000
v -53.971471 35.746730 -3.550000
v -53.460299 36.506344 -3.550000
v -52.828268 37.168799 -3.550000
v -52.093508 37.715093 -3.550000
v -51.277096 38.129556 -3.550000
v -50.402449 38.400299 -3.550000
v 38.849814 -36.528494 -3.550000
v 38.189799 -37.186141 -3.550000
v 37.431251 -37.727181 -3.550000
v 36.594535 -38.137090 -3.550000
v 35.702113 -38.404864 -3.550000
v 35.418385 -36.931558 -5.050000
v 36.080218 -36.727412 -5.050000
v 36.699338 -36.416944 -5.050000
v 37.258799 -36.008651 -5.050000
v 37.743289 -35.513708 -5.050000
v 49.243096 38.537605 -3.550000
v 49.243592 37.787605 -4.300000
v 49.244087 37.037605 -5.050000
v 53.041990 34.066219 -5.050000
v 52.797099 34.765931 -5.050000
v 52.424418 35.406772 -5.050000
v 51.937374 35.965660 -5.050000
v 51.353507 36.422462 -5.050000
v 50.693851 36.760725 -5.050000
v 49.982166 36.968265 -5.050000
v 50.155498 38.461137 -3.550000
v 51.041909 38.231791 -3.550000
v 51.876902 37.856145 -3.550000
v 52.636527 37.344976 -3.550000
v 53.298993 36.712945 -3.550000
v 53.845297 35.978182 -3.550000
v 54.259768 35.161765 -3.550000
v 54.530519 34.287111 -3.550000
v 52.643360 -22.732341 -3.550000
v 51.628403 -21.625968 -5.050000
v 52.749131 -22.643401 -3.550000
v 51.763962 -21.511981 -5.050000
v 54.638409 -18.398491 -3.550000
v 53.888409 -18.399173 -4.300000
v 53.138408 -18.399855 -5.050000
v 52.241334 -21.000183 -5.050000
v 52.626780 -20.416013 -5.050000
v 52.909526 -19.775796 -5.050000
v 53.081672 -19.097424 -5.050000
v 54.560027 -19.351422 -3.550000
v 54.323094 -20.277751 -3.550000
v 53.934310 -21.151290 -3.550000
v 53.404664 -21.947341 -3.550000
v 49.243096 38.537605 -2.050000
v 50.155498 38.461137 -2.050000
v 51.041909 38.231791 -2.050000
v 51.876902 37.856145 -2.050000
v 52.636527 37.344976 -2.050000
v 53.298993 36.712945 -2.050000
v 53.845297 35.978182 -2.050000
v 54.259768 35.161765 -2.050000
v 54.530519 34.287111 -2.050000
v 54.649781 33.379312 -2.050000
v -49.259741 38.522728 -2.050000
v -49.494656 38.519557 -2.050000
v -54.652954 33.112954 -2.050000
v -54.576476 34.025347 -2.050000
v -54.347122 34.911748 -2.050000
v -53.971471 35.746730 -2.050000
v -53.460299 36.506344 -2.050000
v -52.828268 37.168799 -2.050000
v -52.093508 37.715093 -2.050000
v -51.277096 38.129556 -2.050000
v -50.402449 38.400299 -2.050000
v -54.648874 -18.375347 -2.050000
v -54.645546 -18.623205 -2.050000
v -52.651739 -22.694224 -2.050000
v -53.309066 -22.034261 -2.050000
v -53.849833 -21.275839 -2.050000
v -54.259529 -20.439310 -2.050000
v -54.527160 -19.547119 -2.050000
v -38.496181 -36.877771 -2.050000
v -38.317750 -37.051485 -2.050000
v -52.452954 33.114508 -2.050000
v -52.378998 33.803879 -2.050000
v -52.158563 34.461230 -2.050000
v -51.801959 35.055818 -2.050000
v -51.325864 35.559836 -2.050000
v -50.752543 35.949713 -2.050000
v -50.108808 36.207216 -2.050000
v -49.424766 36.320300 -2.050000
v -49.244732 36.322730 -2.050000
v 49.244732 36.337605 -2.050000
v 49.934102 36.263646 -2.050000
v 50.591451 36.043210 -2.050000
v 51.186038 35.686606 -2.050000
v 51.690056 35.210511 -2.050000
v 52.079934 34.637191 -2.050000
v 52.337437 33.993458 -2.050000
v 52.450524 33.309417 -2.050000
v 52.452954 33.129383 -2.050000
v 37.224080 -35.042972 -2.050000
v 36.710393 -35.554865 -2.050000
v 36.101923 -35.949418 -2.050000
v 35.424993 -36.209562 -2.050000
v 34.708891 -36.324041 -2.050000
v 34.515229 -36.326640 -2.050000
v -34.127049 -36.320232 -2.050000
v -34.852247 -36.318984 -2.050000
v -35.561497 -36.167729 -2.050000
v -36.224110 -35.873010 -2.050000
v -36.811412 -35.447581 -2.050000
v -36.950187 -35.312475 -2.050000
v -37.580544 -37.621224 -2.050000
v -36.760194 -38.062928 -2.050000
v -35.878726 -38.364739 -2.050000
v -34.959804 -38.518553 -2.050000
v -34.028100 -38.520241 -2.050000
v 34.529888 -38.526641 -2.050000
v 34.777944 -38.523312 -2.050000
v 35.702113 -38.404864 -2.050000
v 36.594535 -38.137090 -2.050000
v 37.431251 -37.727181 -2.050000
v 38.189799 -37.186141 -2.050000
v 38.849814 -36.528494 -2.050000
v 52.643360 -22.732341 -2.050000
v 52.749131 -22.643401 -2.050000
v 53.404664 -21.947341 -2.050000
v 53.934310 -21.151290 -2.050000
v 54.323094 -20.277751 -2.050000
v 54.560027 -19.351422 -2.050000
v 54.638409 -18.398491 -2.050000
v 54.652958 33.143919 -2.050000
v -52.452954 33.114508 -0.200000
v -52.378998 33.803879 -0.200000
v -52.158563 34.461230 -0.200000
v -51.801959 35.055818 -0.200000
v -51.325864 35.559836 -0.200000
v -50.752543 35.949713 -0.200000
v -50.108808 36.207216 -0.200000
v -49.424766 36.320300 -0.200000
v -47.545049 32.523503 -0.200000
v -47.582531 32.808204 -0.200000
v -47.692421 33.073503 -0.200000
v -47.867232 33.301320 -0.200000
v -48.095049 33.476131 -0.200000
v -48.360348 33.586021 -0.200000
v -48.645049 33.623503 -0.200000
v -48.929750 33.586021 -0.200000
v -49.195049 33.476131 -0.200000
v -49.422866 33.301320 -0.200000
v -49.597677 33.073503 -0.200000
v -49.707567 32.808204 -0.200000
v -49.745049 32.523503 -0.200000
v -49.707567 32.238802 -0.200000
v -49.597677 31.973503 -0.200000
v -49.422866 31.745686 -0.200000
v -49.195049 31.570875 -0.200000
v -48.929750 31.460985 -0.200000
v -48.645049 31.423503 -0.200000
v -48.360348 31.460985 -0.200000
v -48.095049 31.570875 -0.200000
v -47.867232 31.745686 -0.200000
v -47.692421 31.973503 -0.200000
v -47.582531 32.238802 -0.200000
v -44.484994 32.523503 -0.200000
v -44.564928 31.711916 -0.200000
v -44.801659 30.931519 -0.200000
v -45.186089 30.212300 -0.200000
v -45.703446 29.581900 -0.200000
v -46.333846 29.064543 -0.200000
v -47.053065 28.680113 -0.200000
v -47.833462 28.443382 -0.200000
v -49.244732 36.322730 -0.200000
v 49.244732 36.337605 -0.200000
v 49.934102 36.263646 -0.200000
v 50.591451 36.043210 -0.200000
v 51.186038 35.686606 -0.200000
v 51.690056 35.210511 -0.200000
v 52.079934 34.637191 -0.200000
v 52.337437 33.993458 -0.200000
v 52.450524 33.309417 -0.200000
v 44.423090 32.523503 -0.200000
v 49.736951 32.523503 -0.200000
v 49.699469 32.808204 -0.200000
v 49.589579 33.073503 -0.200000
v 49.414768 33.301320 -0.200000
v 49.186951 33.476131 -0.200000
v 48.921652 33.586021 -0.200000
v 48.636951 33.623503 -0.200000
v 48.352250 33.586021 -0.200000
v 48.086951 33.476131 -0.200000
v 47.859134 33.301320 -0.200000
v 47.684323 33.073503 -0.200000
v 47.574433 32.808204 -0.200000
v 47.536951 32.523503 -0.200000
v 47.574433 32.238802 -0.200000
v 47.684323 31.973503 -0.200000
v 47.859134 31.745686 -0.200000
v 48.086951 31.570875 -0.200000
v 48.352250 31.460985 -0.200000
v 48.636951 31.423503 -0.200000
v 48.921652 31.460985 -0.200000
v 49.186951 31.570875 -0.200000
v 49.414768 31.745686 -0.200000
v 49.589579 31.973503 -0.200000
v 49.699469 32.238802 -0.200000
v 48.636951 28.309642 -0.200000
v 47.814867 28.390610 -0.200000
v 47.024376 28.630403 -0.200000
v 46.295855 29.019806 -0.200000
v 45.657301 29.543853 -0.200000
v 45.133254 30.182407 -0.200000
v 44.743851 30.910928 -0.200000
v 44.504058 31.701419 -0.200000
v 52.452954 33.129383 -0.200000
v 37.224080 -35.042972 -0.200000
v 36.710393 -35.554865 -0.200000
v 36.101923 -35.949418 -0.200000
v 35.424993 -36.209562 -0.200000
v 34.708891 -36.324041 -0.200000
v 35.004951 -31.860497 -0.200000
v 34.967469 -31.575796 -0.200000
v 34.857579 -31.310497 -0.200000
v 34.682768 -31.082680 -0.200000
v 34.454951 -30.907869 -0.200000
v 34.189652 -30.797979 -0.200000
v 33.904951 -30.760497 -0.200000
v 33.620250 -30.797979 -0.200000
v 33.354951 -30.907869 -0.200000
v 33.127134 -31.082680 -0.200000
v 32.952323 -31.310497 -0.200000
v 32.842433 -31.575796 -0.200000
v 32.804951 -31.860497 -0.200000
v 32.842433 -32.145198 -0.200000
v 32.952323 -32.410497 -0.200000
v 33.127134 -32.638314 -0.200000
v 33.354951 -32.813125 -0.200000
v 33.620250 -32.923015 -0.200000
v 33.904951 -32.960497 -0.200000
v 34.189652 -32.923015 -0.200000
v 34.454951 -32.813125 -0.200000
v 34.682768 -32.638314 -0.200000
v 34.857579 -32.410497 -0.200000
v 34.967469 -32.145198 -0.200000
v 29.230992 -30.954359 -0.200000
v 29.479836 -30.103985 -0.200000
v 29.881942 -29.314447 -0.200000
v 30.423382 -28.613090 -0.200000
v 31.085405 -28.024205 -0.200000
v 31.845081 -27.568188 -0.200000
v 32.676100 -27.260834 -0.200000
v 33.549680 -27.112786 -0.200000
v 34.435564 -27.129173 -0.200000
v 35.303071 -27.309427 -0.200000
v 36.122154 -27.647305 -0.200000
v 36.864446 -28.131105 -0.200000
v 34.515229 -36.326640 -0.200000
v -34.127049 -36.320232 -0.200000
v -34.852247 -36.318984 -0.200000
v -35.561497 -36.167729 -0.200000
v -36.224110 -35.873010 -0.200000
v -36.811412 -35.447581 -0.200000
v -28.810323 -31.860497 -0.200000
v -32.559049 -31.860497 -0.200000
v -32.596531 -31.575796 -0.200000
v -32.706421 -31.310497 -0.200000
v -32.881232 -31.082680 -0.200000
v -33.109049 -30.907869 -0.200000
v -33.374348 -30.797979 -0.200000
v -33.659049 -30.760497 -0.200000
v -33.943750 -30.797979 -0.200000
v -34.209049 -30.907869 -0.200000
v -34.436866 -31.082680 -0.200000
v -34.611677 -31.310497 -0.200000
v -34.721567 -31.575796 -0.200000
v -34.759049 -31.860497 -0.200000
v -34.721567 -32.145198 -0.200000
v -34.611677 -32.410497 -0.200000
v -34.436866 -32.638314 -0.200000
v -34.209049 -32.813125 -0.200000
v -33.943750 -32.923015 -0.200000
v -33.659049 -32.960497 -0.200000
v -33.374348 -32.923015 -0.200000
v -33.109049 -32.813125 -0.200000
v -32.881232 -32.638314 -0.200000
v -32.706421 -32.410497 -0.200000
v -32.596531 -32.145198 -0.200000
v -37.196545 -28.544435 -0.200000
v -36.531167 -27.953953 -0.200000
v -35.769108 -27.494973 -0.200000
v -34.936020 -27.182945 -0.200000
v -34.059947 -27.028372 -0.200000
v -33.170378 -27.036458 -0.200000
v -32.297260 -27.206931 -0.200000
v -31.469982 -27.534052 -0.200000
v -30.716392 -28.006809 -0.200000
v -30.061857 -28.609288 -0.200000
v -29.528411 -29.321210 -0.200000
v -29.134011 -30.118609 -0.200000
v -28.891931 -30.974643 -0.200000
v -36.950187 -35.312475 -0.200000
vt 5.795435 0.235000 0.000000
vt 0.000000 0.235000 0.000000
vt 5.795435 0.000000 0.000000
vt 0.000000 0.000000 0.000000
vt 0.200000 0.020000 0.000000
vt 0.449002 0.020000 0.000000
vt 0.200000 0.255000 0.000000
vt 0.449002 0.255000 0.000000
vt 0.000000 0.050000 0.000000
vt 8.890808 0.050000 0.000000
vt 0.000000 0.235000 0.000000
vt 8.890808 0.235000 0.000000
vt 8.890778 0.235000 0.000000
vt 0.000000 0.235000 0.000000
vt 8.890778 0.000000 0.000000
vt 0.000000 0.000000 0.000000
vt 0.000000 0.235000 0.000000
vt 0.000000 0.050000 0.000000
vt 0.200000 0.235000 0.000000
vt 0.200000 0.000000 0.000000
vt 0.000000 0.000000 0.000000
vt -2.880983 -3.432610 0.000000
vt 2.914452 -3.433151 0.000000
vt -2.880983 -3.186587 0.000000
vt 2.914452 -3.184149 0.000000
vt -2.889144 -3.098001 0.000000
vt 2.923148 -3.095973 0.000000
vt -2.913352 -3.012398 0.000000
vt 2.948033 -3.010935 0.000000
vt -2.952792 -2.932658 0.000000
vt 2.988243 -2.931982 0.000000
vt -3.006137 -2.861466 0.000000
vt 3.042387 -2.861846 0.000000
vt -3.071590 -2.801218 0.000000
vt 3.108590 -2.802957 0.000000
vt -3.146949 -2.753942 0.000000
vt 3.184557 -2.757356 0.000000
vt 4.565779 2.953848 0.000000
vt 4.629635 2.901444 0.000000
vt 3.267659 -2.726620 0.000000
vt 5.043890 -1.840930 0.000000
vt 3.355017 -2.711816 0.000000
vt 4.980197 -1.963987 0.000000
vt 3.443606 -2.713454 0.000000
vt 3.530356 -2.731480 0.000000
vt 3.612265 -2.765267 0.000000
vt 3.686494 -2.813647 0.000000
vt 3.750473 -2.874944 0.000000
vt 3.909958 -3.034429 0.000000
vt 5.040959 -1.870964 0.000000
vt 4.997842 -1.949149 0.000000
vt 5.032023 -1.899787 0.000000
vt 5.017451 -1.926212 0.000000
vt 5.045209 2.830427 0.000000
vt 4.863744 2.830427 0.000000
vt 4.781536 2.838524 0.000000
vt 4.702487 2.862503 0.000000
vt -4.570295 2.957653 0.000000
vt 4.513375 3.017704 0.000000
vt -4.518560 3.020693 0.000000
vt 4.474434 3.090556 0.000000
vt -4.480117 3.092615 0.000000
vt 4.450455 3.169605 0.000000
vt -4.456444 3.170655 0.000000
vt 4.442358 3.251813 0.000000
vt -4.448450 3.251813 0.000000
vt -4.448420 3.431808 0.000000
vt -4.448450 3.631808 0.000000
vt 4.442358 3.433151 0.000000
vt -4.633335 2.905917 0.000000
vt -3.229677 -2.721230 0.000000
vt -5.044838 -1.835236 0.000000
vt -3.316989 -2.704183 0.000000
vt -3.405945 -2.703374 0.000000
vt -4.983766 -1.957317 0.000000
vt -3.493553 -2.718831 0.000000
vt -3.576862 -2.750034 0.000000
vt -3.653067 -2.795932 0.000000
vt -3.719605 -2.854980 0.000000
vt -3.903922 -3.039297 0.000000
vt -4.705257 2.867474 0.000000
vt -4.783297 2.843801 0.000000
vt -4.864456 2.835808 0.000000
vt -5.045209 2.835808 0.000000
vt -5.044663 -1.848319 0.000000
vt -5.038767 -1.879924 0.000000
vt -5.026214 -1.909522 0.000000
vt -5.007589 -1.935728 0.000000
vt 0.000000 0.050000 0.000000
vt 4.672394 0.050000 0.000000
vt 0.000000 0.235000 0.000000
vt 4.672394 0.235000 0.000000
vt -0.235000 0.000000 0.000000
vt -0.050000 0.000000 0.000000
vt -0.235000 0.072651 0.000000
vt -0.050000 0.072651 0.000000
vt -0.235000 0.145302 0.000000
vt -0.050000 0.145302 0.000000
vt -0.235000 0.217953 0.000000
vt -0.050000 0.217953 0.000000
vt -0.235000 0.290604 0.000000
vt -0.050000 0.290604 0.000000
vt 0.000000 0.050000 0.000000
vt 0.019368 0.050000 0.000000
vt 0.000000 0.235000 0.000000
vt 0.019368 0.235000 0.000000
vt 4.671044 0.235000 0.000000
vt 0.000000 0.235000 0.000000
vt 4.671044 0.000000 0.000000
vt 0.000000 0.000000 0.000000
vt 0.013084 0.235000 0.000000
vt 0.000000 0.235000 0.000000
vt 0.013084 0.000000 0.000000
vt 0.000000 0.000000 0.000000
vt 0.235000 -0.000000 0.000000
vt 0.000000 0.032213 0.000000
vt 0.235000 0.032213 0.000000
vt 0.000000 0.064426 0.000000
vt 0.235000 0.064426 0.000000
vt 0.000000 0.096640 0.000000
vt 0.235000 0.096640 0.000000
vt 0.000000 0.128853 0.000000
vt 0.235000 0.128853 0.000000
vt 1.528641 0.235000 0.000000
vt -0.000000 0.235000 0.000000
vt 1.528641 0.000000 0.000000
vt 0.000000 0.000000 0.000000
vt 0.180753 0.255000 0.000000
vt 0.000000 0.255000 0.000000
vt 0.180753 0.020000 0.000000
vt 0.000000 0.020000 0.000000
vt -0.235000 -0.000000 0.000000
vt -0.050000 -0.000000 0.000000
vt -0.235000 0.072651 0.000000
vt -0.050000 0.072651 0.000000
vt -0.235000 0.145301 0.000000
vt -0.050000 0.145301 0.000000
vt -0.235000 0.217952 0.000000
vt -0.050000 0.217952 0.000000
vt -0.235000 0.290602 0.000000
vt -0.050000 0.290602 0.000000
vt 0.000000 0.050000 0.000000
vt 0.019368 0.050000 0.000000
vt 0.000000 0.235000 0.000000
vt 0.019368 0.235000 0.000000
vt 1.513691 0.235000 0.000000
vt -0.000000 0.235000 0.000000
vt 1.513691 0.000000 0.000000
vt -0.000000 0.000000 0.000000
vt 0.023054 0.235000 0.000000
vt -0.000000 0.235000 0.000000
vt 0.023054 0.000000 0.000000
vt -0.000000 0.000000 0.000000
vt 0.235000 0.000000 0.000000
vt -0.000000 0.030229 0.000000
vt 0.235000 0.030229 0.000000
vt -0.000000 0.060457 0.000000
vt 0.235000 0.060457 0.000000
vt -0.000000 0.090686 0.000000
vt 0.235000 0.090686 0.000000
vt -0.000000 0.120914 0.000000
vt 0.235000 0.120914 0.000000
vt 4.671357 0.235000 0.000000
vt 0.000000 0.235000 0.000000
vt 4.671357 -0.000000 0.000000
vt 0.000000 0.000000 0.000000
vt 0.225546 0.255000 0.000000
vt 0.000000 0.255000 0.000000
vt 0.225546 0.020000 0.000000
vt 0.000000 0.020000 0.000000
vt 0.080000 -0.604757 0.000000
vt 0.000000 -0.604757 0.000000
vt 0.080000 -0.659734 0.000000
vt 0.000000 -0.659734 0.000000
vt 0.080000 0.659734 0.000000
vt 0.000000 0.659734 0.000000
vt 0.080000 0.604757 0.000000
vt 0.000000 0.604757 0.000000
vt 0.080000 0.549779 0.000000
vt 0.000000 0.549779 0.000000
vt 0.080000 0.494801 0.000000
vt 0.000000 0.494801 0.000000
vt 0.080000 0.439823 0.000000
vt 0.000000 0.439823 0.000000
vt 0.080000 0.384845 0.000000
vt 0.000000 0.384845 0.000000
vt 0.080000 0.329867 0.000000
vt 0.000000 0.329867 0.000000
vt 0.080000 0.274889 0.000000
vt 0.000000 0.274889 0.000000
vt 0.080000 0.219911 0.000000
vt 0.000000 0.219911 0.000000
vt 0.080000 0.164934 0.000000
vt 0.000000 0.164934 0.000000
vt 0.080000 0.109956 0.000000
vt 0.000000 0.109956 0.000000
vt 0.080000 0.054978 0.000000
vt 0.000000 0.054978 0.000000
vt 0.080000 0.000000 0.000000
vt 0.000000 0.000000 0.000000
vt 0.080000 -0.054978 0.000000
vt 0.000000 -0.054978 0.000000
vt 0.080000 -0.109956 0.000000
vt 0.000000 -0.109956 0.000000
vt 0.080000 -0.164934 0.000000
vt 0.000000 -0.164934 0.000000
vt 0.080000 -0.219911 0.000000
vt 0.000000 -0.219911 0.000000
vt 0.080000 -0.274889 0.000000
vt 0.000000 -0.274889 0.000000
vt 0.080000 -0.329867 0.000000
vt 0.000000 -0.329867 0.000000
vt 0.080000 -0.384845 0.000000
vt 0.000000 -0.384845 0.000000
vt 0.080000 -0.439823 0.000000
vt 0.000000 -0.439823 0.000000
vt 0.080000 -0.494801 0.000000
vt 0.000000 -0.494801 0.000000
vt 0.080000 -0.549779 0.000000
vt 0.000000 -0.549779 0.000000
vt -0.106252 -0.028470 0.000000
vt -0.110000 -0.000000 0.000000
vt -0.210000 -0.000000 0.000000
vt -0.106252 0.028470 0.000000
vt -0.202844 0.054352 0.000000
vt -0.095263 0.055000 0.000000
vt -0.181865 0.105000 0.000000
vt -0.077782 0.077782 0.000000
vt -0.148492 0.148492 0.000000
vt -0.055000 0.095263 0.000000
vt -0.105000 0.181865 0.000000
vt -0.028470 0.106252 0.000000
vt -0.054352 0.202844 0.000000
vt 0.000000 0.110000 0.000000
vt 0.000000 0.210000 0.000000
vt 0.054352 0.202844 0.000000
vt 0.028470 0.106252 0.000000
vt 0.105000 0.181865 0.000000
vt 0.055000 0.095263 0.000000
vt 0.148492 0.148492 0.000000
vt 0.077782 0.077782 0.000000
vt 0.181865 0.105000 0.000000
vt 0.095263 0.055000 0.000000
vt 0.202844 0.054352 0.000000
vt 0.106252 0.028470 0.000000
vt 0.210000 0.000000 0.000000
vt 0.110000 0.000000 0.000000
vt 0.202844 -0.054352 0.000000
vt 0.106252 -0.028470 0.000000
vt 0.095263 -0.055000 0.000000
vt 0.181865 -0.105000 0.000000
vt 0.077782 -0.077782 0.000000
vt 0.148492 -0.148492 0.000000
vt 0.055000 -0.095263 0.000000
vt 0.105000 -0.181865 0.000000
vt 0.028470 -0.106252 0.000000
vt 0.054352 -0.202844 0.000000
vt -0.000000 -0.110000 0.000000
vt -0.000000 -0.210000 0.000000
vt -0.054352 -0.202844 0.000000
vt -0.028470 -0.106252 0.000000
vt -0.105000 -0.181865 0.000000
vt -0.055000 -0.095263 0.000000
vt -0.148492 -0.148492 0.000000
vt -0.077782 -0.077782 0.000000
vt -0.181865 -0.105000 0.000000
vt -0.095263 -0.055000 0.000000
vt -0.202844 -0.054352 0.000000
vt 0.080000 -0.604757 0.000000
vt 0.000000 -0.604757 0.000000
vt 0.080000 -0.659734 0.000000
vt 0.000000 -0.659734 0.000000
vt 0.080000 0.659734 0.000000
vt 0.000000 0.659734 0.000000
vt 0.080000 0.604757 0.000000
vt 0.000000 0.604757 0.000000
vt 0.080000 0.549779 0.000000
vt 0.000000 0.549779 0.000000
vt 0.080000 0.494801 0.000000
vt 0.000000 0.494801 0.000000
vt 0.080000 0.439823 0.000000
vt 0.000000 0.439823 0.000000
vt 0.080000 0.384845 0.000000
vt 0.000000 0.384845 0.000000
vt 0.080000 0.329867 0.000000
vt 0.000000 0.329867 0.000000
vt 0.080000 0.274889 0.000000
vt 0.000000 0.274889 0.000000
vt 0.080000 0.219911 0.000000
vt 0.000000 0.219911 0.000000
vt 0.080000 0.164934 0.000000
vt 0.000000 0.164934 0.000000
vt 0.080000 0.109956 0.000000
vt 0.000000 0.109956 0.000000
vt 0.080000 0.054978 0.000000
vt 0.000000 0.054978 0.000000
vt 0.080000 0.000000 0.000000
vt 0.000000 0.000000 0.000000
vt 0.080000 -0.054978 0.000000
vt 0.000000 -0.054978 0.000000
vt 0.080000 -0.109956 0.000000
vt 0.000000 -0.109956 0.000000
vt 0.080000 -0.164934 0.000000
vt 0.000000 -0.164934 0.000000
vt 0.080000 -0.219911 0.000000
vt 0.000000 -0.219911 0.000000
vt 0.080000 -0.274889 0.000000
vt 0.000000 -0.274889 0.000000
vt 0.080000 -0.329867 0.000000
vt 0.000000 -0.329867 0.000000
vt 0.080000 -0.384845 0.000000
vt 0.000000 -0.384845 0.000000
vt 0.080000 -0.439823 0.000000
vt 0.000000 -0.439823 0.000000
vt 0.080000 -0.494801 0.000000
vt 0.000000 -0.494801 0.000000
vt 0.080000 -0.549779 0.000000
vt 0.000000 -0.549779 0.000000
vt -0.106252 -0.028470 0.000000
vt -0.110000 -0.000000 0.000000
vt -0.210000 -0.000000 0.000000
vt -0.106252 0.028470 0.000000
vt -0.202844 0.054352 0.000000
vt -0.095263 0.055000 0.000000
vt -0.181865 0.105000 0.000000
vt -0.077782 0.077782 0.000000
vt -0.148492 0.148492 0.000000
vt -0.055000 0.095263 0.000000
vt -0.105000 0.181865 0.000000
vt -0.028470 0.106252 0.000000
vt -0.054352 0.202844 0.000000
vt 0.000000 0.110000 0.000000
vt 0.000000 0.210000 0.000000
vt 0.054352 0.202844 0.000000
vt 0.028470 0.106252 0.000000
vt 0.105000 0.181865 0.000000
vt 0.055000 0.095263 0.000000
vt 0.148492 0.148492 0.000000
vt 0.077782 0.077782 0.000000
vt 0.181865 0.105000 0.000000
vt 0.095263 0.055000 0.000000
vt 0.202844 0.054352 0.000000
vt 0.106252 0.028470 0.000000
vt 0.210000 0.000000 0.000000
vt 0.110000 0.000000 0.000000
vt 0.202844 -0.054352 0.000000
vt 0.106252 -0.028470 0.000000
vt 0.095263 -0.055000 0.000000
vt 0.181865 -0.105000 0.000000
vt 0.077782 -0.077782 0.000000
vt 0.148492 -0.148492 0.000000
vt 0.055000 -0.095263 0.000000
vt 0.105000 -0.181865 0.000000
vt 0.028470 -0.106252 0.000000
vt 0.054352 -0.202844 0.000000
vt -0.000000 -0.110000 0.000000
vt -0.000000 -0.210000 0.000000
vt -0.054352 -0.202844 0.000000
vt -0.028470 -0.106252 0.000000
vt -0.105000 -0.181865 0.000000
vt -0.055000 -0.095263 0.000000
vt -0.148492 -0.148492 0.000000
vt -0.077782 -0.077782 0.000000
vt -0.181865 -0.105000 0.000000
vt -0.095263 -0.055000 0.000000
vt -0.202844 -0.054352 0.000000
vt 0.080000 -0.604757 0.000000
vt 0.000000 -0.604757 0.000000
vt 0.080000 -0.659734 0.000000
vt 0.000000 -0.659734 0.000000
vt 0.080000 0.659734 0.000000
vt 0.000000 0.659734 0.000000
vt 0.080000 0.604757 0.000000
vt 0.000000 0.604757 0.000000
vt 0.080000 0.549779 0.000000
vt 0.000000 0.549779 0.000000
vt 0.080000 0.494801 0.000000
vt 0.000000 0.494801 0.000000
vt 0.080000 0.439823 0.000000
vt 0.000000 0.439823 0.000000
vt 0.080000 0.384845 0.000000
vt 0.000000 0.384845 0.000000
vt 0.080000 0.329867 0.000000
vt 0.000000 0.329867 0.000000
vt 0.080000 0.274889 0.000000
vt 0.000000 0.274889 0.000000
vt 0.080000 0.219911 0.000000
vt 0.000000 0.219911 0.000000
vt 0.080000 0.164934 0.000000
vt 0.000000 0.164934 0.000000
vt 0.080000 0.109956 0.000000
vt 0.000000 0.109956 0.000000
vt 0.080000 0.054978 0.000000
vt 0.000000 0.054978 0.000000
vt 0.080000 0.000000 0.000000
vt 0.000000 0.000000 0.000000
vt 0.080000 -0.054978 0.000000
vt 0.000000 -0.054978 0.000000
vt 0.080000 -0.109956 0.000000
vt 0.000000 -0.109956 0.000000
vt 0.080000 -0.164934 0.000000
vt 0.000000 -0.164934 0.000000
vt 0.080000 -0.219911 0.000000
vt 0.000000 -0.219911 0.000000
vt 0.080000 -0.274889 0.000000
vt 0.000000 -0.274889 0.000000
vt 0.080000 -0.329867 0.000000
vt 0.000000 -0.329867 0.000000
vt 0.080000 -0.384845 0.000000
vt 0.000000 -0.384845 0.000000
vt 0.080000 -0.439823 0.000000
vt 0.000000 -0.439823 0.000000
vt 0.080000 -0.494801 0.000000
vt 0.000000 -0.494801 0.000000
vt 0.080000 -0.549779 0.000000
vt 0.000000 -0.549779 0.000000
vt -0.106252 -0.028470 0.000000
vt -0.110000 -0.000000 0.000000
vt -0.210000 -0.000000 0.000000
vt -0.106252 0.028470 0.000000
vt -0.202844 0.054352 0.000000
vt -0.095263 0.055000 0.000000
vt -0.181865 0.105000 0.000000
vt -0.077782 0.077782 0.000000
vt -0.148492 0.148492 0.000000
vt -0.055000 0.095263 0.000000
vt -0.105000 0.181865 0.000000
vt -0.028470 0.106252 0.000000
vt -0.054352 0.202844 0.000000
vt 0.000000 0.110000 0.000000
vt 0.000000 0.210000 0.000000
vt 0.054352 0.202844 0.000000
vt 0.028470 0.106252 0.000000
vt 0.105000 0.181865 0.000000
vt 0.055000 0.095263 0.000000
vt 0.148492 0.148492 0.000000
vt 0.077782 0.077782 0.000000
vt 0.181865 0.105000 0.000000
vt 0.095263 0.055000 0.000000
vt 0.202844 0.054352 0.000000
vt 0.106252 0.028470 0.000000
vt 0.210000 0.000000 0.000000
vt 0.110000 0.000000 0.000000
vt 0.202844 -0.054352 0.000000
vt 0.106252 -0.028470 0.000000
vt 0.095263 -0.055000 0.000000
vt 0.181865 -0.105000 0.000000
vt 0.077782 -0.077782 0.000000
vt 0.148492 -0.148492 0.000000
vt 0.055000 -0.095263 0.000000
vt 0.105000 -0.181865 0.000000
vt 0.028470 -0.106252 0.000000
vt 0.054352 -0.202844 0.000000
vt -0.000000 -0.110000 0.000000
vt -0.000000 -0.210000 0.000000
vt -0.054352 -0.202844 0.000000
vt -0.028470 -0.106252 0.000000
vt -0.105000 -0.181865 0.000000
vt -0.055000 -0.095263 0.000000
vt -0.148492 -0.148492 0.000000
vt -0.077782 -0.077782 0.000000
vt -0.181865 -0.105000 0.000000
vt -0.095263 -0.055000 0.000000
vt -0.202844 -0.054352 0.000000
vt 0.080000 -0.604757 0.000000
vt 0.000000 -0.604757 0.000000
vt 0.080000 -0.659734 0.000000
vt 0.000000 -0.659734 0.000000
vt 0.080000 0.659734 0.000000
vt 0.000000 0.659734 0.000000
vt 0.080000 0.604757 0.000000
vt 0.000000 0.604757 0.000000
vt 0.080000 0.549779 0.000000
vt 0.000000 0.549779 0.000000
vt 0.080000 0.494801 0.000000
vt 0.000000 0.494801 0.000000
vt 0.080000 0.439823 0.000000
vt 0.000000 0.439823 0.000000
vt 0.080000 0.384845 0.000000
vt 0.000000 0.384845 0.000000
vt 0.080000 0.329867 0.000000
vt 0.000000 0.329867 0.000000
vt 0.080000 0.274889 0.000000
vt 0.000000 0.274889 0.000000
vt 0.080000 0.219911 0.000000
vt 0.000000 0.219911 0.000000
vt 0.080000 0.164934 0.000000
vt 0.000000 0.164934 0.000000
vt 0.080000 0.109956 0.000000
vt 0.000000 0.109956 0.000000
vt 0.080000 0.054978 0.000000
vt 0.000000 0.054978 0.000000
vt 0.080000 0.000000 0.000000
vt 0.000000 0.000000 0.000000
vt 0.080000 -0.054978 0.000000
vt 0.000000 -0.054978 0.000000
vt 0.080000 -0.109956 0.000000
vt 0.000000 -0.109956 0.000000
vt 0.080000 -0.164934 0.000000
vt 0.000000 -0.164934 0.000000
vt 0.080000 -0.219911 0.000000
vt 0.000000 -0.219911 0.000000
vt 0.080000 -0.274889 0.000000
vt 0.000000 -0.274889 0.000000
vt 0.080000 -0.329867 0.000000
vt 0.000000 -0.329867 0.000000
vt 0.080000 -0.384845 0.000000
vt 0.000000 -0.384845 0.000000
vt 0.080000 -0.439823 0.000000
vt 0.000000 -0.439823 0.000000
vt 0.080000 -0.494801 0.000000
vt 0.000000 -0.494801 0.000000
vt 0.080000 -0.549779 0.000000
vt 0.000000 -0.549779 0.000000
vt -0.106252 -0.028470 0.000000
vt -0.110000 -0.000000 0.000000
vt -0.210000 -0.000000 0.000000
vt -0.106252 0.028470 0.000000
vt -0.202844 0.054352 0.000000
vt -0.095263 0.055000 0.000000
vt -0.181865 0.105000 0.000000
vt -0.077782 0.077782 0.000000
vt -0.148492 0.148492 0.000000
vt -0.055000 0.095263 0.000000
vt -0.105000 0.181865 0.000000
vt -0.028470 0.106252 0.000000
vt -0.054352 0.202844 0.000000
vt 0.000000 0.110000 0.000000
vt 0.000000 0.210000 0.000000
vt 0.054352 0.202844 0.000000
vt 0.028470 0.106252 0.000000
vt 0.105000 0.181865 0.000000
vt 0.055000 0.095263 0.000000
vt 0.148492 0.148492 0.000000
vt 0.077782 0.077782 0.000000
vt 0.181865 0.105000 0.000000
vt 0.095263 0.055000 0.000000
vt 0.202844 0.054352 0.000000
vt 0.106252 0.028470 0.000000
vt 0.210000 0.000000 0.000000
vt 0.110000 0.000000 0.000000
vt 0.202844 -0.054352 0.000000
vt 0.106252 -0.028470 0.000000
vt 0.095263 -0.055000 0.000000
vt 0.181865 -0.105000 0.000000
vt 0.077782 -0.077782 0.000000
vt 0.148492 -0.148492 0.000000
vt 0.055000 -0.095263 0.000000
vt 0.105000 -0.181865 0.000000
vt 0.028470 -0.106252 0.000000
vt 0.054352 -0.202844 0.000000
vt -0.000000 -0.110000 0.000000
vt -0.000000 -0.210000 0.000000
vt -0.054352 -0.202844 0.000000
vt -0.028470 -0.106252 0.000000
vt -0.105000 -0.181865 0.000000
vt -0.055000 -0.095263 0.000000
vt -0.148492 -0.148492 0.000000
vt -0.077782 -0.077782 0.000000
vt -0.181865 -0.105000 0.000000
vt -0.095263 -0.055000 0.000000
vt -0.202844 -0.054352 0.000000
vt 0.121421 1.608365 0.000000
vt 0.121611 1.628249 0.000000
vt -0.090711 1.609356 0.000000
vt -0.090486 1.632896 0.000000
vt 2.423555 -0.152347 0.000000
vt 2.443421 -0.152726 0.000000
vt 2.426603 0.059766 0.000000
vt 2.450092 0.059317 0.000000
vt -1.714598 -0.073544 0.000000
vt -1.689794 -0.074014 0.000000
vt -1.707986 0.138501 0.000000
vt -1.686782 0.138099 0.000000
vt -0.114326 -0.869542 0.000000
vt -0.114527 -0.890742 0.000000
vt 0.097806 -0.870555 0.000000
vt 0.097571 -0.895342 0.000000
vt 0.106066 0.404760 0.000000
vt -0.106066 0.402144 0.000000
vt 0.106066 0.323808 0.000000
vt -0.106066 0.320392 0.000000
vt 0.106066 0.242856 0.000000
vt -0.106066 0.238639 0.000000
vt 0.106066 0.161904 0.000000
vt -0.106066 0.156886 0.000000
vt 0.106066 0.080952 0.000000
vt -0.106066 0.075134 0.000000
vt 0.106066 0.000000 0.000000
vt -0.106066 -0.006619 0.000000
vt 0.133111 0.002782 0.000000
vt 0.147745 0.022931 0.000000
vt -0.037007 0.129536 0.000000
vt -0.024526 0.146720 0.000000
vt -0.054554 0.106651 0.000000
vt 0.118143 -0.016544 0.000000
vt 1.104013 1.748351 0.000000
vt 1.273560 1.620692 0.000000
vt -0.106066 -0.006563 0.000000
vt 0.106066 0.000000 0.000000
vt -0.106066 0.075199 0.000000
vt 0.106066 0.080972 0.000000
vt -0.106066 0.156960 0.000000
vt 0.106066 0.161945 0.000000
vt -0.106066 0.238722 0.000000
vt 0.106066 0.242917 0.000000
vt -0.106066 0.320484 0.000000
vt 0.106066 0.323890 0.000000
vt -0.106066 0.402246 0.000000
vt 0.106066 0.404862 0.000000
vt -1.726660 -0.106294 0.000000
vt 5.129139 -0.105389 0.000000
vt -1.725675 0.105838 0.000000
vt 5.135598 0.106744 0.000000
vt 0.106303 4.230296 0.000000
vt 0.000237 4.230343 0.000000
vt 0.106015 -0.918534 0.000000
vt -0.106117 -0.917521 0.000000
vt -0.105829 4.230389 0.000000
vt 0.106066 0.710563 0.000000
vt -0.106066 0.707905 0.000000
vt 0.106066 0.631611 0.000000
vt -0.106066 0.619405 0.000000
vt 0.106066 0.552660 0.000000
vt -0.106066 0.530905 0.000000
vt 0.106066 0.473708 0.000000
vt -0.106066 0.442405 0.000000
vt 0.106066 0.394757 0.000000
vt -0.106066 0.353904 0.000000
vt 0.106066 0.315806 0.000000
vt -0.106066 0.265404 0.000000
vt 0.106066 0.236854 0.000000
vt -0.106066 0.176904 0.000000
vt 0.106066 0.157903 0.000000
vt -0.106066 0.088404 0.000000
vt 0.106066 0.078951 0.000000
vt 0.000000 -0.000040 0.000000
vt 0.106066 -0.000000 0.000000
vt -0.106066 -0.000096 0.000000
vt -0.106066 -0.006549 0.000000
vt 0.106066 0.000000 0.000000
vt -0.106066 0.075213 0.000000
vt 0.106066 0.080975 0.000000
vt -0.106066 0.156974 0.000000
vt 0.106066 0.161950 0.000000
vt -0.106066 0.238735 0.000000
vt 0.106066 0.242925 0.000000
vt -0.106066 0.320497 0.000000
vt 0.106066 0.323900 0.000000
vt -0.106066 0.402258 0.000000
vt 0.106066 0.404875 0.000000
vt -7.387565 0.107644 0.000000
vt -7.387626 0.001578 0.000000
vt 2.462719 0.105540 0.000000
vt 2.461672 -0.106592 0.000000
vt -7.387687 -0.104488 0.000000
vt 0.106066 0.710569 0.000000
vt -0.106066 0.707911 0.000000
vt 0.106066 0.631617 0.000000
vt -0.106066 0.619411 0.000000
vt 0.106066 0.552665 0.000000
vt -0.106066 0.530911 0.000000
vt 0.106066 0.473713 0.000000
vt -0.106066 0.442410 0.000000
vt 0.106066 0.394761 0.000000
vt -0.106066 0.353910 0.000000
vt 0.106066 0.315808 0.000000
vt -0.106066 0.265410 0.000000
vt 0.106066 0.236856 0.000000
vt -0.106066 0.176909 0.000000
vt 0.106066 0.157904 0.000000
vt -0.106066 0.088409 0.000000
vt 0.106066 0.078952 0.000000
vt 0.000000 -0.000038 0.000000
vt 0.106066 0.000000 0.000000
vt -0.106066 -0.000091 0.000000
vt -0.696951 0.802089 0.000000
vt 0.429252 -0.790903 0.000000
vt -0.527475 0.929838 0.000000
vt 0.606204 -0.673730 0.000000
vt -0.902548 0.908483 0.000000
vt -0.736022 1.040054 0.000000
vt -0.911442 0.919060 0.000000
vt -0.747421 1.053610 0.000000
vt -0.105368 -3.496272 0.000000
vt 0.000698 -3.496340 0.000000
vt -0.106397 1.657969 0.000000
vt 0.105735 1.656978 0.000000
vt 0.106764 -3.496409 0.000000
vt 0.106066 0.415513 0.000000
vt -0.106066 0.412896 0.000000
vt 0.106066 0.332410 0.000000
vt -0.106066 0.330275 0.000000
vt 0.106066 0.249308 0.000000
vt -0.106066 0.247653 0.000000
vt 0.106066 0.166205 0.000000
vt -0.106066 0.165032 0.000000
vt 0.106066 0.083103 0.000000
vt -0.106066 0.082411 0.000000
vt 0.106066 0.000000 0.000000
vt 0.000000 -0.000089 0.000000
vt -0.106066 -0.000211 0.000000
vt -0.000000 0.825028 0.000000
vt -0.150000 0.825028 0.000000
vt -0.000000 0.733359 0.000000
vt -0.150000 0.733359 0.000000
vt -0.000000 0.641689 0.000000
vt -0.150000 0.641689 0.000000
vt -0.000000 0.550019 0.000000
vt -0.150000 0.550019 0.000000
vt -0.000000 0.458349 0.000000
vt -0.150000 0.458349 0.000000
vt -0.000000 0.366679 0.000000
vt -0.150000 0.366679 0.000000
vt -0.000000 0.275009 0.000000
vt -0.150000 0.275009 0.000000
vt -0.000000 0.183340 0.000000
vt -0.150000 0.183340 0.000000
vt -0.000000 0.091670 0.000000
vt -0.150000 0.091670 0.000000
vt -0.000000 0.000000 0.000000
vt -0.150000 0.000000 0.000000
vt 9.850284 0.150000 0.000000
vt -0.000000 0.150000 0.000000
vt 9.850284 0.000000 0.000000
vt 0.000000 0.000000 0.000000
vt 0.023494 0.150000 0.000000
vt 0.000000 0.150000 0.000000
vt 0.023494 0.000000 0.000000
vt 0.000000 0.000000 0.000000
vt -0.000000 0.825021 0.000000
vt -0.150000 0.825021 0.000000
vt -0.000000 0.733352 0.000000
vt -0.150000 0.733352 0.000000
vt -0.000000 0.641683 0.000000
vt -0.150000 0.641683 0.000000
vt -0.000000 0.550014 0.000000
vt -0.150000 0.550014 0.000000
vt -0.000000 0.458345 0.000000
vt -0.150000 0.458345 0.000000
vt -0.000000 0.366676 0.000000
vt -0.150000 0.366676 0.000000
vt -0.000000 0.275007 0.000000
vt -0.150000 0.275007 0.000000
vt -0.000000 0.183338 0.000000
vt -0.150000 0.183338 0.000000
vt -0.000000 0.091669 0.000000
vt -0.150000 0.091669 0.000000
vt 0.000000 -0.000000 0.000000
vt -0.150000 -0.000000 0.000000
vt 5.148830 0.150000 0.000000
vt 0.000000 0.150000 0.000000
vt 5.148830 0.000000 0.000000
vt 0.000000 0.000000 0.000000
vt 0.024788 0.150000 0.000000
vt -0.000000 0.150000 0.000000
vt 0.024788 0.000000 0.000000
vt 0.000000 0.000000 0.000000
vt 0.000000 0.466256 0.000000
vt -0.150000 0.466256 0.000000
vt -0.000000 0.373005 0.000000
vt -0.150000 0.373005 0.000000
vt 0.000000 0.279754 0.000000
vt -0.150000 0.279754 0.000000
vt 0.000000 0.186502 0.000000
vt -0.150000 0.186502 0.000000
vt 0.000000 0.093251 0.000000
vt -0.150000 0.093251 0.000000
vt 0.000000 -0.000000 0.000000
vt -0.150000 -0.000000 0.000000
vt 2.003878 0.150000 0.000000
vt -0.000000 0.150000 0.000000
vt 2.003878 0.000000 0.000000
vt -0.000000 0.000000 0.000000
vt 0.024903 0.150000 0.000000
vt 0.000000 0.150000 0.000000
vt 0.024903 0.000000 0.000000
vt 0.000000 0.000000 0.000000
vt -3.593339 -3.131652 0.000000
vt -5.162840 -2.162551 0.000000
vt -3.600495 -3.186004 0.000000
vt -3.774329 -3.551325 0.000000
vt -3.593339 -3.240356 0.000000
vt -3.572360 -3.291004 0.000000
vt -3.538987 -3.334496 0.000000
vt -3.495495 -3.367869 0.000000
vt -3.725880 -3.600819 0.000000
vt -3.444847 -3.388848 0.000000
vt -3.669934 -3.641649 0.000000
vt -3.608022 -3.672696 0.000000
vt -3.572360 -3.081004 0.000000
vt -3.538987 -3.037512 0.000000
vt -3.495495 -3.004139 0.000000
vt -3.444847 -2.983160 0.000000
vt -3.390495 -2.976004 0.000000
vt -5.313841 -1.839940 0.000000
vt -3.336143 -2.983160 0.000000
vt -4.758695 3.070531 0.000000
vt -4.715203 3.103904 0.000000
vt -3.285495 -3.004139 0.000000
vt 3.260905 -3.004139 0.000000
vt 3.217413 -3.037512 0.000000
vt -3.242003 -3.037512 0.000000
vt 3.184040 -3.081004 0.000000
vt -3.208630 -3.081004 0.000000
vt 3.163061 -3.131652 0.000000
vt -3.187651 -3.131652 0.000000
vt 3.155905 -3.186004 0.000000
vt -3.180495 -3.186004 0.000000
vt 3.163061 -3.240356 0.000000
vt -3.187651 -3.240356 0.000000
vt 3.184040 -3.291004 0.000000
vt -3.208630 -3.291004 0.000000
vt 3.409283 -3.701978 0.000000
vt -3.451989 -3.702618 0.000000
vt -3.242003 -3.334496 0.000000
vt -3.285495 -3.367869 0.000000
vt -3.336143 -3.388848 0.000000
vt -3.390495 -3.396004 0.000000
vt -3.473195 -3.702334 0.000000
vt -3.541838 -3.693110 0.000000
vt 4.661661 3.306748 0.000000
vt -4.660851 3.306748 0.000000
vt 4.654505 3.252396 0.000000
vt -4.653695 3.252396 0.000000
vt 4.661661 3.198044 0.000000
vt -4.660851 3.198044 0.000000
vt 4.682640 3.147396 0.000000
vt -4.681830 3.147396 0.000000
vt 4.716013 3.103904 0.000000
vt -4.681830 3.357396 0.000000
vt 4.682640 3.357396 0.000000
vt -4.715203 3.400888 0.000000
vt 4.716013 3.400888 0.000000
vt -4.924409 3.703806 0.000000
vt 4.924951 3.702319 0.000000
vt 4.759505 3.434261 0.000000
vt 4.810153 3.455240 0.000000
vt 4.864505 3.462396 0.000000
vt 4.918857 3.455240 0.000000
vt 4.944819 3.702050 0.000000
vt 5.018157 3.691223 0.000000
vt 5.088128 3.666734 0.000000
vt 5.152212 3.629466 0.000000
vt 4.969505 3.434261 0.000000
vt 5.208101 3.580762 0.000000
vt 5.253781 3.522375 0.000000
vt 5.012997 3.400888 0.000000
vt 5.287607 3.456410 0.000000
vt 5.046370 3.357396 0.000000
vt 5.308361 3.385242 0.000000
vt 5.067349 3.306748 0.000000
vt 5.315295 3.311434 0.000000
vt 5.074505 3.252396 0.000000
vt 5.067349 3.198044 0.000000
vt 5.046370 3.147396 0.000000
vt 5.012997 3.103904 0.000000
vt 4.969505 3.070531 0.000000
vt 5.314888 -1.836476 0.000000
vt 4.918857 3.049552 0.000000
vt 4.864505 3.042396 0.000000
vt 4.810153 3.049552 0.000000
vt 4.759505 3.070531 0.000000
vt 3.311553 -2.983160 0.000000
vt 3.365905 -2.976004 0.000000
vt 5.163625 -2.158785 0.000000
vt 5.314603 -1.857676 0.000000
vt 5.305382 -1.926312 0.000000
vt 5.284971 -1.992489 0.000000
vt 5.253931 -2.054395 0.000000
vt 5.213110 -2.110338 0.000000
vt 3.420257 -2.983160 0.000000
vt 3.470905 -3.004139 0.000000
vt 3.514397 -3.037512 0.000000
vt 3.547770 -3.081004 0.000000
vt 3.568749 -3.131652 0.000000
vt 3.575905 -3.186004 0.000000
vt 3.744209 -3.581007 0.000000
vt 3.568749 -3.240356 0.000000
vt 3.547770 -3.291004 0.000000
vt 3.514397 -3.334496 0.000000
vt 3.470905 -3.367869 0.000000
vt 3.728992 -3.595822 0.000000
vt 3.420257 -3.388848 0.000000
vt 3.673933 -3.637839 0.000000
vt 3.612700 -3.670203 0.000000
vt 3.546969 -3.692029 0.000000
vt 3.478539 -3.702718 0.000000
vt 3.365905 -3.396004 0.000000
vt 3.311553 -3.388848 0.000000
vt 3.260905 -3.367869 0.000000
vt 3.217413 -3.334496 0.000000
vt -5.066539 3.198044 0.000000
vt -5.073695 3.252396 0.000000
vt -5.315295 3.313446 0.000000
vt -5.066539 3.306748 0.000000
vt -5.315027 3.333330 0.000000
vt -5.045560 3.357396 0.000000
vt -5.304199 3.406668 0.000000
vt -5.279710 3.476639 0.000000
vt -5.012187 3.400888 0.000000
vt -5.242442 3.540723 0.000000
vt -4.968695 3.434261 0.000000
vt -5.193737 3.596612 0.000000
vt -5.135351 3.642292 0.000000
vt -4.918047 3.455240 0.000000
vt -5.069385 3.676118 0.000000
vt -4.998217 3.696872 0.000000
vt -4.863695 3.462396 0.000000
vt -4.809343 3.455240 0.000000
vt -4.758695 3.434261 0.000000
vt -4.809343 3.049552 0.000000
vt -4.863695 3.042396 0.000000
vt -4.918047 3.049552 0.000000
vt -4.968695 3.070531 0.000000
vt -5.012187 3.103904 0.000000
vt -5.045560 3.147396 0.000000
vt -5.308167 -1.909697 0.000000
vt -5.290953 -1.977534 0.000000
vt -5.262678 -2.041556 0.000000
vt -5.224133 -2.099973 0.000000
vt -5.176396 -2.151152 0.000000
vt -5.244628 -1.855370 0.000000
vt -5.244888 -1.836004 0.000000
vt -5.464887 -1.837489 0.000000
vt -5.245258 2.836390 0.000000
vt -5.465295 3.311341 0.000000
vt -5.245295 3.311496 0.000000
vt -5.237900 3.380434 0.000000
vt -5.457648 3.402580 0.000000
vt -5.215856 3.446169 0.000000
vt -5.434712 3.491220 0.000000
vt -5.397147 3.574719 0.000000
vt -5.180196 3.505627 0.000000
vt -5.346030 3.650680 0.000000
vt -5.132586 3.556029 0.000000
vt -5.282827 3.716926 0.000000
vt -5.075254 3.595017 0.000000
vt -5.209351 3.771555 0.000000
vt -5.010881 3.620767 0.000000
vt -5.127710 3.813001 0.000000
vt -5.040245 3.840076 0.000000
vt -4.942477 3.632076 0.000000
vt -4.949466 3.852001 0.000000
vt -4.924473 3.632319 0.000000
vt -4.925974 3.852318 0.000000
vt -4.448499 3.632391 0.000000
vt 4.442309 3.633733 0.000000
vt 4.924310 3.853806 0.000000
vt 4.924473 3.633806 0.000000
vt 5.015550 3.846159 0.000000
vt 4.993410 3.626410 0.000000
vt 5.104191 3.823225 0.000000
vt 5.187690 3.785660 0.000000
vt 5.059145 3.604367 0.000000
vt 5.263653 3.734543 0.000000
vt 5.118604 3.568706 0.000000
vt 5.329899 3.671340 0.000000
vt 5.169006 3.521097 0.000000
vt 5.384530 3.597864 0.000000
vt 5.207993 3.463765 0.000000
vt 5.425977 3.516222 0.000000
vt 5.453052 3.428757 0.000000
vt 5.233744 3.399391 0.000000
vt 5.464978 3.337977 0.000000
vt 5.245052 3.330987 0.000000
vt 5.465296 3.314438 0.000000
vt 5.245295 3.312984 0.000000
vt 5.463841 -1.839803 0.000000
vt 5.243841 -1.840035 0.000000
vt 5.236498 -1.912182 0.000000
vt 5.456003 -1.935097 0.000000
vt 5.214390 -1.981249 0.000000
vt 5.432309 -2.027730 0.000000
vt 5.178472 -2.044249 0.000000
vt 5.393431 -2.115083 0.000000
vt 5.340466 -2.194688 0.000000
vt 5.130299 -2.098456 0.000000
vt 5.115476 -2.110920 0.000000
vt 3.722408 -3.504252 0.000000
vt 5.264336 -2.273188 0.000000
vt 5.274913 -2.264294 0.000000
vt 3.884981 -3.652804 0.000000
vt 3.671039 -3.555441 0.000000
vt 3.818980 -3.718568 0.000000
vt 3.610192 -3.594896 0.000000
vt 3.743125 -3.772672 0.000000
vt 3.542499 -3.620911 0.000000
vt 3.659453 -3.813663 0.000000
vt 3.570211 -3.840441 0.000000
vt 3.470889 -3.632358 0.000000
vt 3.477794 -3.852286 0.000000
vt 3.451523 -3.632618 0.000000
vt 3.452989 -3.852618 0.000000
vt -3.402810 -3.851978 0.000000
vt -3.412705 -3.631978 0.000000
vt -3.495980 -3.851810 0.000000
vt -3.485225 -3.631853 0.000000
vt -3.587873 -3.836428 0.000000
vt -3.556150 -3.616727 0.000000
vt -3.676019 -3.806247 0.000000
vt -3.758054 -3.762077 0.000000
vt -3.622411 -3.587255 0.000000
vt -3.831775 -3.705103 0.000000
vt -3.849618 -3.687732 0.000000
vt -3.681141 -3.544712 0.000000
vt -3.695019 -3.531202 0.000000
vt -5.265174 -2.269377 0.000000
vt -5.116521 -2.106889 0.000000
vt -5.330907 -2.203380 0.000000
vt -5.167711 -2.055521 0.000000
vt -5.384983 -2.127538 0.000000
vt -5.207166 -1.994674 0.000000
vt -5.425953 -2.043885 0.000000
vt -5.452716 -1.954666 0.000000
vt -5.233180 -1.926981 0.000000
vt -5.464555 -1.862275 0.000000
vt 0.000000 0.466376 0.000000
vt -0.150000 0.466376 0.000000
vt 0.000000 0.373101 0.000000
vt -0.150000 0.373101 0.000000
vt 0.000000 0.279825 0.000000
vt -0.150000 0.279825 0.000000
vt 0.000000 0.186550 0.000000
vt -0.150000 0.186550 0.000000
vt -0.000000 0.093275 0.000000
vt -0.150000 0.093275 0.000000
vt -0.000000 -0.000000 0.000000
vt -0.150000 -0.000000 0.000000
vt 6.855799 0.150000 0.000000
vt 0.000000 0.150000 0.000000
vt 6.855799 0.000000 0.000000
vt 0.000000 0.000000 0.000000
vt 0.024808 0.150000 0.000000
vt 0.000000 0.150000 0.000000
vt 0.024808 -0.000000 0.000000
vt -0.000000 0.000000 0.000000
vt -0.000000 0.466387 0.000000
vt -0.150000 0.466387 0.000000
vt -0.000000 0.373110 0.000000
vt -0.150000 0.373110 0.000000
vt -0.000000 0.279832 0.000000
vt -0.150000 0.279832 0.000000
vt -0.000000 0.186555 0.000000
vt -0.150000 0.186555 0.000000
vt -0.000000 0.093277 0.000000
vt -0.150000 0.093277 0.000000
vt -0.000000 0.000000 0.000000
vt -0.150000 0.000000 0.000000
vt 1.950886 0.150000 0.000000
vt 0.000000 0.150000 0.000000
vt 1.950886 -0.000000 0.000000
vt -0.000000 0.000000 0.000000
vt 0.013820 0.150000 0.000000
vt 0.000000 0.150000 0.000000
vt 0.013820 -0.000000 0.000000
vt -0.000000 0.000000 0.000000
vt -0.000000 0.478640 0.000000
vt -0.150000 0.478640 0.000000
vt -0.000000 0.382912 0.000000
vt -0.150000 0.382912 0.000000
vt -0.000000 0.287184 0.000000
vt -0.150000 0.287184 0.000000
vt -0.000000 0.191456 0.000000
vt -0.150000 0.191456 0.000000
vt -0.000000 0.095728 0.000000
vt -0.150000 0.095728 0.000000
vt -0.000000 0.000000 0.000000
vt -0.150000 0.000000 0.000000
vt 5.154241 0.150000 0.000000
vt 0.000000 0.150000 0.000000
vt 5.154241 -0.000000 0.000000
vt -0.000000 0.000000 0.000000
vt 0.023541 0.150000 0.000000
vt 0.000000 0.150000 0.000000
vt 0.023541 -0.000000 0.000000
vt 0.000000 0.000000 0.000000
vt -0.020000 0.486279 0.000000
vt -0.205000 0.486279 0.000000
vt -0.020000 0.416811 0.000000
vt -0.205000 0.416811 0.000000
vt -0.020000 0.347342 0.000000
vt -0.205000 0.347342 0.000000
vt -0.020000 0.277874 0.000000
vt -0.205000 0.277874 0.000000
vt -0.020000 0.208405 0.000000
vt -0.205000 0.208405 0.000000
vt -0.020000 0.138937 0.000000
vt -0.205000 0.138937 0.000000
vt -0.020000 0.069468 0.000000
vt -0.205000 0.069468 0.000000
vt -0.020000 0.000000 0.000000
vt -0.205000 0.000000 0.000000
vt 0.475106 0.205000 0.000000
vt -0.000000 0.205000 0.000000
vt 0.475106 0.020000 0.000000
vt -0.000000 0.020000 0.000000
vt 0.425000 -0.316777 0.000000
vt 0.020000 -0.316777 0.000000
vt 0.425000 -0.345575 0.000000
vt 0.020000 -0.345575 0.000000
vt 0.425000 0.345575 0.000000
vt 0.020000 0.345575 0.000000
vt 0.425000 0.316777 0.000000
vt 0.020000 0.316777 0.000000
vt 0.425000 0.287979 0.000000
vt 0.020000 0.287979 0.000000
vt 0.425000 0.259181 0.000000
vt 0.020000 0.259181 0.000000
vt 0.425000 0.230383 0.000000
vt 0.020000 0.230383 0.000000
vt 0.425000 0.201586 0.000000
vt 0.020000 0.201586 0.000000
vt 0.425000 0.172788 0.000000
vt 0.020000 0.172788 0.000000
vt 0.425000 0.143990 0.000000
vt 0.020000 0.143990 0.000000
vt 0.425000 0.115192 0.000000
vt 0.020000 0.115192 0.000000
vt 0.425000 0.086394 0.000000
vt 0.020000 0.086394 0.000000
vt 0.425000 0.057596 0.000000
vt 0.020000 0.057596 0.000000
vt 0.425000 0.028798 0.000000
vt 0.020000 0.028798 0.000000
vt 0.425000 0.000000 0.000000
vt 0.020000 0.000000 0.000000
vt 0.425000 -0.028798 0.000000
vt 0.020000 -0.028798 0.000000
vt 0.425000 -0.057596 0.000000
vt 0.020000 -0.057596 0.000000
vt 0.425000 -0.086394 0.000000
vt 0.020000 -0.086394 0.000000
vt 0.425000 -0.115192 0.000000
vt 0.020000 -0.115192 0.000000
vt 0.425000 -0.143990 0.000000
vt 0.020000 -0.143990 0.000000
vt 0.425000 -0.172788 0.000000
vt 0.020000 -0.172788 0.000000
vt 0.425000 -0.201586 0.000000
vt 0.020000 -0.201586 0.000000
vt 0.425000 -0.230383 0.000000
vt 0.020000 -0.230383 0.000000
vt 0.425000 -0.259181 0.000000
vt 0.020000 -0.259181 0.000000
vt 0.425000 -0.287979 0.000000
vt 0.020000 -0.287979 0.000000
vt -0.255000 -0.000000 0.000000
vt -0.020000 0.000000 0.000000
vt -0.255000 0.081682 0.000000
vt -0.020000 0.081682 0.000000
vt -0.255000 0.163365 0.000000
vt -0.020000 0.163365 0.000000
vt -0.255000 0.245047 0.000000
vt -0.020000 0.245047 0.000000
vt -0.255000 0.326730 0.000000
vt -0.020000 0.326730 0.000000
vt -0.255000 0.408412 0.000000
vt -0.020000 0.408412 0.000000
vt -0.255000 0.490095 0.000000
vt -0.020000 0.490095 0.000000
vt -0.255000 0.571777 0.000000
vt -0.020000 0.571777 0.000000
vt -0.255000 0.653460 0.000000
vt -0.020000 0.653460 0.000000
vt 0.000000 0.020000 0.000000
vt 0.379995 0.020000 0.000000
vt 0.000000 0.205000 0.000000
vt 0.379995 0.255000 0.000000
vt -0.000000 0.255000 0.000000
vt 0.475974 0.205000 0.000000
vt 0.000000 0.205000 0.000000
vt 0.475974 0.020000 0.000000
vt 0.000000 0.020000 0.000000
vt 0.018005 0.205000 0.000000
vt 0.000000 0.205000 0.000000
vt 0.018005 0.020000 0.000000
vt 0.000000 0.020000 0.000000
vt -0.020000 0.486279 0.000000
vt -0.205000 0.486279 0.000000
vt -0.020000 0.416810 0.000000
vt -0.205000 0.416810 0.000000
vt -0.020000 0.347342 0.000000
vt -0.205000 0.347342 0.000000
vt -0.020000 0.277874 0.000000
vt -0.205000 0.277874 0.000000
vt -0.020000 0.208405 0.000000
vt -0.205000 0.208405 0.000000
vt -0.020000 0.138937 0.000000
vt -0.205000 0.138937 0.000000
vt -0.020000 0.069468 0.000000
vt -0.205000 0.069468 0.000000
vt -0.020000 0.000000 0.000000
vt -0.205000 0.000000 0.000000
vt 0.482164 0.205000 0.000000
vt 0.000000 0.205000 0.000000
vt 0.482164 0.020000 0.000000
vt 0.000000 0.020000 0.000000
vt 0.181337 0.255000 0.000000
vt 0.000000 0.255000 0.000000
vt 0.181337 0.020000 0.000000
vt 0.000000 0.020000 0.000000
vt 0.425000 -0.316777 0.000000
vt 0.020000 -0.316777 0.000000
vt 0.425000 -0.345575 0.000000
vt 0.020000 -0.345575 0.000000
vt 0.425000 0.345575 0.000000
vt 0.020000 0.345575 0.000000
vt 0.425000 0.316777 0.000000
vt 0.020000 0.316777 0.000000
vt 0.425000 0.287979 0.000000
vt 0.020000 0.287979 0.000000
vt 0.425000 0.259181 0.000000
vt 0.020000 0.259181 0.000000
vt 0.425000 0.230383 0.000000
vt 0.020000 0.230383 0.000000
vt 0.425000 0.201586 0.000000
vt 0.020000 0.201586 0.000000
vt 0.425000 0.172788 0.000000
vt 0.020000 0.172788 0.000000
vt 0.425000 0.143990 0.000000
vt 0.020000 0.143990 0.000000
vt 0.425000 0.115192 0.000000
vt 0.020000 0.115192 0.000000
vt 0.425000 0.086394 0.000000
vt 0.020000 0.086394 0.000000
vt 0.425000 0.057596 0.000000
vt 0.020000 0.057596 0.000000
vt 0.425000 0.028798 0.000000
vt 0.020000 0.028798 0.000000
vt 0.425000 0.000000 0.000000
vt 0.020000 0.000000 0.000000
vt 0.425000 -0.028798 0.000000
vt 0.020000 -0.028798 0.000000
vt 0.425000 -0.057596 0.000000
vt 0.020000 -0.057596 0.000000
vt 0.425000 -0.086394 0.000000
vt 0.020000 -0.086394 0.000000
vt 0.425000 -0.115192 0.000000
vt 0.020000 -0.115192 0.000000
vt 0.425000 -0.143990 0.000000
vt 0.020000 -0.143990 0.000000
vt 0.425000 -0.172788 0.000000
vt 0.020000 -0.172788 0.000000
vt 0.425000 -0.201586 0.000000
vt 0.020000 -0.201586 0.000000
vt 0.425000 -0.230383 0.000000
vt 0.020000 -0.230383 0.000000
vt 0.425000 -0.259181 0.000000
vt 0.020000 -0.259181 0.000000
vt 0.425000 -0.287979 0.000000
vt 0.020000 -0.287979 0.000000
vt -0.255000 0.000000 0.000000
vt -0.020000 0.000000 0.000000
vt -0.255000 0.082739 0.000000
vt -0.020000 0.082739 0.000000
vt -0.255000 0.165478 0.000000
vt -0.020000 0.165478 0.000000
vt -0.255000 0.248217 0.000000
vt -0.020000 0.248217 0.000000
vt -0.255000 0.330956 0.000000
vt -0.020000 0.330956 0.000000
vt -0.255000 0.413695 0.000000
vt -0.020000 0.413695 0.000000
vt -0.255000 0.496434 0.000000
vt -0.020000 0.496434 0.000000
vt -0.255000 0.579173 0.000000
vt -0.020000 0.579173 0.000000
vt -0.255000 0.661912 0.000000
vt -0.020000 0.661912 0.000000
vt 0.200000 0.020000 0.000000
vt 0.381464 0.020000 0.000000
vt 0.200000 0.255000 0.000000
vt 0.381464 0.255000 0.000000
vt 5.153020 0.205000 0.000000
vt -0.000000 0.205000 0.000000
vt 5.153020 0.020000 0.000000
vt -0.000000 0.020000 0.000000
vt 0.018005 0.205000 0.000000
vt 0.000000 0.205000 0.000000
vt 0.018005 0.020000 0.000000
vt 0.000000 0.020000 0.000000
vt -0.020000 0.290604 0.000000
vt -0.205000 0.290604 0.000000
vt -0.020000 0.217953 0.000000
vt -0.205000 0.217953 0.000000
vt -0.020000 0.145302 0.000000
vt -0.205000 0.145302 0.000000
vt -0.020000 0.072651 0.000000
vt -0.205000 0.072651 0.000000
vt -0.020000 -0.000000 0.000000
vt -0.205000 -0.000000 0.000000
vt 0.465210 0.205000 0.000000
vt -1.505072 0.205000 0.000000
vt 0.465210 0.020000 0.000000
vt -1.505072 0.020000 0.000000
vt 0.425000 -0.316777 0.000000
vt 0.020000 -0.316777 0.000000
vt 0.425000 -0.345575 0.000000
vt 0.020000 -0.345575 0.000000
vt 0.425000 0.345575 0.000000
vt 0.020000 0.345575 0.000000
vt 0.425000 0.316777 0.000000
vt 0.020000 0.316777 0.000000
vt 0.425000 0.287979 0.000000
vt 0.020000 0.287979 0.000000
vt 0.425000 0.259181 0.000000
vt 0.020000 0.259181 0.000000
vt 0.425000 0.230383 0.000000
vt 0.020000 0.230383 0.000000
vt 0.425000 0.201586 0.000000
vt 0.020000 0.201586 0.000000
vt 0.425000 0.172788 0.000000
vt 0.020000 0.172788 0.000000
vt 0.425000 0.143990 0.000000
vt 0.020000 0.143990 0.000000
vt 0.425000 0.115192 0.000000
vt 0.020000 0.115192 0.000000
vt 0.425000 0.086394 0.000000
vt 0.020000 0.086394 0.000000
vt 0.425000 0.057596 0.000000
vt 0.020000 0.057596 0.000000
vt 0.425000 0.028798 0.000000
vt 0.020000 0.028798 0.000000
vt 0.425000 0.000000 0.000000
vt 0.020000 0.000000 0.000000
vt 0.425000 -0.028798 0.000000
vt 0.020000 -0.028798 0.000000
vt 0.425000 -0.057596 0.000000
vt 0.020000 -0.057596 0.000000
vt 0.425000 -0.086394 0.000000
vt 0.020000 -0.086394 0.000000
vt 0.425000 -0.115192 0.000000
vt 0.020000 -0.115192 0.000000
vt 0.425000 -0.143990 0.000000
vt 0.020000 -0.143990 0.000000
vt 0.425000 -0.172788 0.000000
vt 0.020000 -0.172788 0.000000
vt 0.425000 -0.201586 0.000000
vt 0.020000 -0.201586 0.000000
vt 0.425000 -0.230383 0.000000
vt 0.020000 -0.230383 0.000000
vt 0.425000 -0.259181 0.000000
vt 0.020000 -0.259181 0.000000
vt 0.425000 -0.287979 0.000000
vt 0.020000 -0.287979 0.000000
vt -0.255000 -0.000000 0.000000
vt -0.020000 0.000000 0.000000
vt -0.255000 0.088732 0.000000
vt -0.020000 0.088732 0.000000
vt -0.255000 0.177464 0.000000
vt -0.020000 0.177464 0.000000
vt -0.255000 0.266196 0.000000
vt -0.020000 0.266196 0.000000
vt -0.255000 0.354928 0.000000
vt -0.020000 0.354928 0.000000
vt -0.255000 0.443660 0.000000
vt -0.020000 0.443660 0.000000
vt -0.255000 0.532392 0.000000
vt -0.020000 0.532392 0.000000
vt -0.255000 0.621124 0.000000
vt -0.020000 0.621124 0.000000
vt -0.255000 0.709855 0.000000
vt -0.020000 0.709855 0.000000
vt -0.255000 0.798587 0.000000
vt -0.020000 0.798587 0.000000
vt -0.255000 0.887319 0.000000
vt -0.020000 0.887319 0.000000
vt -0.255000 0.976051 0.000000
vt -0.020000 0.976051 0.000000
vt -0.255000 1.064783 0.000000
vt -0.020000 1.064783 0.000000
vt -0.255000 1.153515 0.000000
vt -0.020000 1.153515 0.000000
vt 0.019368 0.205000 0.000000
vt -0.000000 0.205000 0.000000
vt 0.019368 0.020000 0.000000
vt -0.000000 0.020000 0.000000
vt -0.020000 0.290605 0.000000
vt -0.205000 0.290605 0.000000
vt -0.020000 0.217954 0.000000
vt -0.205000 0.217954 0.000000
vt -0.020000 0.145303 0.000000
vt -0.205000 0.145303 0.000000
vt -0.020000 0.072651 0.000000
vt -0.205000 0.072651 0.000000
vt -0.020000 0.000000 0.000000
vt -0.205000 0.000000 0.000000
vt 0.531673 0.205000 0.000000
vt -6.332555 0.205000 0.000000
vt 0.531673 0.020000 0.000000
vt -6.332555 0.020000 0.000000
vt 0.246023 0.255000 0.000000
vt 0.000000 0.255000 0.000000
vt 0.246023 0.020000 0.000000
vt 0.000000 0.020000 0.000000
vt 0.425000 -0.316777 0.000000
vt 0.020000 -0.316777 0.000000
vt 0.425000 -0.345575 0.000000
vt 0.020000 -0.345575 0.000000
vt 0.425000 0.345575 0.000000
vt 0.020000 0.345575 0.000000
vt 0.425000 0.316777 0.000000
vt 0.020000 0.316777 0.000000
vt 0.425000 0.287979 0.000000
vt 0.020000 0.287979 0.000000
vt 0.425000 0.259181 0.000000
vt 0.020000 0.259181 0.000000
vt 0.425000 0.230383 0.000000
vt 0.020000 0.230383 0.000000
vt 0.425000 0.201586 0.000000
vt 0.020000 0.201586 0.000000
vt 0.425000 0.172788 0.000000
vt 0.020000 0.172788 0.000000
vt 0.425000 0.143990 0.000000
vt 0.020000 0.143990 0.000000
vt 0.425000 0.115192 0.000000
vt 0.020000 0.115192 0.000000
vt 0.425000 0.086394 0.000000
vt 0.020000 0.086394 0.000000
vt 0.425000 0.057596 0.000000
vt 0.020000 0.057596 0.000000
vt 0.425000 0.028798 0.000000
vt 0.020000 0.028798 0.000000
vt 0.425000 0.000000 0.000000
vt 0.020000 0.000000 0.000000
vt 0.425000 -0.028798 0.000000
vt 0.020000 -0.028798 0.000000
vt 0.425000 -0.057596 0.000000
vt 0.020000 -0.057596 0.000000
vt 0.425000 -0.086394 0.000000
vt 0.020000 -0.086394 0.000000
vt 0.425000 -0.115192 0.000000
vt 0.020000 -0.115192 0.000000
vt 0.425000 -0.143990 0.000000
vt 0.020000 -0.143990 0.000000
vt 0.425000 -0.172788 0.000000
vt 0.020000 -0.172788 0.000000
vt 0.425000 -0.201586 0.000000
vt 0.020000 -0.201586 0.000000
vt 0.425000 -0.230383 0.000000
vt 0.020000 -0.230383 0.000000
vt 0.425000 -0.259181 0.000000
vt 0.020000 -0.259181 0.000000
vt 0.425000 -0.287979 0.000000
vt 0.020000 -0.287979 0.000000
vt -0.255000 0.000000 0.000000
vt -0.020000 0.000000 0.000000
vt -0.255000 0.089086 0.000000
vt -0.020000 0.089086 0.000000
vt -0.255000 0.178171 0.000000
vt -0.020000 0.178171 0.000000
vt -0.255000 0.267257 0.000000
vt -0.020000 0.267257 0.000000
vt -0.255000 0.356343 0.000000
vt -0.020000 0.356343 0.000000
vt -0.255000 0.445429 0.000000
vt -0.020000 0.445429 0.000000
vt -0.255000 0.534514 0.000000
vt -0.020000 0.534514 0.000000
vt -0.255000 0.623600 0.000000
vt -0.020000 0.623600 0.000000
vt -0.255000 0.712686 0.000000
vt -0.020000 0.712686 0.000000
vt -0.255000 0.801772 0.000000
vt -0.020000 0.801772 0.000000
vt -0.255000 0.890857 0.000000
vt -0.020000 0.890857 0.000000
vt -0.255000 0.979943 0.000000
vt -0.020000 0.979943 0.000000
vt -0.255000 1.069029 0.000000
vt -0.020000 1.069029 0.000000
vt -0.255000 1.158115 0.000000
vt -0.020000 1.158115 0.000000
vt 0.200000 0.020000 0.000000
vt 0.460663 0.020000 0.000000
vt 0.200000 0.255000 0.000000
vt 0.460663 0.255000 0.000000
vt 2.012296 0.205000 0.000000
vt 0.000000 0.205000 0.000000
vt 2.012296 0.020000 0.000000
vt 0.000000 0.020000 0.000000
vt 0.019368 0.205000 0.000000
vt 0.000000 0.205000 0.000000
vt 0.019368 0.020000 0.000000
vt 0.000000 0.020000 0.000000
vt 8.433159 6.448335 0.000000
vt 8.436907 6.419865 0.000000
vt 8.708508 6.480453 0.000000
vt 8.433159 6.391395 0.000000
vt 8.422170 6.364865 0.000000
vt 8.404689 6.342083 0.000000
vt 8.508372 5.998479 0.000000
vt 8.707053 1.327434 0.000000
vt 8.507053 1.327122 0.000000
vt 8.504122 1.297088 0.000000
vt 8.381907 6.324602 0.000000
vt 8.355377 6.313613 0.000000
vt 8.326907 5.998479 0.000000
vt 8.326907 6.309865 0.000000
vt 8.244699 6.006576 0.000000
vt 8.165650 6.030555 0.000000
vt 8.298437 6.313613 0.000000
vt 8.092798 6.069495 0.000000
vt 8.028942 6.121900 0.000000
vt 8.271907 6.324602 0.000000
vt 7.976538 6.185755 0.000000
vt 8.249126 6.342083 0.000000
vt 7.937597 6.258607 0.000000
vt 8.231645 6.364865 0.000000
vt 7.913618 6.337657 0.000000
vt 8.220656 6.391395 0.000000
vt 7.905521 6.419865 0.000000
vt 8.216907 6.419865 0.000000
vt 8.220656 6.448335 0.000000
vt 8.231645 6.474865 0.000000
vt 7.905521 6.601202 0.000000
vt 8.249126 6.497647 0.000000
vt 8.271907 6.515128 0.000000
vt 8.298437 6.526117 0.000000
vt 8.387685 6.801275 0.000000
vt 7.905521 6.801202 0.000000
vt 8.326907 6.529865 0.000000
vt 8.355377 6.526117 0.000000
vt 8.456622 6.793879 0.000000
vt 8.522357 6.771836 0.000000
vt 8.581816 6.736175 0.000000
vt 8.632218 6.688566 0.000000
vt 8.381907 6.515128 0.000000
vt 8.671206 6.631234 0.000000
vt 8.404689 6.497647 0.000000
vt 8.696956 6.566860 0.000000
vt 8.422170 6.474865 0.000000
vt 8.708265 6.498456 0.000000
vt 6.959959 0.009935 0.000000
vt 6.963707 -0.018535 0.000000
vt 7.373121 0.133623 0.000000
vt 6.959959 -0.047005 0.000000
vt 7.185620 -0.336783 0.000000
vt 6.948970 -0.073535 0.000000
vt 6.931489 -0.096317 0.000000
vt 6.908707 -0.113798 0.000000
vt 6.882177 -0.124787 0.000000
vt 7.134252 -0.387972 0.000000
vt 7.073405 -0.427427 0.000000
vt 7.005712 -0.453442 0.000000
vt 6.914735 -0.465149 0.000000
vt 6.934101 -0.464889 0.000000
vt 6.853707 -0.128535 0.000000
vt 6.825237 -0.124787 0.000000
vt 6.377615 -0.265099 0.000000
vt 6.798707 -0.113798 0.000000
vt 6.775926 -0.096317 0.000000
vt 6.758445 -0.073535 0.000000
vt 6.377615 -0.016097 0.000000
vt 6.747456 -0.047005 0.000000
vt 6.743707 -0.018535 0.000000
vt 6.747456 0.009935 0.000000
vt 6.386311 0.072079 0.000000
vt 6.758445 0.036465 0.000000
vt 6.411196 0.157116 0.000000
vt 6.775926 0.059247 0.000000
vt 6.451406 0.236070 0.000000
vt 6.798707 0.076728 0.000000
vt 6.505550 0.306206 0.000000
vt 6.825237 0.087717 0.000000
vt 6.571753 0.365094 0.000000
vt 6.647720 0.410696 0.000000
vt 6.853707 0.091465 0.000000
vt 6.730822 0.441431 0.000000
vt 6.818180 0.456236 0.000000
vt 6.906769 0.454597 0.000000
vt 6.993519 0.436572 0.000000
vt 7.075428 0.402784 0.000000
vt 6.882177 0.087717 0.000000
vt 7.149657 0.354404 0.000000
vt 7.213636 0.293108 0.000000
vt 6.908707 0.076728 0.000000
vt 6.931489 0.059247 0.000000
vt 6.948970 0.036465 0.000000
vt -1.295041 6.448335 0.000000
vt -1.291293 6.419865 0.000000
vt -0.985287 6.419865 0.000000
vt -1.295041 6.391395 0.000000
vt -0.993281 6.338706 0.000000
vt -1.306030 6.364865 0.000000
vt -1.016954 6.260666 0.000000
vt -1.323511 6.342083 0.000000
vt -1.055397 6.188745 0.000000
vt -1.346293 6.324602 0.000000
vt -1.107132 6.125705 0.000000
vt -1.372823 6.313613 0.000000
vt -1.170172 6.073969 0.000000
vt -1.242094 6.035526 0.000000
vt -1.401293 6.309865 0.000000
vt -1.320134 6.011853 0.000000
vt -1.401293 6.003859 0.000000
vt -1.429763 6.313613 0.000000
vt -1.582045 6.003859 0.000000
vt -1.456293 6.324602 0.000000
vt -1.782046 6.003859 0.000000
vt -1.479074 6.342083 0.000000
vt -1.782083 6.478965 0.000000
vt -1.496555 6.364865 0.000000
vt -1.507544 6.391395 0.000000
vt -1.511293 6.419865 0.000000
vt -1.507544 6.448335 0.000000
vt -1.496555 6.474865 0.000000
vt -1.774688 6.547902 0.000000
vt -1.479074 6.497647 0.000000
vt -1.752644 6.613638 0.000000
vt -1.456293 6.515128 0.000000
vt -1.716984 6.673096 0.000000
vt -1.669374 6.723498 0.000000
vt -1.429763 6.526117 0.000000
vt -1.612042 6.762486 0.000000
vt -1.547669 6.788236 0.000000
vt -1.479264 6.799545 0.000000
vt -1.461261 6.799788 0.000000
vt -1.401293 6.529865 0.000000
vt -1.372823 6.526117 0.000000
vt -0.985287 6.799859 0.000000
vt -1.346293 6.515128 0.000000
vt -1.323511 6.497647 0.000000
vt -1.306030 6.474865 0.000000
vt 0.203559 0.009935 0.000000
vt 0.207307 -0.018535 0.000000
vt 0.582180 -0.018535 0.000000
vt 0.203559 -0.047005 0.000000
vt 0.192570 -0.073535 0.000000
vt 0.582180 -0.264558 0.000000
vt 0.175089 -0.096317 0.000000
vt 0.152307 -0.113798 0.000000
vt 0.125777 -0.124787 0.000000
vt 0.050507 -0.464509 0.000000
vt 0.097307 -0.128535 0.000000
vt 0.068837 -0.124787 0.000000
vt -0.022012 -0.464384 0.000000
vt -0.092937 -0.449258 0.000000
vt -0.159199 -0.419786 0.000000
vt -0.217929 -0.377243 0.000000
vt -0.231806 -0.363733 0.000000
vt 0.042307 -0.113798 0.000000
vt 0.019526 -0.096317 0.000000
vt 0.002045 -0.073535 0.000000
vt -0.008944 -0.047005 0.000000
vt -0.440759 0.128755 0.000000
vt -0.012693 -0.018535 0.000000
vt -0.008944 0.009935 0.000000
vt 0.002045 0.036465 0.000000
vt 0.019526 0.059247 0.000000
vt -0.256442 0.313071 0.000000
vt 0.042307 0.076728 0.000000
vt 0.068837 0.087717 0.000000
vt 0.097307 0.091465 0.000000
vt -0.113699 0.418017 0.000000
vt -0.189904 0.372119 0.000000
vt 0.125777 0.087717 0.000000
vt 0.316214 0.414109 0.000000
vt 0.233486 0.446822 0.000000
vt 0.146174 0.463869 0.000000
vt 0.152307 0.076728 0.000000
vt 0.457027 0.306586 0.000000
vt 0.391573 0.366834 0.000000
vt 0.510371 0.235394 0.000000
vt 0.175089 0.059247 0.000000
vt 0.549811 0.155654 0.000000
vt 0.192570 0.036465 0.000000
vt 0.574019 0.070050 0.000000
vt 0.057218 0.464677 0.000000
vt -0.030390 0.449220 0.000000
vt -1.653308 1.060580 0.000000
vt -1.520603 1.210734 0.000000
vt -1.704498 1.111948 0.000000
vt -1.544426 1.232323 0.000000
vt -1.743954 1.172795 0.000000
vt -1.563051 1.258530 0.000000
vt -1.769968 1.240488 0.000000
vt -1.575604 1.288128 0.000000
vt -1.781415 1.312099 0.000000
vt -1.581500 1.319733 0.000000
vt -1.781675 1.331465 0.000000
vt -1.581675 1.332816 0.000000
vt 8.578688 1.056549 0.000000
vt 8.443360 1.204065 0.000000
vt 8.593512 1.069013 0.000000
vt 8.641685 1.123220 0.000000
vt 8.461005 1.218902 0.000000
vt 8.677602 1.186220 0.000000
vt 8.480614 1.241840 0.000000
vt 8.495186 1.268265 0.000000
vt 8.699711 1.255287 0.000000
vt -0.985257 6.599859 0.000000
vn 0.000009 0.100000 0.000000
vn 0.000009 0.100000 0.000000
vn 0.000009 0.100000 0.000000
vn 0.000009 0.100000 0.000000
vn -0.100000 -0.000000 0.000000
vn -0.100000 -0.000000 0.000000
vn -0.100000 -0.000000 0.000000
vn -0.100000 -0.000000 0.000000
vn -0.000015 0.100000 0.000000
vn -0.000015 0.100000 0.000000
vn -0.000015 0.100000 0.000000
vn -0.000015 0.100000 0.000000
vn 0.000015 -0.100000 0.000000
vn 0.000015 -0.100000 0.000000
vn 0.000015 -0.100000 0.000000
vn 0.000015 -0.100000 0.000000
vn -0.100000 -0.000015 0.000000
vn -0.100000 -0.000015 0.000000
vn -0.100000 -0.000015 0.000000
vn -0.100000 -0.000015 0.000000
vn -0.100000 -0.000015 0.000000
vn 0.000000 0.000000 0.100000
vn 0.000000 0.000000 0.100000
vn 0.000000 0.000000 0.100000
vn 0.000000 0.000000 0.100000
vn 0.000000 0.000000 0.100000
vn 0.000000 0.000000 0.100000
vn 0.000000 0.000000 0.100000
vn 0.000000 0.000000 0.100000
vn 0.000000 0.000000 0.100000
vn 0.000000 0.000000 0.100000
vn 0.000000 0.000000 0.100000
vn 0.000000 0.000000 0.100000
vn 0.000000 0.000000 0.100000
vn 0.000000 0.000000 0.100000
vn 0.000000 0.000000 0.100000
vn 0.000000 0.000000 0.100000
vn 0.000000 0.000000 0.100000
vn 0.000000 0.000000 0.100000
vn 0.000000 0.000000 0.100000
vn 0.000000 0.000000 0.100000
vn 0.000000 0.000000 0.100000
vn 0.000000 0.000000 0.100000
vn 0.000000 0.000000 0.100000
vn 0.000000 0.000000 0.100000
vn 0.000000 0.000000 0.100000
vn 0.000000 0.000000 0.100000
vn 0.000000 0.000000 0.100000
vn 0.000000 0.000000 0.100000
vn 0.000000 0.000000 0.100000
vn 0.000000 0.000000 0.100000
vn 0.000000 0.000000 0.100000
vn 0.000000 0.000000 0.100000
vn 0.000000 0.000000 0.100000
vn 0.000000 0.000000 0.100000
vn 0.000000 0.000000 0.100000
vn 0.000000 0.000000 0.100000
vn 0.000000 0.000000 0.100000
vn 0.000000 0.000000 0.100000
vn 0.000000 0.000000 0.100000
vn 0.000000 0.000000 0.100000
vn 0.000000 0.000000 0.100000
vn 0.000000 0.000000 0.100000
vn 0.000000 0.000000 0.100000
vn 0.000000 0.000000 0.100000
vn 0.000000 0.000000 0.100000
vn 0.000000 0.000000 0.100000
vn 0.000000 0.000000 0.100000
vn 0.000000 0.000000 0.100000
vn 0.000000 0.000000 0.100000
vn 0.000000 0.000000 0.100000
vn 0.000000 0.000000 0.100000
vn 0.000000 0.000000 0.100000
vn 0.000000 0.000000 0.100000
vn 0.000000 0.000000 0.100000
vn 0.000000 0.000000 0.100000
vn 0.000000 0.000000 0.100000
vn 0.000000 0.000000 0.100000
vn 0.000000 0.000000 0.100000
vn 0.000000 0.000000 0.100000
vn 0.000000 0.000000 0.100000
vn 0.000000 0.000000 0.100000
vn 0.000000 0.000000 0.100000
vn 0.000000 0.000000 0.100000
vn 0.000000 0.000000 0.100000
vn 0.000000 0.000000 0.100000
vn 0.000000 0.000000 0.100000
vn 0.000000 0.000000 0.100000
vn -0.100000 -0.000008 0.000000
vn -0.100000 -0.000008 0.000000
vn -0.100000 -0.000008 0.000000
vn -0.100000 -0.000008 0.000000
vn -0.099852 -0.005429 0.000000
vn -0.099852 -0.005429 0.000000
vn -0.096569 -0.025969 0.000000
vn -0.096569 -0.025969 0.000000
vn -0.089108 -0.045385 0.000000
vn -0.089108 -0.045385 0.000000
vn -0.077791 -0.062838 0.000000
vn -0.077791 -0.062838 0.000000
vn -0.063108 -0.077572 0.000000
vn -0.063108 -0.077572 0.000000
vn -0.099991 -0.001342 0.000000
vn -0.099991 -0.001342 0.000000
vn -0.099991 -0.001342 0.000000
vn -0.099991 -0.001342 0.000000
vn 0.100000 0.000008 0.000000
vn 0.100000 0.000008 0.000000
vn 0.100000 0.000008 0.000000
vn 0.100000 0.000008 0.000000
vn 0.099991 0.001342 0.000000
vn 0.099991 0.001342 0.000000
vn 0.099991 0.001342 0.000000
vn 0.099991 0.001342 0.000000
vn 0.099711 0.007599 0.000000
vn 0.099711 0.007599 0.000000
vn 0.095745 0.028861 0.000000
vn 0.095745 0.028861 0.000000
vn 0.087299 0.048774 0.000000
vn 0.087299 0.048774 0.000000
vn 0.074770 0.066404 0.000000
vn 0.074770 0.066404 0.000000
vn 0.058742 0.080928 0.000000
vn 0.058742 0.080928 0.000000
vn 0.070780 0.070641 0.000000
vn 0.070780 0.070641 0.000000
vn 0.070780 0.070641 0.000000
vn 0.070780 0.070641 0.000000
vn -0.000000 -0.100000 0.000000
vn -0.000000 -0.100000 0.000000
vn -0.000000 -0.100000 0.000000
vn -0.000000 -0.100000 0.000000
vn 0.067435 -0.073841 0.000000
vn 0.067435 -0.073841 0.000000
vn 0.081251 -0.058294 0.000000
vn 0.081251 -0.058294 0.000000
vn 0.091553 -0.040225 0.000000
vn 0.091553 -0.040225 0.000000
vn 0.097894 -0.020416 0.000000
vn 0.097894 -0.020416 0.000000
vn 0.100000 0.000276 0.000000
vn 0.100000 0.000276 0.000000
vn 0.064358 -0.076538 0.000000
vn 0.064358 -0.076538 0.000000
vn 0.064358 -0.076538 0.000000
vn 0.064358 -0.076538 0.000000
vn -0.070717 0.070704 0.000000
vn -0.070717 0.070704 0.000000
vn -0.070717 0.070704 0.000000
vn -0.070717 0.070704 0.000000
vn -0.064358 0.076538 0.000000
vn -0.064358 0.076538 0.000000
vn -0.064358 0.076538 0.000000
vn -0.064358 0.076538 0.000000
vn -0.069025 0.072357 0.000000
vn -0.069025 0.072357 0.000000
vn -0.082214 0.056928 0.000000
vn -0.082214 0.056928 0.000000
vn -0.092017 0.039153 0.000000
vn -0.092017 0.039153 0.000000
vn -0.098027 0.019765 0.000000
vn -0.098027 0.019765 0.000000
vn -0.099999 -0.000438 0.000000
vn -0.099999 -0.000438 0.000000
vn -0.100000 0.000028 0.000000
vn -0.100000 0.000028 0.000000
vn -0.100000 0.000028 0.000000
vn -0.100000 0.000028 0.000000
vn 0.070711 0.070711 0.000000
vn 0.070711 0.070711 0.000000
vn 0.070711 0.070711 0.000000
vn 0.070711 0.070711 0.000000
vn -0.096593 -0.025882 0.000000
vn -0.096593 -0.025882 0.000000
vn -0.100000 -0.000000 0.000000
vn -0.100000 -0.000000 0.000000
vn -0.096593 0.025882 0.000000
vn -0.096593 0.025882 0.000000
vn -0.086603 0.050000 0.000000
vn -0.086603 0.050000 0.000000
vn -0.070711 0.070711 0.000000
vn -0.070711 0.070711 0.000000
vn -0.050000 0.086603 0.000000
vn -0.050000 0.086603 0.000000
vn -0.025882 0.096593 0.000000
vn -0.025882 0.096593 0.000000
vn 0.000000 0.100000 0.000000
vn 0.000000 0.100000 0.000000
vn 0.025882 0.096593 0.000000
vn 0.025882 0.096593 0.000000
vn 0.050000 0.086603 0.000000
vn 0.050000 0.086603 0.000000
vn 0.070711 0.070711 0.000000
vn 0.070711 0.070711 0.000000
vn 0.086603 0.050000 0.000000
vn 0.086603 0.050000 0.000000
vn 0.096593 0.025882 0.000000
vn 0.096593 0.025882 0.000000
vn 0.100000 0.000000 0.000000
vn 0.100000 0.000000 0.000000
vn 0.096593 -0.025882 0.000000
vn 0.096593 -0.025882 0.000000
vn 0.086603 -0.050000 0.000000
vn 0.086603 -0.050000 0.000000
vn 0.070711 -0.070711 0.000000
vn 0.070711 -0.070711 0.000000
vn 0.050000 -0.086603 0.000000
vn 0.050000 -0.086603 0.000000
vn 0.025882 -0.096593 0.000000
vn 0.025882 -0.096593 0.000000
vn 0.000000 -0.100000 0.000000
vn 0.000000 -0.100000 0.000000
vn -0.025882 -0.096593 0.000000
vn -0.025882 -0.096593 0.000000
vn -0.050000 -0.086603 0.000000
vn -0.050000 -0.086603 0.000000
vn -0.070711 -0.070711 0.000000
vn -0.070711 -0.070711 0.000000
vn -0.086603 -0.050000 0.000000
vn -0.086603 -0.050000 0.000000
vn 0.000000 0.000000 -0.100000
vn 0.000000 0.000000 -0.100000
vn 0.000000 0.000000 -0.100000
vn 0.000000 0.000000 -0.100000
vn 0.000000 0.000000 -0.100000
vn 0.000000 0.000000 -0.100000
vn 0.000000 0.000000 -0.100000
vn 0.000000 0.000000 -0.100000
vn 0.000000 0.000000 -0.100000
vn 0.000000 0.000000 -0.100000
vn 0.000000 0.000000 -0.100000
vn 0.000000 0.000000 -0.100000
vn 0.000000 0.000000 -0.100000
vn 0.000000 0.000000 -0.100000
vn 0.000000 0.000000 -0.100000
vn 0.000000 0.000000 -0.100000
vn 0.000000 0.000000 -0.100000
vn 0.000000 0.000000 -0.100000
vn 0.000000 0.000000 -0.100000
vn 0.000000 0.000000 -0.100000
vn 0.000000 0.000000 -0.100000
vn 0.000000 0.000000 -0.100000
vn 0.000000 0.000000 -0.100000
vn 0.000000 0.000000 -0.100000
vn 0.000000 0.000000 -0.100000
vn 0.000000 0.000000 -0.100000
vn 0.000000 0.000000 -0.100000
vn 0.000000 0.000000 -0.100000
vn 0.000000 0.000000 -0.100000
vn 0.000000 0.000000 -0.100000
vn 0.000000 0.000000 -0.100000
vn 0.000000 0.000000 -0.100000
vn 0.000000 0.000000 -0.100000
vn 0.000000 0.000000 -0.100000
vn 0.000000 0.000000 -0.100000
vn 0.000000 0.000000 -0.100000
vn 0.000000 0.000000 -0.100000
vn 0.000000 0.000000 -0.100000
vn 0.000000 0.000000 -0.100000
vn 0.000000 0.000000 -0.100000
vn 0.000000 0.000000 -0.100000
vn 0.000000 0.000000 -0.100000
vn 0.000000 0.000000 -0.100000
vn 0.000000 0.000000 -0.100000
vn 0.000000 0.000000 -0.100000
vn 0.000000 0.000000 -0.100000
vn 0.000000 0.000000 -0.100000
vn 0.000000 0.000000 -0.100000
vn -0.096593 -0.025882 0.000000
vn -0.096593 -0.025882 0.000000
vn -0.100000 -0.000000 0.000000
vn -0.100000 -0.000000 0.000000
vn -0.096593 0.025882 0.000000
vn -0.096593 0.025882 0.000000
vn -0.086603 0.050000 0.000000
vn -0.086603 0.050000 0.000000
vn -0.070711 0.070711 0.000000
vn -0.070711 0.070711 0.000000
vn -0.050000 0.086603 0.000000
vn -0.050000 0.086603 0.000000
vn -0.025882 0.096593 0.000000
vn -0.025882 0.096593 0.000000
vn 0.000000 0.100000 0.000000
vn 0.000000 0.100000 0.000000
vn 0.025882 0.096593 0.000000
vn 0.025882 0.096593 0.000000
vn 0.050000 0.086603 0.000000
vn 0.050000 0.086603 0.000000
vn 0.070711 0.070711 0.000000
vn 0.070711 0.070711 0.000000
vn 0.086603 0.050000 0.000000
vn 0.086603 0.050000 0.000000
vn 0.096593 0.025882 0.000000
vn 0.096593 0.025882 0.000000
vn 0.100000 0.000000 0.000000
vn 0.100000 0.000000 0.000000
vn 0.096593 -0.025882 0.000000
vn 0.096593 -0.025882 0.000000
vn 0.086603 -0.050000 0.000000
vn 0.086603 -0.050000 0.000000
vn 0.070711 -0.070711 0.000000
vn 0.070711 -0.070711 0.000000
vn 0.050000 -0.086603 0.000000
vn 0.050000 -0.086603 0.000000
vn 0.025882 -0.096593 0.000000
vn 0.025882 -0.096593 0.000000
vn 0.000000 -0.100000 0.000000
vn 0.000000 -0.100000 0.000000
vn -0.025882 -0.096593 0.000000
vn -0.025882 -0.096593 0.000000
vn -0.050000 -0.086603 0.000000
vn -0.050000 -0.086603 0.000000
vn -0.070711 -0.070711 0.000000
vn -0.070711 -0.070711 0.000000
vn -0.086603 -0.050000 0.000000
vn -0.086603 -0.050000 0.000000
vn 0.000000 0.000000 -0.100000
vn 0.000000 0.000000 -0.100000
vn 0.000000 0.000000 -0.100000
vn 0.000000 0.000000 -0.100000
vn 0.000000 0.000000 -0.100000
vn 0.000000 0.000000 -0.100000
vn 0.000000 0.000000 -0.100000
vn 0.000000 0.000000 -0.100000
vn 0.000000 0.000000 -0.100000
vn 0.000000 0.000000 -0.100000
vn 0.000000 0.000000 -0.100000
vn 0.000000 0.000000 -0.100000
vn 0.000000 0.000000 -0.100000
vn 0.000000 0.000000 -0.100000
vn 0.000000 0.000000 -0.100000
vn 0.000000 0.000000 -0.100000
vn 0.000000 0.000000 -0.100000
vn 0.000000 0.000000 -0.100000
vn 0.000000 0.000000 -0.100000
vn 0.000000 0.000000 -0.100000
vn 0.000000 0.000000 -0.100000
vn 0.000000 0.000000 -0.100000
vn 0.000000 0.000000 -0.100000
vn 0.000000 0.000000 -0.100000
vn 0.000000 0.000000 -0.100000
vn 0.000000 0.000000 -0.100000
vn 0.000000 0.000000 -0.100000
vn 0.000000 0.000000 -0.100000
vn 0.000000 0.000000 -0.100000
vn 0.000000 0.000000 -0.100000
vn 0.000000 0.000000 -0.100000
vn 0.000000 0.000000 -0.100000
vn 0.000000 0.000000 -0.100000
vn 0.000000 0.000000 -0.100000
vn 0.000000 0.000000 -0.100000
vn 0.000000 0.000000 -0.100000
vn 0.000000 0.000000 -0.100000
vn 0.000000 0.000000 -0.100000
vn 0.000000 0.000000 -0.100000
vn 0.000000 0.000000 -0.100000
vn 0.000000 0.000000 -0.100000
vn 0.000000 0.000000 -0.100000
vn 0.000000 0.000000 -0.100000
vn 0.000000 0.000000 -0.100000
vn 0.000000 0.000000 -0.100000
vn 0.000000 0.000000 -0.100000
vn 0.000000 0.000000 -0.100000
vn 0.000000 0.000000 -0.100000
vn -0.096593 -0.025882 0.000000
vn -0.096593 -0.025882 0.000000
vn -0.100000 -0.000000 0.000000
vn -0.100000 -0.000000 0.000000
vn -0.096593 0.025882 0.000000
vn -0.096593 0.025882 0.000000
vn -0.086603 0.050000 0.000000
vn -0.086603 0.050000 0.000000
vn -0.070711 0.070711 0.000000
vn -0.070711 0.070711 0.000000
vn -0.050000 0.086603 0.000000
vn -0.050000 0.086603 0.000000
vn -0.025882 0.096593 0.000000
vn -0.025882 0.096593 0.000000
vn 0.000000 0.100000 0.000000
vn 0.000000 0.100000 0.000000
vn 0.025882 0.096593 0.000000
vn 0.025882 0.096593 0.000000
vn 0.050000 0.086603 0.000000
vn 0.050000 0.086603 0.000000
vn 0.070711 0.070711 0.000000
vn 0.070711 0.070711 0.000000
vn 0.086603 0.050000 0.000000
vn 0.086603 0.050000 0.000000
vn 0.096593 0.025882 0.000000
vn 0.096593 0.025882 0.000000
vn 0.100000 0.000000 0.000000
vn 0.100000 0.000000 0.000000
vn 0.096593 -0.025882 0.000000
vn 0.096593 -0.025882 0.000000
vn 0.086603 -0.050000 0.000000
vn 0.086603 -0.050000 0.000000
vn 0.070711 -0.070711 0.000000
vn 0.070711 -0.070711 0.000000
vn 0.050000 -0.086603 0.000000
vn 0.050000 -0.086603 0.000000
vn 0.025882 -0.096593 0.000000
vn 0.025882 -0.096593 0.000000
vn 0.000000 -0.100000 0.000000
vn 0.000000 -0.100000 0.000000
vn -0.025882 -0.096593 0.000000
vn -0.025882 -0.096593 0.000000
vn -0.050000 -0.086603 0.000000
vn -0.050000 -0.086603 0.000000
vn -0.070711 -0.070711 0.000000
vn -0.070711 -0.070711 0.000000
vn -0.086603 -0.050000 0.000000
vn -0.086603 -0.050000 0.000000
vn 0.000000 0.000000 -0.100000
vn 0.000000 0.000000 -0.100000
vn 0.000000 0.000000 -0.100000
vn 0.000000 0.000000 -0.100000
vn 0.000000 0.000000 -0.100000
vn 0.000000 0.000000 -0.100000
vn 0.000000 0.000000 -0.100000
vn 0.000000 0.000000 -0.100000
vn 0.000000 0.000000 -0.100000
vn 0.000000 0.000000 -0.100000
vn 0.000000 0.000000 -0.100000
vn 0.000000 0.000000 -0.100000
vn 0.000000 0.000000 -0.100000
vn 0.000000 0.000000 -0.100000
vn 0.000000 0.000000 -0.100000
vn 0.000000 0.000000 -0.100000
vn 0.000000 0.000000 -0.100000
vn 0.000000 0.000000 -0.100000
vn 0.000000 0.000000 -0.100000
vn 0.000000 0.000000 -0.100000
vn 0.000000 0.000000 -0.100000
vn 0.000000 0.000000 -0.100000
vn 0.000000 0.000000 -0.100000
vn 0.000000 0.000000 -0.100000
vn 0.000000 0.000000 -0.100000
vn 0.000000 0.000000 -0.100000
vn 0.000000 0.000000 -0.100000
vn 0.000000 0.000000 -0.100000
vn 0.000000 0.000000 -0.100000
vn 0.000000 0.000000 -0.100000
vn 0.000000 0.000000 -0.100000
vn 0.000000 0.000000 -0.100000
vn 0.000000 0.000000 -0.100000
vn 0.000000 0.000000 -0.100000
vn 0.000000 0.000000 -0.100000
vn 0.000000 0.000000 -0.100000
vn 0.000000 0.000000 -0.100000
vn 0.000000 0.000000 -0.100000
vn 0.000000 0.000000 -0.100000
vn 0.000000 0.000000 -0.100000
vn 0.000000 0.000000 -0.100000
vn 0.000000 0.000000 -0.100000
vn 0.000000 0.000000 -0.100000
vn 0.000000 0.000000 -0.100000
vn 0.000000 0.000000 -0.100000
vn 0.000000 0.000000 -0.100000
vn 0.000000 0.000000 -0.100000
vn 0.000000 0.000000 -0.100000
vn -0.096593 -0.025882 0.000000
vn -0.096593 -0.025882 0.000000
vn -0.100000 -0.000000 0.000000
vn -0.100000 -0.000000 0.000000
vn -0.096593 0.025882 0.000000
vn -0.096593 0.025882 0.000000
vn -0.086603 0.050000 0.000000
vn -0.086603 0.050000 0.000000
vn -0.070711 0.070711 0.000000
vn -0.070711 0.070711 0.000000
vn -0.050000 0.086603 0.000000
vn -0.050000 0.086603 0.000000
vn -0.025882 0.096593 0.000000
vn -0.025882 0.096593 0.000000
vn 0.000000 0.100000 0.000000
vn 0.000000 0.100000 0.000000
vn 0.025882 0.096593 0.000000
vn 0.025882 0.096593 0.000000
vn 0.050000 0.086603 0.000000
vn 0.050000 0.086603 0.000000
vn 0.070711 0.070711 0.000000
vn 0.070711 0.070711 0.000000
vn 0.086603 0.050000 0.000000
vn 0.086603 0.050000 0.000000
vn 0.096593 0.025882 0.000000
vn 0.096593 0.025882 0.000000
vn 0.100000 0.000000 0.000000
vn 0.100000 0.000000 0.000000
vn 0.096593 -0.025882 0.000000
vn 0.096593 -0.025882 0.000000
vn 0.086603 -0.050000 0.000000
vn 0.086603 -0.050000 0.000000
vn 0.070711 -0.070711 0.000000
vn 0.070711 -0.070711 0.000000
vn 0.050000 -0.086603 0.000000
vn 0.050000 -0.086603 0.000000
vn 0.025882 -0.096593 0.000000
vn 0.025882 -0.096593 0.000000
vn 0.000000 -0.100000 0.000000
vn 0.000000 -0.100000 0.000000
vn -0.025882 -0.096593 0.000000
vn -0.025882 -0.096593 0.000000
vn -0.050000 -0.086603 0.000000
vn -0.050000 -0.086603 0.000000
vn -0.070711 -0.070711 0.000000
vn -0.070711 -0.070711 0.000000
vn -0.086603 -0.050000 0.000000
vn -0.086603 -0.050000 0.000000
vn 0.000000 0.000000 -0.100000
vn 0.000000 0.000000 -0.100000
vn 0.000000 0.000000 -0.100000
vn 0.000000 0.000000 -0.100000
vn 0.000000 0.000000 -0.100000
vn 0.000000 0.000000 -0.100000
vn 0.000000 0.000000 -0.100000
vn 0.000000 0.000000 -0.100000
vn 0.000000 0.000000 -0.100000
vn 0.000000 0.000000 -0.100000
vn 0.000000 0.000000 -0.100000
vn 0.000000 0.000000 -0.100000
vn 0.000000 0.000000 -0.100000
vn 0.000000 0.000000 -0.100000
vn 0.000000 0.000000 -0.100000
vn 0.000000 0.000000 -0.100000
vn 0.000000 0.000000 -0.100000
vn 0.000000 0.000000 -0.100000
vn 0.000000 0.000000 -0.100000
vn 0.000000 0.000000 -0.100000
vn 0.000000 0.000000 -0.100000
vn 0.000000 0.000000 -0.100000
vn 0.000000 0.000000 -0.100000
vn 0.000000 0.000000 -0.100000
vn 0.000000 0.000000 -0.100000
vn 0.000000 0.000000 -0.100000
vn 0.000000 0.000000 -0.100000
vn 0.000000 0.000000 -0.100000
vn 0.000000 0.000000 -0.100000
vn 0.000000 0.000000 -0.100000
vn 0.000000 0.000000 -0.100000
vn 0.000000 0.000000 -0.100000
vn 0.000000 0.000000 -0.100000
vn 0.000000 0.000000 -0.100000
vn 0.000000 0.000000 -0.100000
vn 0.000000 0.000000 -0.100000
vn 0.000000 0.000000 -0.100000
vn 0.000000 0.000000 -0.100000
vn 0.000000 0.000000 -0.100000
vn 0.000000 0.000000 -0.100000
vn 0.000000 0.000000 -0.100000
vn 0.000000 0.000000 -0.100000
vn 0.000000 0.000000 -0.100000
vn 0.000000 0.000000 -0.100000
vn 0.000000 0.000000 -0.100000
vn 0.000000 0.000000 -0.100000
vn 0.000000 0.000000 -0.100000
vn 0.000000 0.000000 -0.100000
vn 0.070704 0.000954 -0.070711
vn 0.070704 0.000954 -0.070711
vn 0.070704 0.000954 -0.070711
vn 0.070704 0.000954 -0.070711
vn -0.000954 0.070704 -0.070711
vn -0.000954 0.070704 -0.070711
vn -0.000954 0.070704 -0.070711
vn -0.000954 0.070704 -0.070711
vn 0.000949 -0.070704 -0.070711
vn 0.000949 -0.070704 -0.070711
vn 0.000949 -0.070704 -0.070711
vn 0.000949 -0.070704 -0.070711
vn -0.070704 -0.000949 -0.070711
vn -0.070704 -0.000949 -0.070711
vn -0.070704 -0.000949 -0.070711
vn -0.070704 -0.000949 -0.070711
vn -0.070638 -0.003212 -0.070711
vn -0.070620 -0.003587 -0.070711
vn -0.069166 -0.014701 -0.070711
vn -0.069062 -0.015180 -0.070711
vn -0.065838 -0.025796 -0.070711
vn -0.065615 -0.026357 -0.070711
vn -0.060743 -0.036198 -0.070711
vn -0.060372 -0.036813 -0.070711
vn -0.054019 -0.045629 -0.070711
vn -0.053477 -0.046262 -0.070711
vn -0.045845 -0.053836 -0.070711
vn -0.045119 -0.054445 -0.070711
vn -0.049326 -0.050665 -0.070711
vn -0.049326 -0.050665 -0.070711
vn -0.049326 -0.050665 -0.070711
vn -0.049326 -0.050665 -0.070711
vn -0.050049 -0.049951 -0.070711
vn -0.050049 -0.049951 -0.070711
vn -0.050049 -0.049951 -0.070711
vn -0.050049 -0.049951 -0.070711
vn 0.006602 -0.070402 -0.070711
vn 0.005665 -0.070483 -0.070711
vn -0.005096 -0.070527 -0.070711
vn -0.005921 -0.070462 -0.070711
vn -0.016655 -0.068721 -0.070711
vn -0.017348 -0.068550 -0.070711
vn -0.027758 -0.065035 -0.070711
vn -0.028309 -0.064797 -0.070711
vn -0.038101 -0.059568 -0.070711
vn -0.038511 -0.059304 -0.070711
vn -0.047401 -0.052471 -0.070711
vn -0.047678 -0.052219 -0.070711
vn -0.000007 -0.070711 -0.070711
vn -0.000007 -0.070711 -0.070711
vn -0.000007 -0.070711 -0.070711
vn -0.000007 -0.070711 -0.070711
vn -0.070711 -0.000006 -0.070711
vn -0.070711 -0.000006 -0.070711
vn -0.070711 -0.000006 -0.070711
vn -0.070711 -0.000006 -0.070711
vn -0.070711 -0.000006 -0.070711
vn -0.003240 0.070636 -0.070711
vn -0.003643 0.070617 -0.070711
vn -0.015114 0.069077 -0.070711
vn -0.016920 0.068657 -0.070711
vn -0.026554 0.065535 -0.070711
vn -0.029586 0.064223 -0.070711
vn -0.037233 0.060114 -0.070711
vn -0.041188 0.057477 -0.070711
vn -0.046844 0.052968 -0.070711
vn -0.051305 0.048660 -0.070711
vn -0.055111 0.044304 -0.070711
vn -0.059575 0.038090 -0.070711
vn -0.061797 0.034368 -0.070711
vn -0.065698 0.026148 -0.070711
vn -0.066710 0.023446 -0.070711
vn -0.069455 0.013265 -0.070711
vn -0.069710 0.011852 -0.070711
vn -0.070711 -0.000088 -0.070711
vn -0.070711 -0.000082 -0.070711
vn -0.070711 -0.000097 -0.070711
vn 0.054449 -0.045114 -0.070711
vn 0.053846 -0.045833 -0.070711
vn 0.046266 -0.053474 -0.070711
vn 0.045639 -0.054010 -0.070711
vn 0.036817 -0.060370 -0.070711
vn 0.036206 -0.060738 -0.070711
vn 0.026360 -0.065614 -0.070711
vn 0.025802 -0.065835 -0.070711
vn 0.015181 -0.069062 -0.070711
vn 0.014705 -0.069165 -0.070711
vn 0.003588 -0.070620 -0.070711
vn 0.003213 -0.070638 -0.070711
vn -0.000011 0.070711 -0.070711
vn -0.000011 0.070711 -0.070711
vn -0.000011 0.070711 -0.070711
vn -0.000011 0.070711 -0.070711
vn -0.000011 0.070711 -0.070711
vn 0.070636 0.003240 -0.070711
vn 0.070617 0.003644 -0.070711
vn 0.069076 0.015114 -0.070711
vn 0.068657 0.016920 -0.070711
vn 0.065535 0.026555 -0.070711
vn 0.064223 0.029587 -0.070711
vn 0.060114 0.037234 -0.070711
vn 0.057477 0.041188 -0.070711
vn 0.052968 0.046844 -0.070711
vn 0.048660 0.051305 -0.070711
vn 0.044303 0.055111 -0.070711
vn 0.038090 0.059575 -0.070711
vn 0.034367 0.061797 -0.070711
vn 0.026148 0.065698 -0.070711
vn 0.023446 0.066711 -0.070711
vn 0.013265 0.069455 -0.070711
vn 0.011851 0.069710 -0.070711
vn -0.000089 0.070711 -0.070711
vn -0.000083 0.070711 -0.070711
vn -0.000097 0.070711 -0.070711
vn 0.050005 -0.049995 -0.070711
vn 0.050005 -0.049995 -0.070711
vn 0.050005 -0.049995 -0.070711
vn 0.050005 -0.049995 -0.070711
vn 0.045508 -0.054120 -0.070711
vn 0.045508 -0.054120 -0.070711
vn 0.045508 -0.054120 -0.070711
vn 0.045508 -0.054120 -0.070711
vn 0.070711 -0.000020 -0.070711
vn 0.070711 -0.000020 -0.070711
vn 0.070711 -0.000020 -0.070711
vn 0.070711 -0.000020 -0.070711
vn 0.070711 -0.000020 -0.070711
vn 0.047218 -0.052635 -0.070711
vn 0.047497 -0.052384 -0.070711
vn 0.055369 -0.043980 -0.070711
vn 0.055559 -0.043740 -0.070711
vn 0.061955 -0.034081 -0.070711
vn 0.062069 -0.033873 -0.070711
vn 0.066790 -0.023219 -0.070711
vn 0.066845 -0.023060 -0.070711
vn 0.069736 -0.011701 -0.070711
vn 0.069752 -0.011603 -0.070711
vn 0.070711 0.000149 -0.070711
vn 0.070710 0.000161 -0.070711
vn 0.070710 0.000179 -0.070711
vn 0.099895 0.004583 0.000000
vn 0.099895 0.004583 0.000000
vn 0.097689 0.021375 0.000000
vn 0.097689 0.021375 0.000000
vn 0.092681 0.037554 0.000000
vn 0.092681 0.037554 0.000000
vn 0.085014 0.052656 0.000000
vn 0.085014 0.052656 0.000000
vn 0.074908 0.066248 0.000000
vn 0.074908 0.066248 0.000000
vn 0.062654 0.077939 0.000000
vn 0.062654 0.077939 0.000000
vn 0.048603 0.087394 0.000000
vn 0.048603 0.087394 0.000000
vn 0.033157 0.094343 0.000000
vn 0.033157 0.094343 0.000000
vn 0.016760 0.098585 0.000000
vn 0.016760 0.098585 0.000000
vn -0.000117 0.100000 -0.000000
vn -0.000117 0.100000 -0.000000
vn -0.000015 0.100000 0.000000
vn -0.000015 0.100000 0.000000
vn -0.000015 0.100000 0.000000
vn -0.000015 0.100000 0.000000
vn -0.001350 0.099991 0.000000
vn -0.001350 0.099991 0.000000
vn -0.001350 0.099991 0.000000
vn -0.001350 0.099991 0.000000
vn -0.004582 0.099895 -0.000000
vn -0.004582 0.099895 -0.000000
vn -0.021375 0.097689 -0.000000
vn -0.021375 0.097689 -0.000000
vn -0.037554 0.092681 -0.000000
vn -0.037554 0.092681 -0.000000
vn -0.052656 0.085014 -0.000000
vn -0.052656 0.085014 -0.000000
vn -0.066247 0.074909 -0.000000
vn -0.066247 0.074909 -0.000000
vn -0.077938 0.062655 -0.000000
vn -0.077938 0.062655 -0.000000
vn -0.087394 0.048603 -0.000000
vn -0.087394 0.048603 -0.000000
vn -0.094343 0.033158 -0.000000
vn -0.094343 0.033158 -0.000000
vn -0.098585 0.016762 -0.000000
vn -0.098585 0.016762 -0.000000
vn -0.100000 -0.000116 0.000000
vn -0.100000 -0.000116 0.000000
vn -0.100000 -0.000008 0.000000
vn -0.100000 -0.000008 0.000000
vn -0.100000 -0.000008 0.000000
vn -0.100000 -0.000008 0.000000
vn -0.099991 -0.001342 0.000000
vn -0.099991 -0.001342 0.000000
vn -0.099991 -0.001342 0.000000
vn -0.099991 -0.001342 0.000000
vn -0.099897 -0.004543 0.000000
vn -0.099897 -0.004543 0.000000
vn -0.097815 -0.020791 0.000000
vn -0.097815 -0.020791 0.000000
vn -0.093108 -0.036481 0.000000
vn -0.093108 -0.036481 0.000000
vn -0.085904 -0.051192 0.000000
vn -0.085904 -0.051192 0.000000
vn -0.076394 -0.064529 0.000000
vn -0.076394 -0.064529 0.000000
vn -0.064834 -0.076135 0.000000
vn -0.064834 -0.076135 0.000000
vn -0.070780 -0.070641 0.000000
vn -0.070780 -0.070641 0.000000
vn -0.070780 -0.070641 0.000000
vn -0.070780 -0.070641 0.000000
vn -0.069757 -0.071652 0.000000
vn -0.069757 -0.071652 0.000000
vn -0.069757 -0.071652 0.000000
vn -0.069757 -0.071652 0.000000
vn 0.000000 0.000000 -0.100000
vn 0.000000 0.000000 -0.100000
vn 0.000000 0.000000 -0.100000
vn 0.000000 0.000000 -0.100000
vn 0.000000 0.000000 -0.100000
vn 0.000000 0.000000 -0.100000
vn 0.000000 0.000000 -0.100000
vn 0.000000 0.000000 -0.100000
vn 0.000000 0.000000 -0.100000
vn 0.000000 0.000000 -0.100000
vn 0.000000 0.000000 -0.100000
vn 0.000000 0.000000 -0.100000
vn 0.000000 0.000000 -0.100000
vn 0.000000 0.000000 -0.100000
vn 0.000000 0.000000 -0.100000
vn 0.000000 0.000000 -0.100000
vn 0.000000 0.000000 -0.100000
vn 0.000000 0.000000 -0.100000
vn 0.000000 0.000000 -0.100000
vn 0.000000 0.000000 -0.100000
vn 0.000000 0.000000 -0.100000
vn 0.000000 0.000000 -0.100000
vn 0.000000 0.000000 -0.100000
vn 0.000000 0.000000 -0.100000
vn 0.000000 0.000000 -0.100000
vn 0.000000 0.000000 -0.100000
vn 0.000000 0.000000 -0.100000
vn 0.000000 0.000000 -0.100000
vn 0.000000 0.000000 -0.100000
vn 0.000000 0.000000 -0.100000
vn 0.000000 0.000000 -0.100000
vn 0.000000 0.000000 -0.100000
vn 0.000000 0.000000 -0.100000
vn 0.000000 0.000000 -0.100000
vn 0.000000 0.000000 -0.100000
vn 0.000000 0.000000 -0.100000
vn 0.000000 0.000000 -0.100000
vn 0.000000 0.000000 -0.100000
vn 0.000000 0.000000 -0.100000
vn 0.000000 0.000000 -0.100000
vn 0.000000 0.000000 -0.100000
vn 0.000000 0.000000 -0.100000
vn 0.000000 0.000000 -0.100000
vn 0.000000 0.000000 -0.100000
vn 0.000000 0.000000 -0.100000
vn 0.000000 0.000000 -0.100000
vn 0.000000 0.000000 -0.100000
vn 0.000000 0.000000 -0.100000
vn 0.000000 0.000000 -0.100000
vn 0.000000 0.000000 -0.100000
vn 0.000000 0.000000 -0.100000
vn 0.000000 0.000000 -0.100000
vn 0.000000 0.000000 -0.100000
vn 0.000000 0.000000 -0.100000
vn 0.000000 0.000000 -0.100000
vn 0.000000 0.000000 -0.100000
vn 0.000000 0.000000 -0.100000
vn 0.000000 0.000000 -0.100000
vn 0.000000 0.000000 -0.100000
vn 0.000000 0.000000 -0.100000
vn 0.000000 0.000000 -0.100000
vn 0.000000 0.000000 -0.100000
vn 0.000000 0.000000 -0.100000
vn 0.000000 0.000000 -0.100000
vn 0.000000 0.000000 -0.100000
vn 0.000000 0.000000 -0.100000
vn 0.000000 0.000000 -0.100000
vn 0.000000 0.000000 -0.100000
vn 0.000000 0.000000 -0.100000
vn 0.000000 0.000000 -0.100000
vn 0.000000 0.000000 -0.100000
vn 0.000000 0.000000 -0.100000
vn 0.000000 0.000000 -0.100000
vn 0.000000 0.000000 -0.100000
vn 0.000000 0.000000 -0.100000
vn 0.000000 0.000000 -0.100000
vn 0.000000 0.000000 -0.100000
vn 0.000000 0.000000 -0.100000
vn 0.000000 0.000000 -0.100000
vn 0.000000 0.000000 -0.100000
vn 0.000000 0.000000 -0.100000
vn 0.000000 0.000000 -0.100000
vn 0.000000 0.000000 -0.100000
vn 0.000000 0.000000 -0.100000
vn 0.000000 0.000000 -0.100000
vn 0.000000 0.000000 -0.100000
vn 0.000000 0.000000 -0.100000
vn 0.000000 0.000000 -0.100000
vn 0.000000 0.000000 -0.100000
vn 0.000000 0.000000 -0.100000
vn 0.000000 0.000000 -0.100000
vn 0.000000 0.000000 -0.100000
vn 0.000000 0.000000 -0.100000
vn 0.000000 0.000000 -0.100000
vn 0.000000 0.000000 -0.100000
vn 0.000000 0.000000 -0.100000
vn 0.000000 0.000000 -0.100000
vn 0.000000 0.000000 -0.100000
vn 0.000000 0.000000 -0.100000
vn 0.000000 0.000000 -0.100000
vn 0.000000 0.000000 -0.100000
vn 0.000000 0.000000 -0.100000
vn 0.000000 0.000000 -0.100000
vn 0.000000 0.000000 -0.100000
vn 0.000000 0.000000 -0.100000
vn 0.000000 0.000000 -0.100000
vn 0.000000 0.000000 -0.100000
vn 0.000000 0.000000 -0.100000
vn 0.000000 0.000000 -0.100000
vn 0.000000 0.000000 -0.100000
vn 0.000000 0.000000 -0.100000
vn 0.000000 0.000000 -0.100000
vn 0.000000 0.000000 -0.100000
vn 0.000000 0.000000 -0.100000
vn 0.000000 0.000000 -0.100000
vn 0.000000 0.000000 -0.100000
vn 0.000000 0.000000 -0.100000
vn 0.000000 0.000000 -0.100000
vn 0.000000 0.000000 -0.100000
vn 0.000000 0.000000 -0.100000
vn 0.000000 0.000000 -0.100000
vn 0.000000 0.000000 -0.100000
vn 0.000000 0.000000 -0.100000
vn 0.000000 0.000000 -0.100000
vn 0.000000 0.000000 -0.100000
vn 0.000000 0.000000 -0.100000
vn 0.000000 0.000000 -0.100000
vn 0.000000 0.000000 -0.100000
vn 0.000000 0.000000 -0.100000
vn 0.000000 0.000000 -0.100000
vn 0.000000 0.000000 -0.100000
vn 0.000000 0.000000 -0.100000
vn 0.000000 0.000000 -0.100000
vn 0.000000 0.000000 -0.100000
vn 0.000000 0.000000 -0.100000
vn 0.000000 0.000000 -0.100000
vn 0.000000 0.000000 -0.100000
vn 0.000000 0.000000 -0.100000
vn 0.000000 0.000000 -0.100000
vn 0.000000 0.000000 -0.100000
vn 0.000000 0.000000 -0.100000
vn 0.000000 0.000000 -0.100000
vn 0.000000 0.000000 -0.100000
vn 0.000000 0.000000 -0.100000
vn -0.000000 -0.000000 0.100000
vn -0.000000 -0.000000 0.100000
vn -0.000000 -0.000000 0.100000
vn -0.000000 -0.000000 0.100000
vn -0.000000 -0.000000 0.100000
vn -0.000000 -0.000000 0.100000
vn -0.000000 -0.000000 0.100000
vn -0.000000 -0.000000 0.100000
vn -0.000000 -0.000000 0.100000
vn -0.000000 -0.000000 0.100000
vn -0.000000 -0.000000 0.100000
vn -0.000000 -0.000000 0.100000
vn -0.000000 -0.000000 0.100000
vn -0.000000 -0.000000 0.100000
vn -0.000000 -0.000000 0.100000
vn -0.000000 -0.000000 0.100000
vn -0.000000 -0.000000 0.100000
vn -0.000000 -0.000000 0.100000
vn -0.000000 -0.000000 0.100000
vn -0.000000 -0.000000 0.100000
vn -0.000000 -0.000000 0.100000
vn -0.000000 -0.000000 0.100000
vn -0.000000 -0.000000 0.100000
vn -0.000000 -0.000000 0.100000
vn -0.000000 -0.000000 0.100000
vn -0.000000 -0.000000 0.100000
vn -0.000000 -0.000000 0.100000
vn -0.000000 -0.000000 0.100000
vn -0.000000 -0.000000 0.100000
vn -0.000000 -0.000000 0.100000
vn -0.000000 -0.000000 0.100000
vn -0.000000 -0.000000 0.100000
vn -0.000000 -0.000000 0.100000
vn -0.000000 -0.000000 0.100000
vn -0.000000 -0.000000 0.100000
vn -0.000000 -0.000000 0.100000
vn -0.000000 -0.000000 0.100000
vn -0.000000 -0.000000 0.100000
vn -0.000000 -0.000000 0.100000
vn -0.000000 -0.000000 0.100000
vn -0.000000 -0.000000 0.100000
vn -0.000000 -0.000000 0.100000
vn -0.000000 -0.000000 0.100000
vn -0.000000 -0.000000 0.100000
vn -0.000000 -0.000000 0.100000
vn -0.000000 -0.000000 0.100000
vn -0.000000 -0.000000 0.100000
vn -0.000000 -0.000000 0.100000
vn -0.000000 -0.000000 0.100000
vn -0.000000 -0.000000 0.100000
vn -0.000000 -0.000000 0.100000
vn -0.000000 -0.000000 0.100000
vn -0.000000 -0.000000 0.100000
vn -0.000000 -0.000000 0.100000
vn -0.000000 -0.000000 0.100000
vn -0.000000 -0.000000 0.100000
vn -0.000000 -0.000000 0.100000
vn -0.000000 -0.000000 0.100000
vn -0.000000 -0.000000 0.100000
vn -0.000000 -0.000000 0.100000
vn -0.000000 -0.000000 0.100000
vn -0.000000 -0.000000 0.100000
vn -0.000000 -0.000000 0.100000
vn -0.000000 -0.000000 0.100000
vn -0.000000 -0.000000 0.100000
vn -0.000000 -0.000000 0.100000
vn -0.000000 -0.000000 0.100000
vn -0.000000 -0.000000 0.100000
vn -0.000000 -0.000000 0.100000
vn -0.000000 -0.000000 0.100000
vn -0.000000 -0.000000 0.100000
vn -0.000000 -0.000000 0.100000
vn -0.000000 -0.000000 0.100000
vn -0.000000 -0.000000 0.100000
vn -0.000000 -0.000000 0.100000
vn -0.000000 -0.000000 0.100000
vn -0.000000 -0.000000 0.100000
vn -0.000000 -0.000000 0.100000
vn -0.000000 -0.000000 0.100000
vn -0.000000 -0.000000 0.100000
vn -0.000000 -0.000000 0.100000
vn -0.000000 -0.000000 0.100000
vn -0.000000 -0.000000 0.100000
vn -0.000000 -0.000000 0.100000
vn -0.000000 -0.000000 0.100000
vn -0.000000 -0.000000 0.100000
vn -0.000000 -0.000000 0.100000
vn -0.000000 -0.000000 0.100000
vn -0.000000 -0.000000 0.100000
vn -0.000000 -0.000000 0.100000
vn -0.000000 -0.000000 0.100000
vn -0.000000 -0.000000 0.100000
vn -0.000000 -0.000000 0.100000
vn -0.000000 -0.000000 0.100000
vn -0.000000 -0.000000 0.100000
vn -0.067427 -0.073849 0.000000
vn -0.067427 -0.073849 0.000000
vn -0.054462 -0.083868 0.000000
vn -0.054462 -0.083868 0.000000
vn -0.040035 -0.091636 0.000000
vn -0.040035 -0.091636 0.000000
vn -0.024534 -0.096944 0.000000
vn -0.024534 -0.096944 0.000000
vn -0.008373 -0.099649 0.000000
vn -0.008373 -0.099649 0.000000
vn 0.008012 -0.099679 0.000000
vn 0.008012 -0.099679 0.000000
vn -0.000009 -0.100000 0.000000
vn -0.000009 -0.100000 0.000000
vn -0.000009 -0.100000 0.000000
vn -0.000009 -0.100000 0.000000
vn 0.001342 -0.099991 0.000000
vn 0.001342 -0.099991 0.000000
vn 0.001342 -0.099991 0.000000
vn 0.001342 -0.099991 0.000000
vn 0.004544 -0.099897 0.000000
vn 0.004544 -0.099897 0.000000
vn 0.020796 -0.097814 0.000000
vn 0.020796 -0.097814 0.000000
vn 0.036490 -0.093105 0.000000
vn 0.036490 -0.093105 0.000000
vn 0.051204 -0.085896 0.000000
vn 0.051204 -0.085896 0.000000
vn 0.064543 -0.076382 0.000000
vn 0.064543 -0.076382 0.000000
vn 0.076150 -0.064817 0.000000
vn 0.076150 -0.064817 0.000000
vn 0.070717 -0.070704 0.000000
vn 0.070717 -0.070704 0.000000
vn 0.070717 -0.070704 0.000000
vn 0.070717 -0.070704 0.000000
vn 0.064358 -0.076538 0.000000
vn 0.064358 -0.076538 0.000000
vn 0.064358 -0.076538 0.000000
vn 0.064358 -0.076538 0.000000
vn 0.066777 -0.074437 0.000000
vn 0.066777 -0.074437 0.000000
vn 0.078304 -0.062197 0.000000
vn 0.078304 -0.062197 0.000000
vn 0.087618 -0.048198 0.000000
vn 0.087618 -0.048198 0.000000
vn 0.094455 -0.032837 0.000000
vn 0.094455 -0.032837 0.000000
vn 0.098621 -0.016547 0.000000
vn 0.098621 -0.016547 0.000000
vn 0.100000 0.000210 0.000000
vn 0.100000 0.000210 0.000000
vn 0.100000 -0.000028 0.000000
vn 0.100000 -0.000028 0.000000
vn 0.100000 -0.000028 0.000000
vn 0.100000 -0.000028 0.000000
vn 0.099991 0.001350 0.000000
vn 0.099991 0.001350 0.000000
vn 0.099991 0.001350 0.000000
vn 0.099991 0.001350 0.000000
vn -0.005547 0.099846 -0.000000
vn -0.005547 0.099846 -0.000000
vn -0.026883 0.096319 -0.000000
vn -0.026883 0.096319 -0.000000
vn -0.046962 0.088287 -0.000000
vn -0.046962 0.088287 -0.000000
vn -0.064844 0.076126 -0.000000
vn -0.064844 0.076126 -0.000000
vn -0.079695 0.060405 -0.000000
vn -0.079695 0.060405 -0.000000
vn -0.090817 0.041859 -0.000000
vn -0.090817 0.041859 -0.000000
vn -0.097693 0.021356 -0.000000
vn -0.097693 0.021356 -0.000000
vn -0.100000 -0.000147 0.000000
vn -0.100000 -0.000147 0.000000
vn -0.100000 -0.000008 0.000000
vn -0.100000 -0.000008 0.000000
vn -0.100000 -0.000008 0.000000
vn -0.100000 -0.000008 0.000000
vn -0.096593 0.025882 0.000000
vn -0.096593 0.025882 0.000000
vn -0.100000 0.000000 0.000000
vn -0.100000 0.000000 0.000000
vn -0.096593 -0.025882 0.000000
vn -0.096593 -0.025882 0.000000
vn -0.086603 -0.050000 0.000000
vn -0.086603 -0.050000 0.000000
vn -0.070711 -0.070711 0.000000
vn -0.070711 -0.070711 0.000000
vn -0.050000 -0.086603 0.000000
vn -0.050000 -0.086603 0.000000
vn -0.025882 -0.096593 0.000000
vn -0.025882 -0.096593 0.000000
vn 0.000000 -0.100000 0.000000
vn 0.000000 -0.100000 0.000000
vn 0.025882 -0.096593 0.000000
vn 0.025882 -0.096593 0.000000
vn 0.050000 -0.086603 0.000000
vn 0.050000 -0.086603 0.000000
vn 0.070711 -0.070711 0.000000
vn 0.070711 -0.070711 0.000000
vn 0.086603 -0.050000 0.000000
vn 0.086603 -0.050000 0.000000
vn 0.096593 -0.025882 0.000000
vn 0.096593 -0.025882 0.000000
vn 0.100000 -0.000000 0.000000
vn 0.100000 -0.000000 0.000000
vn 0.096593 0.025882 0.000000
vn 0.096593 0.025882 0.000000
vn 0.086603 0.050000 0.000000
vn 0.086603 0.050000 0.000000
vn 0.070711 0.070711 0.000000
vn 0.070711 0.070711 0.000000
vn 0.050000 0.086603 0.000000
vn 0.050000 0.086603 0.000000
vn 0.025882 0.096593 0.000000
vn 0.025882 0.096593 0.000000
vn 0.000000 0.100000 0.000000
vn 0.000000 0.100000 0.000000
vn -0.025882 0.096593 0.000000
vn -0.025882 0.096593 0.000000
vn -0.050000 0.086603 0.000000
vn -0.050000 0.086603 0.000000
vn -0.070711 0.070711 0.000000
vn -0.070711 0.070711 0.000000
vn -0.086603 0.050000 0.000000
vn -0.086603 0.050000 0.000000
vn 0.100000 0.000000 0.000000
vn 0.100000 0.000000 0.000000
vn 0.098079 -0.019509 0.000000
vn 0.098079 -0.019509 0.000000
vn 0.092388 -0.038268 0.000000
vn 0.092388 -0.038268 0.000000
vn 0.083147 -0.055557 0.000000
vn 0.083147 -0.055557 0.000000
vn 0.070711 -0.070711 0.000000
vn 0.070711 -0.070711 0.000000
vn 0.055557 -0.083147 0.000000
vn 0.055557 -0.083147 0.000000
vn 0.038268 -0.092388 0.000000
vn 0.038268 -0.092388 0.000000
vn 0.019509 -0.098079 0.000000
vn 0.019509 -0.098079 0.000000
vn 0.100000 0.000000 0.000000
vn 0.100000 0.000000 0.000000
vn 0.100000 0.000000 0.000000
vn -0.000015 0.100000 0.000000
vn -0.000015 0.100000 0.000000
vn -0.000015 0.100000 0.000000
vn -0.000015 0.100000 0.000000
vn -0.001350 0.099991 0.000000
vn -0.001350 0.099991 0.000000
vn -0.001350 0.099991 0.000000
vn -0.001350 0.099991 0.000000
vn 0.099846 0.005547 0.000000
vn 0.099846 0.005547 0.000000
vn 0.096319 0.026883 0.000000
vn 0.096319 0.026883 0.000000
vn 0.088287 0.046962 0.000000
vn 0.088287 0.046962 0.000000
vn 0.076126 0.064845 0.000000
vn 0.076126 0.064845 0.000000
vn 0.060405 0.079694 0.000000
vn 0.060405 0.079694 0.000000
vn 0.041859 0.090817 0.000000
vn 0.041859 0.090817 0.000000
vn 0.021356 0.097693 0.000000
vn 0.021356 0.097693 0.000000
vn -0.000146 0.100000 -0.000000
vn -0.000146 0.100000 -0.000000
vn -0.000015 0.100000 0.000000
vn -0.000015 0.100000 0.000000
vn -0.000015 0.100000 0.000000
vn -0.000015 0.100000 0.000000
vn -0.100000 -0.000000 0.000000
vn -0.100000 -0.000000 0.000000
vn -0.100000 -0.000000 0.000000
vn -0.100000 -0.000000 0.000000
vn -0.096593 0.025882 0.000000
vn -0.096593 0.025882 0.000000
vn -0.100000 0.000000 0.000000
vn -0.100000 0.000000 0.000000
vn -0.096593 -0.025882 0.000000
vn -0.096593 -0.025882 0.000000
vn -0.086603 -0.050000 0.000000
vn -0.086603 -0.050000 0.000000
vn -0.070711 -0.070711 0.000000
vn -0.070711 -0.070711 0.000000
vn -0.050000 -0.086603 0.000000
vn -0.050000 -0.086603 0.000000
vn -0.025882 -0.096593 0.000000
vn -0.025882 -0.096593 0.000000
vn 0.000000 -0.100000 0.000000
vn 0.000000 -0.100000 0.000000
vn 0.025882 -0.096593 0.000000
vn 0.025882 -0.096593 0.000000
vn 0.050000 -0.086603 0.000000
vn 0.050000 -0.086603 0.000000
vn 0.070711 -0.070711 0.000000
vn 0.070711 -0.070711 0.000000
vn 0.086603 -0.050000 0.000000
vn 0.086603 -0.050000 0.000000
vn 0.096593 -0.025882 0.000000
vn 0.096593 -0.025882 0.000000
vn 0.100000 -0.000000 0.000000
vn 0.100000 -0.000000 0.000000
vn 0.096593 0.025882 0.000000
vn 0.096593 0.025882 0.000000
vn 0.086603 0.050000 0.000000
vn 0.086603 0.050000 0.000000
vn 0.070711 0.070711 0.000000
vn 0.070711 0.070711 0.000000
vn 0.050000 0.086603 0.000000
vn 0.050000 0.086603 0.000000
vn 0.025882 0.096593 0.000000
vn 0.025882 0.096593 0.000000
vn 0.000000 0.100000 0.000000
vn 0.000000 0.100000 0.000000
vn -0.025882 0.096593 0.000000
vn -0.025882 0.096593 0.000000
vn -0.050000 0.086603 0.000000
vn -0.050000 0.086603 0.000000
vn -0.070711 0.070711 0.000000
vn -0.070711 0.070711 0.000000
vn -0.086603 0.050000 0.000000
vn -0.086603 0.050000 0.000000
vn 0.000000 -0.100000 0.000000
vn 0.000000 -0.100000 0.000000
vn -0.019509 -0.098079 0.000000
vn -0.019509 -0.098079 0.000000
vn -0.038268 -0.092388 0.000000
vn -0.038268 -0.092388 0.000000
vn -0.055557 -0.083147 0.000000
vn -0.055557 -0.083147 0.000000
vn -0.070711 -0.070711 0.000000
vn -0.070711 -0.070711 0.000000
vn -0.083147 -0.055557 0.000000
vn -0.083147 -0.055557 0.000000
vn -0.092388 -0.038268 0.000000
vn -0.092388 -0.038268 0.000000
vn -0.098079 -0.019509 0.000000
vn -0.098079 -0.019509 0.000000
vn 0.000000 -0.100000 0.000000
vn 0.000000 -0.100000 0.000000
vn 0.100000 -0.000028 0.000000
vn 0.100000 -0.000028 0.000000
vn 0.100000 -0.000028 0.000000
vn 0.100000 -0.000028 0.000000
vn 0.099991 0.001350 0.000000
vn 0.099991 0.001350 0.000000
vn 0.099991 0.001350 0.000000
vn 0.099991 0.001350 0.000000
vn 0.005431 -0.099852 0.000000
vn 0.005431 -0.099852 0.000000
vn 0.025970 -0.096569 0.000000
vn 0.025970 -0.096569 0.000000
vn 0.045385 -0.089108 0.000000
vn 0.045385 -0.089108 0.000000
vn 0.062837 -0.077791 0.000000
vn 0.062837 -0.077791 0.000000
vn 0.077571 -0.063109 0.000000
vn 0.077571 -0.063109 0.000000
vn 0.070717 -0.070704 0.000000
vn 0.070717 -0.070704 0.000000
vn 0.070717 -0.070704 0.000000
vn 0.070717 -0.070704 0.000000
vn -0.096593 0.025882 0.000000
vn -0.096593 0.025882 0.000000
vn -0.100000 0.000000 0.000000
vn -0.100000 0.000000 0.000000
vn -0.096593 -0.025882 0.000000
vn -0.096593 -0.025882 0.000000
vn -0.086603 -0.050000 0.000000
vn -0.086603 -0.050000 0.000000
vn -0.070711 -0.070711 0.000000
vn -0.070711 -0.070711 0.000000
vn -0.050000 -0.086603 0.000000
vn -0.050000 -0.086603 0.000000
vn -0.025882 -0.096593 0.000000
vn -0.025882 -0.096593 0.000000
vn 0.000000 -0.100000 0.000000
vn 0.000000 -0.100000 0.000000
vn 0.025882 -0.096593 0.000000
vn 0.025882 -0.096593 0.000000
vn 0.050000 -0.086603 0.000000
vn 0.050000 -0.086603 0.000000
vn 0.070711 -0.070711 0.000000
vn 0.070711 -0.070711 0.000000
vn 0.086603 -0.050000 0.000000
vn 0.086603 -0.050000 0.000000
vn 0.096593 -0.025882 0.000000
vn 0.096593 -0.025882 0.000000
vn 0.100000 -0.000000 0.000000
vn 0.100000 -0.000000 0.000000
vn 0.096593 0.025882 0.000000
vn 0.096593 0.025882 0.000000
vn 0.086603 0.050000 0.000000
vn 0.086603 0.050000 0.000000
vn 0.070711 0.070711 0.000000
vn 0.070711 0.070711 0.000000
vn 0.050000 0.086603 0.000000
vn 0.050000 0.086603 0.000000
vn 0.025882 0.096593 0.000000
vn 0.025882 0.096593 0.000000
vn 0.000000 0.100000 0.000000
vn 0.000000 0.100000 0.000000
vn -0.025882 0.096593 0.000000
vn -0.025882 0.096593 0.000000
vn -0.050000 0.086603 0.000000
vn -0.050000 0.086603 0.000000
vn -0.070711 0.070711 0.000000
vn -0.070711 0.070711 0.000000
vn -0.086603 0.050000 0.000000
vn -0.086603 0.050000 0.000000
vn -0.099999 0.000512 -0.000000
vn -0.099999 0.000512 -0.000000
vn -0.098172 0.019033 -0.000000
vn -0.098172 0.019033 -0.000000
vn -0.092945 0.036894 -0.000000
vn -0.092945 0.036894 -0.000000
vn -0.084500 0.053477 -0.000000
vn -0.084500 0.053477 -0.000000
vn -0.073127 0.068209 -0.000000
vn -0.073127 0.068209 -0.000000
vn -0.059222 0.080578 -0.000000
vn -0.059222 0.080578 -0.000000
vn -0.043266 0.090156 -0.000000
vn -0.043266 0.090156 -0.000000
vn -0.025811 0.096612 -0.000000
vn -0.025811 0.096612 -0.000000
vn -0.007462 0.099721 -0.000000
vn -0.007462 0.099721 -0.000000
vn 0.011145 0.099377 0.000000
vn 0.011145 0.099377 0.000000
vn 0.029366 0.095591 0.000000
vn 0.029366 0.095591 0.000000
vn 0.046570 0.088494 0.000000
vn 0.046570 0.088494 0.000000
vn 0.062161 0.078332 0.000000
vn 0.062161 0.078332 0.000000
vn 0.075600 0.065458 0.000000
vn 0.075600 0.065458 0.000000
vn 0.001342 -0.099991 0.000000
vn 0.001342 -0.099991 0.000000
vn 0.001342 -0.099991 0.000000
vn 0.001342 -0.099991 0.000000
vn -0.066769 -0.074444 0.000000
vn -0.066769 -0.074444 0.000000
vn -0.049922 -0.086647 0.000000
vn -0.049922 -0.086647 0.000000
vn -0.030916 -0.095101 0.000000
vn -0.030916 -0.095101 0.000000
vn -0.010572 -0.099440 0.000000
vn -0.010572 -0.099440 0.000000
vn 0.010230 -0.099475 0.000000
vn 0.010230 -0.099475 0.000000
vn -0.000009 -0.100000 0.000000
vn -0.000009 -0.100000 0.000000
vn -0.000009 -0.100000 0.000000
vn -0.000009 -0.100000 0.000000
vn 0.100000 -0.000000 0.000000
vn 0.100000 -0.000000 0.000000
vn 0.100000 -0.000000 0.000000
vn 0.100000 -0.000000 0.000000
vn -0.096593 0.025882 0.000000
vn -0.096593 0.025882 0.000000
vn -0.100000 0.000000 0.000000
vn -0.100000 0.000000 0.000000
vn -0.096593 -0.025882 0.000000
vn -0.096593 -0.025882 0.000000
vn -0.086603 -0.050000 0.000000
vn -0.086603 -0.050000 0.000000
vn -0.070711 -0.070711 0.000000
vn -0.070711 -0.070711 0.000000
vn -0.050000 -0.086603 0.000000
vn -0.050000 -0.086603 0.000000
vn -0.025882 -0.096593 0.000000
vn -0.025882 -0.096593 0.000000
vn 0.000000 -0.100000 0.000000
vn 0.000000 -0.100000 0.000000
vn 0.025882 -0.096593 0.000000
vn 0.025882 -0.096593 0.000000
vn 0.050000 -0.086603 0.000000
vn 0.050000 -0.086603 0.000000
vn 0.070711 -0.070711 0.000000
vn 0.070711 -0.070711 0.000000
vn 0.086603 -0.050000 0.000000
vn 0.086603 -0.050000 0.000000
vn 0.096593 -0.025882 0.000000
vn 0.096593 -0.025882 0.000000
vn 0.100000 -0.000000 0.000000
vn 0.100000 -0.000000 0.000000
vn 0.096593 0.025882 0.000000
vn 0.096593 0.025882 0.000000
vn 0.086603 0.050000 0.000000
vn 0.086603 0.050000 0.000000
vn 0.070711 0.070711 0.000000
vn 0.070711 0.070711 0.000000
vn 0.050000 0.086603 0.000000
vn 0.050000 0.086603 0.000000
vn 0.025882 0.096593 0.000000
vn 0.025882 0.096593 0.000000
vn 0.000000 0.100000 0.000000
vn 0.000000 0.100000 0.000000
vn -0.025882 0.096593 0.000000
vn -0.025882 0.096593 0.000000
vn -0.050000 0.086603 0.000000
vn -0.050000 0.086603 0.000000
vn -0.070711 0.070711 0.000000
vn -0.070711 0.070711 0.000000
vn -0.086603 0.050000 0.000000
vn -0.086603 0.050000 0.000000
vn -0.072957 0.068390 -0.000000
vn -0.072957 0.068390 -0.000000
vn -0.059234 0.080568 -0.000000
vn -0.059234 0.080568 -0.000000
vn -0.043518 0.090034 -0.000000
vn -0.043518 0.090034 -0.000000
vn -0.026336 0.096470 -0.000000
vn -0.026336 0.096470 -0.000000
vn -0.008268 0.099658 -0.000000
vn -0.008268 0.099658 -0.000000
vn 0.010078 0.099491 0.000000
vn 0.010078 0.099491 0.000000
vn 0.028086 0.095975 0.000000
vn 0.028086 0.095975 0.000000
vn 0.045147 0.089228 0.000000
vn 0.045147 0.089228 0.000000
vn 0.060689 0.079478 0.000000
vn 0.060689 0.079478 0.000000
vn 0.074188 0.067053 0.000000
vn 0.074188 0.067053 0.000000
vn 0.085190 0.052370 0.000000
vn 0.085190 0.052370 0.000000
vn 0.093324 0.035925 0.000000
vn 0.093324 0.035925 0.000000
vn 0.098317 0.018270 0.000000
vn 0.098317 0.018270 0.000000
vn -0.070711 0.070711 0.000000
vn -0.070711 0.070711 0.000000
vn -0.070711 0.070711 0.000000
vn -0.070711 0.070711 0.000000
vn -0.070780 -0.070641 0.000000
vn -0.070780 -0.070641 0.000000
vn -0.070780 -0.070641 0.000000
vn -0.070780 -0.070641 0.000000
vn -0.069757 -0.071652 0.000000
vn -0.069757 -0.071652 0.000000
vn -0.069757 -0.071652 0.000000
vn -0.069757 -0.071652 0.000000
vn 0.000000 0.000000 0.100000
vn 0.000000 0.000000 0.100000
vn 0.000000 0.000000 0.100000
vn 0.000000 0.000000 0.100000
vn 0.000000 0.000000 0.100000
vn 0.000000 0.000000 0.100000
vn 0.000000 0.000000 0.100000
vn 0.000000 0.000000 0.100000
vn 0.000000 0.000000 0.100000
vn 0.000000 0.000000 0.100000
vn 0.000000 0.000000 0.100000
vn 0.000000 0.000000 0.100000
vn 0.000000 0.000000 0.100000
vn 0.000000 0.000000 0.100000
vn 0.000000 0.000000 0.100000
vn 0.000000 0.000000 0.100000
vn 0.000000 0.000000 0.100000
vn 0.000000 0.000000 0.100000
vn 0.000000 0.000000 0.100000
vn 0.000000 0.000000 0.100000
vn 0.000000 0.000000 0.100000
vn 0.000000 0.000000 0.100000
vn 0.000000 0.000000 0.100000
vn 0.000000 0.000000 0.100000
vn 0.000000 0.000000 0.100000
vn 0.000000 0.000000 0.100000
vn 0.000000 0.000000 0.100000
vn 0.000000 0.000000 0.100000
vn 0.000000 0.000000 0.100000
vn 0.000000 0.000000 0.100000
vn 0.000000 0.000000 0.100000
vn 0.000000 0.000000 0.100000
vn 0.000000 0.000000 0.100000
vn 0.000000 0.000000 0.100000
vn 0.000000 0.000000 0.100000
vn 0.000000 0.000000 0.100000
vn 0.000000 0.000000 0.100000
vn 0.000000 0.000000 0.100000
vn 0.000000 0.000000 0.100000
vn 0.000000 0.000000 0.100000
vn 0.000000 0.000000 0.100000
vn 0.000000 0.000000 0.100000
vn 0.000000 0.000000 0.100000
vn 0.000000 0.000000 0.100000
vn 0.000000 0.000000 0.100000
vn 0.000000 0.000000 0.100000
vn 0.000000 0.000000 0.100000
vn 0.000000 0.000000 0.100000
vn 0.000000 0.000000 0.100000
vn 0.000000 0.000000 0.100000
vn 0.000000 0.000000 0.100000
vn 0.000000 0.000000 0.100000
vn 0.000000 0.000000 0.100000
vn 0.000000 0.000000 0.100000
vn 0.000000 0.000000 0.100000
vn 0.000000 0.000000 0.100000
vn 0.000000 0.000000 0.100000
vn 0.000000 0.000000 0.100000
vn 0.000000 0.000000 0.100000
vn 0.000000 0.000000 0.100000
vn 0.000000 0.000000 0.100000
vn 0.000000 0.000000 0.100000
vn 0.000000 0.000000 0.100000
vn 0.000000 0.000000 0.100000
vn 0.000000 0.000000 0.100000
vn 0.000000 0.000000 0.100000
vn 0.000000 0.000000 0.100000
vn 0.000000 0.000000 0.100000
vn 0.000000 0.000000 0.100000
vn 0.000000 0.000000 0.100000
vn 0.000000 0.000000 0.100000
vn 0.000000 0.000000 0.100000
vn 0.000000 0.000000 0.100000
vn 0.000000 0.000000 0.100000
vn 0.000000 0.000000 0.100000
vn 0.000000 0.000000 0.100000
vn 0.000000 0.000000 0.100000
vn 0.000000 0.000000 0.100000
vn 0.000000 0.000000 0.100000
vn 0.000000 0.000000 0.100000
vn 0.000000 0.000000 0.100000
vn 0.000000 0.000000 0.100000
vn 0.000000 0.000000 0.100000
vn 0.000000 0.000000 0.100000
vn 0.000000 0.000000 0.100000
vn 0.000000 0.000000 0.100000
vn 0.000000 0.000000 0.100000
vn 0.000000 0.000000 0.100000
vn 0.000000 0.000000 0.100000
vn 0.000000 0.000000 0.100000
vn 0.000000 0.000000 0.100000
vn 0.000000 0.000000 0.100000
vn 0.000000 0.000000 0.100000
vn 0.000000 0.000000 0.100000
vn 0.000000 0.000000 0.100000
vn 0.000000 0.000000 0.100000
vn 0.000000 0.000000 0.100000
vn 0.000000 0.000000 0.100000
vn 0.000000 0.000000 0.100000
vn 0.000000 0.000000 0.100000
vn 0.000000 0.000000 0.100000
vn 0.000000 0.000000 0.100000
vn 0.000000 0.000000 0.100000
vn 0.000000 0.000000 0.100000
vn 0.000000 0.000000 0.100000
vn 0.000000 0.000000 0.100000
vn 0.000000 0.000000 0.100000
vn 0.000000 0.000000 0.100000
vn 0.000000 0.000000 0.100000
vn 0.000000 0.000000 0.100000
vn 0.000000 0.000000 0.100000
vn 0.000000 0.000000 0.100000
vn 0.000000 0.000000 0.100000
vn 0.000000 0.000000 0.100000
vn 0.000000 0.000000 0.100000
vn 0.000000 0.000000 0.100000
vn 0.000000 0.000000 0.100000
vn 0.000000 0.000000 0.100000
vn 0.000000 0.000000 0.100000
vn 0.000000 0.000000 0.100000
vn 0.000000 0.000000 0.100000
vn 0.000000 0.000000 0.100000
vn 0.000000 0.000000 0.100000
vn 0.000000 0.000000 0.100000
vn 0.000000 0.000000 0.100000
vn 0.000000 0.000000 0.100000
vn 0.000000 0.000000 0.100000
vn 0.000000 0.000000 0.100000
vn 0.000000 0.000000 0.100000
vn 0.000000 0.000000 0.100000
vn 0.000000 0.000000 0.100000
vn 0.000000 0.000000 0.100000
vn 0.000000 0.000000 0.100000
vn 0.000000 0.000000 0.100000
vn 0.000000 0.000000 0.100000
vn 0.000000 0.000000 0.100000
vn 0.000000 0.000000 0.100000
vn 0.000000 0.000000 0.100000
vn 0.000000 0.000000 0.100000
vn 0.000000 0.000000 0.100000
vn 0.000000 0.000000 0.100000
vn 0.000000 0.000000 0.100000
vn 0.000000 0.000000 0.100000
vn 0.000000 0.000000 0.100000
vn 0.000000 0.000000 0.100000
vn 0.000000 0.000000 0.100000
vn 0.000000 0.000000 0.100000
vn 0.000000 0.000000 0.100000
vn 0.000000 0.000000 0.100000
vn 0.000000 0.000000 0.100000
vn 0.000000 0.000000 0.100000
vn 0.000000 0.000000 0.100000
vn 0.000000 0.000000 0.100000
vn 0.000000 0.000000 0.100000
vn 0.000000 0.000000 0.100000
vn 0.000000 0.000000 0.100000
vn 0.000000 0.000000 0.100000
vn 0.000000 0.000000 0.100000
vn 0.000000 0.000000 0.100000
vn 0.000000 0.000000 0.100000
vn 0.000000 0.000000 0.100000
vn 0.000000 0.000000 0.100000
vn 0.000000 0.000000 0.100000
vn 0.000000 0.000000 0.100000
vn 0.000000 0.000000 0.100000
vn 0.000000 0.000000 0.100000
vn 0.000000 0.000000 0.100000
vn 0.000000 0.000000 0.100000
vn 0.000000 0.000000 0.100000
vn 0.000000 0.000000 0.100000
vn 0.000000 0.000000 0.100000
vn 0.000000 0.000000 0.100000
vn 0.000000 0.000000 0.100000
vn 0.000000 0.000000 0.100000
vn 0.000000 0.000000 0.100000
vn 0.000000 0.000000 0.100000
vn 0.000000 0.000000 0.100000
vn 0.000000 0.000000 0.100000
vn 0.000000 0.000000 0.100000
vn 0.000000 0.000000 0.100000
vn 0.000000 0.000000 0.100000
vn 0.000000 0.000000 0.100000
vn 0.000000 0.000000 0.100000
vn 0.000000 0.000000 0.100000
vn 0.000000 0.000000 0.100000
vn 0.000000 0.000000 0.100000
vn 0.000000 0.000000 0.100000
vn 0.000000 0.000000 0.100000
vn 0.000000 0.000000 0.100000
vn 0.000000 0.000000 0.100000
vn 0.000000 0.000000 0.100000
vn 0.000000 0.000000 0.100000
vn 0.000000 0.000000 0.100000
vn 0.000000 0.000000 0.100000
vn 0.000000 0.000000 0.100000
vn 0.000000 0.000000 0.100000
vn 0.000000 0.000000 0.100000
vn 0.000000 0.000000 0.100000
vn 0.000000 0.000000 0.100000
vn 0.000000 0.000000 0.100000
vn 0.000000 0.000000 0.100000
vn 0.000000 0.000000 0.100000
vn 0.000000 0.000000 0.100000
vn 0.000000 0.000000 0.100000
vn 0.000000 0.000000 0.100000
vn 0.000000 0.000000 0.100000
vn 0.000000 0.000000 0.100000
usemtl Steel_-_Satin
f 1/1/1 2/2/2 4/3/3
f 4/3/3 2/2/2 3/4/4
f 2/5/5 5/6/6 3/7/7
f 3/7/7 5/6/6 6/8/8
f 7/9/9 8/10/10 10/11/11
f 10/11/11 8/10/10 9/12/12
f 11/13/13 12/14/14 14/15/15
f 14/15/15 12/14/14 13/16/16
f 9/17/17 8/18/18 12/19/19
f 12/19/19 8/18/18 13/20/20
f 13/20/20 8/18/18 15/21/21
f 4/22/22 3/23/23 76/24/24
f 76/24/24 3/23/23 6/25/25
f 76/24/24 6/25/25 75/26/26
f 75/26/26 6/25/25 16/27/27
f 75/26/26 16/27/27 74/28/28
f 74/28/28 16/27/27 17/29/29
f 74/28/28 17/29/29 73/30/30
f 73/30/30 17/29/29 18/31/31
f 73/30/30 18/31/31 72/32/32
f 72/32/32 18/31/31 19/33/33
f 72/32/32 19/33/33 71/34/34
f 71/34/34 19/33/33 20/35/35
f 71/34/34 20/35/35 70/36/36
f 70/36/36 20/35/35 21/37/37
f 70/36/36 21/37/37 41/38/38
f 41/38/38 21/37/37 40/39/39
f 40/39/39 21/37/37 22/40/40
f 40/39/39 22/40/40 35/41/41
f 35/41/41 22/40/40 23/42/42
f 35/41/41 23/42/42 30/43/43
f 30/43/43 23/42/42 24/44/44
f 30/43/43 24/44/44 25/45/45
f 25/45/45 26/46/46 30/43/43
f 30/43/43 26/46/46 27/47/47
f 30/43/43 27/47/47 28/48/48
f 28/48/48 29/49/49 30/43/43
f 35/41/41 30/43/43 34/50/50
f 34/50/50 30/43/43 31/51/51
f 34/50/50 31/51/51 33/52/52
f 33/52/52 31/51/51 32/53/53
f 36/54/54 37/55/55 35/41/41
f 35/41/41 37/55/55 38/56/56
f 35/41/41 38/56/56 39/57/57
f 39/57/57 40/39/39 35/41/41
f 70/36/36 41/38/38 50/58/58
f 50/58/58 41/38/38 42/59/59
f 50/58/58 42/59/59 49/60/60
f 49/60/60 42/59/59 43/61/61
f 49/60/60 43/61/61 48/62/62
f 48/62/62 43/61/61 44/63/63
f 48/62/62 44/63/63 47/64/64
f 47/64/64 44/63/63 45/65/65
f 47/64/64 45/65/65 46/66/66
f 46/66/66 45/65/65 13/67/67
f 46/66/66 13/67/67 15/68/68
f 45/65/65 14/69/69 13/67/67
f 50/58/58 51/70/70 70/36/36
f 70/36/36 51/70/70 69/71/71
f 69/71/71 51/70/70 56/72/72
f 69/71/71 56/72/72 68/73/73
f 68/73/73 56/72/72 67/74/74
f 67/74/74 56/72/72 61/75/75
f 67/74/74 61/75/75 66/76/76
f 66/76/76 61/75/75 65/77/77
f 65/77/77 61/75/75 64/78/78
f 64/78/78 61/75/75 63/79/79
f 63/79/79 61/75/75 62/80/80
f 51/70/70 52/81/81 56/72/72
f 56/72/72 52/81/81 53/82/82
f 56/72/72 53/82/82 54/83/83
f 54/83/83 55/84/84 56/72/72
f 56/72/72 57/85/85 61/75/75
f 61/75/75 57/85/85 58/86/86
f 61/75/75 58/86/86 59/87/87
f 59/87/87 60/88/88 61/75/75
f 77/89/89 78/90/90 80/91/91
f 80/91/91 78/90/90 79/92/92
f 90/93/93 81/94/94 89/95/95
f 89/95/95 81/94/94 82/96/96
f 89/95/95 82/96/96 88/97/97
f 88/97/97 82/96/96 83/98/98
f 88/97/97 83/98/98 87/99/99
f 87/99/99 83/98/98 84/100/100
f 87/99/99 84/100/100 86/101/101
f 86/101/101 84/100/100 85/102/102
f 78/103/103 81/104/104 79/105/105
f 79/105/105 81/104/104 90/106/106
f 91/107/107 92/108/108 55/109/109
f 55/109/109 92/108/108 56/110/110
f 92/111/111 93/112/112 56/113/113
f 56/113/113 93/112/112 57/114/114
f 57/114/115 93/115/116 58/116/117
f 58/116/117 93/115/116 94/117/118
f 58/116/117 94/117/118 59/118/119
f 59/118/119 94/117/118 95/119/120
f 59/118/119 95/119/120 60/120/121
f 60/120/121 95/119/120 96/121/122
f 60/120/121 96/121/122 61/122/123
f 61/122/123 96/121/122 97/123/124
f 97/124/125 98/125/126 61/126/127
f 61/126/127 98/125/126 62/127/128
f 55/128/129 54/129/130 91/130/131
f 91/130/131 54/129/130 99/131/132
f 109/132/133 100/133/134 108/134/135
f 108/134/135 100/133/134 101/135/136
f 108/134/135 101/135/136 107/136/137
f 107/136/137 101/135/136 102/137/138
f 107/136/137 102/137/138 106/138/139
f 106/138/139 102/137/138 103/139/140
f 106/138/139 103/139/140 105/140/141
f 105/140/141 103/139/140 104/141/142
f 110/142/143 100/143/144 111/144/145
f 111/144/145 100/143/144 109/145/146
f 112/146/147 113/147/148 29/148/149
f 29/148/149 113/147/148 30/149/150
f 113/150/151 114/151/152 30/152/153
f 30/152/153 114/151/152 31/153/154
f 31/153/155 114/154/156 32/155/157
f 32/155/157 114/154/156 115/156/158
f 32/155/157 115/156/158 33/157/159
f 33/157/159 115/156/158 116/158/160
f 33/157/159 116/158/160 34/159/161
f 34/159/161 116/158/160 117/160/162
f 34/159/161 117/160/162 35/161/163
f 35/161/163 117/160/162 118/162/164
f 118/163/165 119/164/166 35/165/167
f 35/165/167 119/164/166 36/166/168
f 29/167/169 28/168/170 112/169/171
f 112/169/171 28/168/170 120/170/172
f 122/171/173 168/172/174 121/173/175
f 121/173/175 168/172/174 145/174/176
f 121/175/175 145/176/176 144/177/177
f 144/177/177 145/176/176 146/178/178
f 144/177/177 146/178/178 143/179/179
f 143/179/179 146/178/178 147/180/180
f 143/179/179 147/180/180 142/181/181
f 142/181/181 147/180/180 148/182/182
f 142/181/181 148/182/182 141/183/183
f 141/183/183 148/182/182 149/184/184
f 141/183/183 149/184/184 140/185/185
f 140/185/185 149/184/184 150/186/186
f 140/185/185 150/186/186 139/187/187
f 139/187/187 150/186/186 151/188/188
f 139/187/187 151/188/188 138/189/189
f 138/189/189 151/188/188 152/190/190
f 138/189/189 152/190/190 137/191/191
f 137/191/191 152/190/190 153/192/192
f 137/191/191 153/192/192 136/193/193
f 136/193/193 153/192/192 154/194/194
f 136/193/193 154/194/194 135/195/195
f 135/195/195 154/194/194 155/196/196
f 135/195/195 155/196/196 134/197/197
f 134/197/197 155/196/196 156/198/198
f 134/197/197 156/198/198 133/199/199
f 133/199/199 156/198/198 157/200/200
f 133/199/199 157/200/200 132/201/201
f 132/201/201 157/200/200 158/202/202
f 132/201/201 158/202/202 131/203/203
f 131/203/203 158/202/202 159/204/204
f 131/203/203 159/204/204 130/205/205
f 130/205/205 159/204/204 160/206/206
f 130/205/205 160/206/206 129/207/207
f 129/207/207 160/206/206 161/208/208
f 129/207/207 161/208/208 128/209/209
f 128/209/209 161/208/208 162/210/210
f 128/209/209 162/210/210 127/211/211
f 127/211/211 162/210/210 163/212/212
f 127/211/211 163/212/212 126/213/213
f 126/213/213 163/212/212 164/214/214
f 126/213/213 164/214/214 125/215/215
f 125/215/215 164/214/214 165/216/216
f 125/215/215 165/216/216 124/217/217
f 124/217/217 165/216/216 166/218/218
f 124/217/217 166/218/218 123/219/219
f 123/219/219 166/218/218 167/220/220
f 123/219/219 167/220/220 122/171/173
f 122/171/173 167/220/220 168/172/174
f 192/221/221 169/222/222 121/223/223
f 121/223/223 169/222/222 170/224/224
f 121/223/223 170/224/224 122/225/225
f 122/225/225 170/224/224 171/226/226
f 122/225/225 171/226/226 123/227/227
f 123/227/227 171/226/226 172/228/228
f 123/227/227 172/228/228 124/229/229
f 124/229/229 172/228/228 173/230/230
f 124/229/229 173/230/230 125/231/231
f 125/231/231 173/230/230 174/232/232
f 125/231/231 174/232/232 126/233/233
f 126/233/233 174/232/232 175/234/234
f 126/233/233 175/234/234 127/235/235
f 127/235/235 175/234/234 128/236/236
f 128/236/236 175/234/234 176/237/237
f 128/236/236 176/237/237 129/238/238
f 129/238/238 176/237/237 177/239/239
f 129/238/238 177/239/239 130/240/240
f 130/240/240 177/239/239 178/241/241
f 130/240/240 178/241/241 131/242/242
f 131/242/242 178/241/241 179/243/243
f 131/242/242 179/243/243 132/244/244
f 132/244/244 179/243/243 180/245/245
f 132/244/244 180/245/245 133/246/246
f 133/246/246 180/245/245 181/247/247
f 133/246/246 181/247/247 134/248/248
f 134/248/248 181/247/247 182/249/249
f 134/248/248 182/249/249 183/250/250
f 134/248/248 183/250/250 135/251/251
f 135/251/251 183/250/250 184/252/252
f 135/251/251 184/252/252 136/253/253
f 136/253/253 184/252/252 185/254/254
f 136/253/253 185/254/254 137/255/255
f 137/255/255 185/254/254 186/256/256
f 137/255/255 186/256/256 138/257/257
f 138/257/257 186/256/256 187/258/258
f 138/257/257 187/258/258 139/259/259
f 139/259/259 187/258/258 140/260/260
f 140/260/260 187/258/258 188/261/261
f 140/260/260 188/261/261 141/262/262
f 141/262/262 188/261/261 189/263/263
f 141/262/262 189/263/263 142/264/264
f 142/264/264 189/263/263 190/265/265
f 142/264/264 190/265/265 143/266/266
f 143/266/266 190/265/265 191/267/267
f 143/266/266 191/267/267 144/268/268
f 144/268/268 191/267/267 192/221/221
f 144/268/268 192/221/221 121/223/223
f 194/269/269 240/270/270 193/271/271
f 193/271/271 240/270/270 217/272/272
f 193/273/271 217/274/272 216/275/273
f 216/275/273 217/274/272 218/276/274
f 216/275/273 218/276/274 215/277/275
f 215/277/275 218/276/274 219/278/276
f 215/277/275 219/278/276 214/279/277
f 214/279/277 219/278/276 220/280/278
f 214/279/277 220/280/278 213/281/279
f 213/281/279 220/280/278 221/282/280
f 213/281/279 221/282/280 212/283/281
f 212/283/281 221/282/280 222/284/282
f 212/283/281 222/284/282 211/285/283
f 211/285/283 222/284/282 223/286/284
f 211/285/283 223/286/284 210/287/285
f 210/287/285 223/286/284 224/288/286
f 210/287/285 224/288/286 209/289/287
f 209/289/287 224/288/286 225/290/288
f 209/289/287 225/290/288 208/291/289
f 208/291/289 225/290/288 226/292/290
f 208/291/289 226/292/290 207/293/291
f 207/293/291 226/292/290 227/294/292
f 207/293/291 227/294/292 206/295/293
f 206/295/293 227/294/292 228/296/294
f 206/295/293 228/296/294 205/297/295
f 205/297/295 228/296/294 229/298/296
f 205/297/295 229/298/296 204/299/297
f 204/299/297 229/298/296 230/300/298
f 204/299/297 230/300/298 203/301/299
f 203/301/299 230/300/298 231/302/300
f 203/301/299 231/302/300 202/303/301
f 202/303/301 231/302/300 232/304/302
f 202/303/301 232/304/302 201/305/303
f 201/305/303 232/304/302 233/306/304
f 201/305/303 233/306/304 200/307/305
f 200/307/305 233/306/304 234/308/306
f 200/307/305 234/308/306 199/309/307
f 199/309/307 234/308/306 235/310/308
f 199/309/307 235/310/308 198/311/309
f 198/311/309 235/310/308 236/312/310
f 198/311/309 236/312/310 197/313/311
f 197/313/311 236/312/310 237/314/312
f 197/313/311 237/314/312 196/315/313
f 196/315/313 237/314/312 238/316/314
f 196/315/313 238/316/314 195/317/315
f 195/317/315 238/316/314 239/318/316
f 195/317/315 239/318/316 194/269/269
f 194/269/269 239/318/316 240/270/270
f 264/319/317 241/320/318 193/321/319
f 193/321/319 241/320/318 242/322/320
f 193/321/319 242/322/320 194/323/321
f 194/323/321 242/322/320 243/324/322
f 194/323/321 243/324/322 195/325/323
f 195/325/323 243/324/322 244/326/324
f 195/325/323 244/326/324 196/327/325
f 196/327/325 244/326/324 245/328/326
f 196/327/325 245/328/326 197/329/327
f 197/329/327 245/328/326 246/330/328
f 197/329/327 246/330/328 198/331/329
f 198/331/329 246/330/328 247/332/330
f 198/331/329 247/332/330 199/333/331
f 199/333/331 247/332/330 200/334/332
f 200/334/332 247/332/330 248/335/333
f 200/334/332 248/335/333 201/336/334
f 201/336/334 248/335/333 249/337/335
f 201/336/334 249/337/335 202/338/336
f 202/338/336 249/337/335 250/339/337
f 202/338/336 250/339/337 203/340/338
f 203/340/338 250/339/337 251/341/339
f 203/340/338 251/341/339 204/342/340
f 204/342/340 251/341/339 252/343/341
f 204/342/340 252/343/341 205/344/342
f 205/344/342 252/343/341 253/345/343
f 205/344/342 253/345/343 206/346/344
f 206/346/344 253/345/343 254/347/345
f 206/346/344 254/347/345 255/348/346
f 206/346/344 255/348/346 207/349/347
f 207/349/347 255/348/346 256/350/348
f 207/349/347 256/350/348 208/351/349
f 208/351/349 256/350/348 257/352/350
f 208/351/349 257/352/350 209/353/351
f 209/353/351 257/352/350 258/354/352
f 209/353/351 258/354/352 210/355/353
f 210/355/353 258/354/352 259/356/354
f 210/355/353 259/356/354 211/357/355
f 211/357/355 259/356/354 212/358/356
f 212/358/356 259/356/354 260/359/357
f 212/358/356 260/359/357 213/360/358
f 213/360/358 260/359/357 261/361/359
f 213/360/358 261/361/359 214/362/360
f 214/362/360 261/361/359 262/363/361
f 214/362/360 262/363/361 215/364/362
f 215/364/362 262/363/361 263/365/363
f 215/364/362 263/365/363 216/366/364
f 216/366/364 263/365/363 264/319/317
f 216/366/364 264/319/317 193/321/319
f 266/367/365 312/368/366 265/369/367
f 265/369/367 312/368/366 289/370/368
f 265/371/367 289/372/368 288/373/369
f 288/373/369 289/372/368 290/374/370
f 288/373/369 290/374/370 287/375/371
f 287/375/371 290/374/370 291/376/372
f 287/375/371 291/376/372 286/377/373
f 286/377/373 291/376/372 292/378/374
f 286/377/373 292/378/374 285/379/375
f 285/379/375 292/378/374 293/380/376
f 285/379/375 293/380/376 284/381/377
f 284/381/377 293/380/376 294/382/378
f 284/381/377 294/382/378 283/383/379
f 283/383/379 294/382/378 295/384/380
f 283/383/379 295/384/380 282/385/381
f 282/385/381 295/384/380 296/386/382
f 282/385/381 296/386/382 281/387/383
f 281/387/383 296/386/382 297/388/384
f 281/387/383 297/388/384 280/389/385
f 280/389/385 297/388/384 298/390/386
f 280/389/385 298/390/386 279/391/387
f 279/391/387 298/390/386 299/392/388
f 279/391/387 299/392/388 278/393/389
f 278/393/389 299/392/388 300/394/390
f 278/393/389 300/394/390 277/395/391
f 277/395/391 300/394/390 301/396/392
f 277/395/391 301/396/392 276/397/393
f 276/397/393 301/396/392 302/398/394
f 276/397/393 302/398/394 275/399/395
f 275/399/395 302/398/394 303/400/396
f 275/399/395 303/400/396 274/401/397
f 274/401/397 303/400/396 304/402/398
f 274/401/397 304/402/398 273/403/399
f 273/403/399 304/402/398 305/404/400
f 273/403/399 305/404/400 272/405/401
f 272/405/401 305/404/400 306/406/402
f 272/405/401 306/406/402 271/407/403
f 271/407/403 306/406/402 307/408/404
f 271/407/403 307/408/404 270/409/405
f 270/409/405 307/408/404 308/410/406
f 270/409/405 308/410/406 269/411/407
f 269/411/407 308/410/406 309/412/408
f 269/411/407 309/412/408 268/413/409
f 268/413/409 309/412/408 310/414/410
f 268/413/409 310/414/410 267/415/411
f 267/415/411 310/414/410 311/416/412
f 267/415/411 311/416/412 266/367/365
f 266/367/365 311/416/412 312/368/366
f 336/417/413 313/418/414 265/419/415
f 265/419/415 313/418/414 314/420/416
f 265/419/415 314/420/416 266/421/417
f 266/421/417 314/420/416 315/422/418
f 266/421/417 315/422/418 267/423/419
f 267/423/419 315/422/418 316/424/420
f 267/423/419 316/424/420 268/425/421
f 268/425/421 316/424/420 317/426/422
f 268/425/421 317/426/422 269/427/423
f 269/427/423 317/426/422 318/428/424
f 269/427/423 318/428/424 270/429/425
f 270/429/425 318/428/424 319/430/426
f 270/429/425 319/430/426 271/431/427
f 271/431/427 319/430/426 272/432/428
f 272/432/428 319/430/426 320/433/429
f 272/432/428 320/433/429 273/434/430
f 273/434/430 320/433/429 321/435/431
f 273/434/430 321/435/431 274/436/432
f 274/436/432 321/435/431 322/437/433
f 274/436/432 322/437/433 275/438/434
f 275/438/434 322/437/433 323/439/435
f 275/438/434 323/439/435 276/440/436
f 276/440/436 323/439/435 324/441/437
f 276/440/436 324/441/437 277/442/438
f 277/442/438 324/441/437 325/443/439
f 277/442/438 325/443/439 278/444/440
f 278/444/440 325/443/439 326/445/441
f 278/444/440 326/445/441 327/446/442
f 278/444/440 327/446/442 279/447/443
f 279/447/443 327/446/442 328/448/444
f 279/447/443 328/448/444 280/449/445
f 280/449/445 328/448/444 329/450/446
f 280/449/445 329/450/446 281/451/447
f 281/451/447 329/450/446 330/452/448
f 281/451/447 330/452/448 282/453/449
f 282/453/449 330/452/448 331/454/450
f 282/453/449 331/454/450 283/455/451
f 283/455/451 331/454/450 284/456/452
f 284/456/452 331/454/450 332/457/453
f 284/456/452 332/457/453 285/458/454
f 285/458/454 332/457/453 333/459/455
f 285/458/454 333/459/455 286/460/456
f 286/460/456 333/459/455 334/461/457
f 286/460/456 334/461/457 287/462/458
f 287/462/458 334/461/457 335/463/459
f 287/462/458 335/463/459 288/464/460
f 288/464/460 335/463/459 336/417/413
f 288/464/460 336/417/413 265/419/415
f 338/465/461 384/466/462 337/467/463
f 337/467/463 384/466/462 361/468/464
f 337/469/463 361/470/464 360/471/465
f 360/471/465 361/470/464 362/472/466
f 360/471/465 362/472/466 359/473/467
f 359/473/467 362/472/466 363/474/468
f 359/473/467 363/474/468 358/475/469
f 358/475/469 363/474/468 364/476/470
f 358/475/469 364/476/470 357/477/471
f 357/477/471 364/476/470 365/478/472
f 357/477/471 365/478/472 356/479/473
f 356/479/473 365/478/472 366/480/474
f 356/479/473 366/480/474 355/481/475
f 355/481/475 366/480/474 367/482/476
f 355/481/475 367/482/476 354/483/477
f 354/483/477 367/482/476 368/484/478
f 354/483/477 368/484/478 353/485/479
f 353/485/479 368/484/478 369/486/480
f 353/485/479 369/486/480 352/487/481
f 352/487/481 369/486/480 370/488/482
f 352/487/481 370/488/482 351/489/483
f 351/489/483 370/488/482 371/490/484
f 351/489/483 371/490/484 350/491/485
f 350/491/485 371/490/484 372/492/486
f 350/491/485 372/492/486 349/493/487
f 349/493/487 372/492/486 373/494/488
f 349/493/487 373/494/488 348/495/489
f 348/495/489 373/494/488 374/496/490
f 348/495/489 374/496/490 347/497/491
f 347/497/491 374/496/490 375/498/492
f 347/497/491 375/498/492 346/499/493
f 346/499/493 375/498/492 376/500/494
f 346/499/493 376/500/494 345/501/495
f 345/501/495 376/500/494 377/502/496
f 345/501/495 377/502/496 344/503/497
f 344/503/497 377/502/496 378/504/498
f 344/503/497 378/504/498 343/505/499
f 343/505/499 378/504/498 379/506/500
f 343/505/499 379/506/500 342/507/501
f 342/507/501 379/506/500 380/508/502
f 342/507/501 380/508/502 341/509/503
f 341/509/503 380/508/502 381/510/504
f 341/509/503 381/510/504 340/511/505
f 340/511/505 381/510/504 382/512/506
f 340/511/505 382/512/506 339/513/507
f 339/513/507 382/512/506 383/514/508
f 339/513/507 383/514/508 338/465/461
f 338/465/461 383/514/508 384/466/462
f 408/515/509 385/516/510 337/517/511
f 337/517/511 385/516/510 386/518/512
f 337/517/511 386/518/512 338/519/513
f 338/519/513 386/518/512 387/520/514
f 338/519/513 387/520/514 339/521/515
f 339/521/515 387/520/514 388/522/516
f 339/521/515 388/522/516 340/523/517
f 340/523/517 388/522/516 389/524/518
f 340/523/517 389/524/518 341/525/519
f 341/525/519 389/524/518 390/526/520
f 341/525/519 390/526/520 342/527/521
f 342/527/521 390/526/520 391/528/522
f 342/527/521 391/528/522 343/529/523
f 343/529/523 391/528/522 344/530/524
f 344/530/524 391/528/522 392/531/525
f 344/530/524 392/531/525 345/532/526
f 345/532/526 392/531/525 393/533/527
f 345/532/526 393/533/527 346/534/528
f 346/534/528 393/533/527 394/535/529
f 346/534/528 394/535/529 347/536/530
f 347/536/530 394/535/529 395/537/531
f 347/536/530 395/537/531 348/538/532
f 348/538/532 395/537/531 396/539/533
f 348/538/532 396/539/533 349/540/534
f 349/540/534 396/539/533 397/541/535
f 349/540/534 397/541/535 350/542/536
f 350/542/536 397/541/535 398/543/537
f 350/542/536 398/543/537 399/544/538
f 350/542/536 399/544/538 351/545/539
f 351/545/539 399/544/538 400/546/540
f 351/545/539 400/546/540 352/547/541
f 352/547/541 400/546/540 401/548/542
f 352/547/541 401/548/542 353/549/543
f 353/549/543 401/548/542 402/550/544
f 353/549/543 402/550/544 354/551/545
f 354/551/545 402/550/544 403/552/546
f 354/551/545 403/552/546 355/553/547
f 355/553/547 403/552/546 356/554/548
f 356/554/548 403/552/546 404/555/549
f 356/554/548 404/555/549 357/556/550
f 357/556/550 404/555/549 405/557/551
f 357/556/550 405/557/551 358/558/552
f 358/558/552 405/557/551 406/559/553
f 358/558/552 406/559/553 359/560/554
f 359/560/554 406/559/553 407/561/555
f 359/560/554 407/561/555 360/562/556
f 360/562/556 407/561/555 408/515/509
f 360/562/556 408/515/509 337/517/511
f 410/563/557 411/564/558 409/565/559
f 409/565/559 411/564/558 412/566/560
f 414/567/561 415/568/562 413/569/563
f 413/569/563 415/568/562 416/570/564
f 417/571/565 418/572/566 420/573/567
f 420/573/567 418/572/566 419/574/568
f 422/575/569 423/576/570 421/577/571
f 421/577/571 423/576/570 424/578/572
f 424/579/573 423/580/574 434/581/575
f 434/581/575 423/580/574 425/582/576
f 434/581/575 425/582/576 433/583/577
f 433/583/577 425/582/576 426/584/578
f 433/583/577 426/584/578 432/585/579
f 432/585/579 426/584/578 427/586/580
f 432/585/579 427/586/580 431/587/581
f 431/587/581 427/586/580 428/588/582
f 431/587/581 428/588/582 430/589/583
f 430/589/583 428/588/582 429/590/584
f 435/591/585 436/592/586 438/593/587
f 438/593/587 436/592/586 437/594/588
f 437/595/589 436/596/590 429/597/591
f 429/597/591 436/596/590 430/598/592
f 448/599/593 439/600/594 447/601/595
f 447/601/595 439/600/594 440/602/596
f 447/601/595 440/602/596 446/603/597
f 446/603/597 440/602/596 441/604/598
f 446/603/597 441/604/598 445/605/599
f 445/605/599 441/604/598 442/606/600
f 445/605/599 442/606/600 444/607/601
f 444/607/601 442/606/600 443/608/602
f 444/607/601 443/608/602 438/609/603
f 438/609/603 443/608/602 435/610/604
f 418/611/605 439/612/606 419/613/607
f 419/613/607 439/612/606 448/614/608
f 449/615/609 450/616/610 421/617/611
f 421/617/611 450/616/610 422/618/612
f 422/618/612 450/616/610 451/619/613
f 416/620/614 415/621/615 466/622/616
f 466/622/616 415/621/615 452/623/617
f 466/622/616 452/623/617 465/624/618
f 465/624/618 452/623/617 453/625/619
f 465/624/618 453/625/619 464/626/620
f 464/626/620 453/625/619 454/627/621
f 464/626/620 454/627/621 463/628/622
f 463/628/622 454/627/621 455/629/623
f 463/628/622 455/629/623 462/630/624
f 462/630/624 455/629/623 456/631/625
f 462/630/624 456/631/625 461/632/626
f 461/632/626 456/631/625 457/633/627
f 461/632/626 457/633/627 460/634/628
f 460/634/628 457/633/627 458/635/629
f 460/634/628 458/635/629 459/636/630
f 459/636/630 458/635/629 450/637/631
f 459/636/630 450/637/631 449/638/632
f 458/635/629 451/639/633 450/637/631
f 476/640/634 467/641/635 475/642/636
f 475/642/636 467/641/635 468/643/637
f 475/642/636 468/643/637 474/644/638
f 474/644/638 468/643/637 469/645/639
f 474/644/638 469/645/639 473/646/640
f 473/646/640 469/645/639 470/647/641
f 473/646/640 470/647/641 472/648/642
f 472/648/642 470/647/641 471/649/643
f 472/648/642 471/649/643 420/650/644
f 420/650/644 471/649/643 417/651/645
f 477/652/646 478/653/647 413/654/648
f 413/654/648 478/653/647 414/655/649
f 414/655/649 478/653/647 479/656/650
f 412/657/651 411/658/652 494/659/653
f 494/659/653 411/658/652 480/660/654
f 494/659/653 480/660/654 493/661/655
f 493/661/655 480/660/654 481/662/656
f 493/661/655 481/662/656 492/663/657
f 492/663/657 481/662/656 482/664/658
f 492/663/657 482/664/658 491/665/659
f 491/665/659 482/664/658 483/666/660
f 491/665/659 483/666/660 490/667/661
f 490/667/661 483/666/660 484/668/662
f 490/667/661 484/668/662 489/669/663
f 489/669/663 484/668/662 485/670/664
f 489/669/663 485/670/664 488/671/665
f 488/671/665 485/670/664 486/672/666
f 488/671/665 486/672/666 487/673/667
f 487/673/667 486/672/666 478/674/668
f 487/673/667 478/674/668 477/675/669
f 486/672/666 479/676/670 478/674/668
f 495/677/671 467/678/672 496/679/673
f 496/679/673 467/678/672 476/680/674
f 495/681/675 496/682/676 497/683/677
f 497/683/677 496/682/676 498/684/678
f 499/685/679 500/686/680 409/687/681
f 409/687/681 500/686/680 410/688/682
f 410/688/682 500/686/680 501/689/683
f 497/690/684 498/691/685 509/692/686
f 509/692/686 498/691/685 502/693/687
f 509/692/686 502/693/687 508/694/688
f 508/694/688 502/693/687 503/695/689
f 508/694/688 503/695/689 507/696/690
f 507/696/690 503/695/689 504/697/691
f 507/696/690 504/697/691 506/698/692
f 506/698/692 504/697/691 505/699/693
f 506/698/692 505/699/693 499/700/694
f 499/700/694 505/699/693 500/701/695
f 500/701/695 505/699/693 501/702/696
f 519/703/697 412/704/698 518/705/699
f 518/705/699 412/704/698 494/706/700
f 518/705/699 494/706/700 517/707/701
f 517/707/701 494/706/700 493/708/702
f 517/707/701 493/708/702 516/709/703
f 516/709/703 493/708/702 492/710/704
f 516/709/703 492/710/704 515/711/705
f 515/711/705 492/710/704 491/712/706
f 515/711/705 491/712/706 514/713/707
f 514/713/707 491/712/706 490/714/708
f 514/713/707 490/714/708 513/715/709
f 513/715/709 490/714/708 489/716/710
f 513/715/709 489/716/710 512/717/711
f 512/717/711 489/716/710 488/718/712
f 512/717/711 488/718/712 511/719/713
f 511/719/713 488/718/712 487/720/714
f 511/719/713 487/720/714 510/721/715
f 510/721/715 487/720/714 477/722/716
f 477/723/717 413/724/718 510/725/719
f 510/725/719 413/724/718 520/726/720
f 413/727/721 416/728/722 520/729/723
f 520/729/723 416/728/722 521/730/724
f 521/731/725 416/732/726 530/733/727
f 530/733/727 416/732/726 466/734/728
f 530/733/727 466/734/728 529/735/729
f 529/735/729 466/734/728 465/736/730
f 529/735/729 465/736/730 528/737/731
f 528/737/731 465/736/730 464/738/732
f 528/737/731 464/738/732 527/739/733
f 527/739/733 464/738/732 463/740/734
f 527/739/733 463/740/734 526/741/735
f 526/741/735 463/740/734 462/742/736
f 526/741/735 462/742/736 525/743/737
f 525/743/737 462/742/736 461/744/738
f 525/743/737 461/744/738 524/745/739
f 524/745/739 461/744/738 460/746/740
f 524/745/739 460/746/740 523/747/741
f 523/747/741 460/746/740 459/748/742
f 523/747/741 459/748/742 522/749/743
f 522/749/743 459/748/742 449/750/744
f 449/751/745 421/752/746 522/753/747
f 522/753/747 421/752/746 531/754/748
f 421/755/749 424/756/750 531/757/751
f 531/757/751 424/756/750 532/758/752
f 532/759/753 424/760/754 537/761/755
f 537/761/755 424/760/754 434/762/756
f 537/761/755 434/762/756 536/763/757
f 536/763/757 434/762/756 433/764/758
f 536/763/757 433/764/758 535/765/759
f 535/765/759 433/764/758 432/766/760
f 535/765/759 432/766/760 534/767/761
f 534/767/761 432/766/760 431/768/762
f 534/767/761 431/768/762 533/769/763
f 533/769/763 431/768/762 430/770/764
f 430/771/765 436/772/766 533/773/767
f 533/773/767 436/772/766 538/774/768
f 436/775/769 435/776/770 538/777/771
f 538/777/771 435/776/770 539/778/772
f 168/779/773 496/780/774 145/781/775
f 145/781/775 496/780/774 476/782/776
f 145/781/775 476/782/776 146/783/777
f 146/783/777 476/782/776 147/784/778
f 147/784/778 476/782/776 148/785/779
f 148/785/779 476/782/776 149/786/780
f 149/786/780 476/782/776 475/787/781
f 149/786/780 475/787/781 150/788/782
f 150/788/782 475/787/781 474/789/783
f 150/788/782 474/789/783 473/790/784
f 168/779/773 167/791/785 496/780/774
f 496/780/774 167/791/785 166/792/786
f 496/780/774 166/792/786 165/793/787
f 165/793/787 164/794/788 496/780/774
f 496/780/774 164/794/788 163/795/789
f 496/780/774 163/795/789 501/796/790
f 501/796/790 163/795/789 162/797/791
f 501/796/790 162/797/791 369/798/792
f 369/798/792 162/797/791 370/799/793
f 370/799/793 162/797/791 161/800/794
f 370/799/793 161/800/794 309/801/795
f 309/801/795 161/800/794 310/802/796
f 310/802/796 161/800/794 160/803/797
f 310/802/796 160/803/797 311/804/798
f 311/804/798 160/803/797 159/805/799
f 311/804/798 159/805/799 312/806/800
f 312/806/800 159/805/799 158/807/801
f 312/806/800 158/807/801 289/808/802
f 289/808/802 158/807/801 157/809/803
f 289/808/802 157/809/803 290/810/804
f 290/810/804 157/809/803 156/811/805
f 290/810/804 156/811/805 291/812/806
f 291/812/806 156/811/805 155/813/807
f 291/812/806 155/813/807 448/814/808
f 448/814/808 155/813/807 419/815/809
f 419/815/809 155/813/807 154/816/810
f 419/815/809 154/816/810 153/817/811
f 153/817/811 152/818/812 419/815/809
f 419/815/809 152/818/812 151/819/813
f 419/815/809 151/819/813 420/820/814
f 420/820/814 151/819/813 150/788/782
f 420/820/814 150/788/782 472/821/815
f 472/821/815 150/788/782 473/790/784
f 240/822/816 374/823/817 217/824/818
f 217/824/818 374/823/817 373/825/819
f 217/824/818 373/825/819 218/826/820
f 218/826/820 373/825/819 372/827/821
f 218/826/820 372/827/821 219/828/822
f 219/828/822 372/827/821 371/829/823
f 219/828/822 371/829/823 220/830/824
f 220/830/824 371/829/823 370/799/793
f 220/830/824 370/799/793 309/801/795
f 374/823/817 240/822/816 375/831/825
f 375/831/825 240/822/816 239/832/826
f 375/831/825 239/832/826 376/833/827
f 376/833/827 239/832/826 238/834/828
f 376/833/827 238/834/828 479/835/829
f 479/835/829 238/834/828 414/836/830
f 414/836/830 238/834/828 237/837/831
f 414/836/830 237/837/831 236/838/832
f 236/838/832 235/839/833 414/836/830
f 414/836/830 235/839/833 234/840/834
f 414/836/830 234/840/834 415/841/835
f 415/841/835 234/840/834 452/842/836
f 452/842/836 234/840/834 453/843/837
f 453/843/837 234/840/834 454/844/838
f 454/844/838 234/840/834 233/845/839
f 454/844/838 233/845/839 455/846/840
f 455/846/840 233/845/839 456/847/841
f 456/847/841 233/845/839 232/848/842
f 456/847/841 232/848/842 457/849/843
f 457/849/843 232/848/842 231/850/844
f 457/849/843 231/850/844 458/851/845
f 458/851/845 231/850/844 230/852/846
f 458/851/845 230/852/846 451/853/847
f 451/853/847 230/852/846 229/854/848
f 451/853/847 229/854/848 228/855/849
f 228/855/849 227/856/850 451/853/847
f 451/853/847 227/856/850 226/857/851
f 451/853/847 226/857/851 225/858/852
f 451/853/847 225/858/852 422/859/853
f 422/859/853 225/858/852 224/860/854
f 422/859/853 224/860/854 223/861/855
f 223/861/855 222/862/856 422/859/853
f 422/859/853 222/862/856 221/863/857
f 422/859/853 221/863/857 308/864/858
f 308/864/858 221/863/857 220/830/824
f 308/864/858 220/830/824 309/801/795
f 308/864/858 307/865/859 422/859/853
f 422/859/853 307/865/859 429/866/860
f 422/859/853 429/866/860 423/867/861
f 423/867/861 429/866/860 425/868/862
f 425/868/862 429/866/860 426/869/863
f 426/869/863 429/866/860 427/870/864
f 427/870/864 429/866/860 428/871/865
f 307/865/859 306/872/866 429/866/860
f 429/866/860 306/872/866 305/873/867
f 429/866/860 305/873/867 304/874/868
f 304/874/868 303/875/869 429/866/860
f 429/866/860 303/875/869 302/876/870
f 429/866/860 302/876/870 301/877/871
f 429/866/860 301/877/871 437/878/872
f 437/878/872 301/877/871 300/879/873
f 437/878/872 300/879/873 299/880/874
f 299/880/874 298/881/875 437/878/872
f 437/878/872 298/881/875 297/882/876
f 437/878/872 297/882/876 438/883/877
f 438/883/877 297/882/876 296/884/878
f 438/883/877 296/884/878 444/885/879
f 444/885/879 296/884/878 445/886/880
f 445/886/880 296/884/878 446/887/881
f 446/887/881 296/884/878 447/888/882
f 447/888/882 296/884/878 448/814/808
f 448/814/808 296/884/878 295/889/883
f 448/814/808 295/889/883 294/890/884
f 294/890/884 293/891/885 448/814/808
f 448/814/808 293/891/885 292/892/886
f 448/814/808 292/892/886 291/812/806
f 362/893/887 361/894/888 410/895/889
f 410/895/889 361/894/888 384/896/890
f 410/895/889 384/896/890 411/897/891
f 411/897/891 384/896/890 383/898/892
f 411/897/891 383/898/892 480/899/893
f 480/899/893 383/898/892 481/900/894
f 481/900/894 383/898/892 382/901/895
f 481/900/894 382/901/895 482/902/896
f 482/902/896 382/901/895 381/903/897
f 482/902/896 381/903/897 483/904/898
f 483/904/898 381/903/897 484/905/899
f 484/905/899 381/903/897 380/906/900
f 484/905/899 380/906/900 485/907/901
f 485/907/901 380/906/900 486/908/902
f 486/908/902 380/906/900 479/835/829
f 479/835/829 380/906/900 379/909/903
f 479/835/829 379/909/903 378/910/904
f 378/910/904 377/911/905 479/835/829
f 479/835/829 377/911/905 376/833/827
f 369/798/792 368/912/906 501/796/790
f 501/796/790 368/912/906 367/913/907
f 501/796/790 367/913/907 366/914/908
f 366/914/908 365/915/909 501/796/790
f 501/796/790 365/915/909 410/895/889
f 410/895/889 365/915/909 364/916/910
f 410/895/889 364/916/910 363/917/911
f 363/917/911 362/893/887 410/895/889
f 501/796/790 505/918/912 496/780/774
f 496/780/774 505/918/912 504/919/913
f 496/780/774 504/919/913 503/920/914
f 503/920/914 502/921/915 496/780/774
f 496/780/774 502/921/915 498/922/916
f 81/923/917 78/924/918 531/925/919
f 531/925/919 78/924/918 77/926/920
f 531/925/919 77/926/920 522/927/921
f 522/927/921 77/926/920 540/928/922
f 522/927/921 540/928/922 541/929/923
f 522/927/921 541/929/923 523/930/924
f 523/930/924 541/929/923 542/931/925
f 523/930/924 542/931/925 524/932/926
f 524/932/926 542/931/925 525/933/927
f 525/933/927 542/931/925 543/934/928
f 525/933/927 543/934/928 526/935/929
f 526/935/929 543/934/928 544/936/930
f 526/935/929 544/936/930 527/937/931
f 527/937/931 544/936/930 545/938/932
f 527/937/931 545/938/932 528/939/933
f 528/939/933 545/938/932 546/940/934
f 528/939/933 546/940/934 529/941/935
f 529/941/935 546/940/934 530/942/936
f 530/942/936 546/940/934 547/943/937
f 530/942/936 547/943/937 521/944/938
f 521/944/938 547/943/937 548/945/939
f 521/944/938 548/945/939 520/946/940
f 520/946/940 548/945/939 8/947/941
f 520/946/940 8/947/941 7/948/942
f 520/946/940 7/948/942 510/949/943
f 510/949/943 7/948/942 549/950/944
f 510/949/943 549/950/944 511/951/945
f 511/951/945 549/950/944 550/952/946
f 511/951/945 550/952/946 512/953/947
f 512/953/947 550/952/946 513/954/948
f 513/954/948 550/952/946 551/955/949
f 513/954/948 551/955/949 514/956/950
f 514/956/950 551/955/949 552/957/951
f 514/956/950 552/957/951 515/958/952
f 515/958/952 552/957/951 553/959/953
f 515/958/952 553/959/953 516/960/954
f 516/960/954 553/959/953 554/961/955
f 516/960/954 554/961/955 517/962/956
f 517/962/956 554/961/955 518/963/957
f 518/963/957 554/961/955 555/964/958
f 518/963/957 555/964/958 519/965/959
f 519/965/959 555/964/958 556/966/960
f 519/965/959 556/966/960 589/967/961
f 589/967/961 556/966/960 557/968/962
f 589/967/961 557/968/962 588/969/963
f 588/969/963 557/968/962 104/970/964
f 588/969/963 104/970/964 103/971/965
f 588/969/963 103/971/965 587/972/966
f 587/972/966 103/971/965 102/973/967
f 587/972/966 102/973/967 586/974/968
f 586/974/968 102/973/967 101/975/969
f 586/974/968 101/975/969 585/976/970
f 585/976/970 101/975/969 584/977/971
f 584/977/971 101/975/969 100/978/972
f 584/977/971 100/978/972 110/979/973
f 558/980/974 582/981/975 110/979/973
f 110/979/973 582/981/975 583/982/976
f 110/979/973 583/982/976 584/977/971
f 582/981/975 558/980/974 581/983/977
f 581/983/977 558/980/974 559/984/978
f 581/983/977 559/984/978 580/985/979
f 580/985/979 559/984/978 560/986/980
f 580/985/979 560/986/980 579/987/981
f 579/987/981 560/986/980 561/988/982
f 579/987/981 561/988/982 578/989/983
f 578/989/983 561/988/982 577/990/984
f 577/990/984 561/988/982 562/991/985
f 577/990/984 562/991/985 576/992/986
f 576/992/986 562/991/985 563/993/987
f 576/992/986 563/993/987 575/994/988
f 575/994/988 563/993/987 574/995/989
f 574/995/989 563/993/987 564/996/990
f 574/995/989 564/996/990 573/997/991
f 573/997/991 564/996/990 565/998/992
f 573/997/991 565/998/992 572/999/993
f 572/999/993 565/998/992 566/1000/994
f 572/999/993 566/1000/994 571/1001/995
f 571/1001/995 566/1000/994 570/1002/996
f 570/1002/996 566/1000/994 567/1003/997
f 570/1002/996 567/1003/997 539/1004/998
f 539/1004/998 567/1003/997 538/1005/999
f 538/1005/999 567/1003/997 568/1006/1000
f 538/1005/999 568/1006/1000 569/1007/1001
f 538/1005/999 569/1007/1001 533/1008/1002
f 533/1008/1002 569/1007/1001 85/1009/1003
f 533/1008/1002 85/1009/1003 534/1010/1004
f 534/1010/1004 85/1009/1003 84/1011/1005
f 534/1010/1004 84/1011/1005 535/1012/1006
f 535/1012/1006 84/1011/1005 83/1013/1007
f 535/1012/1006 83/1013/1007 536/1014/1008
f 536/1014/1008 83/1013/1007 537/1015/1009
f 537/1015/1009 83/1013/1007 82/1016/1010
f 537/1015/1009 82/1016/1010 532/1017/1011
f 532/1017/1011 82/1016/1010 81/923/917
f 532/1017/1011 81/923/917 531/925/919
f 539/1018/1012 435/1019/1013 570/1020/1014
f 570/1020/1014 435/1019/1013 443/1021/1015
f 570/1020/1014 443/1021/1015 571/1022/1016
f 571/1022/1016 443/1021/1015 442/1023/1017
f 571/1022/1016 442/1023/1017 572/1024/1018
f 572/1024/1018 442/1023/1017 441/1025/1019
f 572/1024/1018 441/1025/1019 573/1026/1020
f 573/1026/1020 441/1025/1019 440/1027/1021
f 573/1026/1020 440/1027/1021 574/1028/1022
f 574/1028/1022 440/1027/1021 439/1029/1023
f 439/1030/1024 418/1031/1025 574/1032/1026
f 574/1032/1026 418/1031/1025 575/1033/1027
f 418/1034/1028 417/1035/1029 575/1036/1030
f 575/1036/1030 417/1035/1029 576/1037/1031
f 576/1038/1032 417/1039/1033 577/1040/1034
f 577/1040/1034 417/1039/1033 471/1041/1035
f 577/1040/1034 471/1041/1035 578/1042/1036
f 578/1042/1036 471/1041/1035 470/1043/1037
f 578/1042/1036 470/1043/1037 579/1044/1038
f 579/1044/1038 470/1043/1037 469/1045/1039
f 579/1044/1038 469/1045/1039 580/1046/1040
f 580/1046/1040 469/1045/1039 468/1047/1041
f 580/1046/1040 468/1047/1041 581/1048/1042
f 581/1048/1042 468/1047/1041 467/1049/1043
f 467/1050/1044 495/1051/1045 581/1052/1046
f 581/1052/1046 495/1051/1045 582/1053/1047
f 495/1054/1048 497/1055/1049 582/1056/1050
f 582/1056/1050 497/1055/1049 583/1057/1051
f 583/1058/1052 497/1059/1053 584/1060/1054
f 584/1060/1054 497/1059/1053 509/1061/1055
f 584/1060/1054 509/1061/1055 585/1062/1056
f 585/1062/1056 509/1061/1055 508/1063/1057
f 585/1062/1056 508/1063/1057 586/1064/1058
f 586/1064/1058 508/1063/1057 507/1065/1059
f 586/1064/1058 507/1065/1059 587/1066/1060
f 587/1066/1060 507/1065/1059 506/1067/1061
f 587/1066/1060 506/1067/1061 588/1068/1062
f 588/1068/1062 506/1067/1061 499/1069/1063
f 499/1070/1064 409/1071/1065 588/1072/1066
f 588/1072/1066 409/1071/1065 589/1073/1067
f 409/1074/1068 412/1075/1069 589/1076/1070
f 589/1076/1070 412/1075/1069 519/1077/1071
f 597/1078/1072 547/1079/1073 596/1080/1074
f 596/1080/1074 547/1079/1073 546/1081/1075
f 596/1080/1074 546/1081/1075 595/1082/1076
f 595/1082/1076 546/1081/1075 545/1083/1077
f 595/1082/1076 545/1083/1077 594/1084/1078
f 594/1084/1078 545/1083/1077 544/1085/1079
f 594/1084/1078 544/1085/1079 593/1086/1080
f 593/1086/1080 544/1085/1079 543/1087/1081
f 593/1086/1080 543/1087/1081 592/1088/1082
f 592/1088/1082 543/1087/1081 542/1089/1083
f 592/1088/1082 542/1089/1083 591/1090/1084
f 591/1090/1084 542/1089/1083 541/1091/1085
f 591/1090/1084 541/1091/1085 590/1092/1086
f 590/1092/1086 541/1091/1085 540/1093/1087
f 540/1094/1088 77/1095/1089 590/1096/1090
f 590/1096/1090 77/1095/1089 80/1097/1091
f 264/1098/1092 621/1099/1093 241/1100/1094
f 241/1100/1094 621/1099/1093 598/1101/1095
f 241/1102/1094 598/1103/1095 242/1104/1096
f 242/1104/1096 598/1103/1095 599/1105/1097
f 242/1104/1096 599/1105/1097 243/1106/1098
f 243/1106/1098 599/1105/1097 600/1107/1099
f 243/1106/1098 600/1107/1099 244/1108/1100
f 244/1108/1100 600/1107/1099 601/1109/1101
f 244/1108/1100 601/1109/1101 245/1110/1102
f 245/1110/1102 601/1109/1101 602/1111/1103
f 245/1110/1102 602/1111/1103 246/1112/1104
f 246/1112/1104 602/1111/1103 603/1113/1105
f 246/1112/1104 603/1113/1105 247/1114/1106
f 247/1114/1106 603/1113/1105 604/1115/1107
f 247/1114/1106 604/1115/1107 248/1116/1108
f 248/1116/1108 604/1115/1107 605/1117/1109
f 248/1116/1108 605/1117/1109 249/1118/1110
f 249/1118/1110 605/1117/1109 606/1119/1111
f 249/1118/1110 606/1119/1111 250/1120/1112
f 250/1120/1112 606/1119/1111 607/1121/1113
f 250/1120/1112 607/1121/1113 251/1122/1114
f 251/1122/1114 607/1121/1113 608/1123/1115
f 251/1122/1114 608/1123/1115 252/1124/1116
f 252/1124/1116 608/1123/1115 609/1125/1117
f 252/1124/1116 609/1125/1117 253/1126/1118
f 253/1126/1118 609/1125/1117 610/1127/1119
f 253/1126/1118 610/1127/1119 254/1128/1120
f 254/1128/1120 610/1127/1119 611/1129/1121
f 254/1128/1120 611/1129/1121 255/1130/1122
f 255/1130/1122 611/1129/1121 612/1131/1123
f 255/1130/1122 612/1131/1123 256/1132/1124
f 256/1132/1124 612/1131/1123 613/1133/1125
f 256/1132/1124 613/1133/1125 257/1134/1126
f 257/1134/1126 613/1133/1125 614/1135/1127
f 257/1134/1126 614/1135/1127 258/1136/1128
f 258/1136/1128 614/1135/1127 615/1137/1129
f 258/1136/1128 615/1137/1129 259/1138/1130
f 259/1138/1130 615/1137/1129 616/1139/1131
f 259/1138/1130 616/1139/1131 260/1140/1132
f 260/1140/1132 616/1139/1131 617/1141/1133
f 260/1140/1132 617/1141/1133 261/1142/1134
f 261/1142/1134 617/1141/1133 618/1143/1135
f 261/1142/1134 618/1143/1135 262/1144/1136
f 262/1144/1136 618/1143/1135 619/1145/1137
f 262/1144/1136 619/1145/1137 263/1146/1138
f 263/1146/1138 619/1145/1137 620/1147/1139
f 263/1146/1138 620/1147/1139 264/1098/1092
f 264/1098/1092 620/1147/1139 621/1099/1093
f 46/1148/1140 622/1149/1141 47/1150/1142
f 47/1150/1142 622/1149/1141 623/1151/1143
f 47/1150/1142 623/1151/1143 48/1152/1144
f 48/1152/1144 623/1151/1143 624/1153/1145
f 48/1152/1144 624/1153/1145 49/1154/1146
f 49/1154/1146 624/1153/1145 625/1155/1147
f 49/1154/1146 625/1155/1147 50/1156/1148
f 50/1156/1148 625/1155/1147 626/1157/1149
f 50/1156/1148 626/1157/1149 51/1158/1150
f 51/1158/1150 626/1157/1149 627/1159/1151
f 51/1158/1150 627/1159/1151 52/1160/1152
f 52/1160/1152 627/1159/1151 628/1161/1153
f 52/1160/1152 628/1161/1153 53/1162/1154
f 53/1162/1154 628/1161/1153 629/1163/1155
f 53/1162/1154 629/1163/1155 54/1164/130
f 54/1164/130 629/1163/1155 99/1165/132
f 9/1166/1156 622/1167/1141 8/1168/1157
f 8/1168/1157 622/1167/1141 46/1169/1140
f 8/1168/1157 46/1169/1140 15/1170/1158
f 8/1171/1159 548/1172/1160 9/1173/1161
f 9/1173/1161 548/1172/1160 630/1174/1162
f 548/1175/1163 547/1176/1164 630/1177/1165
f 630/1177/1165 547/1176/1164 597/1178/1166
f 638/1179/1167 556/1180/1168 637/1181/1169
f 637/1181/1169 556/1180/1168 555/1182/1170
f 637/1181/1169 555/1182/1170 636/1183/1171
f 636/1183/1171 555/1182/1170 554/1184/1172
f 636/1183/1171 554/1184/1172 635/1185/1173
f 635/1185/1173 554/1184/1172 553/1186/1174
f 635/1185/1173 553/1186/1174 634/1187/1175
f 634/1187/1175 553/1186/1174 552/1188/1176
f 634/1187/1175 552/1188/1176 633/1189/1177
f 633/1189/1177 552/1188/1176 551/1190/1178
f 633/1189/1177 551/1190/1178 632/1191/1179
f 632/1191/1179 551/1190/1178 550/1192/1180
f 632/1191/1179 550/1192/1180 631/1193/1181
f 631/1193/1181 550/1192/1180 549/1194/1182
f 549/1195/1183 7/1196/1184 631/1197/1185
f 631/1197/1185 7/1196/1184 10/1198/1186
f 14/1199/1187 45/1200/1188 11/1201/1189
f 11/1201/1189 45/1200/1188 639/1202/1190
f 408/1203/1191 663/1204/1192 385/1205/1193
f 385/1205/1193 663/1204/1192 640/1206/1194
f 385/1207/1193 640/1208/1194 386/1209/1195
f 386/1209/1195 640/1208/1194 641/1210/1196
f 386/1209/1195 641/1210/1196 387/1211/1197
f 387/1211/1197 641/1210/1196 642/1212/1198
f 387/1211/1197 642/1212/1198 388/1213/1199
f 388/1213/1199 642/1212/1198 643/1214/1200
f 388/1213/1199 643/1214/1200 389/1215/1201
f 389/1215/1201 643/1214/1200 644/1216/1202
f 389/1215/1201 644/1216/1202 390/1217/1203
f 390/1217/1203 644/1216/1202 645/1218/1204
f 390/1217/1203 645/1218/1204 391/1219/1205
f 391/1219/1205 645/1218/1204 646/1220/1206
f 391/1219/1205 646/1220/1206 392/1221/1207
f 392/1221/1207 646/1220/1206 647/1222/1208
f 392/1221/1207 647/1222/1208 393/1223/1209
f 393/1223/1209 647/1222/1208 648/1224/1210
f 393/1223/1209 648/1224/1210 394/1225/1211
f 394/1225/1211 648/1224/1210 649/1226/1212
f 394/1225/1211 649/1226/1212 395/1227/1213
f 395/1227/1213 649/1226/1212 650/1228/1214
f 395/1227/1213 650/1228/1214 396/1229/1215
f 396/1229/1215 650/1228/1214 651/1230/1216
f 396/1229/1215 651/1230/1216 397/1231/1217
f 397/1231/1217 651/1230/1216 652/1232/1218
f 397/1231/1217 652/1232/1218 398/1233/1219
f 398/1233/1219 652/1232/1218 653/1234/1220
f 398/1233/1219 653/1234/1220 399/1235/1221
f 399/1235/1221 653/1234/1220 654/1236/1222
f 399/1235/1221 654/1236/1222 400/1237/1223
f 400/1237/1223 654/1236/1222 655/1238/1224
f 400/1237/1223 655/1238/1224 401/1239/1225
f 401/1239/1225 655/1238/1224 656/1240/1226
f 401/1239/1225 656/1240/1226 402/1241/1227
f 402/1241/1227 656/1240/1226 657/1242/1228
f 402/1241/1227 657/1242/1228 403/1243/1229
f 403/1243/1229 657/1242/1228 658/1244/1230
f 403/1243/1229 658/1244/1230 404/1245/1231
f 404/1245/1231 658/1244/1230 659/1246/1232
f 404/1245/1231 659/1246/1232 405/1247/1233
f 405/1247/1233 659/1246/1232 660/1248/1234
f 405/1247/1233 660/1248/1234 406/1249/1235
f 406/1249/1235 660/1248/1234 661/1250/1236
f 406/1249/1235 661/1250/1236 407/1251/1237
f 407/1251/1237 661/1250/1236 662/1252/1238
f 407/1251/1237 662/1252/1238 408/1203/1191
f 408/1203/1191 662/1252/1238 663/1204/1192
f 37/1253/1239 664/1254/1240 38/1255/1241
f 38/1255/1241 664/1254/1240 665/1256/1242
f 38/1255/1241 665/1256/1242 39/1257/1243
f 39/1257/1243 665/1256/1242 666/1258/1244
f 39/1257/1243 666/1258/1244 40/1259/1245
f 40/1259/1245 666/1258/1244 667/1260/1246
f 40/1259/1245 667/1260/1246 41/1261/1247
f 41/1261/1247 667/1260/1246 668/1262/1248
f 41/1261/1247 668/1262/1248 42/1263/1249
f 42/1263/1249 668/1262/1248 669/1264/1250
f 42/1263/1249 669/1264/1250 43/1265/1251
f 43/1265/1251 669/1264/1250 670/1266/1252
f 43/1265/1251 670/1266/1252 44/1267/1253
f 44/1267/1253 670/1266/1252 671/1268/1254
f 44/1267/1253 671/1268/1254 45/1269/1188
f 45/1269/1188 671/1268/1254 639/1270/1190
f 119/1271/1255 664/1272/1240 36/1273/1256
f 36/1273/1256 664/1272/1240 37/1274/1239
f 104/1275/1257 557/1276/1258 105/1277/1259
f 105/1277/1259 557/1276/1258 672/1278/1260
f 557/1279/1261 556/1280/1262 672/1281/1263
f 672/1281/1263 556/1280/1262 638/1282/1264
f 677/1283/1265 562/1284/1266 676/1285/1267
f 676/1285/1267 562/1284/1266 561/1286/1268
f 676/1285/1267 561/1286/1268 675/1287/1269
f 675/1287/1269 561/1286/1268 560/1288/1270
f 675/1287/1269 560/1288/1270 674/1289/1271
f 674/1289/1271 560/1288/1270 559/1290/1272
f 674/1289/1271 559/1290/1272 673/1291/1273
f 673/1291/1273 559/1290/1272 558/1292/1274
f 558/1293/1275 110/1294/1276 673/1295/1277
f 673/1295/1277 110/1294/1276 111/1296/1278
f 192/1297/1279 701/1298/1280 169/1299/1281
f 169/1299/1281 701/1298/1280 678/1300/1282
f 169/1301/1281 678/1302/1282 170/1303/1283
f 170/1303/1283 678/1302/1282 679/1304/1284
f 170/1303/1283 679/1304/1284 171/1305/1285
f 171/1305/1285 679/1304/1284 680/1306/1286
f 171/1305/1285 680/1306/1286 172/1307/1287
f 172/1307/1287 680/1306/1286 681/1308/1288
f 172/1307/1287 681/1308/1288 173/1309/1289
f 173/1309/1289 681/1308/1288 682/1310/1290
f 173/1309/1289 682/1310/1290 174/1311/1291
f 174/1311/1291 682/1310/1290 683/1312/1292
f 174/1311/1291 683/1312/1292 175/1313/1293
f 175/1313/1293 683/1312/1292 684/1314/1294
f 175/1313/1293 684/1314/1294 176/1315/1295
f 176/1315/1295 684/1314/1294 685/1316/1296
f 176/1315/1295 685/1316/1296 177/1317/1297
f 177/1317/1297 685/1316/1296 686/1318/1298
f 177/1317/1297 686/1318/1298 178/1319/1299
f 178/1319/1299 686/1318/1298 687/1320/1300
f 178/1319/1299 687/1320/1300 179/1321/1301
f 179/1321/1301 687/1320/1300 688/1322/1302
f 179/1321/1301 688/1322/1302 180/1323/1303
f 180/1323/1303 688/1322/1302 689/1324/1304
f 180/1323/1303 689/1324/1304 181/1325/1305
f 181/1325/1305 689/1324/1304 690/1326/1306
f 181/1325/1305 690/1326/1306 182/1327/1307
f 182/1327/1307 690/1326/1306 691/1328/1308
f 182/1327/1307 691/1328/1308 183/1329/1309
f 183/1329/1309 691/1328/1308 692/1330/1310
f 183/1329/1309 692/1330/1310 184/1331/1311
f 184/1331/1311 692/1330/1310 693/1332/1312
f 184/1331/1311 693/1332/1312 185/1333/1313
f 185/1333/1313 693/1332/1312 694/1334/1314
f 185/1333/1313 694/1334/1314 186/1335/1315
f 186/1335/1315 694/1334/1314 695/1336/1316
f 186/1335/1315 695/1336/1316 187/1337/1317
f 187/1337/1317 695/1336/1316 696/1338/1318
f 187/1337/1317 696/1338/1318 188/1339/1319
f 188/1339/1319 696/1338/1318 697/1340/1320
f 188/1339/1319 697/1340/1320 189/1341/1321
f 189/1341/1321 697/1340/1320 698/1342/1322
f 189/1341/1321 698/1342/1322 190/1343/1323
f 190/1343/1323 698/1342/1322 699/1344/1324
f 190/1343/1323 699/1344/1324 191/1345/1325
f 191/1345/1325 699/1344/1324 700/1346/1326
f 191/1345/1325 700/1346/1326 192/1297/1279
f 192/1297/1279 700/1346/1326 701/1298/1280
f 6/1347/1327 5/1348/1328 16/1349/1329
f 16/1349/1329 5/1348/1328 702/1350/1330
f 16/1349/1329 702/1350/1330 17/1351/1331
f 17/1351/1331 702/1350/1330 703/1352/1332
f 17/1351/1331 703/1352/1332 18/1353/1333
f 18/1353/1333 703/1352/1332 704/1354/1334
f 18/1353/1333 704/1354/1334 19/1355/1335
f 19/1355/1335 704/1354/1334 705/1356/1336
f 19/1355/1335 705/1356/1336 20/1357/1337
f 20/1357/1337 705/1356/1336 706/1358/1338
f 20/1357/1337 706/1358/1338 21/1359/1339
f 21/1359/1339 706/1358/1338 707/1360/1340
f 21/1359/1339 707/1360/1340 22/1361/1341
f 22/1361/1341 707/1360/1340 708/1362/1342
f 22/1361/1341 708/1362/1342 23/1363/1343
f 23/1363/1343 708/1362/1342 709/1364/1344
f 23/1363/1343 709/1364/1344 24/1365/1345
f 24/1365/1345 709/1364/1344 710/1366/1346
f 24/1365/1345 710/1366/1346 25/1367/1347
f 25/1367/1347 710/1366/1346 711/1368/1348
f 25/1367/1347 711/1368/1348 26/1369/1349
f 26/1369/1349 711/1368/1348 712/1370/1350
f 26/1369/1349 712/1370/1350 27/1371/1351
f 27/1371/1351 712/1370/1350 713/1372/1352
f 27/1371/1351 713/1372/1352 28/1373/1353
f 28/1373/1353 713/1372/1352 120/1374/1354
f 563/1375/1355 562/1376/1356 714/1377/1357
f 714/1377/1357 562/1376/1356 677/1378/1358
f 719/1379/1359 568/1380/1360 718/1381/1361
f 718/1381/1361 568/1380/1360 567/1382/1362
f 718/1381/1361 567/1382/1362 717/1383/1363
f 717/1383/1363 567/1382/1362 566/1384/1364
f 717/1383/1363 566/1384/1364 716/1385/1365
f 716/1385/1365 566/1384/1364 565/1386/1366
f 716/1385/1365 565/1386/1366 715/1387/1367
f 715/1387/1367 565/1386/1366 564/1388/1368
f 564/1389/1369 563/1390/1370 715/1391/1371
f 715/1391/1371 563/1390/1370 714/1392/1372
f 4/1393/1373 76/1394/1374 1/1395/1375
f 1/1395/1375 76/1394/1374 720/1396/1376
f 336/1397/1377 744/1398/1378 313/1399/1379
f 313/1399/1379 744/1398/1378 721/1400/1380
f 313/1401/1379 721/1402/1380 314/1403/1381
f 314/1403/1381 721/1402/1380 722/1404/1382
f 314/1403/1381 722/1404/1382 315/1405/1383
f 315/1405/1383 722/1404/1382 723/1406/1384
f 315/1405/1383 723/1406/1384 316/1407/1385
f 316/1407/1385 723/1406/1384 724/1408/1386
f 316/1407/1385 724/1408/1386 317/1409/1387
f 317/1409/1387 724/1408/1386 725/1410/1388
f 317/1409/1387 725/1410/1388 318/1411/1389
f 318/1411/1389 725/1410/1388 726/1412/1390
f 318/1411/1389 726/1412/1390 319/1413/1391
f 319/1413/1391 726/1412/1390 727/1414/1392
f 319/1413/1391 727/1414/1392 320/1415/1393
f 320/1415/1393 727/1414/1392 728/1416/1394
f 320/1415/1393 728/1416/1394 321/1417/1395
f 321/1417/1395 728/1416/1394 729/1418/1396
f 321/1417/1395 729/1418/1396 322/1419/1397
f 322/1419/1397 729/1418/1396 730/1420/1398
f 322/1419/1397 730/1420/1398 323/1421/1399
f 323/1421/1399 730/1420/1398 731/1422/1400
f 323/1421/1399 731/1422/1400 324/1423/1401
f 324/1423/1401 731/1422/1400 732/1424/1402
f 324/1423/1401 732/1424/1402 325/1425/1403
f 325/1425/1403 732/1424/1402 733/1426/1404
f 325/1425/1403 733/1426/1404 326/1427/1405
f 326/1427/1405 733/1426/1404 734/1428/1406
f 326/1427/1405 734/1428/1406 327/1429/1407
f 327/1429/1407 734/1428/1406 735/1430/1408
f 327/1429/1407 735/1430/1408 328/1431/1409
f 328/1431/1409 735/1430/1408 736/1432/1410
f 328/1431/1409 736/1432/1410 329/1433/1411
f 329/1433/1411 736/1432/1410 737/1434/1412
f 329/1433/1411 737/1434/1412 330/1435/1413
f 330/1435/1413 737/1434/1412 738/1436/1414
f 330/1435/1413 738/1436/1414 331/1437/1415
f 331/1437/1415 738/1436/1414 739/1438/1416
f 331/1437/1415 739/1438/1416 332/1439/1417
f 332/1439/1417 739/1438/1416 740/1440/1418
f 332/1439/1417 740/1440/1418 333/1441/1419
f 333/1441/1419 740/1440/1418 741/1442/1420
f 333/1441/1419 741/1442/1420 334/1443/1421
f 334/1443/1421 741/1442/1420 742/1444/1422
f 334/1443/1421 742/1444/1422 335/1445/1423
f 335/1445/1423 742/1444/1422 743/1446/1424
f 335/1445/1423 743/1446/1424 336/1397/1377
f 336/1397/1377 743/1446/1424 744/1398/1378
f 63/1447/1425 745/1448/1426 64/1449/1427
f 64/1449/1427 745/1448/1426 746/1450/1428
f 64/1449/1427 746/1450/1428 65/1451/1429
f 65/1451/1429 746/1450/1428 747/1452/1430
f 65/1451/1429 747/1452/1430 66/1453/1431
f 66/1453/1431 747/1452/1430 748/1454/1432
f 66/1453/1431 748/1454/1432 67/1455/1433
f 67/1455/1433 748/1454/1432 749/1456/1434
f 67/1455/1433 749/1456/1434 68/1457/1435
f 68/1457/1435 749/1456/1434 750/1458/1436
f 68/1457/1435 750/1458/1436 69/1459/1437
f 69/1459/1437 750/1458/1436 751/1460/1438
f 69/1459/1437 751/1460/1438 70/1461/1439
f 70/1461/1439 751/1460/1438 752/1462/1440
f 70/1461/1439 752/1462/1440 71/1463/1441
f 71/1463/1441 752/1462/1440 753/1464/1442
f 71/1463/1441 753/1464/1442 72/1465/1443
f 72/1465/1443 753/1464/1442 754/1466/1444
f 72/1465/1443 754/1466/1444 73/1467/1445
f 73/1467/1445 754/1466/1444 755/1468/1446
f 73/1467/1445 755/1468/1446 74/1469/1447
f 74/1469/1447 755/1468/1446 756/1470/1448
f 74/1469/1447 756/1470/1448 75/1471/1449
f 75/1471/1449 756/1470/1448 757/1472/1450
f 75/1471/1449 757/1472/1450 76/1473/1374
f 76/1473/1374 757/1472/1450 720/1474/1376
f 98/1475/1451 745/1476/1452 62/1477/1453
f 62/1477/1453 745/1476/1452 63/1478/1454
f 85/1479/1455 569/1480/1456 86/1481/1457
f 86/1481/1457 569/1480/1456 758/1482/1458
f 569/1483/1459 568/1484/1460 758/1485/1461
f 758/1485/1461 568/1484/1460 719/1486/1462
f 641/1487/1463 640/1488/1464 672/1489/1465
f 672/1489/1465 640/1488/1464 663/1490/1466
f 672/1489/1465 663/1490/1466 662/1491/1467
f 662/1491/1467 661/1492/1468 672/1489/1465
f 672/1489/1465 661/1492/1468 119/1493/1469
f 672/1489/1465 119/1493/1469 105/1494/1470
f 105/1494/1470 119/1493/1469 118/1495/1471
f 105/1494/1470 118/1495/1471 117/1496/1472
f 661/1492/1468 660/1497/1473 119/1493/1469
f 119/1493/1469 660/1497/1473 659/1498/1474
f 119/1493/1469 659/1498/1474 664/1499/1475
f 664/1499/1475 659/1498/1474 658/1500/1476
f 664/1499/1475 658/1500/1476 665/1501/1477
f 665/1501/1477 658/1500/1476 666/1502/1478
f 666/1502/1478 658/1500/1476 657/1503/1479
f 666/1502/1478 657/1503/1479 667/1504/1480
f 667/1504/1480 657/1503/1479 668/1505/1481
f 668/1505/1481 657/1503/1479 656/1506/1482
f 668/1505/1481 656/1506/1482 669/1507/1483
f 669/1507/1483 656/1506/1482 655/1508/1484
f 669/1507/1483 655/1508/1484 670/1509/1485
f 670/1509/1485 655/1508/1484 654/1510/1486
f 670/1509/1485 654/1510/1486 671/1511/1487
f 671/1511/1487 654/1510/1486 653/1512/1488
f 671/1511/1487 653/1512/1488 639/1513/1489
f 639/1513/1489 653/1512/1488 652/1514/1490
f 639/1513/1489 652/1514/1490 651/1515/1491
f 651/1515/1491 650/1516/1492 639/1513/1489
f 639/1513/1489 650/1516/1492 11/1517/1493
f 11/1517/1493 650/1516/1492 649/1518/1494
f 11/1517/1493 649/1518/1494 648/1519/1495
f 648/1519/1495 647/1520/1496 11/1517/1493
f 11/1517/1493 647/1520/1496 631/1521/1497
f 11/1517/1493 631/1521/1497 10/1522/1498
f 647/1520/1496 646/1523/1499 631/1521/1497
f 631/1521/1497 646/1523/1499 645/1524/1500
f 631/1521/1497 645/1524/1500 632/1525/1501
f 632/1525/1501 645/1524/1500 633/1526/1502
f 633/1526/1502 645/1524/1500 634/1527/1503
f 634/1527/1503 645/1524/1500 635/1528/1504
f 635/1528/1504 645/1524/1500 644/1529/1505
f 635/1528/1504 644/1529/1505 636/1530/1506
f 636/1530/1506 644/1529/1505 643/1531/1507
f 636/1530/1506 643/1531/1507 637/1532/1508
f 637/1532/1508 643/1531/1507 642/1533/1509
f 637/1532/1508 642/1533/1509 638/1534/1510
f 638/1534/1510 642/1533/1509 641/1487/1463
f 638/1534/1510 641/1487/1463 672/1489/1465
f 679/1535/1511 678/1536/1512 112/1537/1513
f 112/1537/1513 678/1536/1512 701/1538/1514
f 112/1537/1513 701/1538/1514 673/1539/1515
f 673/1539/1515 701/1538/1514 700/1540/1516
f 673/1539/1515 700/1540/1516 699/1541/1517
f 699/1541/1517 698/1542/1518 673/1539/1515
f 673/1539/1515 698/1542/1518 697/1543/1519
f 673/1539/1515 697/1543/1519 674/1544/1520
f 674/1544/1520 697/1543/1519 675/1545/1521
f 675/1545/1521 697/1543/1519 676/1546/1522
f 676/1546/1522 697/1543/1519 714/1547/1523
f 676/1546/1522 714/1547/1523 677/1548/1524
f 697/1543/1519 696/1549/1525 714/1547/1523
f 714/1547/1523 696/1549/1525 695/1550/1526
f 714/1547/1523 695/1550/1526 2/1551/1527
f 2/1551/1527 695/1550/1526 694/1552/1528
f 2/1551/1527 694/1552/1528 693/1553/1529
f 693/1553/1529 692/1554/1530 2/1551/1527
f 2/1551/1527 692/1554/1530 5/1555/1531
f 5/1555/1531 692/1554/1530 691/1556/1532
f 5/1555/1531 691/1556/1532 690/1557/1533
f 690/1557/1533 689/1558/1534 5/1555/1531
f 5/1555/1531 689/1558/1534 702/1559/1535
f 702/1559/1535 689/1558/1534 688/1560/1536
f 702/1559/1535 688/1560/1536 703/1561/1537
f 703/1561/1537 688/1560/1536 687/1562/1538
f 703/1561/1537 687/1562/1538 704/1563/1539
f 704/1563/1539 687/1562/1538 686/1564/1540
f 704/1563/1539 686/1564/1540 705/1565/1541
f 705/1565/1541 686/1564/1540 685/1566/1542
f 705/1565/1541 685/1566/1542 706/1567/1543
f 706/1567/1543 685/1566/1542 707/1568/1544
f 707/1568/1544 685/1566/1542 684/1569/1545
f 707/1568/1544 684/1569/1545 708/1570/1546
f 708/1570/1546 684/1569/1545 709/1571/1547
f 709/1571/1547 684/1569/1545 710/1572/1548
f 710/1572/1548 684/1569/1545 711/1573/1549
f 711/1573/1549 684/1569/1545 712/1574/1550
f 712/1574/1550 684/1569/1545 683/1575/1551
f 712/1574/1550 683/1575/1551 713/1576/1552
f 713/1576/1552 683/1575/1551 120/1577/1553
f 120/1577/1553 683/1575/1551 682/1578/1554
f 120/1577/1553 682/1578/1554 681/1579/1555
f 120/1577/1553 681/1579/1555 112/1537/1513
f 112/1537/1513 681/1579/1555 680/1580/1556
f 112/1537/1513 680/1580/1556 679/1535/1511
f 599/1581/1557 598/1582/1558 622/1583/1559
f 622/1583/1559 598/1582/1558 621/1584/1560
f 622/1583/1559 621/1584/1560 623/1585/1561
f 623/1585/1561 621/1584/1560 620/1586/1562
f 623/1585/1561 620/1586/1562 624/1587/1563
f 624/1587/1563 620/1586/1562 619/1588/1564
f 624/1587/1563 619/1588/1564 625/1589/1565
f 625/1589/1565 619/1588/1564 618/1590/1566
f 625/1589/1565 618/1590/1566 626/1591/1567
f 626/1591/1567 618/1590/1566 617/1592/1568
f 626/1591/1567 617/1592/1568 627/1593/1569
f 627/1593/1569 617/1592/1568 628/1594/1570
f 628/1594/1570 617/1592/1568 616/1595/1571
f 628/1594/1570 616/1595/1571 629/1596/1572
f 629/1596/1572 616/1595/1571 99/1597/1573
f 99/1597/1573 616/1595/1571 615/1598/1574
f 99/1597/1573 615/1598/1574 91/1599/1575
f 91/1599/1575 615/1598/1574 614/1600/1576
f 91/1599/1575 614/1600/1576 80/1601/1577
f 80/1601/1577 614/1600/1576 613/1602/1578
f 80/1601/1577 613/1602/1578 590/1603/1579
f 590/1603/1579 613/1602/1578 612/1604/1580
f 590/1603/1579 612/1604/1580 611/1605/1581
f 611/1605/1581 610/1606/1582 590/1603/1579
f 590/1603/1579 610/1606/1582 609/1607/1583
f 590/1603/1579 609/1607/1583 608/1608/1584
f 590/1603/1579 608/1608/1584 591/1609/1585
f 591/1609/1585 608/1608/1584 607/1610/1586
f 591/1609/1585 607/1610/1586 592/1611/1587
f 592/1611/1587 607/1610/1586 606/1612/1588
f 592/1611/1587 606/1612/1588 593/1613/1589
f 593/1613/1589 606/1612/1588 594/1614/1590
f 594/1614/1590 606/1612/1588 605/1615/1591
f 594/1614/1590 605/1615/1591 595/1616/1592
f 595/1616/1592 605/1615/1591 596/1617/1593
f 596/1617/1593 605/1615/1591 597/1618/1594
f 597/1618/1594 605/1615/1591 630/1619/1595
f 630/1619/1595 605/1615/1591 604/1620/1596
f 630/1619/1595 604/1620/1596 603/1621/1597
f 630/1619/1595 603/1621/1597 9/1622/1598
f 9/1622/1598 603/1621/1597 602/1623/1599
f 9/1622/1598 602/1623/1599 601/1624/1600
f 9/1622/1598 601/1624/1600 622/1583/1559
f 622/1583/1559 601/1624/1600 600/1625/1601
f 622/1583/1559 600/1625/1601 599/1581/1557
f 722/1626/1602 721/1627/1603 720/1628/1604
f 720/1628/1604 721/1627/1603 744/1629/1605
f 720/1628/1604 744/1629/1605 743/1630/1606
f 720/1628/1604 743/1630/1606 1/1631/1607
f 1/1631/1607 743/1630/1606 742/1632/1608
f 1/1631/1607 742/1632/1608 741/1633/1609
f 741/1633/1609 740/1634/1610 1/1631/1607
f 1/1631/1607 740/1634/1610 715/1635/1611
f 1/1631/1607 715/1635/1611 2/1551/1527
f 2/1551/1527 715/1635/1611 714/1547/1523
f 740/1634/1610 739/1636/1612 715/1635/1611
f 715/1635/1611 739/1636/1612 738/1637/1613
f 715/1635/1611 738/1637/1613 716/1638/1614
f 716/1638/1614 738/1637/1613 717/1639/1615
f 717/1639/1615 738/1637/1613 718/1640/1616
f 718/1640/1616 738/1637/1613 719/1641/1617
f 719/1641/1617 738/1637/1613 758/1642/1618
f 758/1642/1618 738/1637/1613 737/1643/1619
f 758/1642/1618 737/1643/1619 736/1644/1620
f 736/1644/1620 735/1645/1621 758/1642/1618
f 758/1642/1618 735/1645/1621 734/1646/1622
f 758/1642/1618 734/1646/1622 98/1647/1623
f 98/1647/1623 734/1646/1622 733/1648/1624
f 98/1647/1623 733/1648/1624 732/1649/1625
f 732/1649/1625 731/1650/1626 98/1647/1623
f 98/1647/1623 731/1650/1626 730/1651/1627
f 98/1647/1623 730/1651/1627 745/1652/1628
f 745/1652/1628 730/1651/1627 729/1653/1629
f 745/1652/1628 729/1653/1629 728/1654/1630
f 727/1655/1631 747/1656/1632 728/1654/1630
f 728/1654/1630 747/1656/1632 746/1657/1633
f 728/1654/1630 746/1657/1633 745/1652/1628
f 726/1658/1634 752/1659/1635 727/1655/1631
f 727/1655/1631 752/1659/1635 751/1660/1636
f 727/1655/1631 751/1660/1636 750/1661/1637
f 725/1662/1638 754/1663/1639 726/1658/1634
f 726/1658/1634 754/1663/1639 753/1664/1640
f 726/1658/1634 753/1664/1640 752/1659/1635
f 754/1663/1639 725/1662/1638 755/1665/1641
f 755/1665/1641 725/1662/1638 724/1666/1642
f 755/1665/1641 724/1666/1642 756/1667/1643
f 756/1667/1643 724/1666/1642 723/1668/1644
f 756/1667/1643 723/1668/1644 757/1669/1645
f 757/1669/1645 723/1668/1644 722/1626/1602
f 757/1669/1645 722/1626/1602 720/1628/1604
f 750/1661/1637 749/1670/1646 727/1655/1631
f 727/1655/1631 749/1670/1646 748/1671/1647
f 727/1655/1631 748/1671/1647 747/1656/1632
f 758/1642/1618 98/1647/1623 86/1672/1648
f 86/1672/1648 98/1647/1623 97/1673/1649
f 86/1672/1648 97/1673/1649 87/1674/1650
f 87/1674/1650 97/1673/1649 96/1675/1651
f 87/1674/1650 96/1675/1651 88/1676/1652
f 88/1676/1652 96/1675/1651 95/1677/1653
f 88/1676/1652 95/1677/1653 89/1678/1654
f 89/1678/1654 95/1677/1653 94/1679/1655
f 89/1678/1654 94/1679/1655 90/1680/1656
f 90/1680/1656 94/1679/1655 93/1681/1657
f 90/1680/1656 93/1681/1657 79/1682/1658
f 79/1682/1658 93/1681/1657 92/1683/1659
f 79/1682/1658 92/1683/1659 80/1601/1577
f 80/1601/1577 92/1683/1659 91/1599/1575
f 673/1539/1515 111/1684/1660 112/1537/1513
f 112/1537/1513 111/1684/1660 113/1685/1661
f 113/1685/1661 111/1684/1660 109/1686/1662
f 113/1685/1661 109/1686/1662 108/1687/1663
f 113/1685/1661 108/1687/1663 114/1688/1664
f 114/1688/1664 108/1687/1663 107/1689/1665
f 114/1688/1664 107/1689/1665 115/1690/1666
f 115/1690/1666 107/1689/1665 116/1691/1667
f 116/1691/1667 107/1689/1665 106/1692/1668
f 116/1691/1667 106/1692/1668 117/1496/1472
f 117/1496/1472 106/1692/1668 105/1494/1470
f 10/1522/1498 9/1622/1598 11/1517/1493
f 11/1517/1493 9/1622/1598 12/1693/1669
# 758 vertices
# 1693 texture params
# 1669 normals
# 1530 facets

# 1 groups
