# WaveFront *.obj file (generated by Autodesk ATF)

mtllib Pocketboard w_ LCD v13 Back.mtl

g Pocketboard w/ LCD Back Part

v -28.810323 -34.320728 -0.200000
v 29.144029 -34.326139 -0.200000
v 29.144029 -34.326139 -2.550000
v -28.810323 -34.320728 -2.550000
v 29.144029 -31.836116 -0.200000
v 29.144029 -31.836116 -2.550000
v 44.423090 36.336877 -2.050000
v -44.484994 36.323449 -2.050000
v -44.484994 36.323449 -0.200000
v 44.423090 36.336877 -0.200000
v 44.423090 34.336877 -0.200000
v -44.484692 34.323449 -0.200000
v -44.484692 34.323449 -2.550000
v 44.423090 34.336877 -2.550000
v -44.484994 36.323449 -2.550000
v 29.230992 -30.954359 -2.550000
v 29.479836 -30.103985 -2.550000
v 29.881942 -29.314447 -2.550000
v 30.423382 -28.613090 -2.550000
v 31.085405 -28.024205 -2.550000
v 31.845081 -27.568188 -2.550000
v 32.676100 -27.260834 -2.550000
v 33.549680 -27.112786 -2.550000
v 34.435564 -27.129173 -2.550000
v 35.303071 -27.309427 -2.550000
v 36.122154 -27.647305 -2.550000
v 36.864446 -28.131105 -2.550000
v 37.504237 -28.744070 -2.550000
v 39.099085 -30.338918 -2.550000
v 49.801482 -19.634498 -2.550000
v 49.977932 -19.486126 -2.550000
v 50.174014 -19.256747 -2.550000
v 50.319736 -18.992498 -2.550000
v 50.409095 -18.704266 -2.550000
v 50.438407 -18.403928 -2.550000
v 50.451593 28.309642 -2.550000
v 48.636951 28.309642 -2.550000
v 47.814867 28.390610 -2.550000
v 47.024376 28.630403 -2.550000
v 46.295855 29.019806 -2.550000
v 45.657301 29.543853 -2.550000
v 45.133254 30.182407 -2.550000
v 44.743851 30.910928 -2.550000
v 44.504058 31.701419 -2.550000
v 44.423090 32.523503 -2.550000
v -44.484994 32.523503 -2.550000
v -44.564928 31.711916 -2.550000
v -44.801659 30.931519 -2.550000
v -45.186089 30.212300 -2.550000
v -45.703446 29.581900 -2.550000
v -46.333846 29.064543 -2.550000
v -47.053065 28.680113 -2.550000
v -47.833462 28.443382 -2.550000
v -48.645049 28.363448 -2.550000
v -50.452577 28.363448 -2.550000
v -50.448876 -18.346989 -2.550000
v -50.447120 -18.477820 -2.550000
v -50.388163 -18.793870 -2.550000
v -50.262628 -19.089850 -2.550000
v -50.076387 -19.351914 -2.550000
v -49.838152 -19.567802 -2.550000
v -39.039708 -30.387598 -2.550000
v -37.196545 -28.544435 -2.550000
v -36.531167 -27.953953 -2.550000
v -35.769108 -27.494973 -2.550000
v -34.936020 -27.182945 -2.550000
v -34.059947 -27.028372 -2.550000
v -33.170378 -27.036458 -2.550000
v -32.297260 -27.206931 -2.550000
v -31.469982 -27.534052 -2.550000
v -30.716392 -28.006809 -2.550000
v -30.061857 -28.609288 -2.550000
v -29.528411 -29.321210 -2.550000
v -29.134011 -30.118609 -2.550000
v -28.891931 -30.974643 -2.550000
v -28.810323 -31.860497 -2.550000
v -52.452578 28.363448 -2.050000
v -52.448875 -18.360493 -2.050000
v -52.448875 -18.360493 -0.200000
v -52.452578 28.363448 -0.200000
v -52.446275 -18.554160 -2.050000
v -52.331803 -19.270265 -2.050000
v -52.071661 -19.947196 -2.050000
v -51.677106 -20.555666 -2.050000
v -51.165207 -21.069348 -2.050000
v -51.165207 -21.069348 -0.200000
v -51.677106 -20.555666 -0.200000
v -52.071661 -19.947196 -0.200000
v -52.331803 -19.270265 -0.200000
v -52.446275 -18.554160 -0.200000
v -50.452577 28.363448 -0.200000
v -50.448876 -18.346989 -0.200000
v -50.447120 -18.477820 -0.200000
v -50.388163 -18.793870 -0.200000
v -50.262628 -19.089850 -0.200000
v -50.076387 -19.351914 -0.200000
v -49.838152 -19.567802 -0.200000
v -39.039708 -30.387598 -0.200000
v -48.645049 28.363448 -0.200000
v 51.302994 -20.985013 -2.050000
v 51.784724 -20.442943 -2.050000
v 52.143900 -19.812946 -2.050000
v 52.364983 -19.122275 -2.050000
v 52.438408 -18.400810 -2.050000
v 52.438408 -18.400810 -0.200000
v 52.364983 -19.122275 -0.200000
v 52.143900 -19.812946 -0.200000
v 51.784724 -20.442943 -0.200000
v 51.302994 -20.985013 -0.200000
v 51.154757 -21.109661 -2.050000
v 51.154757 -21.109661 -0.200000
v 39.099085 -30.338918 -0.200000
v 49.801482 -19.634498 -0.200000
v 49.977932 -19.486126 -0.200000
v 50.174014 -19.256747 -0.200000
v 50.319736 -18.992498 -0.200000
v 50.409095 -18.704266 -0.200000
v 50.438407 -18.403928 -0.200000
v 50.451593 28.309642 -0.200000
v 37.504237 -28.744070 -0.200000
v 30.997361 5.550407 -5.050000
v 31.010790 0.951371 -5.050000
v 31.010790 0.951371 -5.150000
v 30.997361 5.550407 -5.150000
v 31.314895 5.846148 -5.050000
v 31.184384 5.825446 -5.050000
v 31.127655 5.806217 -5.050000
v 31.102915 5.792829 -5.050000
v 31.081159 5.776334 -5.050000
v 31.062752 5.756352 -5.050000
v 31.047516 5.733069 -5.050000
v 31.024752 5.678476 -5.050000
v 31.024752 5.678476 -5.150000
v 31.047516 5.733069 -5.150000
v 31.062752 5.756352 -5.150000
v 31.081159 5.776334 -5.150000
v 31.102915 5.792829 -5.150000
v 31.127655 5.806217 -5.150000
v 31.184384 5.825446 -5.150000
v 31.314895 5.846148 -5.150000
v 32.246495 5.848868 -5.050000
v 32.246495 5.848868 -5.150000
v 32.261646 0.660210 -5.050000
v 32.261646 0.660210 -5.150000
v 31.330046 0.657490 -5.050000
v 31.330046 0.657490 -5.150000
v 31.038929 0.823464 -5.050000
v 31.062011 0.769006 -5.050000
v 31.077383 0.745811 -5.050000
v 31.095907 0.725938 -5.050000
v 31.117759 0.709570 -5.050000
v 31.142576 0.696327 -5.050000
v 31.199416 0.677429 -5.050000
v 31.199416 0.677429 -5.150000
v 31.142576 0.696327 -5.150000
v 31.117759 0.709570 -5.150000
v 31.095907 0.725938 -5.150000
v 31.077383 0.745811 -5.150000
v 31.062011 0.769006 -5.150000
v 31.038929 0.823464 -5.150000
v 30.804447 7.000322 -5.050000
v 33.929433 7.009447 -5.050000
v 33.929433 7.009447 -5.150000
v 30.804447 7.000322 -5.150000
v 29.310600 5.698783 -5.050000
v 29.451153 6.276614 -5.050000
v 29.562908 6.520573 -5.050000
v 29.636413 6.623445 -5.050000
v 29.724372 6.710651 -5.050000
v 29.827021 6.781935 -5.050000
v 29.942614 6.839189 -5.050000
v 30.205236 6.919624 -5.050000
v 30.205236 6.919624 -5.150000
v 29.942614 6.839189 -5.150000
v 29.827021 6.781935 -5.150000
v 29.724372 6.710651 -5.150000
v 29.636413 6.623445 -5.150000
v 29.562908 6.520573 -5.150000
v 29.451153 6.276614 -5.150000
v 29.310600 5.698783 -5.150000
v 29.324890 0.804938 -5.050000
v 29.324890 0.804938 -5.150000
v 30.826347 -0.499646 -5.050000
v 30.224706 -0.420298 -5.050000
v 29.961043 -0.340097 -5.050000
v 29.845003 -0.282772 -5.050000
v 29.741969 -0.211262 -5.050000
v 29.653677 -0.123674 -5.050000
v 29.579814 -0.020348 -5.050000
v 29.467256 0.224663 -5.050000
v 29.467256 0.224663 -5.150000
v 29.579814 -0.020348 -5.150000
v 29.653677 -0.123674 -5.150000
v 29.741969 -0.211262 -5.150000
v 29.845003 -0.282772 -5.150000
v 29.961043 -0.340097 -5.150000
v 30.224706 -0.420298 -5.150000
v 30.826347 -0.499646 -5.150000
v 33.951334 -0.490521 -5.050000
v 33.951334 -0.490521 -5.150000
v 5.297482 6.925841 -5.050000
v 3.717298 6.921226 -5.050000
v 3.121109 6.839293 -5.050000
v 2.860062 6.758361 -5.050000
v 2.745284 6.700910 -5.050000
v 2.643473 6.629472 -5.050000
v 2.556362 6.542176 -5.050000
v 2.483650 6.439348 -5.050000
v 2.373321 6.195833 -5.050000
v 2.235244 5.619722 -5.050000
v 2.249534 0.725876 -5.050000
v 2.389425 0.147316 -5.050000
v 2.500558 -0.097255 -5.050000
v 2.573630 -0.200539 -5.050000
v 2.661073 -0.288221 -5.050000
v 2.763269 -0.359891 -5.050000
v 2.878492 -0.417420 -5.050000
v 3.140578 -0.498131 -5.050000
v 3.739198 -0.578742 -5.050000
v 5.319382 -0.574127 -5.050000
v 5.920551 -0.491269 -5.050000
v 6.183741 -0.409529 -5.050000
v 6.299443 -0.351527 -5.050000
v 6.402058 -0.279417 -5.050000
v 6.489837 -0.191315 -5.050000
v 6.563095 -0.087559 -5.050000
v 6.674220 0.158105 -5.050000
v 6.813194 0.739202 -5.050000
v 6.798904 5.633048 -5.050000
v 6.654978 6.210048 -5.050000
v 6.541801 6.453350 -5.050000
v 6.467697 6.555791 -5.050000
v 6.379230 6.642482 -5.050000
v 6.276166 6.713165 -5.050000
v 6.160241 6.769743 -5.050000
v 5.897154 6.848643 -5.050000
v -1.919468 6.904767 -5.050000
v -3.464273 6.900256 -5.050000
v -3.442373 -0.599712 -5.050000
v -1.932944 -0.595305 -5.050000
v -0.306921 3.902387 -5.050000
v -0.293802 -0.590518 -5.050000
v 1.239211 -0.586042 -5.050000
v 1.217311 6.913926 -5.050000
v -0.303910 6.909484 -5.050000
v -1.906383 2.423654 -5.050000
v -12.591589 6.873604 -5.050000
v -14.277902 6.868680 -5.050000
v -14.259824 0.677668 -5.050000
v -14.117459 0.097393 -5.050000
v -14.004902 -0.147618 -5.050000
v -13.931039 -0.250944 -5.050000
v -13.842746 -0.338532 -5.050000
v -13.739712 -0.410042 -5.050000
v -13.623673 -0.467367 -5.050000
v -13.360010 -0.547568 -5.050000
v -12.758367 -0.626915 -5.050000
v -11.178184 -0.622301 -5.050000
v -10.580043 -0.538197 -5.050000
v -10.318432 -0.455957 -5.050000
v -10.203547 -0.397758 -5.050000
v -10.101772 -0.325492 -5.050000
v -10.014841 -0.237300 -5.050000
v -9.942374 -0.133591 -5.050000
v -9.832672 0.111625 -5.050000
v -9.696164 0.690994 -5.050000
v -9.714242 6.882006 -5.050000
v -11.400555 6.877082 -5.050000
v -11.383131 0.910125 -5.050000
v -11.408140 0.783853 -5.050000
v -11.429512 0.729744 -5.050000
v -11.443967 0.706525 -5.050000
v -11.461525 0.686465 -5.050000
v -11.482424 0.669806 -5.050000
v -11.506331 0.656208 -5.050000
v -11.561450 0.636447 -5.050000
v -11.688875 0.614421 -5.050000
v -12.254907 0.612768 -5.050000
v -12.385535 0.632708 -5.050000
v -12.442375 0.651606 -5.050000
v -12.467193 0.664849 -5.050000
v -12.489044 0.681217 -5.050000
v -12.507568 0.701091 -5.050000
v -12.522940 0.724285 -5.050000
v -12.546024 0.778743 -5.050000
v -12.574165 0.906647 -5.050000
v -23.664654 6.841270 -5.050000
v -23.661038 5.603067 -5.050000
v -22.281330 5.607096 -5.050000
v -22.263046 -0.654669 -5.050000
v -20.576733 -0.649745 -5.050000
v -20.595017 5.612020 -5.050000
v -19.227096 5.616015 -5.050000
v -19.230712 6.854217 -5.050000
v -25.922308 0.572858 -5.050000
v -28.327961 0.565834 -5.050000
v -28.324345 -0.672369 -5.050000
v -24.232380 -0.660420 -5.050000
v -24.254280 6.839548 -5.050000
v -28.251903 6.827875 -5.050000
v -28.248288 5.589672 -5.050000
v -25.936977 5.596421 -5.050000
v -25.931640 3.768599 -5.050000
v -27.900974 3.762849 -5.050000
v -27.897358 2.524646 -5.050000
v -25.928024 2.530397 -5.050000
v -16.983667 0.598960 -5.050000
v -19.141675 0.592658 -5.050000
v -19.138059 -0.645544 -5.050000
v -15.305530 -0.634353 -5.050000
v -15.327430 6.865615 -5.050000
v -17.001951 6.860725 -5.050000
v -7.102491 0.922625 -5.050000
v -7.106451 2.278751 -5.050000
v -7.103953 2.338626 -5.050000
v -7.093923 2.395854 -5.050000
v -7.069997 2.448197 -5.050000
v -7.036336 2.497118 -5.050000
v -6.979165 2.529326 -5.050000
v -6.919087 2.551736 -5.050000
v -6.855043 2.560777 -5.050000
v -6.788886 2.562699 -5.050000
v -5.751154 2.565730 -5.050000
v -5.175586 2.662375 -5.050000
v -4.926200 2.750087 -5.050000
v -4.817827 2.810684 -5.050000
v -4.722894 2.885068 -5.050000
v -4.642942 2.974820 -5.050000
v -4.577000 3.078943 -5.050000
v -4.479145 3.322097 -5.050000
v -4.363506 3.890541 -5.050000
v -4.368499 5.600439 -5.050000
v -4.509938 6.175734 -5.050000
v -4.621687 6.418600 -5.050000
v -4.694999 6.521002 -5.050000
v -4.782618 6.607787 -5.050000
v -4.884845 6.678630 -5.050000
v -4.999956 6.735410 -5.050000
v -5.261471 6.814815 -5.050000
v -5.858128 6.893266 -5.050000
v -7.296802 6.889065 -5.050000
v -7.892991 6.807131 -5.050000
v -8.154038 6.726199 -5.050000
v -8.268816 6.668749 -5.050000
v -8.370627 6.597310 -5.050000
v -8.457738 6.510014 -5.050000
v -8.530450 6.407186 -5.050000
v -8.640779 6.163671 -5.050000
v -8.778856 5.587560 -5.050000
v -8.775998 4.608792 -5.050000
v -7.089685 4.613716 -5.050000
v -7.091855 5.356637 -5.050000
v -7.064464 5.484705 -5.050000
v -7.041700 5.539298 -5.050000
v -7.026464 5.562581 -5.050000
v -7.008057 5.582563 -5.050000
v -6.986301 5.599058 -5.050000
v -6.961562 5.612446 -5.050000
v -6.904833 5.631675 -5.050000
v -6.774323 5.652377 -5.050000
v -6.373381 5.653548 -5.050000
v -6.242750 5.633609 -5.050000
v -6.185910 5.614712 -5.050000
v -6.161092 5.601469 -5.050000
v -6.139240 5.585101 -5.050000
v -6.120716 5.565228 -5.050000
v -6.105344 5.542033 -5.050000
v -6.082262 5.487574 -5.050000
v -6.054123 5.359667 -5.050000
v -6.050266 4.038919 -5.050000
v -6.052765 3.979044 -5.050000
v -6.062795 3.921816 -5.050000
v -6.086721 3.869474 -5.050000
v -6.120382 3.820553 -5.050000
v -6.177554 3.788346 -5.050000
v -6.237633 3.765935 -5.050000
v -6.301679 3.756895 -5.050000
v -6.367837 3.754972 -5.050000
v -7.381980 3.752010 -5.050000
v -7.675828 3.739274 -5.050000
v -7.958245 3.691966 -5.050000
v -8.219529 3.580749 -5.050000
v -8.465937 3.424550 -5.050000
v -8.616811 3.208944 -5.050000
v -8.727375 2.978795 -5.050000
v -8.777238 2.726745 -5.050000
v -8.793315 2.462506 -5.050000
v -8.788150 0.693646 -5.050000
v -8.648260 0.115085 -5.050000
v -8.537127 -0.129486 -5.050000
v -8.464056 -0.232770 -5.050000
v -8.376612 -0.320453 -5.050000
v -8.274417 -0.392123 -5.050000
v -8.159193 -0.449651 -5.050000
v -7.897106 -0.530362 -5.050000
v -7.298486 -0.610972 -5.050000
v -5.871605 -0.606806 -5.050000
v -5.270437 -0.523946 -5.050000
v -5.007247 -0.442207 -5.050000
v -4.891545 -0.384205 -5.050000
v -4.788930 -0.312095 -5.050000
v -4.701151 -0.223992 -5.050000
v -4.627893 -0.120236 -5.050000
v -4.516768 0.125428 -5.050000
v -4.377793 0.706524 -5.050000
v -4.380616 1.673502 -5.050000
v -6.066929 1.668577 -5.050000
v -6.064760 0.925655 -5.050000
v -6.092151 0.797586 -5.050000
v -6.114915 0.742994 -5.050000
v -6.130152 0.719710 -5.050000
v -6.148559 0.699729 -5.050000
v -6.170315 0.683234 -5.050000
v -6.195056 0.669846 -5.050000
v -6.251784 0.650617 -5.050000
v -6.382296 0.629916 -5.050000
v -6.783238 0.628745 -5.050000
v -6.913867 0.648685 -5.050000
v -6.970706 0.667583 -5.050000
v -6.995524 0.680826 -5.050000
v -7.017375 0.697194 -5.050000
v -7.035899 0.717068 -5.050000
v -7.051271 0.740262 -5.050000
v -7.074353 0.794720 -5.050000
v -32.214151 6.816305 -5.050000
v -33.758953 6.811794 -5.050000
v -33.737053 -0.688174 -5.050000
v -32.227627 -0.683766 -5.050000
v -30.601602 3.813925 -5.050000
v -30.588482 -0.678980 -5.050000
v -29.055471 -0.674504 -5.050000
v -29.077372 6.825464 -5.050000
v -30.598590 6.821022 -5.050000
v -32.201065 2.335192 -5.050000
v 12.371239 -0.553536 -5.050000
v 12.349339 6.946432 -5.050000
v 10.674818 6.941543 -5.050000
v 10.696718 -0.558425 -5.050000
v 24.894769 -0.516966 -5.050000
v 25.150242 0.839917 -5.050000
v 26.860141 0.844910 -5.050000
v 27.123534 -0.510458 -5.050000
v 28.786262 -0.505603 -5.050000
v 27.066256 6.989406 -5.050000
v 24.920039 6.983139 -5.050000
v 23.196663 -0.521925 -5.050000
v 36.004951 -31.860497 -5.050000
v 35.933395 -31.316977 -5.050000
v 35.723604 -30.810497 -5.050000
v 35.389875 -30.375573 -5.050000
v 34.954951 -30.041844 -5.050000
v 34.448471 -29.832053 -5.050000
v 33.904951 -29.760497 -5.050000
v 33.361431 -29.832053 -5.050000
v 32.854951 -30.041844 -5.050000
v 32.420027 -30.375573 -5.050000
v 32.086298 -30.810497 -5.050000
v 31.876507 -31.316977 -5.050000
v 31.804951 -31.860497 -5.050000
v 31.876507 -32.404017 -5.050000
v 32.086298 -32.910497 -5.050000
v 32.420027 -33.345421 -5.050000
v 32.854951 -33.679150 -5.050000
v 33.361431 -33.888941 -5.050000
v 33.904951 -33.960497 -5.050000
v 34.448471 -33.888941 -5.050000
v 34.954951 -33.679150 -5.050000
v 35.389875 -33.345421 -5.050000
v 35.723604 -32.910497 -5.050000
v 35.933395 -32.404017 -5.050000
v -46.545049 32.523503 -5.050000
v -46.616605 33.067023 -5.050000
v -46.826396 33.573503 -5.050000
v -47.160125 34.008427 -5.050000
v -47.595049 34.342156 -5.050000
v -48.101529 34.551947 -5.050000
v -48.645049 34.623503 -5.050000
v -49.188569 34.551947 -5.050000
v -49.695049 34.342156 -5.050000
v -50.129973 34.008427 -5.050000
v -50.463702 33.573503 -5.050000
v -50.673493 33.067023 -5.050000
v -50.745049 32.523503 -5.050000
v -50.673493 31.979983 -5.050000
v -50.463702 31.473503 -5.050000
v -50.129973 31.038579 -5.050000
v -49.695049 30.704850 -5.050000
v -49.188569 30.495059 -5.050000
v -48.645049 30.423503 -5.050000
v -48.101529 30.495059 -5.050000
v -47.595049 30.704850 -5.050000
v -47.160125 31.038579 -5.050000
v -46.826396 31.473503 -5.050000
v -46.616605 31.979983 -5.050000
v -31.559049 -31.860497 -5.050000
v -31.630605 -31.316977 -5.050000
v -31.840396 -30.810497 -5.050000
v -32.174125 -30.375573 -5.050000
v -32.609049 -30.041844 -5.050000
v -33.115529 -29.832053 -5.050000
v -33.659049 -29.760497 -5.050000
v -34.202569 -29.832053 -5.050000
v -34.709049 -30.041844 -5.050000
v -35.143973 -30.375573 -5.050000
v -35.477702 -30.810497 -5.050000
v -35.687493 -31.316977 -5.050000
v -35.759049 -31.860497 -5.050000
v -35.687493 -32.404017 -5.050000
v -35.477702 -32.910497 -5.050000
v -35.143973 -33.345421 -5.050000
v -34.709049 -33.679150 -5.050000
v -34.202569 -33.888941 -5.050000
v -33.659049 -33.960497 -5.050000
v -33.115529 -33.888941 -5.050000
v -32.609049 -33.679150 -5.050000
v -32.174125 -33.345421 -5.050000
v -31.840396 -32.910497 -5.050000
v -31.630605 -32.404017 -5.050000
v 50.736951 32.523503 -5.050000
v 50.665395 33.067023 -5.050000
v 50.455604 33.573503 -5.050000
v 50.121875 34.008427 -5.050000
v 49.686951 34.342156 -5.050000
v 49.180471 34.551947 -5.050000
v 48.636951 34.623503 -5.050000
v 48.093431 34.551947 -5.050000
v 47.586951 34.342156 -5.050000
v 47.152027 34.008427 -5.050000
v 46.818298 33.573503 -5.050000
v 46.608507 33.067023 -5.050000
v 46.536951 32.523503 -5.050000
v 46.608507 31.979983 -5.050000
v 46.818298 31.473503 -5.050000
v 47.152027 31.038579 -5.050000
v 47.586951 30.704850 -5.050000
v 48.093431 30.495059 -5.050000
v 48.636951 30.423503 -5.050000
v 49.180471 30.495059 -5.050000
v 49.686951 30.704850 -5.050000
v 50.121875 31.038579 -5.050000
v 50.455604 31.473503 -5.050000
v 50.665395 31.979983 -5.050000
v -37.289922 -35.958673 -5.050000
v -37.442095 -35.810523 -5.050000
v -51.636246 -21.588307 -5.050000
v -52.131097 -21.103833 -5.050000
v -52.539310 -20.544409 -5.050000
v -52.849714 -19.925344 -5.050000
v -53.053816 -19.263577 -5.050000
v -53.146029 -18.577217 -5.050000
v -53.148875 -18.365219 -5.050000
v -53.152954 33.113882 -5.050000
v -53.083613 33.851960 -5.050000
v -52.876073 34.563643 -5.050000
v -52.537809 35.223297 -5.050000
v -52.081006 35.807161 -5.050000
v -51.522118 36.294203 -5.050000
v -50.881277 36.666881 -5.050000
v -50.181565 36.911769 -5.050000
v -49.448188 37.020048 -5.050000
v -49.249505 37.022729 -5.050000
v 49.244087 37.037605 -5.050000
v 49.982166 36.968265 -5.050000
v 50.693851 36.760725 -5.050000
v 51.353507 36.422462 -5.050000
v 51.937374 35.965660 -5.050000
v 52.424418 35.406772 -5.050000
v 52.797099 34.765931 -5.050000
v 53.041990 34.066219 -5.050000
v 53.150272 33.332841 -5.050000
v 53.152955 33.134008 -5.050000
v 53.138408 -18.399855 -5.050000
v 53.081672 -19.097424 -5.050000
v 52.909526 -19.775796 -5.050000
v 52.626780 -20.416013 -5.050000
v 52.241334 -21.000183 -5.050000
v 51.763962 -21.511981 -5.050000
v 51.628403 -21.625968 -5.050000
v 37.743289 -35.513708 -5.050000
v 37.258799 -36.008651 -5.050000
v 36.699338 -36.416944 -5.050000
v 36.080218 -36.727412 -5.050000
v 35.418385 -36.931558 -5.050000
v 34.731951 -37.023795 -5.050000
v 34.519893 -37.026640 -5.050000
v -34.092830 -37.020235 -5.050000
v -34.785390 -37.027635 -5.050000
v -35.469691 -36.920745 -5.050000
v -36.127003 -36.702491 -5.050000
v -36.739334 -36.378848 -5.050000
v 14.647174 -0.546890 -5.050000
v 14.902645 0.809994 -5.050000
v 16.612544 0.814987 -5.050000
v 16.875937 -0.540382 -5.050000
v 18.538665 -0.535526 -5.050000
v 16.818660 6.959483 -5.050000
v 14.672442 6.953216 -5.050000
v 12.949068 -0.551848 -5.050000
v 7.372945 6.931901 -5.050000
v 8.893186 3.233494 -5.050000
v 7.394845 -0.568067 -5.050000
v 9.210876 -0.562764 -5.050000
v 10.650254 3.238625 -5.050000
v 9.188976 6.937204 -5.050000
v 18.634689 6.964786 -5.050000
v 18.638305 5.726583 -5.050000
v 20.018015 5.730612 -5.050000
v 20.036300 -0.531153 -5.050000
v 21.722614 -0.526229 -5.050000
v 21.704329 5.735536 -5.050000
v 23.072248 5.739531 -5.050000
v 23.068632 6.977733 -5.050000
v 18.634689 6.964786 -5.150000
v 18.638305 5.726583 -5.150000
v 20.018015 5.730612 -5.150000
v 20.036300 -0.531153 -5.150000
v 21.722614 -0.526229 -5.150000
v 21.704329 5.735536 -5.150000
v 23.072248 5.739531 -5.150000
v 23.068632 6.977733 -5.150000
v 7.372945 6.931901 -5.150000
v 8.893186 3.233494 -5.150000
v 7.394845 -0.568067 -5.150000
v 9.210876 -0.562764 -5.150000
v 10.650254 3.238625 -5.150000
v 9.188976 6.937204 -5.150000
v 3.922245 5.388799 -5.050000
v 3.935193 0.954856 -5.050000
v 3.935193 0.954856 -5.150000
v 3.922245 5.388799 -5.150000
v 4.227987 5.684505 -5.050000
v 4.100562 5.662478 -5.050000
v 4.045444 5.642717 -5.050000
v 4.021537 5.629119 -5.050000
v 4.000639 5.612459 -5.050000
v 3.983080 5.592399 -5.050000
v 3.968625 5.569180 -5.050000
v 3.947253 5.515071 -5.050000
v 3.947253 5.515071 -5.150000
v 3.968625 5.569180 -5.150000
v 3.983080 5.592399 -5.150000
v 4.000639 5.612459 -5.150000
v 4.021537 5.629119 -5.150000
v 4.045444 5.642717 -5.150000
v 4.100562 5.662478 -5.150000
v 4.227987 5.684505 -5.150000
v 4.794024 5.686157 -5.050000
v 4.794024 5.686157 -5.150000
v 5.113279 5.392277 -5.050000
v 5.085141 5.520183 -5.050000
v 5.062059 5.574642 -5.050000
v 5.046687 5.597836 -5.050000
v 5.028163 5.617710 -5.050000
v 5.006311 5.634078 -5.050000
v 4.981493 5.647321 -5.050000
v 4.924654 5.666218 -5.050000
v 4.924654 5.666218 -5.150000
v 4.981493 5.647321 -5.150000
v 5.006311 5.634078 -5.150000
v 5.028163 5.617710 -5.150000
v 5.046687 5.597836 -5.150000
v 5.062059 5.574642 -5.150000
v 5.085141 5.520183 -5.150000
v 5.113279 5.392277 -5.150000
v 5.126227 0.958333 -5.050000
v 5.126227 0.958333 -5.150000
v 4.808693 0.662594 -5.050000
v 4.939203 0.683296 -5.050000
v 4.995931 0.702526 -5.050000
v 5.020671 0.715914 -5.050000
v 5.042427 0.732409 -5.050000
v 5.060834 0.752390 -5.050000
v 5.076070 0.775674 -5.050000
v 5.098834 0.830266 -5.050000
v 5.098834 0.830266 -5.150000
v 5.076070 0.775674 -5.150000
v 5.060834 0.752390 -5.150000
v 5.042427 0.732409 -5.150000
v 5.020671 0.715914 -5.150000
v 4.995931 0.702526 -5.150000
v 4.939203 0.683296 -5.150000
v 4.808693 0.662594 -5.150000
v 4.242656 0.660942 -5.050000
v 4.242656 0.660942 -5.150000
v 3.960938 0.828733 -5.050000
v 3.982626 0.774749 -5.050000
v 3.997216 0.751615 -5.050000
v 4.014892 0.731659 -5.050000
v 4.035887 0.715121 -5.050000
v 4.059873 0.701663 -5.050000
v 4.115106 0.682224 -5.050000
v 4.115106 0.682224 -5.150000
v 4.059873 0.701663 -5.150000
v 4.035887 0.715121 -5.150000
v 4.014892 0.731659 -5.150000
v 3.997216 0.751615 -5.150000
v 3.982626 0.774749 -5.150000
v 3.960938 0.828733 -5.150000
v 5.297482 6.925841 -5.150000
v 3.717298 6.921226 -5.150000
v 3.121109 6.839293 -5.150000
v 2.860062 6.758361 -5.150000
v 2.745284 6.700910 -5.150000
v 2.643473 6.629472 -5.150000
v 2.556362 6.542176 -5.150000
v 2.483650 6.439348 -5.150000
v 2.373321 6.195833 -5.150000
v 2.235244 5.619722 -5.150000
v 2.249534 0.725876 -5.150000
v 2.389425 0.147316 -5.150000
v 2.500558 -0.097255 -5.150000
v 2.573630 -0.200539 -5.150000
v 2.661073 -0.288221 -5.150000
v 2.763269 -0.359891 -5.150000
v 2.878492 -0.417420 -5.150000
v 3.140578 -0.498131 -5.150000
v 3.739198 -0.578742 -5.150000
v 5.319382 -0.574127 -5.150000
v 5.920551 -0.491269 -5.150000
v 6.183741 -0.409529 -5.150000
v 6.299443 -0.351527 -5.150000
v 6.402058 -0.279417 -5.150000
v 6.489837 -0.191315 -5.150000
v 6.563095 -0.087559 -5.150000
v 6.674220 0.158105 -5.150000
v 6.813194 0.739202 -5.150000
v 6.798904 5.633048 -5.150000
v 6.654978 6.210048 -5.150000
v 6.541801 6.453350 -5.150000
v 6.467697 6.555791 -5.150000
v 6.379230 6.642482 -5.150000
v 6.276166 6.713165 -5.150000
v 6.160241 6.769743 -5.150000
v 5.897154 6.848643 -5.150000
v -1.919468 6.904767 -5.150000
v -3.464273 6.900256 -5.150000
v -3.442373 -0.599712 -5.150000
v -1.932944 -0.595305 -5.150000
v -0.306921 3.902387 -5.150000
v -0.293802 -0.590518 -5.150000
v 1.239211 -0.586042 -5.150000
v 1.217311 6.913926 -5.150000
v -0.303910 6.909484 -5.150000
v -1.906383 2.423654 -5.150000
v -12.591589 6.873604 -5.150000
v -14.277902 6.868680 -5.150000
v -14.259824 0.677668 -5.150000
v -14.117459 0.097393 -5.150000
v -14.004902 -0.147618 -5.150000
v -13.931039 -0.250944 -5.150000
v -13.842746 -0.338532 -5.150000
v -13.739712 -0.410042 -5.150000
v -13.623673 -0.467367 -5.150000
v -13.360010 -0.547568 -5.150000
v -12.758367 -0.626915 -5.150000
v -11.178184 -0.622301 -5.150000
v -10.580043 -0.538197 -5.150000
v -10.318432 -0.455957 -5.150000
v -10.203547 -0.397758 -5.150000
v -10.101772 -0.325492 -5.150000
v -10.014841 -0.237300 -5.150000
v -9.942374 -0.133591 -5.150000
v -9.832672 0.111625 -5.150000
v -9.696164 0.690994 -5.150000
v -9.714242 6.882006 -5.150000
v -11.400555 6.877082 -5.150000
v -11.383131 0.910125 -5.150000
v -11.408140 0.783853 -5.150000
v -11.429512 0.729744 -5.150000
v -11.443967 0.706525 -5.150000
v -11.461525 0.686465 -5.150000
v -11.482424 0.669806 -5.150000
v -11.506331 0.656208 -5.150000
v -11.561450 0.636447 -5.150000
v -11.688875 0.614421 -5.150000
v -12.254907 0.612768 -5.150000
v -12.385535 0.632708 -5.150000
v -12.442375 0.651606 -5.150000
v -12.467193 0.664849 -5.150000
v -12.489044 0.681217 -5.150000
v -12.507568 0.701091 -5.150000
v -12.522940 0.724285 -5.150000
v -12.546024 0.778743 -5.150000
v -12.574165 0.906647 -5.150000
v -23.664654 6.841270 -5.150000
v -23.661038 5.603067 -5.150000
v -22.281330 5.607096 -5.150000
v -22.263046 -0.654669 -5.150000
v -20.576733 -0.649745 -5.150000
v -20.595017 5.612020 -5.150000
v -19.227096 5.616015 -5.150000
v -19.230712 6.854217 -5.150000
v -25.922308 0.572858 -5.150000
v -28.327961 0.565834 -5.150000
v -28.324345 -0.672369 -5.150000
v -24.232380 -0.660420 -5.150000
v -24.254280 6.839548 -5.150000
v -28.251903 6.827875 -5.150000
v -28.248288 5.589672 -5.150000
v -25.936977 5.596421 -5.150000
v -25.931640 3.768599 -5.150000
v -27.900974 3.762849 -5.150000
v -27.897358 2.524646 -5.150000
v -25.928024 2.530397 -5.150000
v -16.983667 0.598960 -5.150000
v -19.141675 0.592658 -5.150000
v -19.138059 -0.645544 -5.150000
v -15.305530 -0.634353 -5.150000
v -15.327430 6.865615 -5.150000
v -17.001951 6.860725 -5.150000
v -7.102491 0.922625 -5.150000
v -7.106451 2.278751 -5.150000
v -7.103953 2.338626 -5.150000
v -7.093923 2.395854 -5.150000
v -7.069997 2.448197 -5.150000
v -7.036336 2.497118 -5.150000
v -6.979165 2.529326 -5.150000
v -6.919087 2.551736 -5.150000
v -6.855043 2.560777 -5.150000
v -6.788886 2.562699 -5.150000
v -5.751154 2.565730 -5.150000
v -5.175586 2.662375 -5.150000
v -4.926200 2.750087 -5.150000
v -4.817827 2.810684 -5.150000
v -4.722894 2.885068 -5.150000
v -4.642942 2.974820 -5.150000
v -4.577000 3.078943 -5.150000
v -4.479145 3.322097 -5.150000
v -4.363506 3.890541 -5.150000
v -4.368499 5.600439 -5.150000
v -4.509938 6.175734 -5.150000
v -4.621687 6.418600 -5.150000
v -4.694999 6.521002 -5.150000
v -4.782618 6.607787 -5.150000
v -4.884845 6.678630 -5.150000
v -4.999956 6.735410 -5.150000
v -5.261471 6.814815 -5.150000
v -5.858128 6.893266 -5.150000
v -7.296802 6.889065 -5.150000
v -7.892991 6.807131 -5.150000
v -8.154038 6.726199 -5.150000
v -8.268816 6.668749 -5.150000
v -8.370627 6.597310 -5.150000
v -8.457738 6.510014 -5.150000
v -8.530450 6.407186 -5.150000
v -8.640779 6.163671 -5.150000
v -8.778856 5.587560 -5.150000
v -8.775998 4.608792 -5.150000
v -7.089685 4.613716 -5.150000
v -7.091855 5.356637 -5.150000
v -7.064464 5.484705 -5.150000
v -7.041700 5.539298 -5.150000
v -7.026464 5.562581 -5.150000
v -7.008057 5.582563 -5.150000
v -6.986301 5.599058 -5.150000
v -6.961562 5.612446 -5.150000
v -6.904833 5.631675 -5.150000
v -6.774323 5.652377 -5.150000
v -6.373381 5.653548 -5.150000
v -6.242750 5.633609 -5.150000
v -6.185910 5.614712 -5.150000
v -6.161092 5.601469 -5.150000
v -6.139240 5.585101 -5.150000
v -6.120716 5.565228 -5.150000
v -6.105344 5.542033 -5.150000
v -6.082262 5.487574 -5.150000
v -6.054123 5.359667 -5.150000
v -6.050266 4.038919 -5.150000
v -6.052765 3.979044 -5.150000
v -6.062795 3.921816 -5.150000
v -6.086721 3.869474 -5.150000
v -6.120382 3.820553 -5.150000
v -6.177554 3.788346 -5.150000
v -6.237633 3.765935 -5.150000
v -6.301679 3.756895 -5.150000
v -6.367837 3.754972 -5.150000
v -7.381980 3.752010 -5.150000
v -7.675828 3.739274 -5.150000
v -7.958245 3.691966 -5.150000
v -8.219529 3.580749 -5.150000
v -8.465937 3.424550 -5.150000
v -8.616811 3.208944 -5.150000
v -8.727375 2.978795 -5.150000
v -8.777238 2.726745 -5.150000
v -8.793315 2.462506 -5.150000
v -8.788150 0.693646 -5.150000
v -8.648260 0.115085 -5.150000
v -8.537127 -0.129486 -5.150000
v -8.464056 -0.232770 -5.150000
v -8.376612 -0.320453 -5.150000
v -8.274417 -0.392123 -5.150000
v -8.159193 -0.449651 -5.150000
v -7.897106 -0.530362 -5.150000
v -7.298486 -0.610972 -5.150000
v -5.871605 -0.606806 -5.150000
v -5.270437 -0.523946 -5.150000
v -5.007247 -0.442207 -5.150000
v -4.891545 -0.384205 -5.150000
v -4.788930 -0.312095 -5.150000
v -4.701151 -0.223992 -5.150000
v -4.627893 -0.120236 -5.150000
v -4.516768 0.125428 -5.150000
v -4.377793 0.706524 -5.150000
v -4.380616 1.673502 -5.150000
v -6.066929 1.668577 -5.150000
v -6.064760 0.925655 -5.150000
v -6.092151 0.797586 -5.150000
v -6.114915 0.742994 -5.150000
v -6.130152 0.719710 -5.150000
v -6.148559 0.699729 -5.150000
v -6.170315 0.683234 -5.150000
v -6.195056 0.669846 -5.150000
v -6.251784 0.650617 -5.150000
v -6.382296 0.629916 -5.150000
v -6.783238 0.628745 -5.150000
v -6.913867 0.648685 -5.150000
v -6.970706 0.667583 -5.150000
v -6.995524 0.680826 -5.150000
v -7.017375 0.697194 -5.150000
v -7.035899 0.717068 -5.150000
v -7.051271 0.740262 -5.150000
v -7.074353 0.794720 -5.150000
v -32.214151 6.816305 -5.150000
v -33.758953 6.811794 -5.150000
v -33.737053 -0.688174 -5.150000
v -32.227627 -0.683766 -5.150000
v -30.601602 3.813925 -5.150000
v -30.588482 -0.678980 -5.150000
v -29.055471 -0.674504 -5.150000
v -29.077372 6.825464 -5.150000
v -30.598590 6.821022 -5.150000
v -32.201065 2.335192 -5.150000
v 12.371239 -0.553536 -5.150000
v 12.349339 6.946432 -5.150000
v 10.674818 6.941543 -5.150000
v 10.696718 -0.558425 -5.150000
v 15.146704 2.037128 -5.050000
v 16.373115 2.040709 -5.050000
v 16.373115 2.040709 -5.150000
v 15.146704 2.037128 -5.150000
v 15.750647 5.211073 -5.050000
v 15.750647 5.211073 -5.150000
v 14.647174 -0.546890 -5.150000
v 14.902645 0.809994 -5.150000
v 16.612544 0.814987 -5.150000
v 16.875937 -0.540382 -5.150000
v 18.538665 -0.535526 -5.150000
v 16.818660 6.959483 -5.150000
v 14.672442 6.953216 -5.150000
v 12.949068 -0.551848 -5.150000
v 25.394302 2.067051 -5.050000
v 26.620711 2.070632 -5.050000
v 26.620711 2.070632 -5.150000
v 25.394302 2.067051 -5.150000
v 25.998243 5.240997 -5.050000
v 25.998243 5.240997 -5.150000
v 24.894769 -0.516966 -5.150000
v 25.150242 0.839917 -5.150000
v 26.860141 0.844910 -5.150000
v 27.123534 -0.510458 -5.150000
v 28.786262 -0.505603 -5.150000
v 27.066256 6.989406 -5.150000
v 24.920039 6.983139 -5.150000
v 23.196663 -0.521925 -5.150000
v 36.004951 -31.860497 -4.250000
v 35.933395 -31.316977 -4.250000
v 35.723604 -30.810497 -4.250000
v 35.389875 -30.375573 -4.250000
v 34.954951 -30.041844 -4.250000
v 34.448471 -29.832053 -4.250000
v 33.904951 -29.760497 -4.250000
v 33.361431 -29.832053 -4.250000
v 32.854951 -30.041844 -4.250000
v 32.420027 -30.375573 -4.250000
v 32.086298 -30.810497 -4.250000
v 31.876507 -31.316977 -4.250000
v 31.804951 -31.860497 -4.250000
v 31.876507 -32.404017 -4.250000
v 32.086298 -32.910497 -4.250000
v 32.420027 -33.345421 -4.250000
v 32.854951 -33.679150 -4.250000
v 33.361431 -33.888941 -4.250000
v 33.904951 -33.960497 -4.250000
v 34.448471 -33.888941 -4.250000
v 34.954951 -33.679150 -4.250000
v 35.389875 -33.345421 -4.250000
v 35.723604 -32.910497 -4.250000
v 35.933395 -32.404017 -4.250000
v 35.004951 -31.860497 -4.250000
v 34.967469 -31.575796 -4.250000
v 34.857579 -31.310497 -4.250000
v 34.682768 -31.082680 -4.250000
v 34.454951 -30.907869 -4.250000
v 34.189652 -30.797979 -4.250000
v 33.904951 -30.760497 -4.250000
v 33.620250 -30.797979 -4.250000
v 33.354951 -30.907869 -4.250000
v 33.127134 -31.082680 -4.250000
v 32.952323 -31.310497 -4.250000
v 32.842433 -31.575796 -4.250000
v 32.804951 -31.860497 -4.250000
v 32.842433 -32.145198 -4.250000
v 32.952323 -32.410497 -4.250000
v 33.127134 -32.638314 -4.250000
v 33.354951 -32.813125 -4.250000
v 33.620250 -32.923015 -4.250000
v 33.904951 -32.960497 -4.250000
v 34.189652 -32.923015 -4.250000
v 34.454951 -32.813125 -4.250000
v 34.682768 -32.638314 -4.250000
v 34.857579 -32.410497 -4.250000
v 34.967469 -32.145198 -4.250000
v -46.545049 32.523503 -4.250000
v -46.616605 33.067023 -4.250000
v -46.826396 33.573503 -4.250000
v -47.160125 34.008427 -4.250000
v -47.595049 34.342156 -4.250000
v -48.101529 34.551947 -4.250000
v -48.645049 34.623503 -4.250000
v -49.188569 34.551947 -4.250000
v -49.695049 34.342156 -4.250000
v -50.129973 34.008427 -4.250000
v -50.463702 33.573503 -4.250000
v -50.673493 33.067023 -4.250000
v -50.745049 32.523503 -4.250000
v -50.673493 31.979983 -4.250000
v -50.463702 31.473503 -4.250000
v -50.129973 31.038579 -4.250000
v -49.695049 30.704850 -4.250000
v -49.188569 30.495059 -4.250000
v -48.645049 30.423503 -4.250000
v -48.101529 30.495059 -4.250000
v -47.595049 30.704850 -4.250000
v -47.160125 31.038579 -4.250000
v -46.826396 31.473503 -4.250000
v -46.616605 31.979983 -4.250000
v -47.545049 32.523503 -4.250000
v -47.582531 32.808204 -4.250000
v -47.692421 33.073503 -4.250000
v -47.867232 33.301320 -4.250000
v -48.095049 33.476131 -4.250000
v -48.360348 33.586021 -4.250000
v -48.645049 33.623503 -4.250000
v -48.929750 33.586021 -4.250000
v -49.195049 33.476131 -4.250000
v -49.422866 33.301320 -4.250000
v -49.597677 33.073503 -4.250000
v -49.707567 32.808204 -4.250000
v -49.745049 32.523503 -4.250000
v -49.707567 32.238802 -4.250000
v -49.597677 31.973503 -4.250000
v -49.422866 31.745686 -4.250000
v -49.195049 31.570875 -4.250000
v -48.929750 31.460985 -4.250000
v -48.645049 31.423503 -4.250000
v -48.360348 31.460985 -4.250000
v -48.095049 31.570875 -4.250000
v -47.867232 31.745686 -4.250000
v -47.692421 31.973503 -4.250000
v -47.582531 32.238802 -4.250000
v -31.559049 -31.860497 -4.250000
v -31.630605 -31.316977 -4.250000
v -31.840396 -30.810497 -4.250000
v -32.174125 -30.375573 -4.250000
v -32.609049 -30.041844 -4.250000
v -33.115529 -29.832053 -4.250000
v -33.659049 -29.760497 -4.250000
v -34.202569 -29.832053 -4.250000
v -34.709049 -30.041844 -4.250000
v -35.143973 -30.375573 -4.250000
v -35.477702 -30.810497 -4.250000
v -35.687493 -31.316977 -4.250000
v -35.759049 -31.860497 -4.250000
v -35.687493 -32.404017 -4.250000
v -35.477702 -32.910497 -4.250000
v -35.143973 -33.345421 -4.250000
v -34.709049 -33.679150 -4.250000
v -34.202569 -33.888941 -4.250000
v -33.659049 -33.960497 -4.250000
v -33.115529 -33.888941 -4.250000
v -32.609049 -33.679150 -4.250000
v -32.174125 -33.345421 -4.250000
v -31.840396 -32.910497 -4.250000
v -31.630605 -32.404017 -4.250000
v -32.559049 -31.860497 -4.250000
v -32.596531 -31.575796 -4.250000
v -32.706421 -31.310497 -4.250000
v -32.881232 -31.082680 -4.250000
v -33.109049 -30.907869 -4.250000
v -33.374348 -30.797979 -4.250000
v -33.659049 -30.760497 -4.250000
v -33.943750 -30.797979 -4.250000
v -34.209049 -30.907869 -4.250000
v -34.436866 -31.082680 -4.250000
v -34.611677 -31.310497 -4.250000
v -34.721567 -31.575796 -4.250000
v -34.759049 -31.860497 -4.250000
v -34.721567 -32.145198 -4.250000
v -34.611677 -32.410497 -4.250000
v -34.436866 -32.638314 -4.250000
v -34.209049 -32.813125 -4.250000
v -33.943750 -32.923015 -4.250000
v -33.659049 -32.960497 -4.250000
v -33.374348 -32.923015 -4.250000
v -33.109049 -32.813125 -4.250000
v -32.881232 -32.638314 -4.250000
v -32.706421 -32.410497 -4.250000
v -32.596531 -32.145198 -4.250000
v 50.736951 32.523503 -4.250000
v 50.665395 33.067023 -4.250000
v 50.455604 33.573503 -4.250000
v 50.121875 34.008427 -4.250000
v 49.686951 34.342156 -4.250000
v 49.180471 34.551947 -4.250000
v 48.636951 34.623503 -4.250000
v 48.093431 34.551947 -4.250000
v 47.586951 34.342156 -4.250000
v 47.152027 34.008427 -4.250000
v 46.818298 33.573503 -4.250000
v 46.608507 33.067023 -4.250000
v 46.536951 32.523503 -4.250000
v 46.608507 31.979983 -4.250000
v 46.818298 31.473503 -4.250000
v 47.152027 31.038579 -4.250000
v 47.586951 30.704850 -4.250000
v 48.093431 30.495059 -4.250000
v 48.636951 30.423503 -4.250000
v 49.180471 30.495059 -4.250000
v 49.686951 30.704850 -4.250000
v 50.121875 31.038579 -4.250000
v 50.455604 31.473503 -4.250000
v 50.665395 31.979983 -4.250000
v 49.736951 32.523503 -4.250000
v 49.699469 32.808204 -4.250000
v 49.589579 33.073503 -4.250000
v 49.414768 33.301320 -4.250000
v 49.186951 33.476131 -4.250000
v 48.921652 33.586021 -4.250000
v 48.636951 33.623503 -4.250000
v 48.352250 33.586021 -4.250000
v 48.086951 33.476131 -4.250000
v 47.859134 33.301320 -4.250000
v 47.684323 33.073503 -4.250000
v 47.574433 32.808204 -4.250000
v 47.536951 32.523503 -4.250000
v 47.574433 32.238802 -4.250000
v 47.684323 31.973503 -4.250000
v 47.859134 31.745686 -4.250000
v 48.086951 31.570875 -4.250000
v 48.352250 31.460985 -4.250000
v 48.636951 31.423503 -4.250000
v 48.921652 31.460985 -4.250000
v 49.186951 31.570875 -4.250000
v 49.414768 31.745686 -4.250000
v 49.589579 31.973503 -4.250000
v 49.699469 32.238802 -4.250000
v 54.652958 33.143919 -3.550000
v 54.649781 33.379312 -3.550000
v -49.259741 38.522728 -3.550000
v -49.494656 38.519557 -3.550000
v 34.777944 -38.523312 -3.550000
v 34.529888 -38.526641 -3.550000
v -54.648874 -18.375347 -3.550000
v -54.645546 -18.623205 -3.550000
v -52.651739 -22.694224 -3.550000
v -53.309066 -22.034261 -3.550000
v -53.849833 -21.275839 -3.550000
v -54.259529 -20.439310 -3.550000
v -54.527160 -19.547119 -3.550000
v -38.317750 -37.051485 -3.550000
v -38.496181 -36.877771 -3.550000
v -34.028100 -38.520241 -3.550000
v -34.959804 -38.518553 -3.550000
v -35.878726 -38.364739 -3.550000
v -36.760194 -38.062928 -3.550000
v -37.580544 -37.621224 -3.550000
v -54.652954 33.112954 -3.550000
v -53.902954 33.113418 -4.300000
v -54.576476 34.025347 -3.550000
v -54.347122 34.911748 -3.550000
v -53.971471 35.746730 -3.550000
v -53.460299 36.506344 -3.550000
v -52.828268 37.168799 -3.550000
v -52.093508 37.715093 -3.550000
v -51.277096 38.129556 -3.550000
v -50.402449 38.400299 -3.550000
v 38.849814 -36.528494 -3.550000
v 38.189799 -37.186141 -3.550000
v 37.431251 -37.727181 -3.550000
v 36.594535 -38.137090 -3.550000
v 35.702113 -38.404864 -3.550000
v 49.243096 38.537605 -3.550000
v 49.243592 37.787605 -4.300000
v 50.155498 38.461137 -3.550000
v 51.041909 38.231791 -3.550000
v 51.876902 37.856145 -3.550000
v 52.636527 37.344976 -3.550000
v 53.298993 36.712945 -3.550000
v 53.845297 35.978182 -3.550000
v 54.259768 35.161765 -3.550000
v 54.530519 34.287111 -3.550000
v 52.643360 -22.732341 -3.550000
v 52.749131 -22.643401 -3.550000
v 54.638409 -18.398491 -3.550000
v 53.888409 -18.399173 -4.300000
v 54.560027 -19.351422 -3.550000
v 54.323094 -20.277751 -3.550000
v 53.934310 -21.151290 -3.550000
v 53.404664 -21.947341 -3.550000
v 49.243096 38.537605 -2.050000
v 50.155498 38.461137 -2.050000
v 51.041909 38.231791 -2.050000
v 51.876902 37.856145 -2.050000
v 52.636527 37.344976 -2.050000
v 53.298993 36.712945 -2.050000
v 53.845297 35.978182 -2.050000
v 54.259768 35.161765 -2.050000
v 54.530519 34.287111 -2.050000
v 54.649781 33.379312 -2.050000
v -49.259741 38.522728 -2.050000
v -49.494656 38.519557 -2.050000
v -54.652954 33.112954 -2.050000
v -54.576476 34.025347 -2.050000
v -54.347122 34.911748 -2.050000
v -53.971471 35.746730 -2.050000
v -53.460299 36.506344 -2.050000
v -52.828268 37.168799 -2.050000
v -52.093508 37.715093 -2.050000
v -51.277096 38.129556 -2.050000
v -50.402449 38.400299 -2.050000
v -54.648874 -18.375347 -2.050000
v -54.645546 -18.623205 -2.050000
v -52.651739 -22.694224 -2.050000
v -53.309066 -22.034261 -2.050000
v -53.849833 -21.275839 -2.050000
v -54.259529 -20.439310 -2.050000
v -54.527160 -19.547119 -2.050000
v -38.496181 -36.877771 -2.050000
v -38.317750 -37.051485 -2.050000
v -52.452954 33.114508 -2.050000
v -52.378998 33.803879 -2.050000
v -52.158563 34.461230 -2.050000
v -51.801959 35.055818 -2.050000
v -51.325864 35.559836 -2.050000
v -50.752543 35.949713 -2.050000
v -50.108808 36.207216 -2.050000
v -49.424766 36.320300 -2.050000
v -49.244732 36.322730 -2.050000
v 49.244732 36.337605 -2.050000
v 49.934102 36.263646 -2.050000
v 50.591451 36.043210 -2.050000
v 51.186038 35.686606 -2.050000
v 51.690056 35.210511 -2.050000
v 52.079934 34.637191 -2.050000
v 52.337437 33.993458 -2.050000
v 52.450524 33.309417 -2.050000
v 52.452954 33.129383 -2.050000
v 37.224080 -35.042972 -2.050000
v 36.710393 -35.554865 -2.050000
v 36.101923 -35.949418 -2.050000
v 35.424993 -36.209562 -2.050000
v 34.708891 -36.324041 -2.050000
v 34.515229 -36.326640 -2.050000
v -34.127049 -36.320232 -2.050000
v -34.852247 -36.318984 -2.050000
v -35.561497 -36.167729 -2.050000
v -36.224110 -35.873010 -2.050000
v -36.811412 -35.447581 -2.050000
v -36.950187 -35.312475 -2.050000
v -37.580544 -37.621224 -2.050000
v -36.760194 -38.062928 -2.050000
v -35.878726 -38.364739 -2.050000
v -34.959804 -38.518553 -2.050000
v -34.028100 -38.520241 -2.050000
v 34.529888 -38.526641 -2.050000
v 34.777944 -38.523312 -2.050000
v 35.702113 -38.404864 -2.050000
v 36.594535 -38.137090 -2.050000
v 37.431251 -37.727181 -2.050000
v 38.189799 -37.186141 -2.050000
v 38.849814 -36.528494 -2.050000
v 52.643360 -22.732341 -2.050000
v 52.749131 -22.643401 -2.050000
v 53.404664 -21.947341 -2.050000
v 53.934310 -21.151290 -2.050000
v 54.323094 -20.277751 -2.050000
v 54.560027 -19.351422 -2.050000
v 54.638409 -18.398491 -2.050000
v 54.652958 33.143919 -2.050000
v -52.452954 33.114508 -0.200000
v -52.378998 33.803879 -0.200000
v -52.158563 34.461230 -0.200000
v -51.801959 35.055818 -0.200000
v -51.325864 35.559836 -0.200000
v -50.752543 35.949713 -0.200000
v -50.108808 36.207216 -0.200000
v -49.424766 36.320300 -0.200000
v -47.545049 32.523503 -0.200000
v -47.582531 32.808204 -0.200000
v -47.692421 33.073503 -0.200000
v -47.867232 33.301320 -0.200000
v -48.095049 33.476131 -0.200000
v -48.360348 33.586021 -0.200000
v -48.645049 33.623503 -0.200000
v -48.929750 33.586021 -0.200000
v -49.195049 33.476131 -0.200000
v -49.422866 33.301320 -0.200000
v -49.597677 33.073503 -0.200000
v -49.707567 32.808204 -0.200000
v -49.745049 32.523503 -0.200000
v -49.707567 32.238802 -0.200000
v -49.597677 31.973503 -0.200000
v -49.422866 31.745686 -0.200000
v -49.195049 31.570875 -0.200000
v -48.929750 31.460985 -0.200000
v -48.645049 31.423503 -0.200000
v -48.360348 31.460985 -0.200000
v -48.095049 31.570875 -0.200000
v -47.867232 31.745686 -0.200000
v -47.692421 31.973503 -0.200000
v -47.582531 32.238802 -0.200000
v -44.484994 32.523503 -0.200000
v -44.564928 31.711916 -0.200000
v -44.801659 30.931519 -0.200000
v -45.186089 30.212300 -0.200000
v -45.703446 29.581900 -0.200000
v -46.333846 29.064543 -0.200000
v -47.053065 28.680113 -0.200000
v -47.833462 28.443382 -0.200000
v -49.244732 36.322730 -0.200000
v 49.244732 36.337605 -0.200000
v 49.934102 36.263646 -0.200000
v 50.591451 36.043210 -0.200000
v 51.186038 35.686606 -0.200000
v 51.690056 35.210511 -0.200000
v 52.079934 34.637191 -0.200000
v 52.337437 33.993458 -0.200000
v 52.450524 33.309417 -0.200000
v 44.423090 32.523503 -0.200000
v 49.736951 32.523503 -0.200000
v 49.699469 32.808204 -0.200000
v 49.589579 33.073503 -0.200000
v 49.414768 33.301320 -0.200000
v 49.186951 33.476131 -0.200000
v 48.921652 33.586021 -0.200000
v 48.636951 33.623503 -0.200000
v 48.352250 33.586021 -0.200000
v 48.086951 33.476131 -0.200000
v 47.859134 33.301320 -0.200000
v 47.684323 33.073503 -0.200000
v 47.574433 32.808204 -0.200000
v 47.536951 32.523503 -0.200000
v 47.574433 32.238802 -0.200000
v 47.684323 31.973503 -0.200000
v 47.859134 31.745686 -0.200000
v 48.086951 31.570875 -0.200000
v 48.352250 31.460985 -0.200000
v 48.636951 31.423503 -0.200000
v 48.921652 31.460985 -0.200000
v 49.186951 31.570875 -0.200000
v 49.414768 31.745686 -0.200000
v 49.589579 31.973503 -0.200000
v 49.699469 32.238802 -0.200000
v 48.636951 28.309642 -0.200000
v 47.814867 28.390610 -0.200000
v 47.024376 28.630403 -0.200000
v 46.295855 29.019806 -0.200000
v 45.657301 29.543853 -0.200000
v 45.133254 30.182407 -0.200000
v 44.743851 30.910928 -0.200000
v 44.504058 31.701419 -0.200000
v 52.452954 33.129383 -0.200000
v 37.224080 -35.042972 -0.200000
v 36.710393 -35.554865 -0.200000
v 36.101923 -35.949418 -0.200000
v 35.424993 -36.209562 -0.200000
v 34.708891 -36.324041 -0.200000
v 35.004951 -31.860497 -0.200000
v 34.967469 -31.575796 -0.200000
v 34.857579 -31.310497 -0.200000
v 34.682768 -31.082680 -0.200000
v 34.454951 -30.907869 -0.200000
v 34.189652 -30.797979 -0.200000
v 33.904951 -30.760497 -0.200000
v 33.620250 -30.797979 -0.200000
v 33.354951 -30.907869 -0.200000
v 33.127134 -31.082680 -0.200000
v 32.952323 -31.310497 -0.200000
v 32.842433 -31.575796 -0.200000
v 32.804951 -31.860497 -0.200000
v 32.842433 -32.145198 -0.200000
v 32.952323 -32.410497 -0.200000
v 33.127134 -32.638314 -0.200000
v 33.354951 -32.813125 -0.200000
v 33.620250 -32.923015 -0.200000
v 33.904951 -32.960497 -0.200000
v 34.189652 -32.923015 -0.200000
v 34.454951 -32.813125 -0.200000
v 34.682768 -32.638314 -0.200000
v 34.857579 -32.410497 -0.200000
v 34.967469 -32.145198 -0.200000
v 29.230992 -30.954359 -0.200000
v 29.479836 -30.103985 -0.200000
v 29.881942 -29.314447 -0.200000
v 30.423382 -28.613090 -0.200000
v 31.085405 -28.024205 -0.200000
v 31.845081 -27.568188 -0.200000
v 32.676100 -27.260834 -0.200000
v 33.549680 -27.112786 -0.200000
v 34.435564 -27.129173 -0.200000
v 35.303071 -27.309427 -0.200000
v 36.122154 -27.647305 -0.200000
v 36.864446 -28.131105 -0.200000
v 34.515229 -36.326640 -0.200000
v -34.127049 -36.320232 -0.200000
v -34.852247 -36.318984 -0.200000
v -35.561497 -36.167729 -0.200000
v -36.224110 -35.873010 -0.200000
v -36.811412 -35.447581 -0.200000
v -28.810323 -31.860497 -0.200000
v -32.559049 -31.860497 -0.200000
v -32.596531 -31.575796 -0.200000
v -32.706421 -31.310497 -0.200000
v -32.881232 -31.082680 -0.200000
v -33.109049 -30.907869 -0.200000
v -33.374348 -30.797979 -0.200000
v -33.659049 -30.760497 -0.200000
v -33.943750 -30.797979 -0.200000
v -34.209049 -30.907869 -0.200000
v -34.436866 -31.082680 -0.200000
v -34.611677 -31.310497 -0.200000
v -34.721567 -31.575796 -0.200000
v -34.759049 -31.860497 -0.200000
v -34.721567 -32.145198 -0.200000
v -34.611677 -32.410497 -0.200000
v -34.436866 -32.638314 -0.200000
v -34.209049 -32.813125 -0.200000
v -33.943750 -32.923015 -0.200000
v -33.659049 -32.960497 -0.200000
v -33.374348 -32.923015 -0.200000
v -33.109049 -32.813125 -0.200000
v -32.881232 -32.638314 -0.200000
v -32.706421 -32.410497 -0.200000
v -32.596531 -32.145198 -0.200000
v -37.196545 -28.544435 -0.200000
v -36.531167 -27.953953 -0.200000
v -35.769108 -27.494973 -0.200000
v -34.936020 -27.182945 -0.200000
v -34.059947 -27.028372 -0.200000
v -33.170378 -27.036458 -0.200000
v -32.297260 -27.206931 -0.200000
v -31.469982 -27.534052 -0.200000
v -30.716392 -28.006809 -0.200000
v -30.061857 -28.609288 -0.200000
v -29.528411 -29.321210 -0.200000
v -29.134011 -30.118609 -0.200000
v -28.891931 -30.974643 -0.200000
v -36.950187 -35.312475 -0.200000
vt 5.795435 0.235000 0.000000
vt 0.000000 0.235000 0.000000
vt 5.795435 0.000000 0.000000
vt 0.000000 0.000000 0.000000
vt 0.200000 0.020000 0.000000
vt 0.449002 0.020000 0.000000
vt 0.200000 0.255000 0.000000
vt 0.449002 0.255000 0.000000
vt 0.000000 0.050000 0.000000
vt 8.890808 0.050000 0.000000
vt 0.000000 0.235000 0.000000
vt 8.890808 0.235000 0.000000
vt 8.890778 0.235000 0.000000
vt 0.000000 0.235000 0.000000
vt 8.890778 0.000000 0.000000
vt 0.000000 0.000000 0.000000
vt 0.000000 0.235000 0.000000
vt 0.000000 0.050000 0.000000
vt 0.200000 0.235000 0.000000
vt 0.200000 0.000000 0.000000
vt 0.000000 0.000000 0.000000
vt -2.880983 -3.432610 0.000000
vt 2.914452 -3.433151 0.000000
vt -2.880983 -3.186587 0.000000
vt 2.914452 -3.184149 0.000000
vt -2.889144 -3.098001 0.000000
vt 2.923148 -3.095973 0.000000
vt -2.913352 -3.012398 0.000000
vt 2.948033 -3.010935 0.000000
vt -2.952792 -2.932658 0.000000
vt 2.988243 -2.931982 0.000000
vt -3.006137 -2.861466 0.000000
vt 3.042387 -2.861846 0.000000
vt -3.071590 -2.801218 0.000000
vt 3.108590 -2.802957 0.000000
vt -3.146949 -2.753942 0.000000
vt 3.184557 -2.757356 0.000000
vt 4.565779 2.953848 0.000000
vt 4.629635 2.901444 0.000000
vt 3.267659 -2.726620 0.000000
vt 5.043890 -1.840930 0.000000
vt 3.355017 -2.711816 0.000000
vt 4.980197 -1.963987 0.000000
vt 3.443606 -2.713454 0.000000
vt 3.530356 -2.731480 0.000000
vt 3.612265 -2.765267 0.000000
vt 3.686494 -2.813647 0.000000
vt 3.750473 -2.874944 0.000000
vt 3.909958 -3.034429 0.000000
vt 5.040959 -1.870964 0.000000
vt 4.997842 -1.949149 0.000000
vt 5.032023 -1.899787 0.000000
vt 5.017451 -1.926212 0.000000
vt 5.045209 2.830427 0.000000
vt 4.863744 2.830427 0.000000
vt 4.781536 2.838524 0.000000
vt 4.702487 2.862503 0.000000
vt -4.570295 2.957653 0.000000
vt 4.513375 3.017704 0.000000
vt -4.518560 3.020693 0.000000
vt 4.474434 3.090556 0.000000
vt -4.480117 3.092615 0.000000
vt 4.450455 3.169605 0.000000
vt -4.456444 3.170655 0.000000
vt 4.442358 3.251813 0.000000
vt -4.448450 3.251813 0.000000
vt -4.448420 3.431808 0.000000
vt -4.448450 3.631808 0.000000
vt 4.442358 3.433151 0.000000
vt -4.633335 2.905917 0.000000
vt -3.229677 -2.721230 0.000000
vt -5.044838 -1.835236 0.000000
vt -3.316989 -2.704183 0.000000
vt -3.405945 -2.703374 0.000000
vt -4.983766 -1.957317 0.000000
vt -3.493553 -2.718831 0.000000
vt -3.576862 -2.750034 0.000000
vt -3.653067 -2.795932 0.000000
vt -3.719605 -2.854980 0.000000
vt -3.903922 -3.039297 0.000000
vt -4.705257 2.867474 0.000000
vt -4.783297 2.843801 0.000000
vt -4.864456 2.835808 0.000000
vt -5.045209 2.835808 0.000000
vt -5.044663 -1.848319 0.000000
vt -5.038767 -1.879924 0.000000
vt -5.026214 -1.909522 0.000000
vt -5.007589 -1.935728 0.000000
vt 0.000000 0.050000 0.000000
vt 4.672394 0.050000 0.000000
vt 0.000000 0.235000 0.000000
vt 4.672394 0.235000 0.000000
vt -0.235000 0.000000 0.000000
vt -0.050000 0.000000 0.000000
vt -0.235000 0.072651 0.000000
vt -0.050000 0.072651 0.000000
vt -0.235000 0.145302 0.000000
vt -0.050000 0.145302 0.000000
vt -0.235000 0.217953 0.000000
vt -0.050000 0.217953 0.000000
vt -0.235000 0.290604 0.000000
vt -0.050000 0.290604 0.000000
vt 0.000000 0.050000 0.000000
vt 0.019368 0.050000 0.000000
vt 0.000000 0.235000 0.000000
vt 0.019368 0.235000 0.000000
vt 4.671044 0.235000 0.000000
vt 0.000000 0.235000 0.000000
vt 4.671044 0.000000 0.000000
vt 0.000000 0.000000 0.000000
vt 0.013084 0.235000 0.000000
vt 0.000000 0.235000 0.000000
vt 0.013084 0.000000 0.000000
vt 0.000000 0.000000 0.000000
vt 0.235000 -0.000000 0.000000
vt 0.000000 0.032213 0.000000
vt 0.235000 0.032213 0.000000
vt 0.000000 0.064426 0.000000
vt 0.235000 0.064426 0.000000
vt 0.000000 0.096640 0.000000
vt 0.235000 0.096640 0.000000
vt 0.000000 0.128853 0.000000
vt 0.235000 0.128853 0.000000
vt 1.528641 0.235000 0.000000
vt -0.000000 0.235000 0.000000
vt 1.528641 0.000000 0.000000
vt 0.000000 0.000000 0.000000
vt 0.180753 0.255000 0.000000
vt 0.000000 0.255000 0.000000
vt 0.180753 0.020000 0.000000
vt 0.000000 0.020000 0.000000
vt -0.235000 -0.000000 0.000000
vt -0.050000 -0.000000 0.000000
vt -0.235000 0.072651 0.000000
vt -0.050000 0.072651 0.000000
vt -0.235000 0.145301 0.000000
vt -0.050000 0.145301 0.000000
vt -0.235000 0.217952 0.000000
vt -0.050000 0.217952 0.000000
vt -0.235000 0.290602 0.000000
vt -0.050000 0.290602 0.000000
vt 0.000000 0.050000 0.000000
vt 0.019368 0.050000 0.000000
vt 0.000000 0.235000 0.000000
vt 0.019368 0.235000 0.000000
vt 1.513691 0.235000 0.000000
vt -0.000000 0.235000 0.000000
vt 1.513691 0.000000 0.000000
vt -0.000000 0.000000 0.000000
vt 0.023054 0.235000 0.000000
vt -0.000000 0.235000 0.000000
vt 0.023054 0.000000 0.000000
vt -0.000000 0.000000 0.000000
vt 0.235000 0.000000 0.000000
vt -0.000000 0.030229 0.000000
vt 0.235000 0.030229 0.000000
vt -0.000000 0.060457 0.000000
vt 0.235000 0.060457 0.000000
vt -0.000000 0.090686 0.000000
vt 0.235000 0.090686 0.000000
vt -0.000000 0.120914 0.000000
vt 0.235000 0.120914 0.000000
vt 4.671357 0.235000 0.000000
vt 0.000000 0.235000 0.000000
vt 4.671357 -0.000000 0.000000
vt 0.000000 0.000000 0.000000
vt 0.225546 0.255000 0.000000
vt 0.000000 0.255000 0.000000
vt 0.225546 0.020000 0.000000
vt 0.000000 0.020000 0.000000
vt -0.000000 0.000000 0.000000
vt 0.459906 -0.000000 0.000000
vt -0.000000 0.010000 0.000000
vt 0.459906 0.010000 0.000000
vt -0.043403 0.000000 0.000000
vt -0.032552 0.000000 0.000000
vt -0.043403 0.010000 0.000000
vt -0.032552 0.010000 0.000000
vt -0.027127 0.000000 0.000000
vt -0.027127 0.010000 0.000000
vt -0.024414 0.000000 0.000000
vt -0.024414 0.010000 0.000000
vt -0.021702 0.000000 0.000000
vt -0.021702 0.010000 0.000000
vt -0.018989 0.000000 0.000000
vt -0.018989 0.010000 0.000000
vt -0.016276 0.000000 0.000000
vt -0.016276 0.010000 0.000000
vt -0.010851 0.000000 0.000000
vt -0.010851 0.010000 0.000000
vt 0.000000 0.000000 0.000000
vt 0.000000 0.010000 0.000000
vt -0.000000 0.000000 0.000000
vt 0.093160 -0.000000 0.000000
vt 0.000000 0.010000 0.000000
vt 0.093160 0.010000 0.000000
vt 0.000000 0.000000 0.000000
vt 0.518868 0.000000 0.000000
vt -0.000000 0.010000 0.000000
vt 0.518868 0.010000 0.000000
vt 0.000000 0.000000 0.000000
vt 0.093160 0.000000 0.000000
vt -0.000000 0.010000 0.000000
vt 0.093160 0.010000 0.000000
vt -0.043411 0.000000 0.000000
vt -0.032558 0.000000 0.000000
vt -0.043411 0.010000 0.000000
vt -0.032558 0.010000 0.000000
vt -0.027132 0.000000 0.000000
vt -0.027132 0.010000 0.000000
vt -0.024419 0.000000 0.000000
vt -0.024419 0.010000 0.000000
vt -0.021705 0.000000 0.000000
vt -0.021705 0.010000 0.000000
vt -0.018992 0.000000 0.000000
vt -0.018992 0.010000 0.000000
vt -0.016279 0.000000 0.000000
vt -0.016279 0.010000 0.000000
vt -0.010853 0.000000 0.000000
vt -0.010853 0.010000 0.000000
vt 0.000000 0.000000 0.000000
vt 0.000000 0.010000 0.000000
vt 0.000000 0.000000 0.000000
vt 0.312500 0.000000 0.000000
vt -0.000000 0.010000 0.000000
vt 0.312500 0.010000 0.000000
vt -0.198353 0.000000 0.000000
vt -0.148764 0.000000 0.000000
vt -0.198353 0.010000 0.000000
vt -0.148764 0.010000 0.000000
vt -0.123970 0.000000 0.000000
vt -0.123970 0.010000 0.000000
vt -0.111573 0.000000 0.000000
vt -0.111573 0.010000 0.000000
vt -0.099176 0.000000 0.000000
vt -0.099176 0.010000 0.000000
vt -0.086779 0.000000 0.000000
vt -0.086779 0.010000 0.000000
vt -0.074382 0.000000 0.000000
vt -0.074382 0.010000 0.000000
vt -0.049588 0.000000 0.000000
vt -0.049588 0.010000 0.000000
vt 0.000000 0.000000 0.000000
vt 0.000000 0.010000 0.000000
vt 0.000000 0.000000 0.000000
vt 0.489387 0.000000 0.000000
vt -0.000000 0.010000 0.000000
vt 0.489387 0.010000 0.000000
vt -0.199090 0.000000 0.000000
vt -0.149317 0.000000 0.000000
vt -0.199090 0.010000 0.000000
vt -0.149317 0.010000 0.000000
vt -0.124431 0.000000 0.000000
vt -0.124431 0.010000 0.000000
vt -0.111988 0.000000 0.000000
vt -0.111988 0.010000 0.000000
vt -0.099545 0.000000 0.000000
vt -0.099545 0.010000 0.000000
vt -0.087102 0.000000 0.000000
vt -0.087102 0.010000 0.000000
vt -0.074659 0.000000 0.000000
vt -0.074659 0.010000 0.000000
vt -0.049772 0.000000 0.000000
vt -0.049772 0.010000 0.000000
vt 0.000000 0.000000 0.000000
vt 0.000000 0.010000 0.000000
vt -0.000000 0.000000 0.000000
vt 0.312500 -0.000000 0.000000
vt 0.000000 0.010000 0.000000
vt 0.312500 0.010000 0.000000
vt -0.000000 0.000000 0.000000
vt 0.750000 -0.000000 0.000000
vt -0.000000 0.010000 0.000000
vt 0.750000 0.010000 0.000000
vt -3.385514 -0.365116 0.000000
vt -3.216546 -0.250043 0.000000
vt -3.383324 0.384881 0.000000
vt -3.215030 0.268823 0.000000
vt -3.070826 0.383969 0.000000
vt -3.121870 0.268551 0.000000
vt -3.108819 0.266481 0.000000
vt -3.073016 -0.366028 0.000000
vt -3.123386 -0.250315 0.000000
vt -3.110323 -0.248321 0.000000
vt -3.104639 -0.246431 0.000000
vt -3.102157 -0.245107 0.000000
vt -3.099972 -0.243470 0.000000
vt -3.098119 -0.241483 0.000000
vt -3.096582 -0.239163 0.000000
vt -3.094274 -0.233717 0.000000
vt -3.012852 -0.358094 0.000000
vt -3.091460 -0.220927 0.000000
vt -2.986485 -0.350073 0.000000
vt -2.937107 -0.293597 0.000000
vt -2.974881 -0.344341 0.000000
vt -2.964578 -0.337190 0.000000
vt -2.955749 -0.328431 0.000000
vt -2.948362 -0.318098 0.000000
vt -2.922870 -0.235570 0.000000
vt -3.090117 0.238977 0.000000
vt -2.921441 0.253815 0.000000
vt -2.935496 0.311598 0.000000
vt -2.946672 0.335994 0.000000
vt -2.954022 0.346281 0.000000
vt -2.962818 0.355001 0.000000
vt -2.973083 0.362130 0.000000
vt -2.984642 0.367855 0.000000
vt -3.010905 0.375899 0.000000
vt -3.092856 0.251784 0.000000
vt -3.095133 0.257243 0.000000
vt -3.096656 0.259572 0.000000
vt -3.098497 0.261570 0.000000
vt -3.100672 0.263219 0.000000
vt -3.103147 0.264558 0.000000
vt -0.371730 0.692168 0.000000
vt -4.660851 3.306748 0.000000
vt -0.529748 0.692630 0.000000
vt -4.653695 3.252396 0.000000
vt -0.737294 0.693236 0.000000
vt -0.918898 0.693766 0.000000
vt -1.067482 0.694200 0.000000
vt -1.065025 0.323908 0.000000
vt -1.069672 -0.055797 0.000000
vt -0.921088 -0.056231 0.000000
vt -3.242003 -3.037512 0.000000
vt -0.739484 -0.056761 0.000000
vt -0.531938 -0.057367 0.000000
vt -0.592055 -0.049081 0.000000
vt -0.121731 0.691438 0.000000
vt -0.312111 0.683975 0.000000
vt -0.286006 0.675882 0.000000
vt -0.274528 0.670137 0.000000
vt -0.264347 0.662993 0.000000
vt -0.255636 0.654263 0.000000
vt -0.248365 0.643980 0.000000
vt -0.237332 0.619629 0.000000
vt -0.223524 0.562018 0.000000
vt -0.224953 0.072633 0.000000
vt -0.123921 -0.058559 0.000000
vt -0.238942 0.014777 0.000000
vt -0.250056 -0.009680 0.000000
vt -0.257363 -0.020008 0.000000
vt -0.266107 -0.028776 0.000000
vt -0.276327 -0.035944 0.000000
vt -0.287849 -0.041696 0.000000
vt -0.314058 -0.049767 0.000000
vt -0.373920 -0.057829 0.000000
vt -3.208630 -3.081004 0.000000
vt -0.618374 -0.040907 0.000000
vt -0.629944 -0.035107 0.000000
vt -0.640206 -0.027896 0.000000
vt -0.648984 -0.019086 0.000000
vt -0.656310 -0.008710 0.000000
vt -0.667422 0.015856 0.000000
vt -0.681319 0.073966 0.000000
vt -0.889319 0.323395 0.000000
vt -0.679890 0.563350 0.000000
vt -0.665498 0.621050 0.000000
vt -0.654180 0.645381 0.000000
vt -0.646770 0.655625 0.000000
vt -0.637923 0.664294 0.000000
vt -0.627617 0.671362 0.000000
vt -0.616024 0.677020 0.000000
vt -0.589715 0.684910 0.000000
vt 0.346427 0.690071 0.000000
vt 4.661661 3.306748 0.000000
vt 0.191947 0.690522 0.000000
vt 0.030391 0.690994 0.000000
vt 0.190638 0.242411 0.000000
vt 0.344237 -0.059926 0.000000
vt 0.436351 0.389100 0.000000
vt 0.436850 0.560090 0.000000
vt 0.450994 0.617619 0.000000
vt 0.193294 -0.059485 0.000000
vt 3.184040 -3.081004 0.000000
vt 0.587160 -0.060635 0.000000
vt 0.527044 -0.052349 0.000000
vt 0.030692 0.390284 0.000000
vt 0.029380 -0.059006 0.000000
vt -4.681830 3.357396 0.000000
vt 4.682640 3.357396 0.000000
vt -4.715203 3.400888 0.000000
vt 4.716013 3.400888 0.000000
vt -4.924409 3.703806 0.000000
vt 4.924951 3.702319 0.000000
vt 4.759505 3.434261 0.000000
vt 4.810153 3.455240 0.000000
vt 1.427790 0.686914 0.000000
vt 4.661661 3.198044 0.000000
vt 1.259159 0.687406 0.000000
vt 4.654505 3.252396 0.000000
vt 1.140056 0.687754 0.000000
vt 0.971424 0.688246 0.000000
vt 0.729680 0.688952 0.000000
vt 0.789299 0.680759 0.000000
vt 1.532743 0.686607 0.000000
vt 1.425982 0.067812 0.000000
vt 1.530553 -0.063390 0.000000
vt 1.411746 0.009785 0.000000
vt 1.400490 -0.014716 0.000000
vt 1.393104 -0.025049 0.000000
vt 1.384275 -0.033808 0.000000
vt 1.373971 -0.040959 0.000000
vt 1.362367 -0.046691 0.000000
vt 1.336001 -0.054711 0.000000
vt 1.275837 -0.062646 0.000000
vt 1.117818 -0.062184 0.000000
vt 3.217413 -3.037512 0.000000
vt 3.260905 -3.004139 0.000000
vt 1.913806 -0.064509 0.000000
vt 2.057673 -0.064929 0.000000
vt 1.914167 0.059311 0.000000
vt 2.059502 0.561248 0.000000
vt 1.922710 0.561647 0.000000
vt 0.729849 -0.061052 0.000000
vt 1.058004 -0.053774 0.000000
vt 0.789711 -0.052991 0.000000
vt 1.031843 -0.045550 0.000000
vt 0.815919 -0.044919 0.000000
vt 1.020355 -0.039730 0.000000
vt 0.827442 -0.039167 0.000000
vt 1.010177 -0.032504 0.000000
vt 0.837661 -0.032000 0.000000
vt 1.001484 -0.023684 0.000000
vt 0.846406 -0.023231 0.000000
vt 0.994237 -0.013313 0.000000
vt 0.853713 -0.012903 0.000000
vt 0.983267 0.011208 0.000000
vt 0.864826 0.011554 0.000000
vt 0.969616 0.069145 0.000000
vt 0.878815 0.069410 0.000000
vt 0.879332 0.246296 0.000000
vt 0.877724 0.272720 0.000000
vt 0.877600 0.460925 0.000000
vt 0.872738 0.297925 0.000000
vt 0.861681 0.320940 0.000000
vt 0.846594 0.342501 0.000000
vt 0.821953 0.358121 0.000000
vt 0.795825 0.369242 0.000000
vt 0.767583 0.373973 0.000000
vt 0.708969 0.461417 0.000000
vt 0.738198 0.375247 0.000000
vt 0.636784 0.375543 0.000000
vt 0.605027 0.403938 0.000000
vt 0.605277 0.397950 0.000000
vt 0.877886 0.558802 0.000000
vt 0.864078 0.616413 0.000000
vt 0.853045 0.640764 0.000000
vt 0.845774 0.651047 0.000000
vt 0.837063 0.659777 0.000000
vt 0.826882 0.666921 0.000000
vt 0.815404 0.672666 0.000000
vt 1.138313 0.091058 0.000000
vt 1.257417 0.090710 0.000000
vt 1.225491 0.061322 0.000000
vt 1.254602 0.077920 0.000000
vt 1.252294 0.072474 0.000000
vt 1.238554 0.063316 0.000000
vt 1.250757 0.070155 0.000000
vt 1.244238 0.065206 0.000000
vt 1.246719 0.066531 0.000000
vt 1.168888 0.061488 0.000000
vt 1.140814 0.078431 0.000000
vt 1.142951 0.073020 0.000000
vt 1.156145 0.063690 0.000000
vt 1.144397 0.070698 0.000000
vt 1.150633 0.065666 0.000000
vt 1.148242 0.067026 0.000000
vt 1.146153 0.068692 0.000000
vt 1.248904 0.068167 0.000000
vt 2.366104 0.560352 0.000000
vt 2.425428 0.684000 0.000000
vt 2.366465 0.684173 0.000000
vt 4.682640 3.147396 0.000000
vt 1.923071 0.685467 0.000000
vt 1.700195 0.686118 0.000000
vt 2.228133 0.560755 0.000000
vt 2.226305 -0.065421 0.000000
vt 2.423238 -0.065996 0.000000
vt 3.311553 -2.983160 0.000000
vt 1.698367 0.059942 0.000000
vt 2.592802 0.253085 0.000000
vt 2.592231 0.057331 0.000000
vt 2.789736 0.252510 0.000000
vt 2.832796 0.056629 0.000000
vt 2.907737 0.682592 0.000000
vt 2.905547 -0.067405 0.000000
vt 2.832435 -0.067191 0.000000
vt 4.716013 3.103904 0.000000
vt 2.825190 0.682833 0.000000
vt 2.824829 0.559013 0.000000
vt 2.790097 0.376330 0.000000
vt 2.593698 0.559688 0.000000
vt 2.593164 0.376906 0.000000
vt 0.710645 0.227921 0.000000
vt 0.606693 0.166903 0.000000
vt 0.710249 0.092308 0.000000
vt 0.606476 0.092611 0.000000
vt 0.638230 0.063037 0.000000
vt 0.609215 0.079804 0.000000
vt 0.611492 0.074345 0.000000
vt 0.678889 0.256316 0.000000
vt 0.710395 0.233908 0.000000
vt 0.709392 0.239631 0.000000
vt 0.685504 0.256123 0.000000
vt 0.707000 0.244865 0.000000
vt 0.691909 0.255219 0.000000
vt 0.697917 0.252978 0.000000
vt 0.703634 0.249757 0.000000
vt 0.575115 0.256619 0.000000
vt 0.438062 0.167396 0.000000
vt 0.517559 0.266283 0.000000
vt 0.492620 0.275054 0.000000
vt 0.481783 0.281114 0.000000
vt 0.472289 0.288552 0.000000
vt 0.464294 0.297528 0.000000
vt 0.457700 0.307940 0.000000
vt 0.447915 0.332255 0.000000
vt 0.462169 0.641906 0.000000
vt 0.469500 0.652146 0.000000
vt 0.478262 0.660824 0.000000
vt 0.488484 0.667909 0.000000
vt 0.499996 0.673587 0.000000
vt 0.526147 0.681527 0.000000
vt 0.585813 0.689372 0.000000
vt 0.605412 0.536012 0.000000
vt 0.709185 0.535709 0.000000
vt 0.677432 0.565283 0.000000
vt 0.706446 0.548516 0.000000
vt 0.704170 0.553975 0.000000
vt 0.690483 0.563213 0.000000
vt 0.702646 0.556304 0.000000
vt 0.700806 0.558302 0.000000
vt 0.698630 0.559951 0.000000
vt 0.696156 0.561290 0.000000
vt 0.637338 0.565400 0.000000
vt 0.608226 0.548803 0.000000
vt 0.610534 0.554249 0.000000
vt 0.624275 0.563407 0.000000
vt 0.612072 0.556568 0.000000
vt 0.613924 0.558556 0.000000
vt 0.616109 0.560193 0.000000
vt 0.618591 0.561517 0.000000
vt 0.606280 0.392227 0.000000
vt 0.630168 0.375735 0.000000
vt 0.608672 0.386993 0.000000
vt 0.623763 0.376639 0.000000
vt 0.617755 0.378880 0.000000
vt 0.612038 0.382101 0.000000
vt 0.500725 -0.044175 0.000000
vt 0.489154 -0.038375 0.000000
vt 0.478893 -0.031164 0.000000
vt 0.470115 -0.022354 0.000000
vt 0.462789 -0.011978 0.000000
vt 0.451677 0.012588 0.000000
vt 0.437779 0.070698 0.000000
vt 0.625178 0.065107 0.000000
vt 0.613015 0.072017 0.000000
vt 0.619506 0.067030 0.000000
vt 0.617032 0.068369 0.000000
vt 0.614856 0.070019 0.000000
vt 0.678324 0.062920 0.000000
vt 0.707435 0.079518 0.000000
vt 0.705127 0.074072 0.000000
vt 0.691387 0.064914 0.000000
vt 0.703590 0.071752 0.000000
vt 0.697071 0.066804 0.000000
vt 0.699552 0.068128 0.000000
vt 0.701738 0.069765 0.000000
vt 3.375895 0.681225 0.000000
vt 4.759505 3.070531 0.000000
vt 3.221415 0.681676 0.000000
vt 3.059859 0.682148 0.000000
vt 3.373705 -0.068772 0.000000
vt 5.314888 -1.836476 0.000000
vt 4.969505 3.070531 0.000000
vt 4.918857 3.049552 0.000000
vt 3.222763 -0.068331 0.000000
vt 3.365905 -2.976004 0.000000
vt 5.163625 -2.158785 0.000000
vt 3.420257 -2.983160 0.000000
vt 3.470905 -3.004139 0.000000
vt 3.060160 0.381438 0.000000
vt 3.058848 -0.067852 0.000000
vt 3.220107 0.233565 0.000000
vt -1.234934 0.694689 0.000000
vt -1.294907 -0.055139 0.000000
vt -1.237124 -0.055308 0.000000
vt -1.467244 0.695367 0.000000
vt -2.515024 0.084037 0.000000
vt -2.712353 -0.051000 0.000000
vt -2.489477 -0.051651 0.000000
vt -3.336143 -2.983160 0.000000
vt -2.319666 -0.052147 0.000000
vt -2.172261 -0.052577 0.000000
vt -2.307225 0.573999 0.000000
vt -2.170433 0.573599 0.000000
vt -2.686014 0.084537 0.000000
vt -2.878626 -0.050515 0.000000
vt -3.390495 -2.976004 0.000000
vt -3.082635 -0.049919 0.000000
vt -3.395133 -0.049006 0.000000
vt -2.706626 0.698986 0.000000
vt -2.932489 0.080539 0.000000
vt -2.946726 0.022512 0.000000
vt -2.957981 -0.001989 0.000000
vt -2.492004 0.698360 0.000000
vt -4.681830 3.147396 0.000000
vt -4.715203 3.103904 0.000000
vt -3.080445 0.700078 0.000000
vt -4.758695 3.070531 0.000000
vt -3.392943 0.700990 0.000000
vt -4.809343 3.049552 0.000000
vt -4.863695 3.042396 0.000000
vt -2.306863 0.697819 0.000000
vt -1.863469 0.696524 0.000000
vt -4.660851 3.198044 0.000000
vt -1.681866 0.695994 0.000000
vt -3.593339 -3.131652 0.000000
vt -5.162840 -2.162551 0.000000
vt -3.600495 -3.186004 0.000000
vt -3.774329 -3.551325 0.000000
vt -3.593339 -3.240356 0.000000
vt -3.572360 -3.291004 0.000000
vt -3.538987 -3.334496 0.000000
vt -3.495495 -3.367869 0.000000
vt -3.725880 -3.600819 0.000000
vt -3.444847 -3.388848 0.000000
vt -3.669934 -3.641649 0.000000
vt -3.608022 -3.672696 0.000000
vt -3.572360 -3.081004 0.000000
vt -3.538987 -3.037512 0.000000
vt -3.495495 -3.004139 0.000000
vt -3.444847 -2.983160 0.000000
vt -5.313841 -1.839940 0.000000
vt -3.285495 -3.004139 0.000000
vt -2.003630 -0.053070 0.000000
vt -1.853867 -0.053507 0.000000
vt -1.863830 0.572704 0.000000
vt -1.464717 -0.054643 0.000000
vt -1.687594 -0.053993 0.000000
vt -1.490264 0.081045 0.000000
vt -1.661254 0.081544 0.000000
vt 3.163061 -3.131652 0.000000
vt -3.187651 -3.131652 0.000000
vt 3.155905 -3.186004 0.000000
vt -3.180495 -3.186004 0.000000
vt 3.163061 -3.240356 0.000000
vt -3.187651 -3.240356 0.000000
vt 3.184040 -3.291004 0.000000
vt -3.208630 -3.291004 0.000000
vt 3.409283 -3.701978 0.000000
vt -3.451989 -3.702618 0.000000
vt -3.242003 -3.334496 0.000000
vt -3.285495 -3.367869 0.000000
vt -3.336143 -3.388848 0.000000
vt -3.390495 -3.396004 0.000000
vt -3.473195 -3.702334 0.000000
vt -3.541838 -3.693110 0.000000
vt 4.864505 3.462396 0.000000
vt 4.918857 3.455240 0.000000
vt 4.944819 3.702050 0.000000
vt 5.018157 3.691223 0.000000
vt 5.088128 3.666734 0.000000
vt 5.152212 3.629466 0.000000
vt 4.969505 3.434261 0.000000
vt 5.208101 3.580762 0.000000
vt 5.253781 3.522375 0.000000
vt 5.012997 3.400888 0.000000
vt 5.287607 3.456410 0.000000
vt 5.046370 3.357396 0.000000
vt 5.308361 3.385242 0.000000
vt 5.067349 3.306748 0.000000
vt 5.315295 3.311434 0.000000
vt 5.074505 3.252396 0.000000
vt 5.067349 3.198044 0.000000
vt 5.046370 3.147396 0.000000
vt 5.012997 3.103904 0.000000
vt 4.864505 3.042396 0.000000
vt 4.810153 3.049552 0.000000
vt 3.514397 -3.037512 0.000000
vt 3.547770 -3.081004 0.000000
vt 3.568749 -3.131652 0.000000
vt 3.575905 -3.186004 0.000000
vt 3.744209 -3.581007 0.000000
vt 3.568749 -3.240356 0.000000
vt 3.547770 -3.291004 0.000000
vt 3.514397 -3.334496 0.000000
vt 3.470905 -3.367869 0.000000
vt 3.728992 -3.595822 0.000000
vt 3.420257 -3.388848 0.000000
vt 3.673933 -3.637839 0.000000
vt 3.612700 -3.670203 0.000000
vt 3.546969 -3.692029 0.000000
vt 3.478539 -3.702718 0.000000
vt 3.365905 -3.396004 0.000000
vt 3.311553 -3.388848 0.000000
vt 3.260905 -3.367869 0.000000
vt 3.217413 -3.334496 0.000000
vt -5.066539 3.198044 0.000000
vt -5.073695 3.252396 0.000000
vt -5.315295 3.313446 0.000000
vt -5.066539 3.306748 0.000000
vt -5.315027 3.333330 0.000000
vt -5.045560 3.357396 0.000000
vt -5.304199 3.406668 0.000000
vt -5.279710 3.476639 0.000000
vt -5.012187 3.400888 0.000000
vt -5.242442 3.540723 0.000000
vt -4.968695 3.434261 0.000000
vt -5.193737 3.596612 0.000000
vt -5.135351 3.642292 0.000000
vt -4.918047 3.455240 0.000000
vt -5.069385 3.676118 0.000000
vt -4.998217 3.696872 0.000000
vt -4.863695 3.462396 0.000000
vt -4.809343 3.455240 0.000000
vt -4.758695 3.434261 0.000000
vt -4.918047 3.049552 0.000000
vt -4.968695 3.070531 0.000000
vt -5.012187 3.103904 0.000000
vt -5.045560 3.147396 0.000000
vt 5.213110 -2.110338 0.000000
vt 5.253931 -2.054395 0.000000
vt 5.284971 -1.992489 0.000000
vt 5.305382 -1.926312 0.000000
vt 5.314603 -1.857676 0.000000
vt -5.308167 -1.909697 0.000000
vt -5.290953 -1.977534 0.000000
vt -5.262678 -2.041556 0.000000
vt -5.224133 -2.099973 0.000000
vt -5.176396 -2.151152 0.000000
vt -2.001801 0.573107 0.000000
vt -3.020524 0.692008 0.000000
vt -2.994261 0.683965 0.000000
vt -2.982702 0.678239 0.000000
vt -2.972437 0.671111 0.000000
vt -2.963641 0.662390 0.000000
vt -2.956291 0.652103 0.000000
vt -2.945115 0.627707 0.000000
vt -2.931060 0.569924 0.000000
vt -2.965368 -0.012322 0.000000
vt -2.974197 -0.021081 0.000000
vt -2.984500 -0.028232 0.000000
vt -2.996104 -0.033964 0.000000
vt -3.022471 -0.041984 0.000000
vt 0.000000 0.000000 0.000000
vt 0.123821 0.000000 0.000000
vt -0.000000 0.010000 0.000000
vt 0.123821 0.010000 0.000000
vt -0.000000 0.000000 0.000000
vt 0.137972 -0.000000 0.000000
vt 0.000000 0.010000 0.000000
vt 0.137972 0.010000 0.000000
vt 0.000000 0.000000 0.000000
vt 0.626179 0.000000 0.000000
vt -0.000000 0.010000 0.000000
vt 0.626179 0.010000 0.000000
vt -0.000000 0.000000 0.000000
vt 0.168632 -0.000000 0.000000
vt 0.000000 0.010000 0.000000
vt 0.168632 0.010000 0.000000
vt 0.000000 0.000000 0.000000
vt 0.626179 -0.000000 0.000000
vt 0.000000 0.010000 0.000000
vt 0.626179 0.010000 0.000000
vt -0.000000 0.000000 0.000000
vt 0.136792 -0.000000 0.000000
vt 0.000000 0.010000 0.000000
vt 0.136792 0.010000 0.000000
vt 0.000000 0.000000 0.000000
vt 0.123821 -0.000000 0.000000
vt 0.000000 0.010000 0.000000
vt 0.123821 0.010000 0.000000
vt 0.000000 0.000000 0.000000
vt 0.443396 0.000000 0.000000
vt -0.000000 0.010000 0.000000
vt 0.443396 0.010000 0.000000
vt -1.854211 0.256595 0.000000
vt -1.853850 0.380415 0.000000
vt -1.992182 0.256998 0.000000
vt -2.297244 0.381710 0.000000
vt -2.160814 0.257490 0.000000
vt -2.297606 0.257889 0.000000
vt -2.162642 -0.368687 0.000000
vt -1.994011 -0.369179 0.000000
vt 0.000000 0.000000 0.000000
vt 0.399867 -0.000000 0.000000
vt 0.000000 0.010000 0.000000
vt 0.399867 0.010000 0.000000
vt 0.000000 0.000000 0.000000
vt 0.408618 0.000000 0.000000
vt -0.000000 0.010000 0.000000
vt 0.408618 0.010000 0.000000
vt -0.000000 0.000000 0.000000
vt 0.181604 -0.000000 0.000000
vt 0.000000 0.010000 0.000000
vt 0.181604 0.010000 0.000000
vt -0.000000 0.000000 0.000000
vt 0.406477 -0.000000 0.000000
vt -0.000000 0.010000 0.000000
vt 0.406477 0.010000 0.000000
vt 0.000000 0.000000 0.000000
vt 0.397679 0.000000 0.000000
vt -0.000000 0.010000 0.000000
vt 0.397679 0.010000 0.000000
vt 0.000000 0.000000 0.000000
vt 0.181604 0.000000 0.000000
vt 0.000000 0.010000 0.000000
vt 0.181604 0.010000 0.000000
vt -0.727675 0.377126 0.000000
vt -0.909279 0.377657 0.000000
vt -0.879700 0.007286 0.000000
vt -1.055406 0.007799 0.000000
vt -0.911469 -0.372340 0.000000
vt -0.729865 -0.372870 0.000000
vt 0.000000 0.000000 0.000000
vt 0.443396 -0.000000 0.000000
vt 0.000000 0.010000 0.000000
vt 0.443396 0.010000 0.000000
vt -0.042537 0.000000 0.000000
vt -0.031902 0.000000 0.000000
vt -0.042537 0.010000 0.000000
vt -0.031902 0.010000 0.000000
vt -0.026585 0.000000 0.000000
vt -0.026585 0.010000 0.000000
vt -0.023927 0.000000 0.000000
vt -0.023927 0.010000 0.000000
vt -0.021268 0.000000 0.000000
vt -0.021268 0.010000 0.000000
vt -0.018610 0.000000 0.000000
vt -0.018610 0.010000 0.000000
vt -0.015951 0.000000 0.000000
vt -0.015951 0.010000 0.000000
vt -0.010634 0.000000 0.000000
vt -0.010634 0.010000 0.000000
vt 0.000000 0.000000 0.000000
vt 0.000000 0.010000 0.000000
vt -0.000000 0.000000 0.000000
vt 0.056604 -0.000000 0.000000
vt 0.000000 0.010000 0.000000
vt 0.056604 0.010000 0.000000
vt -0.043411 0.000000 0.000000
vt -0.032558 0.000000 0.000000
vt -0.043411 0.010000 0.000000
vt -0.032558 0.010000 0.000000
vt -0.027132 0.000000 0.000000
vt -0.027132 0.010000 0.000000
vt -0.024419 0.000000 0.000000
vt -0.024419 0.010000 0.000000
vt -0.021705 0.000000 0.000000
vt -0.021705 0.010000 0.000000
vt -0.018992 0.000000 0.000000
vt -0.018992 0.010000 0.000000
vt -0.016279 0.000000 0.000000
vt -0.016279 0.010000 0.000000
vt -0.010853 0.000000 0.000000
vt -0.010853 0.010000 0.000000
vt 0.000000 0.000000 0.000000
vt 0.000000 0.010000 0.000000
vt -0.000000 -0.000000 0.000000
vt 0.443396 0.000000 0.000000
vt -0.000000 0.010000 0.000000
vt 0.443396 0.010000 0.000000
vt -0.043403 0.000000 0.000000
vt -0.032552 0.000000 0.000000
vt -0.043403 0.010000 0.000000
vt -0.032552 0.010000 0.000000
vt -0.027127 0.000000 0.000000
vt -0.027127 0.010000 0.000000
vt -0.024414 0.000000 0.000000
vt -0.024414 0.010000 0.000000
vt -0.021702 0.000000 0.000000
vt -0.021702 0.010000 0.000000
vt -0.018989 0.000000 0.000000
vt -0.018989 0.010000 0.000000
vt -0.016276 0.000000 0.000000
vt -0.016276 0.010000 0.000000
vt -0.010851 0.000000 0.000000
vt -0.010851 0.010000 0.000000
vt 0.000000 0.000000 0.000000
vt 0.000000 0.010000 0.000000
vt 0.000000 0.000000 0.000000
vt 0.056604 0.000000 0.000000
vt -0.000000 0.010000 0.000000
vt 0.056604 0.010000 0.000000
vt -0.042541 0.000000 0.000000
vt -0.031905 0.000000 0.000000
vt -0.042541 0.010000 0.000000
vt -0.031905 0.010000 0.000000
vt -0.026588 0.000000 0.000000
vt -0.026588 0.010000 0.000000
vt -0.023929 0.000000 0.000000
vt -0.023929 0.010000 0.000000
vt -0.021270 0.000000 0.000000
vt -0.021270 0.010000 0.000000
vt -0.018612 0.000000 0.000000
vt -0.018612 0.010000 0.000000
vt -0.015953 0.000000 0.000000
vt -0.015953 0.010000 0.000000
vt -0.010635 0.000000 0.000000
vt -0.010635 0.010000 0.000000
vt 0.000000 0.000000 0.000000
vt 0.000000 0.010000 0.000000
vt 0.000000 0.000000 0.000000
vt 0.158019 0.000000 0.000000
vt -0.000000 0.010000 0.000000
vt 0.158019 0.010000 0.000000
vt -0.197440 0.000000 0.000000
vt -0.148080 0.000000 0.000000
vt -0.197440 0.010000 0.000000
vt -0.148080 0.010000 0.000000
vt -0.123400 0.000000 0.000000
vt -0.123400 0.010000 0.000000
vt -0.111060 0.000000 0.000000
vt -0.111060 0.010000 0.000000
vt -0.098720 0.000000 0.000000
vt -0.098720 0.010000 0.000000
vt -0.086380 0.000000 0.000000
vt -0.086380 0.010000 0.000000
vt -0.074040 0.000000 0.000000
vt -0.074040 0.010000 0.000000
vt -0.049360 0.000000 0.000000
vt -0.049360 0.010000 0.000000
vt 0.000000 0.000000 0.000000
vt 0.000000 0.010000 0.000000
vt 0.000000 0.000000 0.000000
vt 0.489387 0.000000 0.000000
vt -0.000000 0.010000 0.000000
vt 0.489387 0.010000 0.000000
vt -0.198182 0.000000 0.000000
vt -0.148637 0.000000 0.000000
vt -0.198182 0.010000 0.000000
vt -0.148637 0.010000 0.000000
vt -0.123864 0.000000 0.000000
vt -0.123864 0.010000 0.000000
vt -0.111478 0.000000 0.000000
vt -0.111478 0.010000 0.000000
vt -0.099091 0.000000 0.000000
vt -0.099091 0.010000 0.000000
vt -0.086705 0.000000 0.000000
vt -0.086705 0.010000 0.000000
vt -0.074318 0.000000 0.000000
vt -0.074318 0.010000 0.000000
vt -0.049546 0.000000 0.000000
vt -0.049546 0.010000 0.000000
vt 0.000000 0.000000 0.000000
vt 0.000000 0.010000 0.000000
vt -0.000000 0.000000 0.000000
vt 0.158019 -0.000000 0.000000
vt 0.000000 0.010000 0.000000
vt 0.158019 0.010000 0.000000
vt -0.199102 0.000000 0.000000
vt -0.149327 0.000000 0.000000
vt -0.199102 0.010000 0.000000
vt -0.149327 0.010000 0.000000
vt -0.124439 0.000000 0.000000
vt -0.124439 0.010000 0.000000
vt -0.111995 0.000000 0.000000
vt -0.111995 0.010000 0.000000
vt -0.099551 0.000000 0.000000
vt -0.099551 0.010000 0.000000
vt -0.087107 0.000000 0.000000
vt -0.087107 0.010000 0.000000
vt -0.074663 0.000000 0.000000
vt -0.074663 0.010000 0.000000
vt -0.049776 0.000000 0.000000
vt -0.049776 0.010000 0.000000
vt 0.000000 0.000000 0.000000
vt 0.000000 0.010000 0.000000
vt 0.000000 0.000000 0.000000
vt 0.489387 -0.000000 0.000000
vt 0.000000 0.010000 0.000000
vt 0.489387 0.010000 0.000000
vt -0.198339 0.000000 0.000000
vt -0.148754 0.000000 0.000000
vt -0.198339 0.010000 0.000000
vt -0.148754 0.010000 0.000000
vt -0.123962 0.000000 0.000000
vt -0.123962 0.010000 0.000000
vt -0.111566 0.000000 0.000000
vt -0.111566 0.010000 0.000000
vt -0.099169 0.000000 0.000000
vt -0.099169 0.010000 0.000000
vt -0.086773 0.000000 0.000000
vt -0.086773 0.010000 0.000000
vt -0.074377 0.000000 0.000000
vt -0.074377 0.010000 0.000000
vt -0.049585 0.000000 0.000000
vt -0.049585 0.010000 0.000000
vt 0.000000 0.000000 0.000000
vt 0.000000 0.010000 0.000000
vt -0.580096 0.368801 0.000000
vt -0.498895 0.235955 0.000000
vt -0.520129 0.376520 0.000000
vt -0.496587 0.241401 0.000000
vt -0.495050 0.243720 0.000000
vt -0.501709 0.223164 0.000000
vt -0.606405 0.360911 0.000000
vt -0.655879 0.304941 0.000000
vt -0.617998 0.355253 0.000000
vt -0.628304 0.348185 0.000000
vt -0.637151 0.339515 0.000000
vt -0.644561 0.329271 0.000000
vt -0.670271 0.247241 0.000000
vt -0.503004 -0.220230 0.000000
vt -0.671700 -0.242143 0.000000
vt -0.657803 -0.300253 0.000000
vt -0.646691 -0.324820 0.000000
vt -0.639365 -0.335195 0.000000
vt -0.630587 -0.344005 0.000000
vt -0.620325 -0.351216 0.000000
vt -0.608755 -0.357017 0.000000
vt -0.582436 -0.365191 0.000000
vt -0.500264 -0.233037 0.000000
vt -0.522319 -0.373476 0.000000
vt -0.497988 -0.238496 0.000000
vt -0.496464 -0.240825 0.000000
vt -0.494624 -0.242823 0.000000
vt -0.492448 -0.244472 0.000000
vt -0.489974 -0.245811 0.000000
vt -0.484301 -0.247734 0.000000
vt -0.471250 -0.249804 0.000000
vt -0.364301 -0.373938 0.000000
vt -0.414647 -0.249970 0.000000
vt -0.401892 -0.247841 0.000000
vt -0.396368 -0.245897 0.000000
vt -0.393970 -0.244552 0.000000
vt -0.391870 -0.242898 0.000000
vt -0.390103 -0.240902 0.000000
vt -0.388644 -0.238589 0.000000
vt -0.386475 -0.233190 0.000000
vt -0.304439 -0.365877 0.000000
vt -0.383900 -0.220578 0.000000
vt -0.278230 -0.357806 0.000000
vt -0.229323 -0.301332 0.000000
vt -0.266708 -0.352053 0.000000
vt -0.256488 -0.344886 0.000000
vt -0.247744 -0.336118 0.000000
vt -0.240437 -0.325789 0.000000
vt -0.215334 -0.243476 0.000000
vt -0.382606 0.222816 0.000000
vt -0.213905 0.245909 0.000000
vt -0.227713 0.303520 0.000000
vt -0.238746 0.327871 0.000000
vt -0.246017 0.338154 0.000000
vt -0.254728 0.346884 0.000000
vt -0.264909 0.354027 0.000000
vt -0.276387 0.359772 0.000000
vt -0.302492 0.367866 0.000000
vt -0.385106 0.235443 0.000000
vt -0.362111 0.376059 0.000000
vt -0.387244 0.240854 0.000000
vt -0.388689 0.243176 0.000000
vt -0.390445 0.245182 0.000000
vt -0.392535 0.246848 0.000000
vt -0.394925 0.248208 0.000000
vt -0.400437 0.250184 0.000000
vt -0.413180 0.252387 0.000000
vt -0.469783 0.252552 0.000000
vt -0.482846 0.250558 0.000000
vt -0.488530 0.248668 0.000000
vt -0.491012 0.247344 0.000000
vt -0.493197 0.245707 0.000000
vt -3.099736 0.555086 0.000000
vt -3.118438 0.582590 0.000000
vt -3.101079 0.095183 0.000000
vt -3.131489 0.584660 0.000000
vt -3.119942 0.067789 0.000000
vt -3.133005 0.065795 0.000000
vt -3.224649 0.584932 0.000000
vt -3.226165 0.066067 0.000000
vt -3.102475 0.567893 0.000000
vt -3.104752 0.573353 0.000000
vt -3.106275 0.575681 0.000000
vt -3.108116 0.577679 0.000000
vt -3.110291 0.579329 0.000000
vt -3.112765 0.580667 0.000000
vt -3.114258 0.069678 0.000000
vt -3.111776 0.071003 0.000000
vt -3.109591 0.072639 0.000000
vt -3.107738 0.074627 0.000000
vt -3.106201 0.076946 0.000000
vt -3.103893 0.082392 0.000000
vt 0.000000 0.000000 0.000000
vt 0.154481 0.000000 0.000000
vt -0.000000 0.010000 0.000000
vt 0.154481 0.010000 0.000000
vt 0.000000 0.000000 0.000000
vt 0.750000 0.000000 0.000000
vt -0.000000 0.010000 0.000000
vt 0.750000 0.010000 0.000000
vt -0.000000 0.000000 0.000000
vt 0.150944 -0.000000 0.000000
vt -0.000000 0.010000 0.000000
vt 0.150944 0.010000 0.000000
vt -0.000000 0.000000 0.000000
vt 0.478259 -0.000000 0.000000
vt 0.000000 0.010000 0.000000
vt 0.478259 0.010000 0.000000
vt 0.000000 0.000000 0.000000
vt 0.449292 0.000000 0.000000
vt -0.000000 0.010000 0.000000
vt 0.449292 0.010000 0.000000
vt -0.000000 0.000000 0.000000
vt 0.153302 -0.000000 0.000000
vt -0.000000 0.010000 0.000000
vt 0.153302 0.010000 0.000000
vt 0.000000 0.000000 0.000000
vt 0.750000 -0.000000 0.000000
vt 0.000000 0.010000 0.000000
vt 0.750000 0.010000 0.000000
vt -0.000000 -0.000000 0.000000
vt 0.152123 0.000000 0.000000
vt -0.000000 0.010000 0.000000
vt 0.152123 0.010000 0.000000
vt 0.000000 0.000000 0.000000
vt 0.476346 0.000000 0.000000
vt -0.000000 0.010000 0.000000
vt 0.476346 0.010000 0.000000
vt -0.000000 0.000000 0.000000
vt 0.448113 -0.000000 0.000000
vt -0.000000 0.010000 0.000000
vt 0.448113 0.010000 0.000000
vt 0.201566 0.374413 0.000000
vt 0.200257 -0.073698 0.000000
vt 0.356046 0.373962 0.000000
vt 0.353856 -0.376035 0.000000
vt 0.202913 -0.375594 0.000000
vt 0.040311 0.074175 0.000000
vt 0.040010 0.374885 0.000000
vt -0.112112 0.375329 0.000000
vt -0.114302 -0.374668 0.000000
vt 0.038999 -0.375115 0.000000
vt 0.000000 0.000000 0.000000
vt 0.168632 0.000000 0.000000
vt -0.000000 0.010000 0.000000
vt 0.168632 0.010000 0.000000
vt -0.000000 -0.000000 0.000000
vt 0.619104 0.000000 0.000000
vt -0.000000 0.010000 0.000000
vt 0.619104 0.010000 0.000000
vt -0.199090 0.000000 0.000000
vt -0.149317 0.000000 0.000000
vt -0.199090 0.010000 0.000000
vt -0.149317 0.010000 0.000000
vt -0.124431 0.000000 0.000000
vt -0.124431 0.010000 0.000000
vt -0.111988 0.000000 0.000000
vt -0.111988 0.010000 0.000000
vt -0.099545 0.000000 0.000000
vt -0.099545 0.010000 0.000000
vt -0.087102 0.000000 0.000000
vt -0.087102 0.010000 0.000000
vt -0.074659 0.000000 0.000000
vt -0.074659 0.010000 0.000000
vt -0.049772 0.000000 0.000000
vt -0.049772 0.010000 0.000000
vt 0.000000 0.000000 0.000000
vt 0.000000 0.010000 0.000000
vt -0.000000 0.000000 0.000000
vt 0.158019 -0.000000 0.000000
vt -0.000000 0.010000 0.000000
vt 0.158019 0.010000 0.000000
vt -0.198195 0.000000 0.000000
vt -0.148646 0.000000 0.000000
vt -0.198195 0.010000 0.000000
vt -0.148646 0.010000 0.000000
vt -0.123872 0.000000 0.000000
vt -0.123872 0.010000 0.000000
vt -0.111484 0.000000 0.000000
vt -0.111484 0.010000 0.000000
vt -0.099097 0.000000 0.000000
vt -0.099097 0.010000 0.000000
vt -0.086710 0.000000 0.000000
vt -0.086710 0.010000 0.000000
vt -0.074323 0.000000 0.000000
vt -0.074323 0.010000 0.000000
vt -0.049549 0.000000 0.000000
vt -0.049549 0.010000 0.000000
vt 0.000000 0.000000 0.000000
vt 0.000000 0.010000 0.000000
vt -0.000000 0.000000 0.000000
vt 0.619104 -0.000000 0.000000
vt -0.000000 0.010000 0.000000
vt 0.619104 0.010000 0.000000
vt 0.000000 0.000000 0.000000
vt 0.168632 0.000000 0.000000
vt -0.000000 0.010000 0.000000
vt 0.168632 0.010000 0.000000
vt -0.000000 -0.000000 0.000000
vt 0.596698 0.000000 0.000000
vt -0.000000 0.010000 0.000000
vt 0.596698 0.010000 0.000000
vt -0.042537 0.000000 0.000000
vt -0.031903 0.000000 0.000000
vt -0.042537 0.010000 0.000000
vt -0.031903 0.010000 0.000000
vt -0.026585 0.000000 0.000000
vt -0.026585 0.010000 0.000000
vt -0.023927 0.000000 0.000000
vt -0.023927 0.010000 0.000000
vt -0.021268 0.000000 0.000000
vt -0.021268 0.010000 0.000000
vt -0.018610 0.000000 0.000000
vt -0.018610 0.010000 0.000000
vt -0.015951 0.000000 0.000000
vt -0.015951 0.010000 0.000000
vt -0.010634 0.000000 0.000000
vt -0.010634 0.010000 0.000000
vt 0.000000 0.000000 0.000000
vt 0.000000 0.010000 0.000000
vt 0.000000 0.000000 0.000000
vt 0.056603 0.000000 0.000000
vt -0.000000 0.010000 0.000000
vt 0.056603 0.010000 0.000000
vt -0.043411 0.000000 0.000000
vt -0.032558 0.000000 0.000000
vt -0.043411 0.010000 0.000000
vt -0.032558 0.010000 0.000000
vt -0.027132 0.000000 0.000000
vt -0.027132 0.010000 0.000000
vt -0.024419 0.000000 0.000000
vt -0.024419 0.010000 0.000000
vt -0.021705 0.000000 0.000000
vt -0.021705 0.010000 0.000000
vt -0.018992 0.000000 0.000000
vt -0.018992 0.010000 0.000000
vt -0.016279 0.000000 0.000000
vt -0.016279 0.010000 0.000000
vt -0.010853 0.000000 0.000000
vt -0.010853 0.010000 0.000000
vt 0.000000 0.000000 0.000000
vt 0.000000 0.010000 0.000000
vt -0.000000 0.000000 0.000000
vt 0.596698 -0.000000 0.000000
vt -0.000000 0.010000 0.000000
vt 0.596698 0.010000 0.000000
vt 1.268778 0.371297 0.000000
vt 1.267036 -0.225399 0.000000
vt 1.437409 0.370804 0.000000
vt 1.435601 -0.248297 0.000000
vt 1.421365 -0.306324 0.000000
vt 1.371986 -0.362800 0.000000
vt 1.383590 -0.357068 0.000000
vt 1.345620 -0.370821 0.000000
vt 1.264221 -0.238189 0.000000
vt 1.285456 -0.378755 0.000000
vt 1.261913 -0.243635 0.000000
vt 1.260376 -0.245955 0.000000
vt 1.258523 -0.247942 0.000000
vt 1.256338 -0.249579 0.000000
vt 1.253856 -0.250903 0.000000
vt 1.248173 -0.252793 0.000000
vt 1.235110 -0.254787 0.000000
vt 1.178507 -0.254622 0.000000
vt 1.127437 -0.378294 0.000000
vt 1.165764 -0.252419 0.000000
vt 1.160252 -0.250443 0.000000
vt 1.157861 -0.249083 0.000000
vt 1.155772 -0.247417 0.000000
vt 1.154016 -0.245411 0.000000
vt 1.152570 -0.243089 0.000000
vt 1.150433 -0.237678 0.000000
vt 1.067623 -0.369883 0.000000
vt 1.147932 -0.225051 0.000000
vt 1.041462 -0.361659 0.000000
vt 0.992886 -0.304901 0.000000
vt 1.029974 -0.355839 0.000000
vt 1.019796 -0.348613 0.000000
vt 1.011103 -0.339794 0.000000
vt 1.003856 -0.329423 0.000000
vt 1.149674 0.371644 0.000000
vt 0.981043 0.372137 0.000000
vt 0.979235 -0.246964 0.000000
vt 1.393894 -0.349917 0.000000
vt 1.402723 -0.341158 0.000000
vt 1.410109 -0.330825 0.000000
vt 0.000000 0.000000 0.000000
vt 0.123821 0.000000 0.000000
vt -0.000000 0.010000 0.000000
vt 0.123821 0.010000 0.000000
vt -0.000000 0.000000 0.000000
vt 0.137971 -0.000000 0.000000
vt 0.000000 0.010000 0.000000
vt 0.137971 0.010000 0.000000
vt 0.000000 0.000000 0.000000
vt 0.626179 0.000000 0.000000
vt -0.000000 0.010000 0.000000
vt 0.626179 0.010000 0.000000
vt -0.000000 0.000000 0.000000
vt 0.168632 -0.000000 0.000000
vt 0.000000 0.010000 0.000000
vt 0.168632 0.010000 0.000000
vt 0.000000 0.000000 0.000000
vt 0.626179 -0.000000 0.000000
vt 0.000000 0.010000 0.000000
vt 0.626179 0.010000 0.000000
vt -0.000000 0.000000 0.000000
vt 0.136793 -0.000000 0.000000
vt 0.000000 0.010000 0.000000
vt 0.136793 0.010000 0.000000
vt 0.000000 0.000000 0.000000
vt 0.123821 -0.000000 0.000000
vt 0.000000 0.010000 0.000000
vt 0.123821 0.010000 0.000000
vt -0.000000 -0.000000 0.000000
vt 0.443396 0.000000 0.000000
vt -0.000000 0.010000 0.000000
vt 0.443396 0.010000 0.000000
vt 2.375723 0.244243 0.000000
vt 2.376084 0.368063 0.000000
vt 2.237752 0.244646 0.000000
vt 1.932690 0.369358 0.000000
vt 2.069121 0.245138 0.000000
vt 1.932329 0.245538 0.000000
vt 2.067292 -0.381038 0.000000
vt 2.235924 -0.381531 0.000000
vt 0.000000 0.000000 0.000000
vt 0.240566 0.000000 0.000000
vt -0.000000 0.010000 0.000000
vt 0.240566 0.010000 0.000000
vt -0.000000 -0.000000 0.000000
vt 0.123821 0.000000 0.000000
vt -0.000000 0.010000 0.000000
vt 0.123821 0.010000 0.000000
vt -0.000000 0.000000 0.000000
vt 0.409198 -0.000000 0.000000
vt -0.000000 0.010000 0.000000
vt 0.409198 0.010000 0.000000
vt 0.000000 0.000000 0.000000
vt 0.750000 -0.000000 0.000000
vt 0.000000 0.010000 0.000000
vt 0.750000 0.010000 0.000000
vt 0.000000 0.000000 0.000000
vt 0.399764 0.000000 0.000000
vt -0.000000 0.010000 0.000000
vt 0.399764 0.010000 0.000000
vt 0.000000 0.000000 0.000000
vt 0.123821 0.000000 0.000000
vt -0.000000 0.010000 0.000000
vt 0.123821 0.010000 0.000000
vt -0.000000 0.000000 0.000000
vt 0.231132 -0.000000 0.000000
vt 0.000000 0.010000 0.000000
vt 0.231132 0.010000 0.000000
vt 0.000000 0.000000 0.000000
vt 0.182783 0.000000 0.000000
vt -0.000000 0.010000 0.000000
vt 0.182783 0.010000 0.000000
vt 0.000000 0.000000 0.000000
vt 0.196934 0.000000 0.000000
vt -0.000000 0.010000 0.000000
vt 0.196934 0.010000 0.000000
vt 0.000000 0.000000 0.000000
vt 0.123821 0.000000 0.000000
vt -0.000000 0.010000 0.000000
vt 0.123821 0.010000 0.000000
vt -0.000000 0.000000 0.000000
vt 0.196934 -0.000000 0.000000
vt 0.000000 0.010000 0.000000
vt 0.196934 0.010000 0.000000
vt -0.000000 -0.000000 0.000000
vt 0.195755 0.000000 0.000000
vt -0.000000 0.010000 0.000000
vt 0.195755 0.010000 0.000000
vt 2.602421 -0.063024 0.000000
vt 2.432857 -0.382106 0.000000
vt 2.601850 -0.258778 0.000000
vt 2.842054 -0.383301 0.000000
vt 2.842415 -0.259480 0.000000
vt 2.799355 -0.063599 0.000000
vt 2.602783 0.060796 0.000000
vt 2.435047 0.367891 0.000000
vt 2.799716 0.060221 0.000000
vt 2.603317 0.243578 0.000000
vt 2.834809 0.366724 0.000000
vt 2.834448 0.242904 0.000000
vt 0.000000 0.000000 0.000000
vt 0.215802 0.000000 0.000000
vt 0.000000 0.010000 0.000000
vt 0.215802 0.010000 0.000000
vt -0.000000 -0.000000 0.000000
vt 0.123821 0.000000 0.000000
vt -0.000000 0.010000 0.000000
vt 0.123821 0.010000 0.000000
vt -0.000000 0.000000 0.000000
vt 0.383255 -0.000000 0.000000
vt -0.000000 0.010000 0.000000
vt 0.383255 0.010000 0.000000
vt 0.000000 0.000000 0.000000
vt 0.750000 -0.000000 0.000000
vt 0.000000 0.010000 0.000000
vt 0.750000 0.010000 0.000000
vt 0.000000 0.000000 0.000000
vt 0.167453 0.000000 0.000000
vt -0.000000 0.010000 0.000000
vt 0.167453 0.010000 0.000000
vt 0.000000 0.000000 0.000000
vt 0.626179 0.000000 0.000000
vt 0.000000 0.010000 0.000000
vt 0.626179 0.010000 0.000000
vt 1.709814 0.370009 0.000000
vt 1.542362 0.370498 0.000000
vt 1.707986 -0.256168 0.000000
vt 1.540172 -0.379499 0.000000
vt 1.923425 -0.380618 0.000000
vt 1.923786 -0.256798 0.000000
vt 0.000000 0.000000 0.000000
vt 0.135613 -0.000000 0.000000
vt 0.000000 0.010000 0.000000
vt 0.135613 0.010000 0.000000
vt -0.022958 0.000000 0.000000
vt -0.017218 0.000000 0.000000
vt -0.022958 0.010000 0.000000
vt -0.017218 0.010000 0.000000
vt -0.011479 0.000000 0.000000
vt -0.011479 0.010000 0.000000
vt -0.005739 0.000000 0.000000
vt -0.005739 0.010000 0.000000
vt 0.000000 0.000000 0.000000
vt 0.000000 0.010000 0.000000
vt -0.025621 0.000000 0.000000
vt -0.019216 0.000000 0.000000
vt -0.025621 0.010000 0.000000
vt -0.019216 0.010000 0.000000
vt -0.012811 0.000000 0.000000
vt -0.012811 0.010000 0.000000
vt -0.006405 0.000000 0.000000
vt -0.006405 0.010000 0.000000
vt 0.000000 0.000000 0.000000
vt 0.000000 0.010000 0.000000
vt -0.000000 0.000000 0.000000
vt 0.103774 -0.000000 0.000000
vt 0.000000 0.010000 0.000000
vt 0.103774 0.010000 0.000000
vt -0.191884 0.000000 0.000000
vt -0.143913 0.000000 0.000000
vt -0.191884 0.010000 0.000000
vt -0.143913 0.010000 0.000000
vt -0.119928 0.000000 0.000000
vt -0.119928 0.010000 0.000000
vt -0.107935 0.000000 0.000000
vt -0.107935 0.010000 0.000000
vt -0.095942 0.000000 0.000000
vt -0.095942 0.010000 0.000000
vt -0.083949 0.000000 0.000000
vt -0.083949 0.010000 0.000000
vt -0.071957 0.000000 0.000000
vt -0.071957 0.010000 0.000000
vt -0.047971 0.000000 0.000000
vt -0.047971 0.010000 0.000000
vt 0.000000 0.000000 0.000000
vt 0.000000 0.010000 0.000000
vt 0.000000 0.000000 0.000000
vt 0.170990 -0.000000 0.000000
vt 0.000000 0.010000 0.000000
vt 0.170990 0.010000 0.000000
vt -0.197427 0.000000 0.000000
vt -0.148070 0.000000 0.000000
vt -0.197427 0.010000 0.000000
vt -0.148070 0.010000 0.000000
vt -0.123392 0.000000 0.000000
vt -0.123392 0.010000 0.000000
vt -0.111053 0.000000 0.000000
vt -0.111053 0.010000 0.000000
vt -0.098714 0.000000 0.000000
vt -0.098714 0.010000 0.000000
vt -0.086374 0.000000 0.000000
vt -0.086374 0.010000 0.000000
vt -0.074035 0.000000 0.000000
vt -0.074035 0.010000 0.000000
vt -0.049357 0.000000 0.000000
vt -0.049357 0.010000 0.000000
vt 0.000000 0.000000 0.000000
vt 0.000000 0.010000 0.000000
vt 0.000000 0.000000 0.000000
vt 0.143868 0.000000 0.000000
vt -0.000000 0.010000 0.000000
vt 0.143868 0.010000 0.000000
vt -0.197440 0.000000 0.000000
vt -0.148080 0.000000 0.000000
vt -0.197440 0.010000 0.000000
vt -0.148080 0.010000 0.000000
vt -0.123400 0.000000 0.000000
vt -0.123400 0.010000 0.000000
vt -0.111060 0.000000 0.000000
vt -0.111060 0.010000 0.000000
vt -0.098720 0.000000 0.000000
vt -0.098720 0.010000 0.000000
vt -0.086380 0.000000 0.000000
vt -0.086380 0.010000 0.000000
vt -0.074040 0.000000 0.000000
vt -0.074040 0.010000 0.000000
vt -0.049360 0.000000 0.000000
vt -0.049360 0.010000 0.000000
vt 0.000000 0.000000 0.000000
vt 0.000000 0.010000 0.000000
vt 0.000000 0.000000 0.000000
vt 0.097877 0.000000 0.000000
vt -0.000000 0.010000 0.000000
vt 0.097877 0.010000 0.000000
vt -0.000000 0.000000 0.000000
vt 0.168632 -0.000000 0.000000
vt -0.000000 0.010000 0.000000
vt 0.168632 0.010000 0.000000
vt 0.000000 0.000000 0.000000
vt 0.074292 -0.000000 0.000000
vt 0.000000 0.010000 0.000000
vt 0.074292 0.010000 0.000000
vt -0.043403 0.000000 0.000000
vt -0.032552 0.000000 0.000000
vt -0.043403 0.010000 0.000000
vt -0.032552 0.010000 0.000000
vt -0.027127 0.000000 0.000000
vt -0.027127 0.010000 0.000000
vt -0.024414 0.000000 0.000000
vt -0.024414 0.010000 0.000000
vt -0.021701 0.000000 0.000000
vt -0.021701 0.010000 0.000000
vt -0.018989 0.000000 0.000000
vt -0.018989 0.010000 0.000000
vt -0.016276 0.000000 0.000000
vt -0.016276 0.010000 0.000000
vt -0.010851 0.000000 0.000000
vt -0.010851 0.010000 0.000000
vt 0.000000 0.000000 0.000000
vt 0.000000 0.010000 0.000000
vt -0.000000 0.000000 0.000000
vt 0.040094 -0.000000 0.000000
vt 0.000000 0.010000 0.000000
vt 0.040094 0.010000 0.000000
vt -0.043411 0.000000 0.000000
vt -0.032558 0.000000 0.000000
vt -0.043411 0.010000 0.000000
vt -0.032558 0.010000 0.000000
vt -0.027132 0.000000 0.000000
vt -0.027132 0.010000 0.000000
vt -0.024419 0.000000 0.000000
vt -0.024419 0.010000 0.000000
vt -0.021706 0.000000 0.000000
vt -0.021706 0.010000 0.000000
vt -0.018992 0.000000 0.000000
vt -0.018992 0.010000 0.000000
vt -0.016279 0.000000 0.000000
vt -0.016279 0.010000 0.000000
vt -0.010853 0.000000 0.000000
vt -0.010853 0.010000 0.000000
vt 0.000000 0.000000 0.000000
vt 0.000000 0.010000 0.000000
vt 0.000000 0.000000 0.000000
vt 0.132075 0.000000 0.000000
vt -0.000000 0.010000 0.000000
vt 0.132075 0.010000 0.000000
vt -0.022957 0.000000 0.000000
vt -0.017218 0.000000 0.000000
vt -0.022957 0.010000 0.000000
vt -0.017218 0.010000 0.000000
vt -0.011479 0.000000 0.000000
vt -0.011479 0.010000 0.000000
vt -0.005739 0.000000 0.000000
vt -0.005739 0.010000 0.000000
vt 0.000000 0.000000 0.000000
vt 0.000000 0.010000 0.000000
vt -0.025622 0.000000 0.000000
vt -0.019216 0.000000 0.000000
vt -0.025622 0.010000 0.000000
vt -0.019216 0.010000 0.000000
vt -0.012811 0.000000 0.000000
vt -0.012811 0.010000 0.000000
vt -0.006405 0.000000 0.000000
vt -0.006405 0.010000 0.000000
vt 0.000000 0.000000 0.000000
vt 0.000000 0.010000 0.000000
vt 0.000000 0.000000 0.000000
vt 0.101415 0.000000 0.000000
vt -0.000000 0.010000 0.000000
vt 0.101415 0.010000 0.000000
vt -0.113325 0.000000 0.000000
vt -0.084994 0.000000 0.000000
vt -0.113325 0.010000 0.000000
vt -0.084994 0.010000 0.000000
vt -0.056663 0.000000 0.000000
vt -0.056663 0.010000 0.000000
vt -0.028331 0.000000 0.000000
vt -0.028331 0.010000 0.000000
vt 0.000000 0.000000 0.000000
vt 0.000000 0.010000 0.000000
vt -0.101663 0.000000 0.000000
vt -0.076247 0.000000 0.000000
vt -0.101663 0.010000 0.000000
vt -0.076247 0.010000 0.000000
vt -0.050831 0.000000 0.000000
vt -0.050831 0.010000 0.000000
vt -0.025416 0.000000 0.000000
vt -0.025416 0.010000 0.000000
vt 0.000000 0.000000 0.000000
vt 0.000000 0.010000 0.000000
vt 0.000000 0.000000 0.000000
vt 0.176887 0.000000 0.000000
vt -0.000000 0.010000 0.000000
vt 0.176887 0.010000 0.000000
vt -0.198182 0.000000 0.000000
vt -0.148637 0.000000 0.000000
vt -0.198182 0.010000 0.000000
vt -0.148637 0.010000 0.000000
vt -0.123864 0.000000 0.000000
vt -0.123864 0.010000 0.000000
vt -0.111478 0.000000 0.000000
vt -0.111478 0.010000 0.000000
vt -0.099091 0.000000 0.000000
vt -0.099091 0.010000 0.000000
vt -0.086705 0.000000 0.000000
vt -0.086705 0.010000 0.000000
vt -0.074318 0.000000 0.000000
vt -0.074318 0.010000 0.000000
vt -0.049546 0.000000 0.000000
vt -0.049546 0.010000 0.000000
vt 0.000000 0.000000 0.000000
vt 0.000000 0.010000 0.000000
vt -0.000000 0.000000 0.000000
vt 0.142689 -0.000000 0.000000
vt 0.000000 0.010000 0.000000
vt 0.142689 0.010000 0.000000
vt -0.199102 0.000000 0.000000
vt -0.149327 0.000000 0.000000
vt -0.199102 0.010000 0.000000
vt -0.149327 0.010000 0.000000
vt -0.124439 0.000000 0.000000
vt -0.124439 0.010000 0.000000
vt -0.111995 0.000000 0.000000
vt -0.111995 0.010000 0.000000
vt -0.099551 0.000000 0.000000
vt -0.099551 0.010000 0.000000
vt -0.087107 0.000000 0.000000
vt -0.087107 0.010000 0.000000
vt -0.074663 0.000000 0.000000
vt -0.074663 0.010000 0.000000
vt -0.049776 0.000000 0.000000
vt -0.049776 0.010000 0.000000
vt 0.000000 0.000000 0.000000
vt 0.000000 0.010000 0.000000
vt 0.000000 0.000000 0.000000
vt 0.096698 -0.000000 0.000000
vt 0.000000 0.010000 0.000000
vt 0.096698 0.010000 0.000000
vt 0.000000 0.000000 0.000000
vt 0.168632 0.000000 0.000000
vt -0.000000 0.010000 0.000000
vt 0.168632 0.010000 0.000000
vt 0.000000 0.000000 0.000000
vt 0.074293 0.000000 0.000000
vt -0.000000 0.010000 0.000000
vt 0.074293 0.010000 0.000000
vt -0.043403 0.000000 0.000000
vt -0.032552 0.000000 0.000000
vt -0.043403 0.010000 0.000000
vt -0.032552 0.010000 0.000000
vt -0.027127 0.000000 0.000000
vt -0.027127 0.010000 0.000000
vt -0.024414 0.000000 0.000000
vt -0.024414 0.010000 0.000000
vt -0.021702 0.000000 0.000000
vt -0.021702 0.010000 0.000000
vt -0.018989 0.000000 0.000000
vt -0.018989 0.010000 0.000000
vt -0.016276 0.000000 0.000000
vt -0.016276 0.010000 0.000000
vt -0.010851 0.000000 0.000000
vt -0.010851 0.010000 0.000000
vt 0.000000 0.000000 0.000000
vt 0.000000 0.010000 0.000000
vt 0.000000 0.000000 0.000000
vt 0.040094 0.000000 0.000000
vt -0.000000 0.010000 0.000000
vt 0.040094 0.010000 0.000000
vt -0.043411 0.000000 0.000000
vt -0.032558 0.000000 0.000000
vt -0.043411 0.010000 0.000000
vt -0.032558 0.010000 0.000000
vt -0.027132 0.000000 0.000000
vt -0.027132 0.010000 0.000000
vt -0.024418 0.000000 0.000000
vt -0.024418 0.010000 0.000000
vt -0.021705 0.000000 0.000000
vt -0.021705 0.010000 0.000000
vt -0.018992 0.000000 0.000000
vt -0.018992 0.010000 0.000000
vt -0.016279 0.000000 0.000000
vt -0.016279 0.010000 0.000000
vt -0.010853 0.000000 0.000000
vt -0.010853 0.010000 0.000000
vt 0.000000 0.000000 0.000000
vt 0.000000 0.010000 0.000000
vt 0.717054 -0.236592 0.000000
vt 0.799330 -0.369100 0.000000
vt 0.719868 -0.223801 0.000000
vt 0.825538 -0.361029 0.000000
vt 0.874445 -0.304555 0.000000
vt 0.837061 -0.355276 0.000000
vt 0.847280 -0.348109 0.000000
vt 0.739468 -0.377161 0.000000
vt 0.714746 -0.242038 0.000000
vt 0.713209 -0.244357 0.000000
vt 0.711357 -0.246344 0.000000
vt 0.709171 -0.247981 0.000000
vt 0.706690 -0.249305 0.000000
vt 0.701006 -0.251195 0.000000
vt 0.687943 -0.253189 0.000000
vt 0.596779 -0.376744 0.000000
vt 0.647849 -0.253072 0.000000
vt 0.634797 -0.251002 0.000000
vt 0.629125 -0.249079 0.000000
vt 0.626651 -0.247740 0.000000
vt 0.624475 -0.246091 0.000000
vt 0.622634 -0.244093 0.000000
vt 0.621111 -0.241764 0.000000
vt 0.618834 -0.236305 0.000000
vt 0.536663 -0.368458 0.000000
vt 0.616095 -0.223498 0.000000
vt 0.461296 -0.303521 0.000000
vt 0.447398 -0.245411 0.000000
vt 0.447681 -0.148714 0.000000
vt 0.616312 -0.149206 0.000000
vt 0.472408 -0.328087 0.000000
vt 0.479734 -0.338463 0.000000
vt 0.488512 -0.347273 0.000000
vt 0.498773 -0.354484 0.000000
vt 0.510344 -0.360284 0.000000
vt 0.856025 -0.339341 0.000000
vt 0.863332 -0.329012 0.000000
vt 0.888434 -0.246699 0.000000
vt 0.888951 -0.069813 0.000000
vt 0.720264 -0.088189 0.000000
vt 0.831572 0.042011 0.000000
vt 0.805444 0.053133 0.000000
vt 0.887343 -0.043389 0.000000
vt 0.871300 0.004831 0.000000
vt 0.856213 0.026391 0.000000
vt 0.882357 -0.018184 0.000000
vt 0.720014 -0.082201 0.000000
vt 0.777202 0.057864 0.000000
vt 0.719011 -0.076478 0.000000
vt 0.747817 0.059137 0.000000
vt 0.716619 -0.071244 0.000000
vt 0.713253 -0.066352 0.000000
vt 0.707536 -0.063131 0.000000
vt 0.701528 -0.060890 0.000000
vt 0.695123 -0.059986 0.000000
vt 0.646403 0.059434 0.000000
vt 0.688508 -0.059794 0.000000
vt 0.639787 0.059626 0.000000
vt 0.584734 -0.059491 0.000000
vt 0.633382 0.060530 0.000000
vt 0.627374 0.062771 0.000000
vt 0.621657 0.065992 0.000000
vt 0.618291 0.070884 0.000000
vt 0.615899 0.076118 0.000000
vt 0.527178 -0.049826 0.000000
vt 0.614895 0.081841 0.000000
vt 0.614646 0.087828 0.000000
vt 0.615031 0.219903 0.000000
vt 0.445970 0.072990 0.000000
vt 0.457533 0.016146 0.000000
vt 0.502239 -0.041055 0.000000
vt 0.491402 -0.034995 0.000000
vt 0.481908 -0.027557 0.000000
vt 0.473913 -0.018582 0.000000
vt 0.467319 -0.008169 0.000000
vt 0.617845 0.232694 0.000000
vt 0.535766 0.365418 0.000000
vt 0.509615 0.357477 0.000000
vt 0.446469 0.243980 0.000000
vt 0.498103 0.351799 0.000000
vt 0.460613 0.301510 0.000000
vt 0.487881 0.344715 0.000000
vt 0.479119 0.336037 0.000000
vt 0.595432 0.373263 0.000000
vt 0.620153 0.238140 0.000000
vt 0.621691 0.240459 0.000000
vt 0.623543 0.242446 0.000000
vt 0.625728 0.244083 0.000000
vt 0.628210 0.245408 0.000000
vt 0.633894 0.247297 0.000000
vt 0.646957 0.249291 0.000000
vt 0.687051 0.249174 0.000000
vt 0.739299 0.372843 0.000000
vt 0.700102 0.247104 0.000000
vt 0.705775 0.245181 0.000000
vt 0.708249 0.243842 0.000000
vt 0.710425 0.242193 0.000000
vt 0.712265 0.240194 0.000000
vt 0.713789 0.237866 0.000000
vt 0.716065 0.232407 0.000000
vt 0.798918 0.364649 0.000000
vt 0.718804 0.219600 0.000000
vt 0.825023 0.356556 0.000000
vt 0.873697 0.300303 0.000000
vt 0.836501 0.350811 0.000000
vt 0.846682 0.343667 0.000000
vt 0.855393 0.334938 0.000000
vt 0.862664 0.324655 0.000000
vt 0.718588 0.145308 0.000000
vt 0.887219 0.144816 0.000000
vt 0.887505 0.242692 0.000000
vt 0.471788 0.325796 0.000000
vt 0.000000 0.000000 0.000000
vt 0.154481 0.000000 0.000000
vt -0.000000 0.010000 0.000000
vt 0.154481 0.010000 0.000000
vt 0.000000 0.000000 0.000000
vt 0.750000 0.000000 0.000000
vt -0.000000 0.010000 0.000000
vt 0.750000 0.010000 0.000000
vt -0.000000 0.000000 0.000000
vt 0.150943 -0.000000 0.000000
vt 0.000000 0.010000 0.000000
vt 0.150943 0.010000 0.000000
vt -0.000000 0.000000 0.000000
vt 0.478259 -0.000000 0.000000
vt -0.000000 0.010000 0.000000
vt 0.478259 0.010000 0.000000
vt 0.000000 0.000000 0.000000
vt 0.449292 0.000000 0.000000
vt -0.000000 0.010000 0.000000
vt 0.449292 0.010000 0.000000
vt -0.000000 0.000000 0.000000
vt 0.153302 -0.000000 0.000000
vt 0.000000 0.010000 0.000000
vt 0.153302 0.010000 0.000000
vt 0.000000 0.000000 0.000000
vt 0.750000 -0.000000 0.000000
vt 0.000000 0.010000 0.000000
vt 0.750000 0.010000 0.000000
vt 0.000000 0.000000 0.000000
vt 0.152122 0.000000 0.000000
vt -0.000000 0.010000 0.000000
vt 0.152122 0.010000 0.000000
vt 0.000000 0.000000 0.000000
vt 0.476347 0.000000 0.000000
vt -0.000000 0.010000 0.000000
vt 0.476347 0.010000 0.000000
vt 0.000000 0.000000 0.000000
vt 0.448113 -0.000000 0.000000
vt 0.000000 0.010000 0.000000
vt 0.448113 0.010000 0.000000
vt 3.231034 0.365567 0.000000
vt 3.229726 -0.082544 0.000000
vt 3.385514 0.365116 0.000000
vt 3.383324 -0.384881 0.000000
vt 3.232382 -0.384440 0.000000
vt 3.069779 0.065329 0.000000
vt 3.069478 0.366039 0.000000
vt 2.917356 0.366483 0.000000
vt 2.915166 -0.383514 0.000000
vt 3.068467 -0.383962 0.000000
vt 0.000000 0.000000 0.000000
vt 0.750000 -0.000000 0.000000
vt 0.000000 0.010000 0.000000
vt 0.750000 0.010000 0.000000
vt 0.000000 0.000000 0.000000
vt 0.167453 0.000000 0.000000
vt -0.000000 0.010000 0.000000
vt 0.167453 0.010000 0.000000
vt 0.000000 0.000000 0.000000
vt 0.750000 0.000000 0.000000
vt -0.000000 0.010000 0.000000
vt 0.750000 0.010000 0.000000
vt -0.000000 0.000000 0.000000
vt 0.167453 -0.000000 0.000000
vt -0.000000 0.010000 0.000000
vt 0.167453 0.010000 0.000000
vt -1.227505 -0.371417 0.000000
vt -1.060053 -0.371906 0.000000
vt -1.225315 0.378580 0.000000
vt -1.057863 0.378091 0.000000
vt 0.000000 0.000000 0.000000
vt 0.122642 0.000000 0.000000
vt 0.000000 0.010000 0.000000
vt 0.122642 0.010000 0.000000
vt -0.000000 0.000000 0.000000
vt 0.323089 -0.000000 0.000000
vt -0.000000 0.010000 0.000000
vt 0.323089 0.010000 0.000000
vt -0.000000 0.000000 0.000000
vt 0.323089 -0.000000 0.000000
vt -0.000000 0.010000 0.000000
vt 0.323089 0.010000 0.000000
vt -0.000000 0.000000 0.000000
vt 0.138072 -0.000000 0.000000
vt 0.000000 0.010000 0.000000
vt 0.138072 0.010000 0.000000
vt -0.000000 0.000000 0.000000
vt 0.170991 -0.000000 0.000000
vt -0.000000 0.010000 0.000000
vt 0.170991 0.010000 0.000000
vt -0.000000 0.000000 0.000000
vt 0.138072 -0.000000 0.000000
vt -0.000000 0.010000 0.000000
vt 0.138072 0.010000 0.000000
vt -0.000000 0.000000 0.000000
vt 0.166274 -0.000000 0.000000
vt 0.000000 0.010000 0.000000
vt 0.166274 0.010000 0.000000
vt -0.000000 -0.000000 0.000000
vt 0.768984 0.000000 0.000000
vt -0.000000 0.010000 0.000000
vt 0.768984 0.010000 0.000000
vt 0.000000 0.000000 0.000000
vt 0.214623 0.000000 0.000000
vt -0.000000 0.010000 0.000000
vt 0.214623 0.010000 0.000000
vt -0.000000 -0.000000 0.000000
vt 0.770039 0.000000 0.000000
vt -0.000000 0.010000 0.000000
vt 0.770039 0.010000 0.000000
vt 0.000000 -0.000000 0.000000
vt 0.169811 -0.000000 0.000000
vt 0.000000 0.010000 0.000000
vt 0.169811 0.010000 0.000000
vt -1.455098 -0.370753 0.000000
vt -1.285288 -0.371248 0.000000
vt -1.480646 -0.235064 0.000000
vt -1.505051 -0.112351 0.000000
vt -1.651635 -0.234565 0.000000
vt -1.627693 -0.111993 0.000000
vt -1.844248 -0.369616 0.000000
vt -1.672247 0.379885 0.000000
vt -1.565446 0.205044 0.000000
vt -1.457625 0.379258 0.000000
vt -1.677975 -0.370102 0.000000
vt -0.392224 0.538926 0.000000
vt -0.410056 0.566293 0.000000
vt -0.393519 0.095531 0.000000
vt -0.422799 0.568496 0.000000
vt -0.411511 0.068268 0.000000
vt -0.424266 0.066140 0.000000
vt -0.479402 0.568661 0.000000
vt -0.480869 0.066305 0.000000
vt -0.493920 0.068375 0.000000
vt -0.512623 0.095879 0.000000
vt -0.499593 0.070298 0.000000
vt -0.502067 0.071637 0.000000
vt -0.504243 0.073287 0.000000
vt -0.506083 0.075285 0.000000
vt -0.507607 0.077613 0.000000
vt -0.509883 0.083072 0.000000
vt -0.394725 0.551553 0.000000
vt -0.396863 0.556964 0.000000
vt -0.398308 0.559286 0.000000
vt -0.400064 0.561292 0.000000
vt -0.402154 0.562958 0.000000
vt -0.404544 0.564317 0.000000
vt -0.492465 0.566667 0.000000
vt -0.511328 0.539273 0.000000
vt -0.498149 0.564778 0.000000
vt -0.500631 0.563453 0.000000
vt -0.502816 0.561817 0.000000
vt -0.504669 0.559829 0.000000
vt -0.506206 0.557510 0.000000
vt -0.508514 0.552064 0.000000
vt -0.405987 0.070212 0.000000
vt -0.403589 0.071558 0.000000
vt -0.401489 0.073212 0.000000
vt -0.399722 0.075207 0.000000
vt -0.398263 0.077521 0.000000
vt -0.396094 0.082919 0.000000
vt 0.000000 0.000000 0.000000
vt 0.122641 0.000000 0.000000
vt 0.000000 0.010000 0.000000
vt 0.122641 0.010000 0.000000
vt -0.000000 0.000000 0.000000
vt 0.323089 -0.000000 0.000000
vt 0.000000 0.010000 0.000000
vt 0.323089 0.010000 0.000000
vt 0.000000 0.000000 0.000000
vt 0.323089 -0.000000 0.000000
vt 0.000000 0.010000 0.000000
vt 0.323089 0.010000 0.000000
vt -0.000000 0.000000 0.000000
vt 0.138072 -0.000000 0.000000
vt 0.000000 0.010000 0.000000
vt 0.138072 0.010000 0.000000
vt -0.000000 0.000000 0.000000
vt 0.170991 -0.000000 0.000000
vt -0.000000 0.010000 0.000000
vt 0.170991 0.010000 0.000000
vt 0.000000 0.000000 0.000000
vt 0.138072 -0.000000 0.000000
vt 0.000000 0.010000 0.000000
vt 0.138072 0.010000 0.000000
vt -0.000000 0.000000 0.000000
vt 0.166274 -0.000000 0.000000
vt 0.000000 0.010000 0.000000
vt 0.166274 0.010000 0.000000
vt -0.000000 -0.000000 0.000000
vt 0.768984 0.000000 0.000000
vt -0.000000 0.010000 0.000000
vt 0.768984 0.010000 0.000000
vt 0.000000 0.000000 0.000000
vt 0.214623 0.000000 0.000000
vt -0.000000 0.010000 0.000000
vt 0.214623 0.010000 0.000000
vt -0.000000 -0.000000 0.000000
vt 0.770039 0.000000 0.000000
vt -0.000000 0.010000 0.000000
vt 0.770039 0.010000 0.000000
vt -0.000000 0.000000 0.000000
vt 0.169811 -0.000000 0.000000
vt -0.000000 0.010000 0.000000
vt 0.169811 0.010000 0.000000
vt -2.479858 -0.367760 0.000000
vt -2.310047 -0.368256 0.000000
vt -2.505405 -0.232072 0.000000
vt -2.529811 -0.109359 0.000000
vt -2.676395 -0.231573 0.000000
vt -2.652452 -0.109000 0.000000
vt -2.869007 -0.366624 0.000000
vt -2.697007 0.382877 0.000000
vt -2.590205 0.208036 0.000000
vt -2.482385 0.382250 0.000000
vt -2.702734 -0.367109 0.000000
vt -1.637311 0.204117 0.000000
vt -1.514670 0.203758 0.000000
vt -1.575065 0.521153 0.000000
vt 0.080000 -0.604757 0.000000
vt 0.000000 -0.604757 0.000000
vt 0.080000 -0.659734 0.000000
vt 0.000000 -0.659734 0.000000
vt 0.080000 0.659734 0.000000
vt 0.000000 0.659734 0.000000
vt 0.080000 0.604757 0.000000
vt 0.000000 0.604757 0.000000
vt 0.080000 0.549779 0.000000
vt 0.000000 0.549779 0.000000
vt 0.080000 0.494801 0.000000
vt 0.000000 0.494801 0.000000
vt 0.080000 0.439823 0.000000
vt 0.000000 0.439823 0.000000
vt 0.080000 0.384845 0.000000
vt 0.000000 0.384845 0.000000
vt 0.080000 0.329867 0.000000
vt 0.000000 0.329867 0.000000
vt 0.080000 0.274889 0.000000
vt 0.000000 0.274889 0.000000
vt 0.080000 0.219911 0.000000
vt 0.000000 0.219911 0.000000
vt 0.080000 0.164934 0.000000
vt 0.000000 0.164934 0.000000
vt 0.080000 0.109956 0.000000
vt 0.000000 0.109956 0.000000
vt 0.080000 0.054978 0.000000
vt 0.000000 0.054978 0.000000
vt 0.080000 0.000000 0.000000
vt 0.000000 0.000000 0.000000
vt 0.080000 -0.054978 0.000000
vt 0.000000 -0.054978 0.000000
vt 0.080000 -0.109956 0.000000
vt 0.000000 -0.109956 0.000000
vt 0.080000 -0.164934 0.000000
vt 0.000000 -0.164934 0.000000
vt 0.080000 -0.219911 0.000000
vt 0.000000 -0.219911 0.000000
vt 0.080000 -0.274889 0.000000
vt 0.000000 -0.274889 0.000000
vt 0.080000 -0.329867 0.000000
vt 0.000000 -0.329867 0.000000
vt 0.080000 -0.384845 0.000000
vt 0.000000 -0.384845 0.000000
vt 0.080000 -0.439823 0.000000
vt 0.000000 -0.439823 0.000000
vt 0.080000 -0.494801 0.000000
vt 0.000000 -0.494801 0.000000
vt 0.080000 -0.549779 0.000000
vt 0.000000 -0.549779 0.000000
vt -0.106252 -0.028470 0.000000
vt -0.110000 -0.000000 0.000000
vt -0.210000 -0.000000 0.000000
vt -0.106252 0.028470 0.000000
vt -0.202844 0.054352 0.000000
vt -0.095263 0.055000 0.000000
vt -0.181865 0.105000 0.000000
vt -0.077782 0.077782 0.000000
vt -0.148492 0.148492 0.000000
vt -0.055000 0.095263 0.000000
vt -0.105000 0.181865 0.000000
vt -0.028470 0.106252 0.000000
vt -0.054352 0.202844 0.000000
vt 0.000000 0.110000 0.000000
vt 0.000000 0.210000 0.000000
vt 0.054352 0.202844 0.000000
vt 0.028470 0.106252 0.000000
vt 0.105000 0.181865 0.000000
vt 0.055000 0.095263 0.000000
vt 0.148492 0.148492 0.000000
vt 0.077782 0.077782 0.000000
vt 0.181865 0.105000 0.000000
vt 0.095263 0.055000 0.000000
vt 0.202844 0.054352 0.000000
vt 0.106252 0.028470 0.000000
vt 0.210000 0.000000 0.000000
vt 0.110000 0.000000 0.000000
vt 0.202844 -0.054352 0.000000
vt 0.106252 -0.028470 0.000000
vt 0.095263 -0.055000 0.000000
vt 0.181865 -0.105000 0.000000
vt 0.077782 -0.077782 0.000000
vt 0.148492 -0.148492 0.000000
vt 0.055000 -0.095263 0.000000
vt 0.105000 -0.181865 0.000000
vt 0.028470 -0.106252 0.000000
vt 0.054352 -0.202844 0.000000
vt -0.000000 -0.110000 0.000000
vt -0.000000 -0.210000 0.000000
vt -0.054352 -0.202844 0.000000
vt -0.028470 -0.106252 0.000000
vt -0.105000 -0.181865 0.000000
vt -0.055000 -0.095263 0.000000
vt -0.148492 -0.148492 0.000000
vt -0.077782 -0.077782 0.000000
vt -0.181865 -0.105000 0.000000
vt -0.095263 -0.055000 0.000000
vt -0.202844 -0.054352 0.000000
vt 0.080000 -0.604757 0.000000
vt 0.000000 -0.604757 0.000000
vt 0.080000 -0.659734 0.000000
vt 0.000000 -0.659734 0.000000
vt 0.080000 0.659734 0.000000
vt 0.000000 0.659734 0.000000
vt 0.080000 0.604757 0.000000
vt 0.000000 0.604757 0.000000
vt 0.080000 0.549779 0.000000
vt 0.000000 0.549779 0.000000
vt 0.080000 0.494801 0.000000
vt 0.000000 0.494801 0.000000
vt 0.080000 0.439823 0.000000
vt 0.000000 0.439823 0.000000
vt 0.080000 0.384845 0.000000
vt 0.000000 0.384845 0.000000
vt 0.080000 0.329867 0.000000
vt 0.000000 0.329867 0.000000
vt 0.080000 0.274889 0.000000
vt 0.000000 0.274889 0.000000
vt 0.080000 0.219911 0.000000
vt 0.000000 0.219911 0.000000
vt 0.080000 0.164934 0.000000
vt 0.000000 0.164934 0.000000
vt 0.080000 0.109956 0.000000
vt 0.000000 0.109956 0.000000
vt 0.080000 0.054978 0.000000
vt 0.000000 0.054978 0.000000
vt 0.080000 0.000000 0.000000
vt 0.000000 0.000000 0.000000
vt 0.080000 -0.054978 0.000000
vt 0.000000 -0.054978 0.000000
vt 0.080000 -0.109956 0.000000
vt 0.000000 -0.109956 0.000000
vt 0.080000 -0.164934 0.000000
vt 0.000000 -0.164934 0.000000
vt 0.080000 -0.219911 0.000000
vt 0.000000 -0.219911 0.000000
vt 0.080000 -0.274889 0.000000
vt 0.000000 -0.274889 0.000000
vt 0.080000 -0.329867 0.000000
vt 0.000000 -0.329867 0.000000
vt 0.080000 -0.384845 0.000000
vt 0.000000 -0.384845 0.000000
vt 0.080000 -0.439823 0.000000
vt 0.000000 -0.439823 0.000000
vt 0.080000 -0.494801 0.000000
vt 0.000000 -0.494801 0.000000
vt 0.080000 -0.549779 0.000000
vt 0.000000 -0.549779 0.000000
vt -0.106252 -0.028470 0.000000
vt -0.110000 -0.000000 0.000000
vt -0.210000 -0.000000 0.000000
vt -0.106252 0.028470 0.000000
vt -0.202844 0.054352 0.000000
vt -0.095263 0.055000 0.000000
vt -0.181865 0.105000 0.000000
vt -0.077782 0.077782 0.000000
vt -0.148492 0.148492 0.000000
vt -0.055000 0.095263 0.000000
vt -0.105000 0.181865 0.000000
vt -0.028470 0.106252 0.000000
vt -0.054352 0.202844 0.000000
vt 0.000000 0.110000 0.000000
vt 0.000000 0.210000 0.000000
vt 0.054352 0.202844 0.000000
vt 0.028470 0.106252 0.000000
vt 0.105000 0.181865 0.000000
vt 0.055000 0.095263 0.000000
vt 0.148492 0.148492 0.000000
vt 0.077782 0.077782 0.000000
vt 0.181865 0.105000 0.000000
vt 0.095263 0.055000 0.000000
vt 0.202844 0.054352 0.000000
vt 0.106252 0.028470 0.000000
vt 0.210000 0.000000 0.000000
vt 0.110000 0.000000 0.000000
vt 0.202844 -0.054352 0.000000
vt 0.106252 -0.028470 0.000000
vt 0.095263 -0.055000 0.000000
vt 0.181865 -0.105000 0.000000
vt 0.077782 -0.077782 0.000000
vt 0.148492 -0.148492 0.000000
vt 0.055000 -0.095263 0.000000
vt 0.105000 -0.181865 0.000000
vt 0.028470 -0.106252 0.000000
vt 0.054352 -0.202844 0.000000
vt -0.000000 -0.110000 0.000000
vt -0.000000 -0.210000 0.000000
vt -0.054352 -0.202844 0.000000
vt -0.028470 -0.106252 0.000000
vt -0.105000 -0.181865 0.000000
vt -0.055000 -0.095263 0.000000
vt -0.148492 -0.148492 0.000000
vt -0.077782 -0.077782 0.000000
vt -0.181865 -0.105000 0.000000
vt -0.095263 -0.055000 0.000000
vt -0.202844 -0.054352 0.000000
vt 0.080000 -0.604757 0.000000
vt 0.000000 -0.604757 0.000000
vt 0.080000 -0.659734 0.000000
vt 0.000000 -0.659734 0.000000
vt 0.080000 0.659734 0.000000
vt 0.000000 0.659734 0.000000
vt 0.080000 0.604757 0.000000
vt 0.000000 0.604757 0.000000
vt 0.080000 0.549779 0.000000
vt 0.000000 0.549779 0.000000
vt 0.080000 0.494801 0.000000
vt 0.000000 0.494801 0.000000
vt 0.080000 0.439823 0.000000
vt 0.000000 0.439823 0.000000
vt 0.080000 0.384845 0.000000
vt 0.000000 0.384845 0.000000
vt 0.080000 0.329867 0.000000
vt 0.000000 0.329867 0.000000
vt 0.080000 0.274889 0.000000
vt 0.000000 0.274889 0.000000
vt 0.080000 0.219911 0.000000
vt 0.000000 0.219911 0.000000
vt 0.080000 0.164934 0.000000
vt 0.000000 0.164934 0.000000
vt 0.080000 0.109956 0.000000
vt 0.000000 0.109956 0.000000
vt 0.080000 0.054978 0.000000
vt 0.000000 0.054978 0.000000
vt 0.080000 0.000000 0.000000
vt 0.000000 0.000000 0.000000
vt 0.080000 -0.054978 0.000000
vt 0.000000 -0.054978 0.000000
vt 0.080000 -0.109956 0.000000
vt 0.000000 -0.109956 0.000000
vt 0.080000 -0.164934 0.000000
vt 0.000000 -0.164934 0.000000
vt 0.080000 -0.219911 0.000000
vt 0.000000 -0.219911 0.000000
vt 0.080000 -0.274889 0.000000
vt 0.000000 -0.274889 0.000000
vt 0.080000 -0.329867 0.000000
vt 0.000000 -0.329867 0.000000
vt 0.080000 -0.384845 0.000000
vt 0.000000 -0.384845 0.000000
vt 0.080000 -0.439823 0.000000
vt 0.000000 -0.439823 0.000000
vt 0.080000 -0.494801 0.000000
vt 0.000000 -0.494801 0.000000
vt 0.080000 -0.549779 0.000000
vt 0.000000 -0.549779 0.000000
vt -0.106252 -0.028470 0.000000
vt -0.110000 -0.000000 0.000000
vt -0.210000 -0.000000 0.000000
vt -0.106252 0.028470 0.000000
vt -0.202844 0.054352 0.000000
vt -0.095263 0.055000 0.000000
vt -0.181865 0.105000 0.000000
vt -0.077782 0.077782 0.000000
vt -0.148492 0.148492 0.000000
vt -0.055000 0.095263 0.000000
vt -0.105000 0.181865 0.000000
vt -0.028470 0.106252 0.000000
vt -0.054352 0.202844 0.000000
vt 0.000000 0.110000 0.000000
vt 0.000000 0.210000 0.000000
vt 0.054352 0.202844 0.000000
vt 0.028470 0.106252 0.000000
vt 0.105000 0.181865 0.000000
vt 0.055000 0.095263 0.000000
vt 0.148492 0.148492 0.000000
vt 0.077782 0.077782 0.000000
vt 0.181865 0.105000 0.000000
vt 0.095263 0.055000 0.000000
vt 0.202844 0.054352 0.000000
vt 0.106252 0.028470 0.000000
vt 0.210000 0.000000 0.000000
vt 0.110000 0.000000 0.000000
vt 0.202844 -0.054352 0.000000
vt 0.106252 -0.028470 0.000000
vt 0.095263 -0.055000 0.000000
vt 0.181865 -0.105000 0.000000
vt 0.077782 -0.077782 0.000000
vt 0.148492 -0.148492 0.000000
vt 0.055000 -0.095263 0.000000
vt 0.105000 -0.181865 0.000000
vt 0.028470 -0.106252 0.000000
vt 0.054352 -0.202844 0.000000
vt -0.000000 -0.110000 0.000000
vt -0.000000 -0.210000 0.000000
vt -0.054352 -0.202844 0.000000
vt -0.028470 -0.106252 0.000000
vt -0.105000 -0.181865 0.000000
vt -0.055000 -0.095263 0.000000
vt -0.148492 -0.148492 0.000000
vt -0.077782 -0.077782 0.000000
vt -0.181865 -0.105000 0.000000
vt -0.095263 -0.055000 0.000000
vt -0.202844 -0.054352 0.000000
vt 0.080000 -0.604757 0.000000
vt 0.000000 -0.604757 0.000000
vt 0.080000 -0.659734 0.000000
vt 0.000000 -0.659734 0.000000
vt 0.080000 0.659734 0.000000
vt 0.000000 0.659734 0.000000
vt 0.080000 0.604757 0.000000
vt 0.000000 0.604757 0.000000
vt 0.080000 0.549779 0.000000
vt 0.000000 0.549779 0.000000
vt 0.080000 0.494801 0.000000
vt 0.000000 0.494801 0.000000
vt 0.080000 0.439823 0.000000
vt 0.000000 0.439823 0.000000
vt 0.080000 0.384845 0.000000
vt 0.000000 0.384845 0.000000
vt 0.080000 0.329867 0.000000
vt 0.000000 0.329867 0.000000
vt 0.080000 0.274889 0.000000
vt 0.000000 0.274889 0.000000
vt 0.080000 0.219911 0.000000
vt 0.000000 0.219911 0.000000
vt 0.080000 0.164934 0.000000
vt 0.000000 0.164934 0.000000
vt 0.080000 0.109956 0.000000
vt 0.000000 0.109956 0.000000
vt 0.080000 0.054978 0.000000
vt 0.000000 0.054978 0.000000
vt 0.080000 0.000000 0.000000
vt 0.000000 0.000000 0.000000
vt 0.080000 -0.054978 0.000000
vt 0.000000 -0.054978 0.000000
vt 0.080000 -0.109956 0.000000
vt 0.000000 -0.109956 0.000000
vt 0.080000 -0.164934 0.000000
vt 0.000000 -0.164934 0.000000
vt 0.080000 -0.219911 0.000000
vt 0.000000 -0.219911 0.000000
vt 0.080000 -0.274889 0.000000
vt 0.000000 -0.274889 0.000000
vt 0.080000 -0.329867 0.000000
vt 0.000000 -0.329867 0.000000
vt 0.080000 -0.384845 0.000000
vt 0.000000 -0.384845 0.000000
vt 0.080000 -0.439823 0.000000
vt 0.000000 -0.439823 0.000000
vt 0.080000 -0.494801 0.000000
vt 0.000000 -0.494801 0.000000
vt 0.080000 -0.549779 0.000000
vt 0.000000 -0.549779 0.000000
vt -0.106252 -0.028470 0.000000
vt -0.110000 -0.000000 0.000000
vt -0.210000 -0.000000 0.000000
vt -0.106252 0.028470 0.000000
vt -0.202844 0.054352 0.000000
vt -0.095263 0.055000 0.000000
vt -0.181865 0.105000 0.000000
vt -0.077782 0.077782 0.000000
vt -0.148492 0.148492 0.000000
vt -0.055000 0.095263 0.000000
vt -0.105000 0.181865 0.000000
vt -0.028470 0.106252 0.000000
vt -0.054352 0.202844 0.000000
vt 0.000000 0.110000 0.000000
vt 0.000000 0.210000 0.000000
vt 0.054352 0.202844 0.000000
vt 0.028470 0.106252 0.000000
vt 0.105000 0.181865 0.000000
vt 0.055000 0.095263 0.000000
vt 0.148492 0.148492 0.000000
vt 0.077782 0.077782 0.000000
vt 0.181865 0.105000 0.000000
vt 0.095263 0.055000 0.000000
vt 0.202844 0.054352 0.000000
vt 0.106252 0.028470 0.000000
vt 0.210000 0.000000 0.000000
vt 0.110000 0.000000 0.000000
vt 0.202844 -0.054352 0.000000
vt 0.106252 -0.028470 0.000000
vt 0.095263 -0.055000 0.000000
vt 0.181865 -0.105000 0.000000
vt 0.077782 -0.077782 0.000000
vt 0.148492 -0.148492 0.000000
vt 0.055000 -0.095263 0.000000
vt 0.105000 -0.181865 0.000000
vt 0.028470 -0.106252 0.000000
vt 0.054352 -0.202844 0.000000
vt -0.000000 -0.110000 0.000000
vt -0.000000 -0.210000 0.000000
vt -0.054352 -0.202844 0.000000
vt -0.028470 -0.106252 0.000000
vt -0.105000 -0.181865 0.000000
vt -0.055000 -0.095263 0.000000
vt -0.148492 -0.148492 0.000000
vt -0.077782 -0.077782 0.000000
vt -0.181865 -0.105000 0.000000
vt -0.095263 -0.055000 0.000000
vt -0.202844 -0.054352 0.000000
vt 0.121421 1.608365 0.000000
vt 0.121611 1.628249 0.000000
vt -0.090711 1.609356 0.000000
vt -0.090486 1.632896 0.000000
vt 2.423555 -0.152347 0.000000
vt 2.443421 -0.152726 0.000000
vt 2.426603 0.059766 0.000000
vt 2.450092 0.059317 0.000000
vt -1.714598 -0.073544 0.000000
vt -1.689794 -0.074014 0.000000
vt -1.707986 0.138501 0.000000
vt -1.686782 0.138099 0.000000
vt -0.114326 -0.869542 0.000000
vt -0.114527 -0.890742 0.000000
vt 0.097806 -0.870555 0.000000
vt 0.097571 -0.895342 0.000000
vt 0.106066 0.404760 0.000000
vt -0.106066 0.402144 0.000000
vt 0.106066 0.323808 0.000000
vt -0.106066 0.320392 0.000000
vt 0.106066 0.242856 0.000000
vt -0.106066 0.238639 0.000000
vt 0.106066 0.161904 0.000000
vt -0.106066 0.156886 0.000000
vt 0.106066 0.080952 0.000000
vt -0.106066 0.075134 0.000000
vt 0.106066 0.000000 0.000000
vt -0.106066 -0.006619 0.000000
vt 0.133111 0.002782 0.000000
vt 0.147745 0.022931 0.000000
vt -0.037007 0.129536 0.000000
vt -0.024526 0.146720 0.000000
vt -0.054554 0.106651 0.000000
vt 0.118143 -0.016544 0.000000
vt 1.104013 1.748351 0.000000
vt 1.273560 1.620692 0.000000
vt -0.106066 -0.006563 0.000000
vt 0.106066 0.000000 0.000000
vt -0.106066 0.075199 0.000000
vt 0.106066 0.080972 0.000000
vt -0.106066 0.156960 0.000000
vt 0.106066 0.161945 0.000000
vt -0.106066 0.238722 0.000000
vt 0.106066 0.242917 0.000000
vt -0.106066 0.320484 0.000000
vt 0.106066 0.323890 0.000000
vt -0.106066 0.402246 0.000000
vt 0.106066 0.404862 0.000000
vt -1.726660 -0.106294 0.000000
vt 5.129139 -0.105389 0.000000
vt -1.725675 0.105838 0.000000
vt 5.135598 0.106744 0.000000
vt 0.106303 4.230296 0.000000
vt 0.000237 4.230343 0.000000
vt 0.106015 -0.918534 0.000000
vt -0.106117 -0.917521 0.000000
vt -0.105829 4.230389 0.000000
vt 0.106066 0.710563 0.000000
vt -0.106066 0.707905 0.000000
vt 0.106066 0.631611 0.000000
vt -0.106066 0.619405 0.000000
vt 0.106066 0.552660 0.000000
vt -0.106066 0.530905 0.000000
vt 0.106066 0.473708 0.000000
vt -0.106066 0.442405 0.000000
vt 0.106066 0.394757 0.000000
vt -0.106066 0.353904 0.000000
vt 0.106066 0.315806 0.000000
vt -0.106066 0.265404 0.000000
vt 0.106066 0.236854 0.000000
vt -0.106066 0.176904 0.000000
vt 0.106066 0.157903 0.000000
vt -0.106066 0.088404 0.000000
vt 0.106066 0.078951 0.000000
vt 0.000000 -0.000040 0.000000
vt 0.106066 -0.000000 0.000000
vt -0.106066 -0.000096 0.000000
vt -0.106066 -0.006549 0.000000
vt 0.106066 0.000000 0.000000
vt -0.106066 0.075213 0.000000
vt 0.106066 0.080975 0.000000
vt -0.106066 0.156974 0.000000
vt 0.106066 0.161950 0.000000
vt -0.106066 0.238735 0.000000
vt 0.106066 0.242925 0.000000
vt -0.106066 0.320497 0.000000
vt 0.106066 0.323900 0.000000
vt -0.106066 0.402258 0.000000
vt 0.106066 0.404875 0.000000
vt -7.387565 0.107644 0.000000
vt -7.387626 0.001578 0.000000
vt 2.462719 0.105540 0.000000
vt 2.461672 -0.106592 0.000000
vt -7.387687 -0.104488 0.000000
vt 0.106066 0.710569 0.000000
vt -0.106066 0.707911 0.000000
vt 0.106066 0.631617 0.000000
vt -0.106066 0.619411 0.000000
vt 0.106066 0.552665 0.000000
vt -0.106066 0.530911 0.000000
vt 0.106066 0.473713 0.000000
vt -0.106066 0.442410 0.000000
vt 0.106066 0.394761 0.000000
vt -0.106066 0.353910 0.000000
vt 0.106066 0.315808 0.000000
vt -0.106066 0.265410 0.000000
vt 0.106066 0.236856 0.000000
vt -0.106066 0.176909 0.000000
vt 0.106066 0.157904 0.000000
vt -0.106066 0.088409 0.000000
vt 0.106066 0.078952 0.000000
vt 0.000000 -0.000038 0.000000
vt 0.106066 0.000000 0.000000
vt -0.106066 -0.000091 0.000000
vt -0.696951 0.802089 0.000000
vt 0.429252 -0.790903 0.000000
vt -0.527475 0.929838 0.000000
vt 0.606204 -0.673730 0.000000
vt -0.902548 0.908483 0.000000
vt -0.736022 1.040054 0.000000
vt -0.911442 0.919060 0.000000
vt -0.747421 1.053610 0.000000
vt -0.105368 -3.496272 0.000000
vt 0.000698 -3.496340 0.000000
vt -0.106397 1.657969 0.000000
vt 0.105735 1.656978 0.000000
vt 0.106764 -3.496409 0.000000
vt 0.106066 0.415513 0.000000
vt -0.106066 0.412896 0.000000
vt 0.106066 0.332410 0.000000
vt -0.106066 0.330275 0.000000
vt 0.106066 0.249308 0.000000
vt -0.106066 0.247653 0.000000
vt 0.106066 0.166205 0.000000
vt -0.106066 0.165032 0.000000
vt 0.106066 0.083103 0.000000
vt -0.106066 0.082411 0.000000
vt 0.106066 0.000000 0.000000
vt 0.000000 -0.000089 0.000000
vt -0.106066 -0.000211 0.000000
vt -0.000000 0.825028 0.000000
vt -0.150000 0.825028 0.000000
vt -0.000000 0.733359 0.000000
vt -0.150000 0.733359 0.000000
vt -0.000000 0.641689 0.000000
vt -0.150000 0.641689 0.000000
vt -0.000000 0.550019 0.000000
vt -0.150000 0.550019 0.000000
vt -0.000000 0.458349 0.000000
vt -0.150000 0.458349 0.000000
vt -0.000000 0.366679 0.000000
vt -0.150000 0.366679 0.000000
vt -0.000000 0.275009 0.000000
vt -0.150000 0.275009 0.000000
vt -0.000000 0.183340 0.000000
vt -0.150000 0.183340 0.000000
vt -0.000000 0.091670 0.000000
vt -0.150000 0.091670 0.000000
vt -0.000000 0.000000 0.000000
vt -0.150000 0.000000 0.000000
vt 9.850284 0.150000 0.000000
vt -0.000000 0.150000 0.000000
vt 9.850284 0.000000 0.000000
vt 0.000000 0.000000 0.000000
vt 0.023494 0.150000 0.000000
vt 0.000000 0.150000 0.000000
vt 0.023494 0.000000 0.000000
vt 0.000000 0.000000 0.000000
vt -0.000000 0.825021 0.000000
vt -0.150000 0.825021 0.000000
vt -0.000000 0.733352 0.000000
vt -0.150000 0.733352 0.000000
vt -0.000000 0.641683 0.000000
vt -0.150000 0.641683 0.000000
vt -0.000000 0.550014 0.000000
vt -0.150000 0.550014 0.000000
vt -0.000000 0.458345 0.000000
vt -0.150000 0.458345 0.000000
vt -0.000000 0.366676 0.000000
vt -0.150000 0.366676 0.000000
vt -0.000000 0.275007 0.000000
vt -0.150000 0.275007 0.000000
vt -0.000000 0.183338 0.000000
vt -0.150000 0.183338 0.000000
vt -0.000000 0.091669 0.000000
vt -0.150000 0.091669 0.000000
vt 0.000000 -0.000000 0.000000
vt -0.150000 -0.000000 0.000000
vt 5.148830 0.150000 0.000000
vt 0.000000 0.150000 0.000000
vt 5.148830 0.000000 0.000000
vt 0.000000 0.000000 0.000000
vt 0.024788 0.150000 0.000000
vt -0.000000 0.150000 0.000000
vt 0.024788 0.000000 0.000000
vt 0.000000 0.000000 0.000000
vt 0.000000 0.466256 0.000000
vt -0.150000 0.466256 0.000000
vt -0.000000 0.373005 0.000000
vt -0.150000 0.373005 0.000000
vt 0.000000 0.279754 0.000000
vt -0.150000 0.279754 0.000000
vt 0.000000 0.186502 0.000000
vt -0.150000 0.186502 0.000000
vt 0.000000 0.093251 0.000000
vt -0.150000 0.093251 0.000000
vt 0.000000 -0.000000 0.000000
vt -0.150000 -0.000000 0.000000
vt 2.003878 0.150000 0.000000
vt -0.000000 0.150000 0.000000
vt 2.003878 0.000000 0.000000
vt -0.000000 0.000000 0.000000
vt 0.024903 0.150000 0.000000
vt 0.000000 0.150000 0.000000
vt 0.024903 0.000000 0.000000
vt 0.000000 0.000000 0.000000
vt -2.662071 0.207109 0.000000
vt -2.539430 0.206751 0.000000
vt -2.599824 0.524145 0.000000
vt -5.244628 -1.855370 0.000000
vt -5.244888 -1.836004 0.000000
vt -5.464887 -1.837489 0.000000
vt -5.245258 2.836390 0.000000
vt -5.465295 3.311341 0.000000
vt -5.245295 3.311496 0.000000
vt -5.237900 3.380434 0.000000
vt -5.457648 3.402580 0.000000
vt -5.215856 3.446169 0.000000
vt -5.434712 3.491220 0.000000
vt -5.397147 3.574719 0.000000
vt -5.180196 3.505627 0.000000
vt -5.346030 3.650680 0.000000
vt -5.132586 3.556029 0.000000
vt -5.282827 3.716926 0.000000
vt -5.075254 3.595017 0.000000
vt -5.209351 3.771555 0.000000
vt -5.010881 3.620767 0.000000
vt -5.127710 3.813001 0.000000
vt -5.040245 3.840076 0.000000
vt -4.942477 3.632076 0.000000
vt -4.949466 3.852001 0.000000
vt -4.924473 3.632319 0.000000
vt -4.925974 3.852318 0.000000
vt -4.448499 3.632391 0.000000
vt 4.442309 3.633733 0.000000
vt 4.924310 3.853806 0.000000
vt 4.924473 3.633806 0.000000
vt 5.015550 3.846159 0.000000
vt 4.993410 3.626410 0.000000
vt 5.104191 3.823225 0.000000
vt 5.187690 3.785660 0.000000
vt 5.059145 3.604367 0.000000
vt 5.263653 3.734543 0.000000
vt 5.118604 3.568706 0.000000
vt 5.329899 3.671340 0.000000
vt 5.169006 3.521097 0.000000
vt 5.384530 3.597864 0.000000
vt 5.207993 3.463765 0.000000
vt 5.425977 3.516222 0.000000
vt 5.453052 3.428757 0.000000
vt 5.233744 3.399391 0.000000
vt 5.464978 3.337977 0.000000
vt 5.245052 3.330987 0.000000
vt 5.465296 3.314438 0.000000
vt 5.245295 3.312984 0.000000
vt 5.463841 -1.839803 0.000000
vt 5.243841 -1.840035 0.000000
vt 5.236498 -1.912182 0.000000
vt 5.456003 -1.935097 0.000000
vt 5.214390 -1.981249 0.000000
vt 5.432309 -2.027730 0.000000
vt 5.178472 -2.044249 0.000000
vt 5.393431 -2.115083 0.000000
vt 5.340466 -2.194688 0.000000
vt 5.130299 -2.098456 0.000000
vt 5.115476 -2.110920 0.000000
vt 3.722408 -3.504252 0.000000
vt 5.264336 -2.273188 0.000000
vt 5.274913 -2.264294 0.000000
vt 3.884981 -3.652804 0.000000
vt 3.671039 -3.555441 0.000000
vt 3.818980 -3.718568 0.000000
vt 3.610192 -3.594896 0.000000
vt 3.743125 -3.772672 0.000000
vt 3.542499 -3.620911 0.000000
vt 3.659453 -3.813663 0.000000
vt 3.570211 -3.840441 0.000000
vt 3.470889 -3.632358 0.000000
vt 3.477794 -3.852286 0.000000
vt 3.451523 -3.632618 0.000000
vt 3.452989 -3.852618 0.000000
vt -3.402810 -3.851978 0.000000
vt -3.412705 -3.631978 0.000000
vt -3.495980 -3.851810 0.000000
vt -3.485225 -3.631853 0.000000
vt -3.587873 -3.836428 0.000000
vt -3.556150 -3.616727 0.000000
vt -3.676019 -3.806247 0.000000
vt -3.758054 -3.762077 0.000000
vt -3.622411 -3.587255 0.000000
vt -3.831775 -3.705103 0.000000
vt -3.849618 -3.687732 0.000000
vt -3.681141 -3.544712 0.000000
vt -3.695019 -3.531202 0.000000
vt -5.265174 -2.269377 0.000000
vt -5.116521 -2.106889 0.000000
vt -5.330907 -2.203380 0.000000
vt -5.167711 -2.055521 0.000000
vt -5.384983 -2.127538 0.000000
vt -5.207166 -1.994674 0.000000
vt -5.425953 -2.043885 0.000000
vt -5.452716 -1.954666 0.000000
vt -5.233180 -1.926981 0.000000
vt -5.464555 -1.862275 0.000000
vt 0.000000 0.466376 0.000000
vt -0.150000 0.466376 0.000000
vt 0.000000 0.373101 0.000000
vt -0.150000 0.373101 0.000000
vt 0.000000 0.279825 0.000000
vt -0.150000 0.279825 0.000000
vt 0.000000 0.186550 0.000000
vt -0.150000 0.186550 0.000000
vt -0.000000 0.093275 0.000000
vt -0.150000 0.093275 0.000000
vt -0.000000 -0.000000 0.000000
vt -0.150000 -0.000000 0.000000
vt 6.855799 0.150000 0.000000
vt 0.000000 0.150000 0.000000
vt 6.855799 0.000000 0.000000
vt 0.000000 0.000000 0.000000
vt 0.024808 0.150000 0.000000
vt 0.000000 0.150000 0.000000
vt 0.024808 -0.000000 0.000000
vt -0.000000 0.000000 0.000000
vt -0.000000 0.466387 0.000000
vt -0.150000 0.466387 0.000000
vt -0.000000 0.373110 0.000000
vt -0.150000 0.373110 0.000000
vt -0.000000 0.279832 0.000000
vt -0.150000 0.279832 0.000000
vt -0.000000 0.186555 0.000000
vt -0.150000 0.186555 0.000000
vt -0.000000 0.093277 0.000000
vt -0.150000 0.093277 0.000000
vt -0.000000 0.000000 0.000000
vt -0.150000 0.000000 0.000000
vt 1.950886 0.150000 0.000000
vt 0.000000 0.150000 0.000000
vt 1.950886 -0.000000 0.000000
vt -0.000000 0.000000 0.000000
vt 0.013820 0.150000 0.000000
vt 0.000000 0.150000 0.000000
vt 0.013820 -0.000000 0.000000
vt -0.000000 0.000000 0.000000
vt -0.000000 0.478640 0.000000
vt -0.150000 0.478640 0.000000
vt -0.000000 0.382912 0.000000
vt -0.150000 0.382912 0.000000
vt -0.000000 0.287184 0.000000
vt -0.150000 0.287184 0.000000
vt -0.000000 0.191456 0.000000
vt -0.150000 0.191456 0.000000
vt -0.000000 0.095728 0.000000
vt -0.150000 0.095728 0.000000
vt -0.000000 0.000000 0.000000
vt -0.150000 0.000000 0.000000
vt 5.154241 0.150000 0.000000
vt 0.000000 0.150000 0.000000
vt 5.154241 -0.000000 0.000000
vt -0.000000 0.000000 0.000000
vt 0.023541 0.150000 0.000000
vt 0.000000 0.150000 0.000000
vt 0.023541 -0.000000 0.000000
vt 0.000000 0.000000 0.000000
vt -0.020000 0.486279 0.000000
vt -0.205000 0.486279 0.000000
vt -0.020000 0.416811 0.000000
vt -0.205000 0.416811 0.000000
vt -0.020000 0.347342 0.000000
vt -0.205000 0.347342 0.000000
vt -0.020000 0.277874 0.000000
vt -0.205000 0.277874 0.000000
vt -0.020000 0.208405 0.000000
vt -0.205000 0.208405 0.000000
vt -0.020000 0.138937 0.000000
vt -0.205000 0.138937 0.000000
vt -0.020000 0.069468 0.000000
vt -0.205000 0.069468 0.000000
vt -0.020000 0.000000 0.000000
vt -0.205000 0.000000 0.000000
vt 0.475106 0.205000 0.000000
vt -0.000000 0.205000 0.000000
vt 0.475106 0.020000 0.000000
vt -0.000000 0.020000 0.000000
vt 0.425000 -0.316777 0.000000
vt 0.020000 -0.316777 0.000000
vt 0.425000 -0.345575 0.000000
vt 0.020000 -0.345575 0.000000
vt 0.425000 0.345575 0.000000
vt 0.020000 0.345575 0.000000
vt 0.425000 0.316777 0.000000
vt 0.020000 0.316777 0.000000
vt 0.425000 0.287979 0.000000
vt 0.020000 0.287979 0.000000
vt 0.425000 0.259181 0.000000
vt 0.020000 0.259181 0.000000
vt 0.425000 0.230383 0.000000
vt 0.020000 0.230383 0.000000
vt 0.425000 0.201586 0.000000
vt 0.020000 0.201586 0.000000
vt 0.425000 0.172788 0.000000
vt 0.020000 0.172788 0.000000
vt 0.425000 0.143990 0.000000
vt 0.020000 0.143990 0.000000
vt 0.425000 0.115192 0.000000
vt 0.020000 0.115192 0.000000
vt 0.425000 0.086394 0.000000
vt 0.020000 0.086394 0.000000
vt 0.425000 0.057596 0.000000
vt 0.020000 0.057596 0.000000
vt 0.425000 0.028798 0.000000
vt 0.020000 0.028798 0.000000
vt 0.425000 0.000000 0.000000
vt 0.020000 0.000000 0.000000
vt 0.425000 -0.028798 0.000000
vt 0.020000 -0.028798 0.000000
vt 0.425000 -0.057596 0.000000
vt 0.020000 -0.057596 0.000000
vt 0.425000 -0.086394 0.000000
vt 0.020000 -0.086394 0.000000
vt 0.425000 -0.115192 0.000000
vt 0.020000 -0.115192 0.000000
vt 0.425000 -0.143990 0.000000
vt 0.020000 -0.143990 0.000000
vt 0.425000 -0.172788 0.000000
vt 0.020000 -0.172788 0.000000
vt 0.425000 -0.201586 0.000000
vt 0.020000 -0.201586 0.000000
vt 0.425000 -0.230383 0.000000
vt 0.020000 -0.230383 0.000000
vt 0.425000 -0.259181 0.000000
vt 0.020000 -0.259181 0.000000
vt 0.425000 -0.287979 0.000000
vt 0.020000 -0.287979 0.000000
vt -0.255000 -0.000000 0.000000
vt -0.020000 0.000000 0.000000
vt -0.255000 0.081682 0.000000
vt -0.020000 0.081682 0.000000
vt -0.255000 0.163365 0.000000
vt -0.020000 0.163365 0.000000
vt -0.255000 0.245047 0.000000
vt -0.020000 0.245047 0.000000
vt -0.255000 0.326730 0.000000
vt -0.020000 0.326730 0.000000
vt -0.255000 0.408412 0.000000
vt -0.020000 0.408412 0.000000
vt -0.255000 0.490095 0.000000
vt -0.020000 0.490095 0.000000
vt -0.255000 0.571777 0.000000
vt -0.020000 0.571777 0.000000
vt -0.255000 0.653460 0.000000
vt -0.020000 0.653460 0.000000
vt 0.000000 0.020000 0.000000
vt 0.379995 0.020000 0.000000
vt 0.000000 0.205000 0.000000
vt 0.379995 0.255000 0.000000
vt -0.000000 0.255000 0.000000
vt 0.475974 0.205000 0.000000
vt 0.000000 0.205000 0.000000
vt 0.475974 0.020000 0.000000
vt 0.000000 0.020000 0.000000
vt 0.018005 0.205000 0.000000
vt 0.000000 0.205000 0.000000
vt 0.018005 0.020000 0.000000
vt 0.000000 0.020000 0.000000
vt -0.020000 0.486279 0.000000
vt -0.205000 0.486279 0.000000
vt -0.020000 0.416810 0.000000
vt -0.205000 0.416810 0.000000
vt -0.020000 0.347342 0.000000
vt -0.205000 0.347342 0.000000
vt -0.020000 0.277874 0.000000
vt -0.205000 0.277874 0.000000
vt -0.020000 0.208405 0.000000
vt -0.205000 0.208405 0.000000
vt -0.020000 0.138937 0.000000
vt -0.205000 0.138937 0.000000
vt -0.020000 0.069468 0.000000
vt -0.205000 0.069468 0.000000
vt -0.020000 0.000000 0.000000
vt -0.205000 0.000000 0.000000
vt 0.482164 0.205000 0.000000
vt 0.000000 0.205000 0.000000
vt 0.482164 0.020000 0.000000
vt 0.000000 0.020000 0.000000
vt 0.181337 0.255000 0.000000
vt 0.000000 0.255000 0.000000
vt 0.181337 0.020000 0.000000
vt 0.000000 0.020000 0.000000
vt 0.425000 -0.316777 0.000000
vt 0.020000 -0.316777 0.000000
vt 0.425000 -0.345575 0.000000
vt 0.020000 -0.345575 0.000000
vt 0.425000 0.345575 0.000000
vt 0.020000 0.345575 0.000000
vt 0.425000 0.316777 0.000000
vt 0.020000 0.316777 0.000000
vt 0.425000 0.287979 0.000000
vt 0.020000 0.287979 0.000000
vt 0.425000 0.259181 0.000000
vt 0.020000 0.259181 0.000000
vt 0.425000 0.230383 0.000000
vt 0.020000 0.230383 0.000000
vt 0.425000 0.201586 0.000000
vt 0.020000 0.201586 0.000000
vt 0.425000 0.172788 0.000000
vt 0.020000 0.172788 0.000000
vt 0.425000 0.143990 0.000000
vt 0.020000 0.143990 0.000000
vt 0.425000 0.115192 0.000000
vt 0.020000 0.115192 0.000000
vt 0.425000 0.086394 0.000000
vt 0.020000 0.086394 0.000000
vt 0.425000 0.057596 0.000000
vt 0.020000 0.057596 0.000000
vt 0.425000 0.028798 0.000000
vt 0.020000 0.028798 0.000000
vt 0.425000 0.000000 0.000000
vt 0.020000 0.000000 0.000000
vt 0.425000 -0.028798 0.000000
vt 0.020000 -0.028798 0.000000
vt 0.425000 -0.057596 0.000000
vt 0.020000 -0.057596 0.000000
vt 0.425000 -0.086394 0.000000
vt 0.020000 -0.086394 0.000000
vt 0.425000 -0.115192 0.000000
vt 0.020000 -0.115192 0.000000
vt 0.425000 -0.143990 0.000000
vt 0.020000 -0.143990 0.000000
vt 0.425000 -0.172788 0.000000
vt 0.020000 -0.172788 0.000000
vt 0.425000 -0.201586 0.000000
vt 0.020000 -0.201586 0.000000
vt 0.425000 -0.230383 0.000000
vt 0.020000 -0.230383 0.000000
vt 0.425000 -0.259181 0.000000
vt 0.020000 -0.259181 0.000000
vt 0.425000 -0.287979 0.000000
vt 0.020000 -0.287979 0.000000
vt -0.255000 0.000000 0.000000
vt -0.020000 0.000000 0.000000
vt -0.255000 0.082739 0.000000
vt -0.020000 0.082739 0.000000
vt -0.255000 0.165478 0.000000
vt -0.020000 0.165478 0.000000
vt -0.255000 0.248217 0.000000
vt -0.020000 0.248217 0.000000
vt -0.255000 0.330956 0.000000
vt -0.020000 0.330956 0.000000
vt -0.255000 0.413695 0.000000
vt -0.020000 0.413695 0.000000
vt -0.255000 0.496434 0.000000
vt -0.020000 0.496434 0.000000
vt -0.255000 0.579173 0.000000
vt -0.020000 0.579173 0.000000
vt -0.255000 0.661912 0.000000
vt -0.020000 0.661912 0.000000
vt 0.200000 0.020000 0.000000
vt 0.381464 0.020000 0.000000
vt 0.200000 0.255000 0.000000
vt 0.381464 0.255000 0.000000
vt 5.153020 0.205000 0.000000
vt -0.000000 0.205000 0.000000
vt 5.153020 0.020000 0.000000
vt -0.000000 0.020000 0.000000
vt 0.018005 0.205000 0.000000
vt 0.000000 0.205000 0.000000
vt 0.018005 0.020000 0.000000
vt 0.000000 0.020000 0.000000
vt -0.020000 0.290604 0.000000
vt -0.205000 0.290604 0.000000
vt -0.020000 0.217953 0.000000
vt -0.205000 0.217953 0.000000
vt -0.020000 0.145302 0.000000
vt -0.205000 0.145302 0.000000
vt -0.020000 0.072651 0.000000
vt -0.205000 0.072651 0.000000
vt -0.020000 -0.000000 0.000000
vt -0.205000 -0.000000 0.000000
vt 0.465210 0.205000 0.000000
vt -1.505072 0.205000 0.000000
vt 0.465210 0.020000 0.000000
vt -1.505072 0.020000 0.000000
vt 0.425000 -0.316777 0.000000
vt 0.020000 -0.316777 0.000000
vt 0.425000 -0.345575 0.000000
vt 0.020000 -0.345575 0.000000
vt 0.425000 0.345575 0.000000
vt 0.020000 0.345575 0.000000
vt 0.425000 0.316777 0.000000
vt 0.020000 0.316777 0.000000
vt 0.425000 0.287979 0.000000
vt 0.020000 0.287979 0.000000
vt 0.425000 0.259181 0.000000
vt 0.020000 0.259181 0.000000
vt 0.425000 0.230383 0.000000
vt 0.020000 0.230383 0.000000
vt 0.425000 0.201586 0.000000
vt 0.020000 0.201586 0.000000
vt 0.425000 0.172788 0.000000
vt 0.020000 0.172788 0.000000
vt 0.425000 0.143990 0.000000
vt 0.020000 0.143990 0.000000
vt 0.425000 0.115192 0.000000
vt 0.020000 0.115192 0.000000
vt 0.425000 0.086394 0.000000
vt 0.020000 0.086394 0.000000
vt 0.425000 0.057596 0.000000
vt 0.020000 0.057596 0.000000
vt 0.425000 0.028798 0.000000
vt 0.020000 0.028798 0.000000
vt 0.425000 0.000000 0.000000
vt 0.020000 0.000000 0.000000
vt 0.425000 -0.028798 0.000000
vt 0.020000 -0.028798 0.000000
vt 0.425000 -0.057596 0.000000
vt 0.020000 -0.057596 0.000000
vt 0.425000 -0.086394 0.000000
vt 0.020000 -0.086394 0.000000
vt 0.425000 -0.115192 0.000000
vt 0.020000 -0.115192 0.000000
vt 0.425000 -0.143990 0.000000
vt 0.020000 -0.143990 0.000000
vt 0.425000 -0.172788 0.000000
vt 0.020000 -0.172788 0.000000
vt 0.425000 -0.201586 0.000000
vt 0.020000 -0.201586 0.000000
vt 0.425000 -0.230383 0.000000
vt 0.020000 -0.230383 0.000000
vt 0.425000 -0.259181 0.000000
vt 0.020000 -0.259181 0.000000
vt 0.425000 -0.287979 0.000000
vt 0.020000 -0.287979 0.000000
vt -0.255000 -0.000000 0.000000
vt -0.020000 0.000000 0.000000
vt -0.255000 0.088732 0.000000
vt -0.020000 0.088732 0.000000
vt -0.255000 0.177464 0.000000
vt -0.020000 0.177464 0.000000
vt -0.255000 0.266196 0.000000
vt -0.020000 0.266196 0.000000
vt -0.255000 0.354928 0.000000
vt -0.020000 0.354928 0.000000
vt -0.255000 0.443660 0.000000
vt -0.020000 0.443660 0.000000
vt -0.255000 0.532392 0.000000
vt -0.020000 0.532392 0.000000
vt -0.255000 0.621124 0.000000
vt -0.020000 0.621124 0.000000
vt -0.255000 0.709855 0.000000
vt -0.020000 0.709855 0.000000
vt -0.255000 0.798587 0.000000
vt -0.020000 0.798587 0.000000
vt -0.255000 0.887319 0.000000
vt -0.020000 0.887319 0.000000
vt -0.255000 0.976051 0.000000
vt -0.020000 0.976051 0.000000
vt -0.255000 1.064783 0.000000
vt -0.020000 1.064783 0.000000
vt -0.255000 1.153515 0.000000
vt -0.020000 1.153515 0.000000
vt 0.019368 0.205000 0.000000
vt -0.000000 0.205000 0.000000
vt 0.019368 0.020000 0.000000
vt -0.000000 0.020000 0.000000
vt -0.020000 0.290605 0.000000
vt -0.205000 0.290605 0.000000
vt -0.020000 0.217954 0.000000
vt -0.205000 0.217954 0.000000
vt -0.020000 0.145303 0.000000
vt -0.205000 0.145303 0.000000
vt -0.020000 0.072651 0.000000
vt -0.205000 0.072651 0.000000
vt -0.020000 0.000000 0.000000
vt -0.205000 0.000000 0.000000
vt 0.531673 0.205000 0.000000
vt -6.332555 0.205000 0.000000
vt 0.531673 0.020000 0.000000
vt -6.332555 0.020000 0.000000
vt 0.246023 0.255000 0.000000
vt 0.000000 0.255000 0.000000
vt 0.246023 0.020000 0.000000
vt 0.000000 0.020000 0.000000
vt 0.425000 -0.316777 0.000000
vt 0.020000 -0.316777 0.000000
vt 0.425000 -0.345575 0.000000
vt 0.020000 -0.345575 0.000000
vt 0.425000 0.345575 0.000000
vt 0.020000 0.345575 0.000000
vt 0.425000 0.316777 0.000000
vt 0.020000 0.316777 0.000000
vt 0.425000 0.287979 0.000000
vt 0.020000 0.287979 0.000000
vt 0.425000 0.259181 0.000000
vt 0.020000 0.259181 0.000000
vt 0.425000 0.230383 0.000000
vt 0.020000 0.230383 0.000000
vt 0.425000 0.201586 0.000000
vt 0.020000 0.201586 0.000000
vt 0.425000 0.172788 0.000000
vt 0.020000 0.172788 0.000000
vt 0.425000 0.143990 0.000000
vt 0.020000 0.143990 0.000000
vt 0.425000 0.115192 0.000000
vt 0.020000 0.115192 0.000000
vt 0.425000 0.086394 0.000000
vt 0.020000 0.086394 0.000000
vt 0.425000 0.057596 0.000000
vt 0.020000 0.057596 0.000000
vt 0.425000 0.028798 0.000000
vt 0.020000 0.028798 0.000000
vt 0.425000 0.000000 0.000000
vt 0.020000 0.000000 0.000000
vt 0.425000 -0.028798 0.000000
vt 0.020000 -0.028798 0.000000
vt 0.425000 -0.057596 0.000000
vt 0.020000 -0.057596 0.000000
vt 0.425000 -0.086394 0.000000
vt 0.020000 -0.086394 0.000000
vt 0.425000 -0.115192 0.000000
vt 0.020000 -0.115192 0.000000
vt 0.425000 -0.143990 0.000000
vt 0.020000 -0.143990 0.000000
vt 0.425000 -0.172788 0.000000
vt 0.020000 -0.172788 0.000000
vt 0.425000 -0.201586 0.000000
vt 0.020000 -0.201586 0.000000
vt 0.425000 -0.230383 0.000000
vt 0.020000 -0.230383 0.000000
vt 0.425000 -0.259181 0.000000
vt 0.020000 -0.259181 0.000000
vt 0.425000 -0.287979 0.000000
vt 0.020000 -0.287979 0.000000
vt -0.255000 0.000000 0.000000
vt -0.020000 0.000000 0.000000
vt -0.255000 0.089086 0.000000
vt -0.020000 0.089086 0.000000
vt -0.255000 0.178171 0.000000
vt -0.020000 0.178171 0.000000
vt -0.255000 0.267257 0.000000
vt -0.020000 0.267257 0.000000
vt -0.255000 0.356343 0.000000
vt -0.020000 0.356343 0.000000
vt -0.255000 0.445429 0.000000
vt -0.020000 0.445429 0.000000
vt -0.255000 0.534514 0.000000
vt -0.020000 0.534514 0.000000
vt -0.255000 0.623600 0.000000
vt -0.020000 0.623600 0.000000
vt -0.255000 0.712686 0.000000
vt -0.020000 0.712686 0.000000
vt -0.255000 0.801772 0.000000
vt -0.020000 0.801772 0.000000
vt -0.255000 0.890857 0.000000
vt -0.020000 0.890857 0.000000
vt -0.255000 0.979943 0.000000
vt -0.020000 0.979943 0.000000
vt -0.255000 1.069029 0.000000
vt -0.020000 1.069029 0.000000
vt -0.255000 1.158115 0.000000
vt -0.020000 1.158115 0.000000
vt 0.200000 0.020000 0.000000
vt 0.460663 0.020000 0.000000
vt 0.200000 0.255000 0.000000
vt 0.460663 0.255000 0.000000
vt 2.012296 0.205000 0.000000
vt 0.000000 0.205000 0.000000
vt 2.012296 0.020000 0.000000
vt 0.000000 0.020000 0.000000
vt 0.019368 0.205000 0.000000
vt 0.000000 0.205000 0.000000
vt 0.019368 0.020000 0.000000
vt 0.000000 0.020000 0.000000
vt 8.433159 6.448335 0.000000
vt 8.436907 6.419865 0.000000
vt 8.708508 6.480453 0.000000
vt 8.433159 6.391395 0.000000
vt 8.422170 6.364865 0.000000
vt 8.404689 6.342083 0.000000
vt 8.508372 5.998479 0.000000
vt 8.707053 1.327434 0.000000
vt 8.507053 1.327122 0.000000
vt 8.504122 1.297088 0.000000
vt 8.381907 6.324602 0.000000
vt 8.355377 6.313613 0.000000
vt 8.326907 5.998479 0.000000
vt 8.326907 6.309865 0.000000
vt 8.244699 6.006576 0.000000
vt 8.165650 6.030555 0.000000
vt 8.298437 6.313613 0.000000
vt 8.092798 6.069495 0.000000
vt 8.028942 6.121900 0.000000
vt 8.271907 6.324602 0.000000
vt 7.976538 6.185755 0.000000
vt 8.249126 6.342083 0.000000
vt 7.937597 6.258607 0.000000
vt 8.231645 6.364865 0.000000
vt 7.913618 6.337657 0.000000
vt 8.220656 6.391395 0.000000
vt 7.905521 6.419865 0.000000
vt 8.216907 6.419865 0.000000
vt 8.220656 6.448335 0.000000
vt 8.231645 6.474865 0.000000
vt 7.905521 6.601202 0.000000
vt 8.249126 6.497647 0.000000
vt 8.271907 6.515128 0.000000
vt 8.298437 6.526117 0.000000
vt 8.387685 6.801275 0.000000
vt 7.905521 6.801202 0.000000
vt 8.326907 6.529865 0.000000
vt 8.355377 6.526117 0.000000
vt 8.456622 6.793879 0.000000
vt 8.522357 6.771836 0.000000
vt 8.581816 6.736175 0.000000
vt 8.632218 6.688566 0.000000
vt 8.381907 6.515128 0.000000
vt 8.671206 6.631234 0.000000
vt 8.404689 6.497647 0.000000
vt 8.696956 6.566860 0.000000
vt 8.422170 6.474865 0.000000
vt 8.708265 6.498456 0.000000
vt 6.959959 0.009935 0.000000
vt 6.963707 -0.018535 0.000000
vt 7.373121 0.133623 0.000000
vt 6.959959 -0.047005 0.000000
vt 7.185620 -0.336783 0.000000
vt 6.948970 -0.073535 0.000000
vt 6.931489 -0.096317 0.000000
vt 6.908707 -0.113798 0.000000
vt 6.882177 -0.124787 0.000000
vt 7.134252 -0.387972 0.000000
vt 7.073405 -0.427427 0.000000
vt 7.005712 -0.453442 0.000000
vt 6.914735 -0.465149 0.000000
vt 6.934101 -0.464889 0.000000
vt 6.853707 -0.128535 0.000000
vt 6.825237 -0.124787 0.000000
vt 6.377615 -0.265099 0.000000
vt 6.798707 -0.113798 0.000000
vt 6.775926 -0.096317 0.000000
vt 6.758445 -0.073535 0.000000
vt 6.377615 -0.016097 0.000000
vt 6.747456 -0.047005 0.000000
vt 6.743707 -0.018535 0.000000
vt 6.747456 0.009935 0.000000
vt 6.386311 0.072079 0.000000
vt 6.758445 0.036465 0.000000
vt 6.411196 0.157116 0.000000
vt 6.775926 0.059247 0.000000
vt 6.451406 0.236070 0.000000
vt 6.798707 0.076728 0.000000
vt 6.505550 0.306206 0.000000
vt 6.825237 0.087717 0.000000
vt 6.571753 0.365094 0.000000
vt 6.647720 0.410696 0.000000
vt 6.853707 0.091465 0.000000
vt 6.730822 0.441431 0.000000
vt 6.818180 0.456236 0.000000
vt 6.906769 0.454597 0.000000
vt 6.993519 0.436572 0.000000
vt 7.075428 0.402784 0.000000
vt 6.882177 0.087717 0.000000
vt 7.149657 0.354404 0.000000
vt 7.213636 0.293108 0.000000
vt 6.908707 0.076728 0.000000
vt 6.931489 0.059247 0.000000
vt 6.948970 0.036465 0.000000
vt -1.295041 6.448335 0.000000
vt -1.291293 6.419865 0.000000
vt -0.985287 6.419865 0.000000
vt -1.295041 6.391395 0.000000
vt -0.993281 6.338706 0.000000
vt -1.306030 6.364865 0.000000
vt -1.016954 6.260666 0.000000
vt -1.323511 6.342083 0.000000
vt -1.055397 6.188745 0.000000
vt -1.346293 6.324602 0.000000
vt -1.107132 6.125705 0.000000
vt -1.372823 6.313613 0.000000
vt -1.170172 6.073969 0.000000
vt -1.242094 6.035526 0.000000
vt -1.401293 6.309865 0.000000
vt -1.320134 6.011853 0.000000
vt -1.401293 6.003859 0.000000
vt -1.429763 6.313613 0.000000
vt -1.582045 6.003859 0.000000
vt -1.456293 6.324602 0.000000
vt -1.782046 6.003859 0.000000
vt -1.479074 6.342083 0.000000
vt -1.782083 6.478965 0.000000
vt -1.496555 6.364865 0.000000
vt -1.507544 6.391395 0.000000
vt -1.511293 6.419865 0.000000
vt -1.507544 6.448335 0.000000
vt -1.496555 6.474865 0.000000
vt -1.774688 6.547902 0.000000
vt -1.479074 6.497647 0.000000
vt -1.752644 6.613638 0.000000
vt -1.456293 6.515128 0.000000
vt -1.716984 6.673096 0.000000
vt -1.669374 6.723498 0.000000
vt -1.429763 6.526117 0.000000
vt -1.612042 6.762486 0.000000
vt -1.547669 6.788236 0.000000
vt -1.479264 6.799545 0.000000
vt -1.461261 6.799788 0.000000
vt -1.401293 6.529865 0.000000
vt -1.372823 6.526117 0.000000
vt -0.985287 6.799859 0.000000
vt -1.346293 6.515128 0.000000
vt -1.323511 6.497647 0.000000
vt -1.306030 6.474865 0.000000
vt 0.203559 0.009935 0.000000
vt 0.207307 -0.018535 0.000000
vt 0.582180 -0.018535 0.000000
vt 0.203559 -0.047005 0.000000
vt 0.192570 -0.073535 0.000000
vt 0.582180 -0.264558 0.000000
vt 0.175089 -0.096317 0.000000
vt 0.152307 -0.113798 0.000000
vt 0.125777 -0.124787 0.000000
vt 0.050507 -0.464509 0.000000
vt 0.097307 -0.128535 0.000000
vt 0.068837 -0.124787 0.000000
vt -0.022012 -0.464384 0.000000
vt -0.092937 -0.449258 0.000000
vt -0.159199 -0.419786 0.000000
vt -0.217929 -0.377243 0.000000
vt -0.231806 -0.363733 0.000000
vt 0.042307 -0.113798 0.000000
vt 0.019526 -0.096317 0.000000
vt 0.002045 -0.073535 0.000000
vt -0.008944 -0.047005 0.000000
vt -0.440759 0.128755 0.000000
vt -0.012693 -0.018535 0.000000
vt -0.008944 0.009935 0.000000
vt 0.002045 0.036465 0.000000
vt 0.019526 0.059247 0.000000
vt -0.256442 0.313071 0.000000
vt 0.042307 0.076728 0.000000
vt 0.068837 0.087717 0.000000
vt 0.097307 0.091465 0.000000
vt -0.113699 0.418017 0.000000
vt -0.189904 0.372119 0.000000
vt 0.125777 0.087717 0.000000
vt 0.316214 0.414109 0.000000
vt 0.233486 0.446822 0.000000
vt 0.146174 0.463869 0.000000
vt 0.152307 0.076728 0.000000
vt 0.457027 0.306586 0.000000
vt 0.391573 0.366834 0.000000
vt 0.510371 0.235394 0.000000
vt 0.175089 0.059247 0.000000
vt 0.549811 0.155654 0.000000
vt 0.192570 0.036465 0.000000
vt 0.574019 0.070050 0.000000
vt 0.057218 0.464677 0.000000
vt -0.030390 0.449220 0.000000
vt -1.653308 1.060580 0.000000
vt -1.520603 1.210734 0.000000
vt -1.704498 1.111948 0.000000
vt -1.544426 1.232323 0.000000
vt -1.743954 1.172795 0.000000
vt -1.563051 1.258530 0.000000
vt -1.769968 1.240488 0.000000
vt -1.575604 1.288128 0.000000
vt -1.781415 1.312099 0.000000
vt -1.581500 1.319733 0.000000
vt -1.781675 1.331465 0.000000
vt -1.581675 1.332816 0.000000
vt 8.578688 1.056549 0.000000
vt 8.443360 1.204065 0.000000
vt 8.593512 1.069013 0.000000
vt 8.641685 1.123220 0.000000
vt 8.461005 1.218902 0.000000
vt 8.677602 1.186220 0.000000
vt 8.480614 1.241840 0.000000
vt 8.495186 1.268265 0.000000
vt 8.699711 1.255287 0.000000
vt -0.985257 6.599859 0.000000
vn 0.000009 0.100000 0.000000
vn 0.000009 0.100000 0.000000
vn 0.000009 0.100000 0.000000
vn 0.000009 0.100000 0.000000
vn -0.100000 -0.000000 0.000000
vn -0.100000 -0.000000 0.000000
vn -0.100000 -0.000000 0.000000
vn -0.100000 -0.000000 0.000000
vn -0.000015 0.100000 0.000000
vn -0.000015 0.100000 0.000000
vn -0.000015 0.100000 0.000000
vn -0.000015 0.100000 0.000000
vn 0.000015 -0.100000 0.000000
vn 0.000015 -0.100000 0.000000
vn 0.000015 -0.100000 0.000000
vn 0.000015 -0.100000 0.000000
vn -0.100000 -0.000015 0.000000
vn -0.100000 -0.000015 0.000000
vn -0.100000 -0.000015 0.000000
vn -0.100000 -0.000015 0.000000
vn -0.100000 -0.000015 0.000000
vn 0.000000 0.000000 0.100000
vn 0.000000 0.000000 0.100000
vn 0.000000 0.000000 0.100000
vn 0.000000 0.000000 0.100000
vn 0.000000 0.000000 0.100000
vn 0.000000 0.000000 0.100000
vn 0.000000 0.000000 0.100000
vn 0.000000 0.000000 0.100000
vn 0.000000 0.000000 0.100000
vn 0.000000 0.000000 0.100000
vn 0.000000 0.000000 0.100000
vn 0.000000 0.000000 0.100000
vn 0.000000 0.000000 0.100000
vn 0.000000 0.000000 0.100000
vn 0.000000 0.000000 0.100000
vn 0.000000 0.000000 0.100000
vn 0.000000 0.000000 0.100000
vn 0.000000 0.000000 0.100000
vn 0.000000 0.000000 0.100000
vn 0.000000 0.000000 0.100000
vn 0.000000 0.000000 0.100000
vn 0.000000 0.000000 0.100000
vn 0.000000 0.000000 0.100000
vn 0.000000 0.000000 0.100000
vn 0.000000 0.000000 0.100000
vn 0.000000 0.000000 0.100000
vn 0.000000 0.000000 0.100000
vn 0.000000 0.000000 0.100000
vn 0.000000 0.000000 0.100000
vn 0.000000 0.000000 0.100000
vn 0.000000 0.000000 0.100000
vn 0.000000 0.000000 0.100000
vn 0.000000 0.000000 0.100000
vn 0.000000 0.000000 0.100000
vn 0.000000 0.000000 0.100000
vn 0.000000 0.000000 0.100000
vn 0.000000 0.000000 0.100000
vn 0.000000 0.000000 0.100000
vn 0.000000 0.000000 0.100000
vn 0.000000 0.000000 0.100000
vn 0.000000 0.000000 0.100000
vn 0.000000 0.000000 0.100000
vn 0.000000 0.000000 0.100000
vn 0.000000 0.000000 0.100000
vn 0.000000 0.000000 0.100000
vn 0.000000 0.000000 0.100000
vn 0.000000 0.000000 0.100000
vn 0.000000 0.000000 0.100000
vn 0.000000 0.000000 0.100000
vn 0.000000 0.000000 0.100000
vn 0.000000 0.000000 0.100000
vn 0.000000 0.000000 0.100000
vn 0.000000 0.000000 0.100000
vn 0.000000 0.000000 0.100000
vn 0.000000 0.000000 0.100000
vn 0.000000 0.000000 0.100000
vn 0.000000 0.000000 0.100000
vn 0.000000 0.000000 0.100000
vn 0.000000 0.000000 0.100000
vn 0.000000 0.000000 0.100000
vn 0.000000 0.000000 0.100000
vn 0.000000 0.000000 0.100000
vn 0.000000 0.000000 0.100000
vn 0.000000 0.000000 0.100000
vn 0.000000 0.000000 0.100000
vn 0.000000 0.000000 0.100000
vn 0.000000 0.000000 0.100000
vn -0.100000 -0.000008 0.000000
vn -0.100000 -0.000008 0.000000
vn -0.100000 -0.000008 0.000000
vn -0.100000 -0.000008 0.000000
vn -0.099852 -0.005429 0.000000
vn -0.099852 -0.005429 0.000000
vn -0.096569 -0.025969 0.000000
vn -0.096569 -0.025969 0.000000
vn -0.089108 -0.045385 0.000000
vn -0.089108 -0.045385 0.000000
vn -0.077791 -0.062838 0.000000
vn -0.077791 -0.062838 0.000000
vn -0.063108 -0.077572 0.000000
vn -0.063108 -0.077572 0.000000
vn -0.099991 -0.001342 0.000000
vn -0.099991 -0.001342 0.000000
vn -0.099991 -0.001342 0.000000
vn -0.099991 -0.001342 0.000000
vn 0.100000 0.000008 0.000000
vn 0.100000 0.000008 0.000000
vn 0.100000 0.000008 0.000000
vn 0.100000 0.000008 0.000000
vn 0.099991 0.001342 0.000000
vn 0.099991 0.001342 0.000000
vn 0.099991 0.001342 0.000000
vn 0.099991 0.001342 0.000000
vn 0.099711 0.007599 0.000000
vn 0.099711 0.007599 0.000000
vn 0.095745 0.028861 0.000000
vn 0.095745 0.028861 0.000000
vn 0.087299 0.048774 0.000000
vn 0.087299 0.048774 0.000000
vn 0.074770 0.066404 0.000000
vn 0.074770 0.066404 0.000000
vn 0.058742 0.080928 0.000000
vn 0.058742 0.080928 0.000000
vn 0.070780 0.070641 0.000000
vn 0.070780 0.070641 0.000000
vn 0.070780 0.070641 0.000000
vn 0.070780 0.070641 0.000000
vn -0.000000 -0.100000 0.000000
vn -0.000000 -0.100000 0.000000
vn -0.000000 -0.100000 0.000000
vn -0.000000 -0.100000 0.000000
vn 0.067435 -0.073841 0.000000
vn 0.067435 -0.073841 0.000000
vn 0.081251 -0.058294 0.000000
vn 0.081251 -0.058294 0.000000
vn 0.091553 -0.040225 0.000000
vn 0.091553 -0.040225 0.000000
vn 0.097894 -0.020416 0.000000
vn 0.097894 -0.020416 0.000000
vn 0.100000 0.000276 0.000000
vn 0.100000 0.000276 0.000000
vn 0.064358 -0.076538 0.000000
vn 0.064358 -0.076538 0.000000
vn 0.064358 -0.076538 0.000000
vn 0.064358 -0.076538 0.000000
vn -0.070717 0.070704 0.000000
vn -0.070717 0.070704 0.000000
vn -0.070717 0.070704 0.000000
vn -0.070717 0.070704 0.000000
vn -0.064358 0.076538 0.000000
vn -0.064358 0.076538 0.000000
vn -0.064358 0.076538 0.000000
vn -0.064358 0.076538 0.000000
vn -0.069025 0.072357 0.000000
vn -0.069025 0.072357 0.000000
vn -0.082214 0.056928 0.000000
vn -0.082214 0.056928 0.000000
vn -0.092017 0.039153 0.000000
vn -0.092017 0.039153 0.000000
vn -0.098027 0.019765 0.000000
vn -0.098027 0.019765 0.000000
vn -0.099999 -0.000438 0.000000
vn -0.099999 -0.000438 0.000000
vn -0.100000 0.000028 0.000000
vn -0.100000 0.000028 0.000000
vn -0.100000 0.000028 0.000000
vn -0.100000 0.000028 0.000000
vn 0.070711 0.070711 0.000000
vn 0.070711 0.070711 0.000000
vn 0.070711 0.070711 0.000000
vn 0.070711 0.070711 0.000000
vn 0.100000 0.000292 0.000000
vn 0.100000 0.000292 0.000000
vn 0.100000 0.000292 0.000000
vn 0.100000 0.000292 0.000000
vn 0.011740 -0.099308 0.000000
vn 0.024117 -0.097048 0.000000
vn 0.011740 -0.099308 0.000000
vn 0.024117 -0.097048 0.000000
vn 0.041735 -0.090875 0.000000
vn 0.041735 -0.090875 0.000000
vn 0.053760 -0.084320 0.000000
vn 0.053760 -0.084320 0.000000
vn 0.067075 -0.074168 0.000000
vn 0.067075 -0.074168 0.000000
vn 0.079179 -0.061080 0.000000
vn 0.079179 -0.061080 0.000000
vn 0.087364 -0.048657 0.000000
vn 0.087364 -0.048657 0.000000
vn 0.095404 -0.029967 0.000000
vn 0.095404 -0.029967 0.000000
vn 0.098594 -0.016707 0.000000
vn 0.098594 -0.016707 0.000000
vn 0.000292 -0.100000 0.000000
vn 0.000292 -0.100000 0.000000
vn 0.000292 -0.100000 0.000000
vn 0.000292 -0.100000 0.000000
vn -0.100000 -0.000292 0.000000
vn -0.100000 -0.000292 0.000000
vn -0.100000 -0.000292 0.000000
vn -0.100000 -0.000292 0.000000
vn -0.000292 0.100000 0.000000
vn -0.000292 0.100000 0.000000
vn -0.000292 0.100000 0.000000
vn -0.000292 0.100000 0.000000
vn 0.098495 0.017283 0.000000
vn 0.095228 0.030524 0.000000
vn 0.098495 0.017283 0.000000
vn 0.095228 0.030524 0.000000
vn 0.087079 0.049166 0.000000
vn 0.087079 0.049166 0.000000
vn 0.078821 0.061541 0.000000
vn 0.078821 0.061541 0.000000
vn 0.066641 0.074559 0.000000
vn 0.066641 0.074559 0.000000
vn 0.053267 0.084632 0.000000
vn 0.053267 0.084632 0.000000
vn 0.041203 0.091117 0.000000
vn 0.041203 0.091117 0.000000
vn 0.023549 0.097188 0.000000
vn 0.023549 0.097188 0.000000
vn 0.011160 0.099375 0.000000
vn 0.011160 0.099375 0.000000
vn -0.000292 0.100000 0.000000
vn -0.000292 0.100000 0.000000
vn -0.000292 0.100000 0.000000
vn -0.000292 0.100000 0.000000
vn -0.098118 0.019309 0.000000
vn -0.094422 0.032930 0.000000
vn -0.098118 0.019309 0.000000
vn -0.094422 0.032930 0.000000
vn -0.085424 0.051987 0.000000
vn -0.085424 0.051987 0.000000
vn -0.076452 0.064460 0.000000
vn -0.076452 0.064460 0.000000
vn -0.063701 0.077086 0.000000
vn -0.063701 0.077086 0.000000
vn -0.050447 0.086343 0.000000
vn -0.050447 0.086343 0.000000
vn -0.038658 0.092226 0.000000
vn -0.038658 0.092226 0.000000
vn -0.021538 0.097653 0.000000
vn -0.021538 0.097653 0.000000
vn -0.009540 0.099544 0.000000
vn -0.009540 0.099544 0.000000
vn -0.100000 -0.000292 0.000000
vn -0.100000 -0.000292 0.000000
vn -0.100000 -0.000292 0.000000
vn -0.100000 -0.000292 0.000000
vn -0.009250 -0.099571 0.000000
vn -0.021310 -0.097703 0.000000
vn -0.009250 -0.099571 0.000000
vn -0.021310 -0.097703 0.000000
vn -0.038531 -0.092279 0.000000
vn -0.038531 -0.092279 0.000000
vn -0.050389 -0.086377 0.000000
vn -0.050389 -0.086377 0.000000
vn -0.063710 -0.077078 0.000000
vn -0.063710 -0.077078 0.000000
vn -0.076459 -0.064451 0.000000
vn -0.076459 -0.064451 0.000000
vn -0.085396 -0.052033 0.000000
vn -0.085396 -0.052033 0.000000
vn -0.094372 -0.033075 0.000000
vn -0.094372 -0.033075 0.000000
vn -0.098076 -0.019523 0.000000
vn -0.098076 -0.019523 0.000000
vn 0.000292 -0.100000 0.000000
vn 0.000292 -0.100000 0.000000
vn 0.000292 -0.100000 0.000000
vn 0.000292 -0.100000 0.000000
vn 0.100000 0.000292 0.000000
vn 0.100000 0.000292 0.000000
vn 0.100000 0.000292 0.000000
vn 0.100000 0.000292 0.000000
vn 0.000000 0.000000 -0.100000
vn 0.000000 0.000000 -0.100000
vn 0.000000 0.000000 -0.100000
vn 0.000000 0.000000 -0.100000
vn 0.000000 0.000000 -0.100000
vn 0.000000 0.000000 -0.100000
vn 0.000000 0.000000 -0.100000
vn 0.000000 0.000000 -0.100000
vn 0.000000 0.000000 -0.100000
vn 0.000000 0.000000 -0.100000
vn 0.000000 0.000000 -0.100000
vn 0.000000 0.000000 -0.100000
vn 0.000000 0.000000 -0.100000
vn 0.000000 0.000000 -0.100000
vn 0.000000 0.000000 -0.100000
vn 0.000000 0.000000 -0.100000
vn 0.000000 0.000000 -0.100000
vn 0.000000 0.000000 -0.100000
vn 0.000000 0.000000 -0.100000
vn 0.000000 0.000000 -0.100000
vn 0.000000 0.000000 -0.100000
vn 0.000000 0.000000 -0.100000
vn 0.000000 0.000000 -0.100000
vn 0.000000 0.000000 -0.100000
vn 0.000000 0.000000 -0.100000
vn 0.000000 0.000000 -0.100000
vn 0.000000 0.000000 -0.100000
vn 0.000000 0.000000 -0.100000
vn 0.000000 0.000000 -0.100000
vn 0.000000 0.000000 -0.100000
vn 0.000000 0.000000 -0.100000
vn 0.000000 0.000000 -0.100000
vn 0.000000 0.000000 -0.100000
vn 0.000000 0.000000 -0.100000
vn 0.000000 0.000000 -0.100000
vn 0.000000 0.000000 -0.100000
vn 0.000000 0.000000 -0.100000
vn 0.000000 0.000000 -0.100000
vn 0.000000 0.000000 -0.100000
vn 0.000000 0.000000 -0.100000
vn 0.000000 0.000000 -0.100000
vn 0.000000 0.000000 -0.100000
vn 0.000000 0.000000 -0.100000
vn 0.000000 0.000000 -0.100000
vn 0.000000 0.000000 -0.100000
vn 0.000000 0.000000 -0.100000
vn 0.000000 0.000000 -0.100000
vn 0.000000 0.000000 -0.100000
vn 0.000000 0.000000 -0.100000
vn 0.000000 0.000000 -0.100000
vn 0.000000 0.000000 -0.100000
vn 0.000000 0.000000 -0.100000
vn 0.000000 0.000000 -0.100000
vn 0.000000 0.000000 -0.100000
vn 0.000000 0.000000 -0.100000
vn 0.000000 0.000000 -0.100000
vn 0.000000 0.000000 -0.100000
vn 0.000000 0.000000 -0.100000
vn 0.000000 0.000000 -0.100000
vn 0.000000 0.000000 -0.100000
vn 0.000000 0.000000 -0.100000
vn 0.000000 0.000000 -0.100000
vn 0.000000 0.000000 -0.100000
vn 0.000000 0.000000 -0.100000
vn 0.000000 0.000000 -0.100000
vn 0.000000 0.000000 -0.100000
vn 0.000000 0.000000 -0.100000
vn 0.000000 0.000000 -0.100000
vn 0.000000 0.000000 -0.100000
vn 0.000000 0.000000 -0.100000
vn 0.000000 0.000000 -0.100000
vn 0.000000 0.000000 -0.100000
vn 0.000000 0.000000 -0.100000
vn 0.000000 0.000000 -0.100000
vn 0.000000 0.000000 -0.100000
vn 0.000000 0.000000 -0.100000
vn 0.000000 0.000000 -0.100000
vn 0.000000 0.000000 -0.100000
vn 0.000000 0.000000 -0.100000
vn 0.000000 0.000000 -0.100000
vn 0.000000 0.000000 -0.100000
vn 0.000000 0.000000 -0.100000
vn 0.000000 0.000000 -0.100000
vn 0.000000 0.000000 -0.100000
vn 0.000000 0.000000 -0.100000
vn 0.000000 0.000000 -0.100000
vn 0.000000 0.000000 -0.100000
vn 0.000000 0.000000 -0.100000
vn 0.000000 0.000000 -0.100000
vn 0.000000 0.000000 -0.100000
vn 0.000000 0.000000 -0.100000
vn 0.000000 0.000000 -0.100000
vn 0.000000 0.000000 -0.100000
vn 0.000000 0.000000 -0.100000
vn 0.000000 0.000000 -0.100000
vn 0.000000 0.000000 -0.100000
vn 0.000000 0.000000 -0.100000
vn 0.000000 0.000000 -0.100000
vn 0.000000 0.000000 -0.100000
vn 0.000000 0.000000 -0.100000
vn 0.000000 0.000000 -0.100000
vn 0.000000 0.000000 -0.100000
vn 0.000000 0.000000 -0.100000
vn 0.000000 0.000000 -0.100000
vn 0.000000 0.000000 -0.100000
vn 0.000000 0.000000 -0.100000
vn 0.000000 0.000000 -0.100000
vn 0.000000 0.000000 -0.100000
vn 0.000000 0.000000 -0.100000
vn 0.000000 0.000000 -0.100000
vn 0.000000 0.000000 -0.100000
vn 0.000000 0.000000 -0.100000
vn 0.000000 0.000000 -0.100000
vn 0.000000 0.000000 -0.100000
vn 0.000000 0.000000 -0.100000
vn 0.000000 0.000000 -0.100000
vn 0.000000 0.000000 -0.100000
vn 0.000000 0.000000 -0.100000
vn 0.000000 0.000000 -0.100000
vn 0.000000 0.000000 -0.100000
vn 0.000000 0.000000 -0.100000
vn 0.000000 0.000000 -0.100000
vn 0.000000 0.000000 -0.100000
vn 0.000000 0.000000 -0.100000
vn 0.000000 0.000000 -0.100000
vn 0.000000 0.000000 -0.100000
vn 0.000000 0.000000 -0.100000
vn 0.000000 0.000000 -0.100000
vn 0.000000 0.000000 -0.100000
vn 0.000000 0.000000 -0.100000
vn 0.000000 0.000000 -0.100000
vn 0.000000 0.000000 -0.100000
vn 0.000000 0.000000 -0.100000
vn 0.000000 0.000000 -0.100000
vn 0.000000 0.000000 -0.100000
vn 0.000000 0.000000 -0.100000
vn 0.000000 0.000000 -0.100000
vn 0.000000 0.000000 -0.100000
vn 0.000000 0.000000 -0.100000
vn 0.000000 0.000000 -0.100000
vn 0.000000 0.000000 -0.100000
vn 0.000000 0.000000 -0.100000
vn 0.000000 0.000000 -0.100000
vn 0.000000 0.000000 -0.100000
vn 0.000000 0.000000 -0.100000
vn 0.000000 0.000000 -0.100000
vn 0.000000 0.000000 -0.100000
vn 0.000000 0.000000 -0.100000
vn 0.000000 0.000000 -0.100000
vn 0.000000 0.000000 -0.100000
vn 0.000000 0.000000 -0.100000
vn 0.000000 0.000000 -0.100000
vn 0.000000 0.000000 -0.100000
vn 0.000000 0.000000 -0.100000
vn 0.000000 0.000000 -0.100000
vn 0.000000 0.000000 -0.100000
vn 0.000000 0.000000 -0.100000
vn 0.000000 0.000000 -0.100000
vn 0.000000 0.000000 -0.100000
vn 0.000000 0.000000 -0.100000
vn 0.000000 0.000000 -0.100000
vn 0.000000 0.000000 -0.100000
vn 0.000000 0.000000 -0.100000
vn 0.000000 0.000000 -0.100000
vn 0.000000 0.000000 -0.100000
vn 0.000000 0.000000 -0.100000
vn 0.000000 0.000000 -0.100000
vn 0.000000 0.000000 -0.100000
vn 0.000000 0.000000 -0.100000
vn 0.000000 0.000000 -0.100000
vn 0.000000 0.000000 -0.100000
vn 0.000000 0.000000 -0.100000
vn 0.000000 0.000000 -0.100000
vn 0.000000 0.000000 -0.100000
vn 0.000000 0.000000 -0.100000
vn 0.000000 0.000000 -0.100000
vn 0.000000 0.000000 -0.100000
vn 0.000000 0.000000 -0.100000
vn 0.000000 0.000000 -0.100000
vn 0.000000 0.000000 -0.100000
vn 0.000000 0.000000 -0.100000
vn 0.000000 0.000000 -0.100000
vn 0.000000 0.000000 -0.100000
vn 0.000000 0.000000 -0.100000
vn 0.000000 0.000000 -0.100000
vn 0.000000 0.000000 -0.100000
vn 0.000000 0.000000 -0.100000
vn 0.000000 0.000000 -0.100000
vn 0.000000 0.000000 -0.100000
vn 0.000000 0.000000 -0.100000
vn 0.000000 0.000000 -0.100000
vn 0.000000 0.000000 -0.100000
vn 0.000000 0.000000 -0.100000
vn 0.000000 0.000000 -0.100000
vn 0.000000 0.000000 -0.100000
vn 0.000000 0.000000 -0.100000
vn 0.000000 0.000000 -0.100000
vn 0.000000 0.000000 -0.100000
vn 0.000000 0.000000 -0.100000
vn 0.000000 0.000000 -0.100000
vn 0.000000 0.000000 -0.100000
vn 0.000000 0.000000 -0.100000
vn 0.000000 0.000000 -0.100000
vn 0.000000 0.000000 -0.100000
vn 0.000000 0.000000 -0.100000
vn 0.000000 0.000000 -0.100000
vn 0.000000 0.000000 -0.100000
vn 0.000000 0.000000 -0.100000
vn 0.000000 0.000000 -0.100000
vn 0.000000 0.000000 -0.100000
vn 0.000000 0.000000 -0.100000
vn 0.000000 0.000000 -0.100000
vn 0.000000 0.000000 -0.100000
vn 0.000000 0.000000 -0.100000
vn 0.000000 0.000000 -0.100000
vn 0.000000 0.000000 -0.100000
vn 0.000000 0.000000 -0.100000
vn 0.000000 0.000000 -0.100000
vn 0.000000 0.000000 -0.100000
vn 0.000000 0.000000 -0.100000
vn 0.000000 0.000000 -0.100000
vn 0.000000 0.000000 -0.100000
vn 0.000000 0.000000 -0.100000
vn 0.000000 0.000000 -0.100000
vn 0.000000 0.000000 -0.100000
vn 0.000000 0.000000 -0.100000
vn 0.000000 0.000000 -0.100000
vn 0.000000 0.000000 -0.100000
vn 0.000000 0.000000 -0.100000
vn 0.000000 0.000000 -0.100000
vn 0.000000 0.000000 -0.100000
vn 0.000000 0.000000 -0.100000
vn 0.000000 0.000000 -0.100000
vn 0.000000 0.000000 -0.100000
vn 0.000000 0.000000 -0.100000
vn 0.000000 0.000000 -0.100000
vn 0.000000 0.000000 -0.100000
vn 0.000000 0.000000 -0.100000
vn 0.000000 0.000000 -0.100000
vn 0.000000 0.000000 -0.100000
vn 0.000000 0.000000 -0.100000
vn 0.000000 0.000000 -0.100000
vn 0.000000 0.000000 -0.100000
vn 0.000000 0.000000 -0.100000
vn 0.000000 0.000000 -0.100000
vn 0.000000 0.000000 -0.100000
vn 0.000000 0.000000 -0.100000
vn 0.000000 0.000000 -0.100000
vn 0.000000 0.000000 -0.100000
vn 0.000000 0.000000 -0.100000
vn 0.000000 0.000000 -0.100000
vn 0.000000 0.000000 -0.100000
vn 0.000000 0.000000 -0.100000
vn 0.000000 0.000000 -0.100000
vn 0.000000 0.000000 -0.100000
vn 0.000000 0.000000 -0.100000
vn 0.000000 0.000000 -0.100000
vn 0.000000 0.000000 -0.100000
vn 0.000000 0.000000 -0.100000
vn 0.000000 0.000000 -0.100000
vn 0.000000 0.000000 -0.100000
vn 0.000000 0.000000 -0.100000
vn 0.000000 0.000000 -0.100000
vn 0.000000 0.000000 -0.100000
vn 0.000000 0.000000 -0.100000
vn 0.000000 0.000000 -0.100000
vn 0.000000 0.000000 -0.100000
vn 0.000000 0.000000 -0.100000
vn 0.000000 0.000000 -0.100000
vn 0.000000 0.000000 -0.100000
vn 0.000000 0.000000 -0.100000
vn 0.000000 0.000000 -0.100000
vn 0.000000 0.000000 -0.100000
vn 0.000000 0.000000 -0.100000
vn 0.000000 0.000000 -0.100000
vn 0.000000 0.000000 -0.100000
vn 0.000000 0.000000 -0.100000
vn 0.000000 0.000000 -0.100000
vn 0.000000 0.000000 -0.100000
vn 0.000000 0.000000 -0.100000
vn 0.000000 0.000000 -0.100000
vn 0.000000 0.000000 -0.100000
vn 0.000000 0.000000 -0.100000
vn 0.000000 0.000000 -0.100000
vn 0.000000 0.000000 -0.100000
vn 0.000000 0.000000 -0.100000
vn 0.000000 0.000000 -0.100000
vn 0.000000 0.000000 -0.100000
vn 0.000000 0.000000 -0.100000
vn 0.000000 0.000000 -0.100000
vn 0.000000 0.000000 -0.100000
vn 0.000000 0.000000 -0.100000
vn 0.000000 0.000000 -0.100000
vn 0.000000 0.000000 -0.100000
vn 0.000000 0.000000 -0.100000
vn 0.000000 0.000000 -0.100000
vn 0.000000 0.000000 -0.100000
vn 0.000000 0.000000 -0.100000
vn 0.000000 0.000000 -0.100000
vn 0.000000 0.000000 -0.100000
vn 0.000000 0.000000 -0.100000
vn 0.000000 0.000000 -0.100000
vn 0.000000 0.000000 -0.100000
vn 0.000000 0.000000 -0.100000
vn 0.000000 0.000000 -0.100000
vn 0.000000 0.000000 -0.100000
vn 0.000000 0.000000 -0.100000
vn 0.000000 0.000000 -0.100000
vn 0.000000 0.000000 -0.100000
vn 0.000000 0.000000 -0.100000
vn 0.000000 0.000000 -0.100000
vn 0.000000 0.000000 -0.100000
vn 0.000000 0.000000 -0.100000
vn 0.000000 0.000000 -0.100000
vn 0.000000 0.000000 -0.100000
vn 0.000000 0.000000 -0.100000
vn 0.000000 0.000000 -0.100000
vn 0.000000 0.000000 -0.100000
vn 0.000000 0.000000 -0.100000
vn 0.000000 0.000000 -0.100000
vn 0.000000 0.000000 -0.100000
vn 0.000000 0.000000 -0.100000
vn 0.000000 0.000000 -0.100000
vn 0.000000 0.000000 -0.100000
vn 0.000000 0.000000 -0.100000
vn 0.000000 0.000000 -0.100000
vn 0.000000 0.000000 -0.100000
vn 0.000000 0.000000 -0.100000
vn 0.000000 0.000000 -0.100000
vn 0.000000 0.000000 -0.100000
vn 0.000000 0.000000 -0.100000
vn 0.000000 0.000000 -0.100000
vn 0.000000 0.000000 -0.100000
vn 0.000000 0.000000 -0.100000
vn 0.000000 0.000000 -0.100000
vn 0.000000 0.000000 -0.100000
vn 0.000000 0.000000 -0.100000
vn 0.000000 0.000000 -0.100000
vn 0.000000 0.000000 -0.100000
vn 0.000000 0.000000 -0.100000
vn 0.000000 0.000000 -0.100000
vn 0.000000 0.000000 -0.100000
vn 0.000000 0.000000 -0.100000
vn 0.000000 0.000000 -0.100000
vn 0.000000 0.000000 -0.100000
vn 0.000000 0.000000 -0.100000
vn 0.000000 0.000000 -0.100000
vn 0.000000 0.000000 -0.100000
vn 0.000000 0.000000 -0.100000
vn 0.000000 0.000000 -0.100000
vn 0.000000 0.000000 -0.100000
vn 0.000000 0.000000 -0.100000
vn 0.000000 0.000000 -0.100000
vn 0.000000 0.000000 -0.100000
vn 0.000000 0.000000 -0.100000
vn 0.000000 0.000000 -0.100000
vn 0.000000 0.000000 -0.100000
vn 0.000000 0.000000 -0.100000
vn 0.000000 0.000000 -0.100000
vn 0.000000 0.000000 -0.100000
vn 0.000000 0.000000 -0.100000
vn 0.000000 0.000000 -0.100000
vn 0.000000 0.000000 -0.100000
vn 0.000000 0.000000 -0.100000
vn 0.000000 0.000000 -0.100000
vn 0.000000 0.000000 -0.100000
vn 0.000000 0.000000 -0.100000
vn 0.000000 0.000000 -0.100000
vn 0.000000 0.000000 -0.100000
vn 0.000000 0.000000 -0.100000
vn 0.000000 0.000000 -0.100000
vn 0.000000 0.000000 -0.100000
vn 0.000000 0.000000 -0.100000
vn 0.000000 0.000000 -0.100000
vn 0.000000 0.000000 -0.100000
vn 0.000000 0.000000 -0.100000
vn 0.000000 0.000000 -0.100000
vn 0.000000 0.000000 -0.100000
vn 0.000000 0.000000 -0.100000
vn 0.000000 0.000000 -0.100000
vn 0.000000 0.000000 -0.100000
vn 0.000000 0.000000 -0.100000
vn 0.000000 0.000000 -0.100000
vn 0.000000 0.000000 -0.100000
vn 0.000000 0.000000 -0.100000
vn 0.000000 0.000000 -0.100000
vn 0.000000 0.000000 -0.100000
vn 0.000000 0.000000 -0.100000
vn 0.000000 0.000000 -0.100000
vn 0.000000 0.000000 -0.100000
vn 0.000000 0.000000 -0.100000
vn 0.000000 0.000000 -0.100000
vn 0.000000 0.000000 -0.100000
vn 0.000000 0.000000 -0.100000
vn 0.000000 0.000000 -0.100000
vn 0.000000 0.000000 -0.100000
vn 0.000000 0.000000 -0.100000
vn 0.000000 0.000000 -0.100000
vn 0.000000 0.000000 -0.100000
vn 0.000000 0.000000 -0.100000
vn 0.000000 0.000000 -0.100000
vn 0.000000 0.000000 -0.100000
vn 0.000000 0.000000 -0.100000
vn 0.000000 0.000000 -0.100000
vn 0.000000 0.000000 -0.100000
vn 0.000000 0.000000 -0.100000
vn 0.000000 0.000000 -0.100000
vn 0.000000 0.000000 -0.100000
vn 0.000000 0.000000 -0.100000
vn 0.000000 0.000000 -0.100000
vn 0.000000 0.000000 -0.100000
vn 0.000000 0.000000 -0.100000
vn 0.000000 0.000000 -0.100000
vn 0.000000 0.000000 -0.100000
vn 0.000000 0.000000 -0.100000
vn 0.000000 0.000000 -0.100000
vn 0.000000 0.000000 -0.100000
vn 0.000000 0.000000 -0.100000
vn 0.000000 0.000000 -0.100000
vn 0.000000 0.000000 -0.100000
vn 0.000000 0.000000 -0.100000
vn 0.000000 0.000000 -0.100000
vn 0.000000 0.000000 -0.100000
vn 0.000000 0.000000 -0.100000
vn 0.000000 0.000000 -0.100000
vn 0.000000 0.000000 -0.100000
vn 0.000000 0.000000 -0.100000
vn 0.000000 0.000000 -0.100000
vn 0.000000 0.000000 -0.100000
vn 0.000000 0.000000 -0.100000
vn 0.000000 0.000000 -0.100000
vn 0.000000 0.000000 -0.100000
vn 0.000000 0.000000 -0.100000
vn 0.000000 0.000000 -0.100000
vn 0.000000 0.000000 -0.100000
vn 0.000000 0.000000 -0.100000
vn 0.000000 0.000000 -0.100000
vn 0.000000 0.000000 -0.100000
vn 0.000000 0.000000 -0.100000
vn 0.000000 0.000000 -0.100000
vn 0.000000 0.000000 -0.100000
vn 0.000000 0.000000 -0.100000
vn 0.000000 0.000000 -0.100000
vn 0.000000 0.000000 -0.100000
vn 0.000000 0.000000 -0.100000
vn 0.000000 0.000000 -0.100000
vn 0.000000 0.000000 -0.100000
vn 0.000000 0.000000 -0.100000
vn 0.000000 0.000000 -0.100000
vn 0.000000 0.000000 -0.100000
vn 0.000000 0.000000 -0.100000
vn 0.000000 0.000000 -0.100000
vn 0.000000 0.000000 -0.100000
vn 0.000000 0.000000 -0.100000
vn 0.000000 0.000000 -0.100000
vn 0.000000 0.000000 -0.100000
vn 0.000000 0.000000 -0.100000
vn 0.000000 0.000000 -0.100000
vn 0.000000 0.000000 -0.100000
vn 0.000000 0.000000 -0.100000
vn 0.000000 0.000000 -0.100000
vn 0.000000 0.000000 -0.100000
vn 0.000000 0.000000 -0.100000
vn 0.000000 0.000000 -0.100000
vn 0.000000 0.000000 -0.100000
vn 0.000000 0.000000 -0.100000
vn 0.000000 0.000000 -0.100000
vn 0.000000 0.000000 -0.100000
vn 0.000000 0.000000 -0.100000
vn 0.000000 0.000000 -0.100000
vn 0.000000 0.000000 -0.100000
vn 0.000000 0.000000 -0.100000
vn -0.100000 -0.000292 0.000000
vn -0.100000 -0.000292 0.000000
vn -0.100000 -0.000292 0.000000
vn -0.100000 -0.000292 0.000000
vn 0.000292 -0.100000 0.000000
vn 0.000292 -0.100000 0.000000
vn 0.000292 -0.100000 0.000000
vn 0.000292 -0.100000 0.000000
vn -0.100000 -0.000292 0.000000
vn -0.100000 -0.000292 0.000000
vn -0.100000 -0.000292 0.000000
vn -0.100000 -0.000292 0.000000
vn 0.000292 -0.100000 0.000000
vn 0.000292 -0.100000 0.000000
vn 0.000292 -0.100000 0.000000
vn 0.000292 -0.100000 0.000000
vn 0.100000 0.000292 0.000000
vn 0.100000 0.000292 0.000000
vn 0.100000 0.000292 0.000000
vn 0.100000 0.000292 0.000000
vn 0.000292 -0.100000 0.000000
vn 0.000292 -0.100000 0.000000
vn 0.000292 -0.100000 0.000000
vn 0.000292 -0.100000 0.000000
vn 0.100000 0.000292 0.000000
vn 0.100000 0.000292 0.000000
vn 0.100000 0.000292 0.000000
vn 0.100000 0.000292 0.000000
vn -0.000292 0.100000 0.000000
vn -0.000292 0.100000 0.000000
vn -0.000292 0.100000 0.000000
vn -0.000292 0.100000 0.000000
vn 0.000000 0.000000 -0.100000
vn 0.000000 0.000000 -0.100000
vn 0.000000 0.000000 -0.100000
vn 0.000000 0.000000 -0.100000
vn 0.000000 0.000000 -0.100000
vn 0.000000 0.000000 -0.100000
vn 0.000000 0.000000 -0.100000
vn 0.000000 0.000000 -0.100000
vn -0.092491 -0.038019 0.000000
vn -0.092491 -0.038019 0.000000
vn -0.092491 -0.038019 0.000000
vn -0.092491 -0.038019 0.000000
vn -0.093035 0.036668 0.000000
vn -0.093035 0.036668 0.000000
vn -0.093035 0.036668 0.000000
vn -0.093035 0.036668 0.000000
vn 0.000292 -0.100000 0.000000
vn 0.000292 -0.100000 0.000000
vn 0.000292 -0.100000 0.000000
vn 0.000292 -0.100000 0.000000
vn 0.093520 -0.035411 0.000000
vn 0.093520 -0.035411 0.000000
vn 0.093520 -0.035411 0.000000
vn 0.093520 -0.035411 0.000000
vn 0.093004 0.036745 0.000000
vn 0.093004 0.036745 0.000000
vn 0.093004 0.036745 0.000000
vn 0.093004 0.036745 0.000000
vn -0.000292 0.100000 0.000000
vn -0.000292 0.100000 0.000000
vn -0.000292 0.100000 0.000000
vn -0.000292 0.100000 0.000000
vn 0.000000 0.000000 -0.100000
vn 0.000000 0.000000 -0.100000
vn 0.000000 0.000000 -0.100000
vn 0.000000 0.000000 -0.100000
vn 0.000000 0.000000 -0.100000
vn 0.000000 0.000000 -0.100000
vn 0.100000 0.000292 0.000000
vn 0.100000 0.000292 0.000000
vn 0.100000 0.000292 0.000000
vn 0.100000 0.000292 0.000000
vn 0.013039 -0.099146 0.000000
vn 0.025630 -0.096660 0.000000
vn 0.013039 -0.099146 0.000000
vn 0.025630 -0.096660 0.000000
vn 0.043519 -0.090034 0.000000
vn 0.043519 -0.090034 0.000000
vn 0.055657 -0.083080 0.000000
vn 0.055657 -0.083080 0.000000
vn 0.068969 -0.072411 0.000000
vn 0.068969 -0.072411 0.000000
vn 0.080624 -0.059158 0.000000
vn 0.080624 -0.059158 0.000000
vn 0.088376 -0.046794 0.000000
vn 0.088376 -0.046794 0.000000
vn 0.095901 -0.028338 0.000000
vn 0.095901 -0.028338 0.000000
vn 0.098825 -0.015288 0.000000
vn 0.098825 -0.015288 0.000000
vn 0.000292 -0.100000 0.000000
vn 0.000292 -0.100000 0.000000
vn 0.000292 -0.100000 0.000000
vn 0.000292 -0.100000 0.000000
vn -0.098495 -0.017282 0.000000
vn -0.095228 -0.030524 0.000000
vn -0.098495 -0.017282 0.000000
vn -0.095228 -0.030524 0.000000
vn -0.087079 -0.049166 0.000000
vn -0.087079 -0.049166 0.000000
vn -0.078821 -0.061541 0.000000
vn -0.078821 -0.061541 0.000000
vn -0.066641 -0.074559 0.000000
vn -0.066641 -0.074559 0.000000
vn -0.053267 -0.084632 0.000000
vn -0.053267 -0.084632 0.000000
vn -0.041203 -0.091117 0.000000
vn -0.041203 -0.091117 0.000000
vn -0.023549 -0.097188 0.000000
vn -0.023549 -0.097188 0.000000
vn -0.011160 -0.099375 0.000000
vn -0.011160 -0.099375 0.000000
vn -0.100000 -0.000292 0.000000
vn -0.100000 -0.000292 0.000000
vn -0.100000 -0.000292 0.000000
vn -0.100000 -0.000292 0.000000
vn -0.011741 0.099308 0.000000
vn -0.024117 0.097048 0.000000
vn -0.011741 0.099308 0.000000
vn -0.024117 0.097048 0.000000
vn -0.041735 0.090875 0.000000
vn -0.041735 0.090875 0.000000
vn -0.053760 0.084320 0.000000
vn -0.053760 0.084320 0.000000
vn -0.067075 0.074168 0.000000
vn -0.067075 0.074168 0.000000
vn -0.079179 0.061080 0.000000
vn -0.079179 0.061080 0.000000
vn -0.087364 0.048657 0.000000
vn -0.087364 0.048657 0.000000
vn -0.095404 0.029968 0.000000
vn -0.095404 0.029968 0.000000
vn -0.098594 0.016708 0.000000
vn -0.098594 0.016708 0.000000
vn -0.000292 0.100000 0.000000
vn -0.000292 0.100000 0.000000
vn -0.000292 0.100000 0.000000
vn -0.000292 0.100000 0.000000
vn 0.098733 0.015865 0.000000
vn 0.095734 0.028898 0.000000
vn 0.098733 0.015865 0.000000
vn 0.095734 0.028898 0.000000
vn 0.088101 0.047310 0.000000
vn 0.088101 0.047310 0.000000
vn 0.080277 0.059628 0.000000
vn 0.080277 0.059628 0.000000
vn 0.068544 0.072812 0.000000
vn 0.068544 0.072812 0.000000
vn 0.055171 0.083404 0.000000
vn 0.055171 0.083404 0.000000
vn 0.042992 0.090287 0.000000
vn 0.042992 0.090287 0.000000
vn 0.025066 0.096808 0.000000
vn 0.025066 0.096808 0.000000
vn 0.012461 0.099221 0.000000
vn 0.012461 0.099221 0.000000
vn -0.000292 0.100000 0.000000
vn -0.000292 0.100000 0.000000
vn -0.000292 0.100000 0.000000
vn -0.000292 0.100000 0.000000
vn -0.098179 0.018995 0.000000
vn -0.094546 0.032574 0.000000
vn -0.098179 0.018995 0.000000
vn -0.094546 0.032574 0.000000
vn -0.085664 0.051591 0.000000
vn -0.085664 0.051591 0.000000
vn -0.076786 0.064061 0.000000
vn -0.076786 0.064061 0.000000
vn -0.064101 0.076753 0.000000
vn -0.064101 0.076753 0.000000
vn -0.050836 0.086115 0.000000
vn -0.050836 0.086115 0.000000
vn -0.039017 0.092074 0.000000
vn -0.039017 0.092074 0.000000
vn -0.021836 0.097587 0.000000
vn -0.021836 0.097587 0.000000
vn -0.009794 0.099519 0.000000
vn -0.009794 0.099519 0.000000
vn -0.100000 -0.000292 0.000000
vn -0.100000 -0.000292 0.000000
vn -0.100000 -0.000292 0.000000
vn -0.100000 -0.000292 0.000000
vn -0.009506 -0.099547 0.000000
vn -0.021611 -0.097637 0.000000
vn -0.009506 -0.099547 0.000000
vn -0.021611 -0.097637 0.000000
vn -0.038892 -0.092127 0.000000
vn -0.038892 -0.092127 0.000000
vn -0.050780 -0.086147 0.000000
vn -0.050780 -0.086147 0.000000
vn -0.064112 -0.076744 0.000000
vn -0.064112 -0.076744 0.000000
vn -0.076792 -0.064054 0.000000
vn -0.076792 -0.064054 0.000000
vn -0.085635 -0.051639 0.000000
vn -0.085635 -0.051639 0.000000
vn -0.094495 -0.032721 0.000000
vn -0.094495 -0.032721 0.000000
vn -0.098137 -0.019211 0.000000
vn -0.098137 -0.019211 0.000000
vn 0.000292 -0.100000 0.000000
vn 0.000292 -0.100000 0.000000
vn 0.000292 -0.100000 0.000000
vn 0.000292 -0.100000 0.000000
vn 0.098188 -0.018950 0.000000
vn 0.094564 -0.032523 0.000000
vn 0.098188 -0.018950 0.000000
vn 0.094564 -0.032523 0.000000
vn 0.085699 -0.051534 0.000000
vn 0.085699 -0.051534 0.000000
vn 0.076834 -0.064004 0.000000
vn 0.076834 -0.064004 0.000000
vn 0.064159 -0.076705 0.000000
vn 0.064159 -0.076705 0.000000
vn 0.050892 -0.086081 0.000000
vn 0.050892 -0.086081 0.000000
vn 0.039069 -0.092052 0.000000
vn 0.039069 -0.092052 0.000000
vn 0.021880 -0.097577 0.000000
vn 0.021880 -0.097577 0.000000
vn 0.009831 -0.099516 0.000000
vn 0.009831 -0.099516 0.000000
vn 0.100000 0.000292 0.000000
vn 0.100000 0.000292 0.000000
vn 0.100000 0.000292 0.000000
vn 0.100000 0.000292 0.000000
vn 0.008959 0.099598 0.000000
vn 0.020967 0.097777 0.000000
vn 0.008959 0.099598 0.000000
vn 0.020967 0.097777 0.000000
vn 0.038119 0.092450 0.000000
vn 0.038119 0.092450 0.000000
vn 0.049942 0.086636 0.000000
vn 0.049942 0.086636 0.000000
vn 0.063249 0.077456 0.000000
vn 0.063249 0.077456 0.000000
vn 0.076075 0.064905 0.000000
vn 0.076075 0.064905 0.000000
vn 0.085119 0.052485 0.000000
vn 0.085119 0.052485 0.000000
vn 0.094229 0.033481 0.000000
vn 0.094229 0.033481 0.000000
vn 0.098004 0.019882 0.000000
vn 0.098004 0.019882 0.000000
vn 0.000000 0.000000 -0.100000
vn 0.000000 0.000000 -0.100000
vn 0.000000 0.000000 -0.100000
vn 0.000000 0.000000 -0.100000
vn 0.000000 0.000000 -0.100000
vn 0.000000 0.000000 -0.100000
vn 0.000000 0.000000 -0.100000
vn 0.000000 0.000000 -0.100000
vn 0.000000 0.000000 -0.100000
vn 0.000000 0.000000 -0.100000
vn 0.000000 0.000000 -0.100000
vn 0.000000 0.000000 -0.100000
vn 0.000000 0.000000 -0.100000
vn 0.000000 0.000000 -0.100000
vn 0.000000 0.000000 -0.100000
vn 0.000000 0.000000 -0.100000
vn 0.000000 0.000000 -0.100000
vn 0.000000 0.000000 -0.100000
vn 0.000000 0.000000 -0.100000
vn 0.000000 0.000000 -0.100000
vn 0.000000 0.000000 -0.100000
vn 0.000000 0.000000 -0.100000
vn 0.000000 0.000000 -0.100000
vn 0.000000 0.000000 -0.100000
vn 0.000000 0.000000 -0.100000
vn 0.000000 0.000000 -0.100000
vn 0.000000 0.000000 -0.100000
vn 0.000000 0.000000 -0.100000
vn 0.000000 0.000000 -0.100000
vn 0.000000 0.000000 -0.100000
vn 0.000000 0.000000 -0.100000
vn 0.000000 0.000000 -0.100000
vn 0.000000 0.000000 -0.100000
vn 0.000000 0.000000 -0.100000
vn 0.000000 0.000000 -0.100000
vn 0.000000 0.000000 -0.100000
vn 0.000000 0.000000 -0.100000
vn 0.000000 0.000000 -0.100000
vn 0.000000 0.000000 -0.100000
vn 0.000000 0.000000 -0.100000
vn 0.000000 0.000000 -0.100000
vn 0.000000 0.000000 -0.100000
vn 0.000000 0.000000 -0.100000
vn 0.000000 0.000000 -0.100000
vn 0.000000 0.000000 -0.100000
vn 0.000000 0.000000 -0.100000
vn 0.000000 0.000000 -0.100000
vn 0.000000 0.000000 -0.100000
vn 0.000000 0.000000 -0.100000
vn 0.000000 0.000000 -0.100000
vn 0.000000 0.000000 -0.100000
vn 0.000000 0.000000 -0.100000
vn 0.000000 0.000000 -0.100000
vn 0.000000 0.000000 -0.100000
vn 0.000000 0.000000 -0.100000
vn 0.000000 0.000000 -0.100000
vn 0.000000 0.000000 -0.100000
vn 0.000000 0.000000 -0.100000
vn 0.000000 0.000000 -0.100000
vn 0.000000 0.000000 -0.100000
vn 0.000000 0.000000 -0.100000
vn 0.000000 0.000000 -0.100000
vn 0.000000 0.000000 -0.100000
vn 0.000000 0.000000 -0.100000
vn 0.000000 0.000000 -0.100000
vn 0.000000 0.000000 -0.100000
vn 0.000000 0.000000 -0.100000
vn 0.000000 0.000000 -0.100000
vn 0.000000 0.000000 -0.100000
vn 0.000000 0.000000 -0.100000
vn 0.000000 0.000000 -0.100000
vn 0.000000 0.000000 -0.100000
vn 0.000000 0.000000 -0.100000
vn 0.000000 0.000000 -0.100000
vn 0.000000 0.000000 -0.100000
vn 0.000000 0.000000 -0.100000
vn 0.000000 0.000000 -0.100000
vn 0.000000 0.000000 -0.100000
vn 0.000000 0.000000 -0.100000
vn 0.000000 0.000000 -0.100000
vn 0.000000 0.000000 -0.100000
vn 0.000000 0.000000 -0.100000
vn 0.000000 0.000000 -0.100000
vn 0.000000 0.000000 -0.100000
vn 0.000000 0.000000 -0.100000
vn 0.000000 0.000000 -0.100000
vn 0.000000 0.000000 -0.100000
vn 0.000000 0.000000 -0.100000
vn 0.000000 0.000000 -0.100000
vn 0.000000 0.000000 -0.100000
vn 0.000000 0.000000 -0.100000
vn 0.000000 0.000000 -0.100000
vn -0.000292 0.100000 0.000000
vn -0.000292 0.100000 0.000000
vn -0.000292 0.100000 0.000000
vn -0.000292 0.100000 0.000000
vn -0.100000 -0.000292 0.000000
vn -0.100000 -0.000292 0.000000
vn -0.100000 -0.000292 0.000000
vn -0.100000 -0.000292 0.000000
vn 0.000292 -0.100000 0.000000
vn 0.000292 -0.100000 0.000000
vn 0.000292 -0.100000 0.000000
vn 0.000292 -0.100000 0.000000
vn 0.094043 -0.033999 0.000000
vn 0.094043 -0.033999 0.000000
vn 0.094043 -0.033999 0.000000
vn 0.094043 -0.033999 0.000000
vn -0.100000 -0.000292 0.000000
vn -0.100000 -0.000292 0.000000
vn -0.100000 -0.000292 0.000000
vn -0.100000 -0.000292 0.000000
vn 0.000292 -0.100000 0.000000
vn 0.000292 -0.100000 0.000000
vn 0.000292 -0.100000 0.000000
vn 0.000292 -0.100000 0.000000
vn 0.100000 0.000292 0.000000
vn 0.100000 0.000292 0.000000
vn 0.100000 0.000292 0.000000
vn 0.100000 0.000292 0.000000
vn -0.000292 0.100000 0.000000
vn -0.000292 0.100000 0.000000
vn -0.000292 0.100000 0.000000
vn -0.000292 0.100000 0.000000
vn -0.094172 0.033641 0.000000
vn -0.094172 0.033641 0.000000
vn -0.094172 0.033641 0.000000
vn -0.094172 0.033641 0.000000
vn 0.100000 0.000292 0.000000
vn 0.100000 0.000292 0.000000
vn 0.100000 0.000292 0.000000
vn 0.100000 0.000292 0.000000
vn 0.000000 0.000000 -0.100000
vn 0.000000 0.000000 -0.100000
vn 0.000000 0.000000 -0.100000
vn 0.000000 0.000000 -0.100000
vn 0.000000 0.000000 -0.100000
vn 0.000000 0.000000 -0.100000
vn 0.000000 0.000000 -0.100000
vn 0.000000 0.000000 -0.100000
vn 0.000000 0.000000 -0.100000
vn 0.000000 0.000000 -0.100000
vn -0.000292 0.100000 0.000000
vn -0.000292 0.100000 0.000000
vn -0.000292 0.100000 0.000000
vn -0.000292 0.100000 0.000000
vn -0.100000 -0.000292 0.000000
vn -0.100000 -0.000292 0.000000
vn -0.100000 -0.000292 0.000000
vn -0.100000 -0.000292 0.000000
vn -0.009250 -0.099571 0.000000
vn -0.021310 -0.097703 0.000000
vn -0.009250 -0.099571 0.000000
vn -0.021310 -0.097703 0.000000
vn -0.038530 -0.092279 0.000000
vn -0.038530 -0.092279 0.000000
vn -0.050389 -0.086377 0.000000
vn -0.050389 -0.086377 0.000000
vn -0.063710 -0.077078 0.000000
vn -0.063710 -0.077078 0.000000
vn -0.076459 -0.064451 0.000000
vn -0.076459 -0.064451 0.000000
vn -0.085396 -0.052033 0.000000
vn -0.085396 -0.052033 0.000000
vn -0.094372 -0.033074 0.000000
vn -0.094372 -0.033074 0.000000
vn -0.098076 -0.019523 0.000000
vn -0.098076 -0.019523 0.000000
vn 0.000292 -0.100000 0.000000
vn 0.000292 -0.100000 0.000000
vn 0.000292 -0.100000 0.000000
vn 0.000292 -0.100000 0.000000
vn 0.098248 -0.018637 0.000000
vn 0.094685 -0.032168 0.000000
vn 0.098248 -0.018637 0.000000
vn 0.094685 -0.032168 0.000000
vn 0.085936 -0.051138 0.000000
vn 0.085936 -0.051138 0.000000
vn 0.077165 -0.063605 0.000000
vn 0.077165 -0.063605 0.000000
vn 0.064559 -0.076368 0.000000
vn 0.064559 -0.076368 0.000000
vn 0.051282 -0.085849 0.000000
vn 0.051282 -0.085849 0.000000
vn 0.039429 -0.091898 0.000000
vn 0.039429 -0.091898 0.000000
vn 0.022181 -0.097509 0.000000
vn 0.022181 -0.097509 0.000000
vn 0.010087 -0.099490 0.000000
vn 0.010087 -0.099490 0.000000
vn 0.100000 0.000292 0.000000
vn 0.100000 0.000292 0.000000
vn 0.100000 0.000292 0.000000
vn 0.100000 0.000292 0.000000
vn -0.000292 0.100000 0.000000
vn -0.000292 0.100000 0.000000
vn -0.000292 0.100000 0.000000
vn -0.000292 0.100000 0.000000
vn -0.100000 -0.000292 0.000000
vn -0.100000 -0.000292 0.000000
vn -0.100000 -0.000292 0.000000
vn -0.100000 -0.000292 0.000000
vn -0.013039 0.099146 0.000000
vn -0.025630 0.096660 0.000000
vn -0.013039 0.099146 0.000000
vn -0.025630 0.096660 0.000000
vn -0.043518 0.090034 0.000000
vn -0.043518 0.090034 0.000000
vn -0.055657 0.083080 0.000000
vn -0.055657 0.083080 0.000000
vn -0.068968 0.072411 0.000000
vn -0.068968 0.072411 0.000000
vn -0.080624 0.059159 0.000000
vn -0.080624 0.059159 0.000000
vn -0.088376 0.046795 0.000000
vn -0.088376 0.046795 0.000000
vn -0.095901 0.028338 0.000000
vn -0.095901 0.028338 0.000000
vn -0.098824 0.015288 0.000000
vn -0.098824 0.015288 0.000000
vn -0.000292 0.100000 0.000000
vn -0.000292 0.100000 0.000000
vn -0.000292 0.100000 0.000000
vn -0.000292 0.100000 0.000000
vn 0.098495 0.017285 0.000000
vn 0.095227 0.030526 0.000000
vn 0.098495 0.017285 0.000000
vn 0.095227 0.030526 0.000000
vn 0.087078 0.049167 0.000000
vn 0.087078 0.049167 0.000000
vn 0.078820 0.061542 0.000000
vn 0.078820 0.061542 0.000000
vn 0.066641 0.074559 0.000000
vn 0.066641 0.074559 0.000000
vn 0.053267 0.084632 0.000000
vn 0.053267 0.084632 0.000000
vn 0.041204 0.091117 0.000000
vn 0.041204 0.091117 0.000000
vn 0.023550 0.097187 0.000000
vn 0.023550 0.097187 0.000000
vn 0.011161 0.099375 0.000000
vn 0.011161 0.099375 0.000000
vn 0.100000 0.000292 0.000000
vn 0.100000 0.000292 0.000000
vn 0.100000 0.000292 0.000000
vn 0.100000 0.000292 0.000000
vn 0.000000 0.000000 -0.100000
vn 0.000000 0.000000 -0.100000
vn 0.000000 0.000000 -0.100000
vn 0.000000 0.000000 -0.100000
vn 0.000000 0.000000 -0.100000
vn 0.000000 0.000000 -0.100000
vn 0.000000 0.000000 -0.100000
vn 0.000000 0.000000 -0.100000
vn 0.000000 0.000000 -0.100000
vn 0.000000 0.000000 -0.100000
vn 0.000000 0.000000 -0.100000
vn 0.000000 0.000000 -0.100000
vn 0.000000 0.000000 -0.100000
vn 0.000000 0.000000 -0.100000
vn 0.000000 0.000000 -0.100000
vn 0.000000 0.000000 -0.100000
vn 0.000000 0.000000 -0.100000
vn 0.000000 0.000000 -0.100000
vn 0.000000 0.000000 -0.100000
vn 0.000000 0.000000 -0.100000
vn 0.000000 0.000000 -0.100000
vn 0.000000 0.000000 -0.100000
vn 0.000000 0.000000 -0.100000
vn 0.000000 0.000000 -0.100000
vn 0.000000 0.000000 -0.100000
vn 0.000000 0.000000 -0.100000
vn 0.000000 0.000000 -0.100000
vn 0.000000 0.000000 -0.100000
vn 0.000000 0.000000 -0.100000
vn 0.000000 0.000000 -0.100000
vn 0.000000 0.000000 -0.100000
vn 0.000000 0.000000 -0.100000
vn 0.000000 0.000000 -0.100000
vn 0.000000 0.000000 -0.100000
vn 0.000000 0.000000 -0.100000
vn 0.000000 0.000000 -0.100000
vn 0.000000 0.000000 -0.100000
vn 0.000000 0.000000 -0.100000
vn 0.000000 0.000000 -0.100000
vn 0.000000 0.000000 -0.100000
vn -0.100000 -0.000292 0.000000
vn -0.100000 -0.000292 0.000000
vn -0.100000 -0.000292 0.000000
vn -0.100000 -0.000292 0.000000
vn 0.000292 -0.100000 0.000000
vn 0.000292 -0.100000 0.000000
vn 0.000292 -0.100000 0.000000
vn 0.000292 -0.100000 0.000000
vn -0.100000 -0.000292 0.000000
vn -0.100000 -0.000292 0.000000
vn -0.100000 -0.000292 0.000000
vn -0.100000 -0.000292 0.000000
vn 0.000292 -0.100000 0.000000
vn 0.000292 -0.100000 0.000000
vn 0.000292 -0.100000 0.000000
vn 0.000292 -0.100000 0.000000
vn 0.100000 0.000292 0.000000
vn 0.100000 0.000292 0.000000
vn 0.100000 0.000292 0.000000
vn 0.100000 0.000292 0.000000
vn 0.000292 -0.100000 0.000000
vn 0.000292 -0.100000 0.000000
vn 0.000292 -0.100000 0.000000
vn 0.000292 -0.100000 0.000000
vn 0.100000 0.000292 0.000000
vn 0.100000 0.000292 0.000000
vn 0.100000 0.000292 0.000000
vn 0.100000 0.000292 0.000000
vn -0.000292 0.100000 0.000000
vn -0.000292 0.100000 0.000000
vn -0.000292 0.100000 0.000000
vn -0.000292 0.100000 0.000000
vn 0.000000 0.000000 -0.100000
vn 0.000000 0.000000 -0.100000
vn 0.000000 0.000000 -0.100000
vn 0.000000 0.000000 -0.100000
vn 0.000000 0.000000 -0.100000
vn 0.000000 0.000000 -0.100000
vn 0.000000 0.000000 -0.100000
vn 0.000000 0.000000 -0.100000
vn -0.000292 0.100000 0.000000
vn -0.000292 0.100000 0.000000
vn -0.000292 0.100000 0.000000
vn -0.000292 0.100000 0.000000
vn -0.100000 -0.000292 0.000000
vn -0.100000 -0.000292 0.000000
vn -0.100000 -0.000292 0.000000
vn -0.100000 -0.000292 0.000000
vn 0.000292 -0.100000 0.000000
vn 0.000292 -0.100000 0.000000
vn 0.000292 -0.100000 0.000000
vn 0.000292 -0.100000 0.000000
vn 0.100000 0.000292 0.000000
vn 0.100000 0.000292 0.000000
vn 0.100000 0.000292 0.000000
vn 0.100000 0.000292 0.000000
vn -0.000292 0.100000 0.000000
vn -0.000292 0.100000 0.000000
vn -0.000292 0.100000 0.000000
vn -0.000292 0.100000 0.000000
vn -0.100000 -0.000292 0.000000
vn -0.100000 -0.000292 0.000000
vn -0.100000 -0.000292 0.000000
vn -0.100000 -0.000292 0.000000
vn 0.000292 -0.100000 0.000000
vn 0.000292 -0.100000 0.000000
vn 0.000292 -0.100000 0.000000
vn 0.000292 -0.100000 0.000000
vn -0.100000 -0.000292 0.000000
vn -0.100000 -0.000292 0.000000
vn -0.100000 -0.000292 0.000000
vn -0.100000 -0.000292 0.000000
vn -0.000292 0.100000 0.000000
vn -0.000292 0.100000 0.000000
vn -0.000292 0.100000 0.000000
vn -0.000292 0.100000 0.000000
vn -0.100000 -0.000292 0.000000
vn -0.100000 -0.000292 0.000000
vn -0.100000 -0.000292 0.000000
vn -0.100000 -0.000292 0.000000
vn 0.000292 -0.100000 0.000000
vn 0.000292 -0.100000 0.000000
vn 0.000292 -0.100000 0.000000
vn 0.000292 -0.100000 0.000000
vn -0.100000 -0.000292 0.000000
vn -0.100000 -0.000292 0.000000
vn -0.100000 -0.000292 0.000000
vn -0.100000 -0.000292 0.000000
vn 0.000000 0.000000 -0.100000
vn 0.000000 0.000000 -0.100000
vn 0.000000 0.000000 -0.100000
vn 0.000000 0.000000 -0.100000
vn 0.000000 0.000000 -0.100000
vn 0.000000 0.000000 -0.100000
vn 0.000000 0.000000 -0.100000
vn 0.000000 0.000000 -0.100000
vn 0.000000 0.000000 -0.100000
vn 0.000000 0.000000 -0.100000
vn 0.000000 0.000000 -0.100000
vn 0.000000 0.000000 -0.100000
vn -0.000292 0.100000 0.000000
vn -0.000292 0.100000 0.000000
vn -0.000292 0.100000 0.000000
vn -0.000292 0.100000 0.000000
vn -0.100000 -0.000292 0.000000
vn -0.100000 -0.000292 0.000000
vn -0.100000 -0.000292 0.000000
vn -0.100000 -0.000292 0.000000
vn 0.000292 -0.100000 0.000000
vn 0.000292 -0.100000 0.000000
vn 0.000292 -0.100000 0.000000
vn 0.000292 -0.100000 0.000000
vn 0.100000 0.000292 0.000000
vn 0.100000 0.000292 0.000000
vn 0.100000 0.000292 0.000000
vn 0.100000 0.000292 0.000000
vn -0.000292 0.100000 0.000000
vn -0.000292 0.100000 0.000000
vn -0.000292 0.100000 0.000000
vn -0.000292 0.100000 0.000000
vn -0.100000 -0.000292 0.000000
vn -0.100000 -0.000292 0.000000
vn -0.100000 -0.000292 0.000000
vn -0.100000 -0.000292 0.000000
vn 0.000000 0.000000 -0.100000
vn 0.000000 0.000000 -0.100000
vn 0.000000 0.000000 -0.100000
vn 0.000000 0.000000 -0.100000
vn 0.000000 0.000000 -0.100000
vn 0.000000 0.000000 -0.100000
vn 0.100000 0.000292 0.000000
vn 0.100000 0.000292 0.000000
vn 0.100000 0.000292 0.000000
vn 0.100000 0.000292 0.000000
vn 0.080770 -0.058959 0.000000
vn 0.085478 -0.051899 0.000000
vn 0.080770 -0.058959 0.000000
vn 0.085478 -0.051899 0.000000
vn 0.095878 -0.028415 0.000000
vn 0.095878 -0.028415 0.000000
vn 0.099641 -0.008461 0.000000
vn 0.099641 -0.008461 0.000000
vn 0.099979 -0.002061 0.000000
vn 0.099979 -0.002061 0.000000
vn 0.001107 -0.099994 0.000000
vn 0.006548 -0.099785 0.000000
vn 0.001107 -0.099994 0.000000
vn 0.006548 -0.099785 0.000000
vn 0.023372 -0.097230 0.000000
vn 0.023372 -0.097230 0.000000
vn 0.044517 -0.089545 0.000000
vn 0.044517 -0.089545 0.000000
vn 0.051280 -0.085851 0.000000
vn 0.051280 -0.085851 0.000000
vn 0.000292 -0.100000 0.000000
vn 0.000292 -0.100000 0.000000
vn 0.000292 -0.100000 0.000000
vn 0.000292 -0.100000 0.000000
vn 0.098748 -0.015772 0.000000
vn 0.095735 -0.028894 0.000000
vn 0.098748 -0.015772 0.000000
vn 0.095735 -0.028894 0.000000
vn 0.088035 -0.047432 0.000000
vn 0.088035 -0.047432 0.000000
vn 0.080136 -0.059819 0.000000
vn 0.080136 -0.059819 0.000000
vn 0.068320 -0.073023 0.000000
vn 0.068320 -0.073023 0.000000
vn 0.055004 -0.083514 0.000000
vn 0.055004 -0.083514 0.000000
vn 0.042903 -0.090329 0.000000
vn 0.042903 -0.090329 0.000000
vn 0.025106 -0.096797 0.000000
vn 0.025106 -0.096797 0.000000
vn 0.012589 -0.099204 0.000000
vn 0.012589 -0.099204 0.000000
vn 0.100000 0.000292 0.000000
vn 0.100000 0.000292 0.000000
vn 0.100000 0.000292 0.000000
vn 0.100000 0.000292 0.000000
vn 0.009213 0.099575 0.000000
vn 0.021266 0.097713 0.000000
vn 0.009213 0.099575 0.000000
vn 0.021266 0.097713 0.000000
vn 0.038478 0.092301 0.000000
vn 0.038478 0.092301 0.000000
vn 0.050332 0.086410 0.000000
vn 0.050332 0.086410 0.000000
vn 0.063652 0.077126 0.000000
vn 0.063652 0.077126 0.000000
vn 0.076411 0.064509 0.000000
vn 0.076411 0.064509 0.000000
vn 0.085362 0.052090 0.000000
vn 0.085362 0.052090 0.000000
vn 0.094354 0.033126 0.000000
vn 0.094354 0.033126 0.000000
vn 0.098067 0.019568 0.000000
vn 0.098067 0.019568 0.000000
vn -0.000292 0.100000 0.000000
vn -0.000292 0.100000 0.000000
vn -0.000292 0.100000 0.000000
vn -0.000292 0.100000 0.000000
vn -0.098179 0.018995 0.000000
vn -0.094546 0.032574 0.000000
vn -0.098179 0.018995 0.000000
vn -0.094546 0.032574 0.000000
vn -0.085664 0.051591 0.000000
vn -0.085664 0.051591 0.000000
vn -0.076786 0.064061 0.000000
vn -0.076786 0.064061 0.000000
vn -0.064101 0.076753 0.000000
vn -0.064101 0.076753 0.000000
vn -0.050836 0.086115 0.000000
vn -0.050836 0.086115 0.000000
vn -0.039017 0.092074 0.000000
vn -0.039017 0.092074 0.000000
vn -0.021836 0.097587 0.000000
vn -0.021836 0.097587 0.000000
vn -0.009794 0.099519 0.000000
vn -0.009794 0.099519 0.000000
vn -0.100000 -0.000292 0.000000
vn -0.100000 -0.000292 0.000000
vn -0.100000 -0.000292 0.000000
vn -0.100000 -0.000292 0.000000
vn 0.000292 -0.100000 0.000000
vn 0.000292 -0.100000 0.000000
vn 0.000292 -0.100000 0.000000
vn 0.000292 -0.100000 0.000000
vn 0.100000 0.000292 0.000000
vn 0.100000 0.000292 0.000000
vn 0.100000 0.000292 0.000000
vn 0.100000 0.000292 0.000000
vn 0.011740 -0.099308 0.000000
vn 0.024117 -0.097048 0.000000
vn 0.011740 -0.099308 0.000000
vn 0.024117 -0.097048 0.000000
vn 0.041735 -0.090874 0.000000
vn 0.041735 -0.090874 0.000000
vn 0.053761 -0.084320 0.000000
vn 0.053761 -0.084320 0.000000
vn 0.067076 -0.074168 0.000000
vn 0.067076 -0.074168 0.000000
vn 0.079179 -0.061079 0.000000
vn 0.079179 -0.061079 0.000000
vn 0.087365 -0.048656 0.000000
vn 0.087365 -0.048656 0.000000
vn 0.095404 -0.029967 0.000000
vn 0.095404 -0.029967 0.000000
vn 0.098595 -0.016707 0.000000
vn 0.098595 -0.016707 0.000000
vn 0.000292 -0.100000 0.000000
vn 0.000292 -0.100000 0.000000
vn 0.000292 -0.100000 0.000000
vn 0.000292 -0.100000 0.000000
vn -0.098495 -0.017282 0.000000
vn -0.095228 -0.030524 0.000000
vn -0.098495 -0.017282 0.000000
vn -0.095228 -0.030524 0.000000
vn -0.087079 -0.049166 0.000000
vn -0.087079 -0.049166 0.000000
vn -0.078821 -0.061541 0.000000
vn -0.078821 -0.061541 0.000000
vn -0.066640 -0.074559 0.000000
vn -0.066640 -0.074559 0.000000
vn -0.053266 -0.084633 0.000000
vn -0.053266 -0.084633 0.000000
vn -0.041203 -0.091117 0.000000
vn -0.041203 -0.091117 0.000000
vn -0.023549 -0.097188 0.000000
vn -0.023549 -0.097188 0.000000
vn -0.011160 -0.099375 0.000000
vn -0.011160 -0.099375 0.000000
vn -0.100000 -0.000292 0.000000
vn -0.100000 -0.000292 0.000000
vn -0.100000 -0.000292 0.000000
vn -0.100000 -0.000292 0.000000
vn -0.080770 0.058960 0.000000
vn -0.085478 0.051899 0.000000
vn -0.080770 0.058960 0.000000
vn -0.085478 0.051899 0.000000
vn -0.095878 0.028415 0.000000
vn -0.095878 0.028415 0.000000
vn -0.099641 0.008460 0.000000
vn -0.099641 0.008460 0.000000
vn -0.099979 0.002060 0.000000
vn -0.099979 0.002060 0.000000
vn -0.001108 0.099994 0.000000
vn -0.006549 0.099785 0.000000
vn -0.001108 0.099994 0.000000
vn -0.006549 0.099785 0.000000
vn -0.023372 0.097230 0.000000
vn -0.023372 0.097230 0.000000
vn -0.044516 0.089545 0.000000
vn -0.044516 0.089545 0.000000
vn -0.051279 0.085851 0.000000
vn -0.051279 0.085851 0.000000
vn -0.000292 0.100000 0.000000
vn -0.000292 0.100000 0.000000
vn -0.000292 0.100000 0.000000
vn -0.000292 0.100000 0.000000
vn -0.055735 0.083027 0.000000
vn -0.048950 0.087200 0.000000
vn -0.055735 0.083027 0.000000
vn -0.048950 0.087200 0.000000
vn -0.026867 0.096323 0.000000
vn -0.026867 0.096323 0.000000
vn -0.008335 0.099652 0.000000
vn -0.008335 0.099652 0.000000
vn -0.002358 0.099972 0.000000
vn -0.002358 0.099972 0.000000
vn -0.099923 0.003920 0.000000
vn -0.099452 0.010450 0.000000
vn -0.099923 0.003920 0.000000
vn -0.099452 0.010450 0.000000
vn -0.095172 0.030696 0.000000
vn -0.095172 0.030696 0.000000
vn -0.084865 0.052896 0.000000
vn -0.084865 0.052896 0.000000
vn -0.080411 0.059448 0.000000
vn -0.080411 0.059448 0.000000
vn -0.100000 -0.000292 0.000000
vn -0.100000 -0.000292 0.000000
vn -0.100000 -0.000292 0.000000
vn -0.100000 -0.000292 0.000000
vn -0.009506 -0.099547 0.000000
vn -0.021611 -0.097637 0.000000
vn -0.009506 -0.099547 0.000000
vn -0.021611 -0.097637 0.000000
vn -0.038892 -0.092127 0.000000
vn -0.038892 -0.092127 0.000000
vn -0.050780 -0.086147 0.000000
vn -0.050780 -0.086147 0.000000
vn -0.064112 -0.076744 0.000000
vn -0.064112 -0.076744 0.000000
vn -0.076792 -0.064054 0.000000
vn -0.076792 -0.064054 0.000000
vn -0.085635 -0.051639 0.000000
vn -0.085635 -0.051639 0.000000
vn -0.094495 -0.032721 0.000000
vn -0.094495 -0.032721 0.000000
vn -0.098137 -0.019211 0.000000
vn -0.098137 -0.019211 0.000000
vn 0.000292 -0.100000 0.000000
vn 0.000292 -0.100000 0.000000
vn 0.000292 -0.100000 0.000000
vn 0.000292 -0.100000 0.000000
vn 0.098188 -0.018950 0.000000
vn 0.094564 -0.032523 0.000000
vn 0.098188 -0.018950 0.000000
vn 0.094564 -0.032523 0.000000
vn 0.085699 -0.051534 0.000000
vn 0.085699 -0.051534 0.000000
vn 0.076834 -0.064004 0.000000
vn 0.076834 -0.064004 0.000000
vn 0.064159 -0.076705 0.000000
vn 0.064159 -0.076705 0.000000
vn 0.050892 -0.086081 0.000000
vn 0.050892 -0.086081 0.000000
vn 0.039069 -0.092052 0.000000
vn 0.039069 -0.092052 0.000000
vn 0.021880 -0.097577 0.000000
vn 0.021880 -0.097577 0.000000
vn 0.009831 -0.099516 0.000000
vn 0.009831 -0.099516 0.000000
vn 0.100000 0.000292 0.000000
vn 0.100000 0.000292 0.000000
vn 0.100000 0.000292 0.000000
vn 0.100000 0.000292 0.000000
vn -0.000292 0.100000 0.000000
vn -0.000292 0.100000 0.000000
vn -0.000292 0.100000 0.000000
vn -0.000292 0.100000 0.000000
vn -0.100000 -0.000292 0.000000
vn -0.100000 -0.000292 0.000000
vn -0.100000 -0.000292 0.000000
vn -0.100000 -0.000292 0.000000
vn -0.011740 0.099309 0.000000
vn -0.024116 0.097049 0.000000
vn -0.011740 0.099309 0.000000
vn -0.024116 0.097049 0.000000
vn -0.041734 0.090875 0.000000
vn -0.041734 0.090875 0.000000
vn -0.053760 0.084320 0.000000
vn -0.053760 0.084320 0.000000
vn -0.067075 0.074169 0.000000
vn -0.067075 0.074169 0.000000
vn -0.079178 0.061080 0.000000
vn -0.079178 0.061080 0.000000
vn -0.087364 0.048657 0.000000
vn -0.087364 0.048657 0.000000
vn -0.095404 0.029968 0.000000
vn -0.095404 0.029968 0.000000
vn -0.098594 0.016707 0.000000
vn -0.098594 0.016707 0.000000
vn -0.000292 0.100000 0.000000
vn -0.000292 0.100000 0.000000
vn -0.000292 0.100000 0.000000
vn -0.000292 0.100000 0.000000
vn 0.098495 0.017283 0.000000
vn 0.095227 0.030524 0.000000
vn 0.098495 0.017283 0.000000
vn 0.095227 0.030524 0.000000
vn 0.087079 0.049166 0.000000
vn 0.087079 0.049166 0.000000
vn 0.078821 0.061541 0.000000
vn 0.078821 0.061541 0.000000
vn 0.066641 0.074559 0.000000
vn 0.066641 0.074559 0.000000
vn 0.053267 0.084632 0.000000
vn 0.053267 0.084632 0.000000
vn 0.041204 0.091117 0.000000
vn 0.041204 0.091117 0.000000
vn 0.023550 0.097187 0.000000
vn 0.023550 0.097187 0.000000
vn 0.011161 0.099375 0.000000
vn 0.011161 0.099375 0.000000
vn 0.000000 0.000000 -0.100000
vn 0.000000 0.000000 -0.100000
vn 0.000000 0.000000 -0.100000
vn 0.000000 0.000000 -0.100000
vn 0.000000 0.000000 -0.100000
vn 0.000000 0.000000 -0.100000
vn 0.000000 0.000000 -0.100000
vn 0.000000 0.000000 -0.100000
vn 0.000000 0.000000 -0.100000
vn 0.000000 0.000000 -0.100000
vn 0.000000 0.000000 -0.100000
vn 0.000000 0.000000 -0.100000
vn 0.000000 0.000000 -0.100000
vn 0.000000 0.000000 -0.100000
vn 0.000000 0.000000 -0.100000
vn 0.000000 0.000000 -0.100000
vn 0.000000 0.000000 -0.100000
vn 0.000000 0.000000 -0.100000
vn 0.000000 0.000000 -0.100000
vn 0.000000 0.000000 -0.100000
vn 0.000000 0.000000 -0.100000
vn 0.000000 0.000000 -0.100000
vn 0.000000 0.000000 -0.100000
vn 0.000000 0.000000 -0.100000
vn 0.000000 0.000000 -0.100000
vn 0.000000 0.000000 -0.100000
vn 0.000000 0.000000 -0.100000
vn 0.000000 0.000000 -0.100000
vn 0.000000 0.000000 -0.100000
vn 0.000000 0.000000 -0.100000
vn 0.000000 0.000000 -0.100000
vn 0.000000 0.000000 -0.100000
vn 0.000000 0.000000 -0.100000
vn 0.000000 0.000000 -0.100000
vn 0.000000 0.000000 -0.100000
vn 0.000000 0.000000 -0.100000
vn 0.000000 0.000000 -0.100000
vn 0.000000 0.000000 -0.100000
vn 0.000000 0.000000 -0.100000
vn 0.000000 0.000000 -0.100000
vn 0.000000 0.000000 -0.100000
vn 0.000000 0.000000 -0.100000
vn 0.000000 0.000000 -0.100000
vn 0.000000 0.000000 -0.100000
vn 0.000000 0.000000 -0.100000
vn 0.000000 0.000000 -0.100000
vn 0.000000 0.000000 -0.100000
vn 0.000000 0.000000 -0.100000
vn 0.000000 0.000000 -0.100000
vn 0.000000 0.000000 -0.100000
vn 0.000000 0.000000 -0.100000
vn 0.000000 0.000000 -0.100000
vn 0.000000 0.000000 -0.100000
vn 0.000000 0.000000 -0.100000
vn 0.000000 0.000000 -0.100000
vn 0.000000 0.000000 -0.100000
vn 0.000000 0.000000 -0.100000
vn 0.000000 0.000000 -0.100000
vn 0.000000 0.000000 -0.100000
vn 0.000000 0.000000 -0.100000
vn 0.000000 0.000000 -0.100000
vn 0.000000 0.000000 -0.100000
vn 0.000000 0.000000 -0.100000
vn 0.000000 0.000000 -0.100000
vn 0.000000 0.000000 -0.100000
vn 0.000000 0.000000 -0.100000
vn 0.000000 0.000000 -0.100000
vn 0.000000 0.000000 -0.100000
vn 0.000000 0.000000 -0.100000
vn 0.000000 0.000000 -0.100000
vn 0.000000 0.000000 -0.100000
vn 0.000000 0.000000 -0.100000
vn 0.000000 0.000000 -0.100000
vn 0.000000 0.000000 -0.100000
vn 0.000000 0.000000 -0.100000
vn 0.000000 0.000000 -0.100000
vn 0.000000 0.000000 -0.100000
vn 0.000000 0.000000 -0.100000
vn 0.000000 0.000000 -0.100000
vn 0.000000 0.000000 -0.100000
vn 0.000000 0.000000 -0.100000
vn 0.000000 0.000000 -0.100000
vn 0.000000 0.000000 -0.100000
vn 0.000000 0.000000 -0.100000
vn 0.000000 0.000000 -0.100000
vn 0.000000 0.000000 -0.100000
vn 0.000000 0.000000 -0.100000
vn 0.000000 0.000000 -0.100000
vn 0.000000 0.000000 -0.100000
vn 0.000000 0.000000 -0.100000
vn 0.000000 0.000000 -0.100000
vn 0.000000 0.000000 -0.100000
vn 0.000000 0.000000 -0.100000
vn 0.000000 0.000000 -0.100000
vn 0.000000 0.000000 -0.100000
vn 0.000000 0.000000 -0.100000
vn 0.000000 0.000000 -0.100000
vn 0.000000 0.000000 -0.100000
vn 0.000000 0.000000 -0.100000
vn 0.000000 0.000000 -0.100000
vn 0.000000 0.000000 -0.100000
vn 0.000000 0.000000 -0.100000
vn 0.000000 0.000000 -0.100000
vn 0.000000 0.000000 -0.100000
vn 0.000000 0.000000 -0.100000
vn 0.000000 0.000000 -0.100000
vn 0.000000 0.000000 -0.100000
vn 0.000000 0.000000 -0.100000
vn 0.000000 0.000000 -0.100000
vn 0.000000 0.000000 -0.100000
vn 0.000000 0.000000 -0.100000
vn 0.000000 0.000000 -0.100000
vn -0.000292 0.100000 0.000000
vn -0.000292 0.100000 0.000000
vn -0.000292 0.100000 0.000000
vn -0.000292 0.100000 0.000000
vn -0.100000 -0.000292 0.000000
vn -0.100000 -0.000292 0.000000
vn -0.100000 -0.000292 0.000000
vn -0.100000 -0.000292 0.000000
vn 0.000292 -0.100000 0.000000
vn 0.000292 -0.100000 0.000000
vn 0.000292 -0.100000 0.000000
vn 0.000292 -0.100000 0.000000
vn 0.094043 -0.033999 0.000000
vn 0.094043 -0.033999 0.000000
vn 0.094043 -0.033999 0.000000
vn 0.094043 -0.033999 0.000000
vn -0.100000 -0.000292 0.000000
vn -0.100000 -0.000292 0.000000
vn -0.100000 -0.000292 0.000000
vn -0.100000 -0.000292 0.000000
vn 0.000292 -0.100000 0.000000
vn 0.000292 -0.100000 0.000000
vn 0.000292 -0.100000 0.000000
vn 0.000292 -0.100000 0.000000
vn 0.100000 0.000292 0.000000
vn 0.100000 0.000292 0.000000
vn 0.100000 0.000292 0.000000
vn 0.100000 0.000292 0.000000
vn -0.000292 0.100000 0.000000
vn -0.000292 0.100000 0.000000
vn -0.000292 0.100000 0.000000
vn -0.000292 0.100000 0.000000
vn -0.094172 0.033641 0.000000
vn -0.094172 0.033641 0.000000
vn -0.094172 0.033641 0.000000
vn -0.094172 0.033641 0.000000
vn 0.100000 0.000292 0.000000
vn 0.100000 0.000292 0.000000
vn 0.100000 0.000292 0.000000
vn 0.100000 0.000292 0.000000
vn 0.000000 0.000000 -0.100000
vn 0.000000 0.000000 -0.100000
vn 0.000000 0.000000 -0.100000
vn 0.000000 0.000000 -0.100000
vn 0.000000 0.000000 -0.100000
vn 0.000000 0.000000 -0.100000
vn 0.000000 0.000000 -0.100000
vn 0.000000 0.000000 -0.100000
vn 0.000000 0.000000 -0.100000
vn 0.000000 0.000000 -0.100000
vn 0.100000 0.000292 0.000000
vn 0.100000 0.000292 0.000000
vn 0.100000 0.000292 0.000000
vn 0.100000 0.000292 0.000000
vn -0.000292 0.100000 0.000000
vn -0.000292 0.100000 0.000000
vn -0.000292 0.100000 0.000000
vn -0.000292 0.100000 0.000000
vn -0.100000 -0.000292 0.000000
vn -0.100000 -0.000292 0.000000
vn -0.100000 -0.000292 0.000000
vn -0.100000 -0.000292 0.000000
vn 0.000292 -0.100000 0.000000
vn 0.000292 -0.100000 0.000000
vn 0.000292 -0.100000 0.000000
vn 0.000292 -0.100000 0.000000
vn 0.000000 0.000000 -0.100000
vn 0.000000 0.000000 -0.100000
vn 0.000000 0.000000 -0.100000
vn 0.000000 0.000000 -0.100000
vn -0.000292 0.100000 0.000000
vn -0.000292 0.100000 0.000000
vn -0.000292 0.100000 0.000000
vn -0.000292 0.100000 0.000000
vn 0.098237 -0.018693 0.000000
vn 0.098237 -0.018693 0.000000
vn 0.098237 -0.018693 0.000000
vn 0.098237 -0.018693 0.000000
vn -0.098127 -0.019266 0.000000
vn -0.098127 -0.019266 0.000000
vn -0.098127 -0.019266 0.000000
vn -0.098127 -0.019266 0.000000
vn 0.098273 -0.018503 0.000000
vn 0.098273 -0.018503 0.000000
vn 0.098273 -0.018503 0.000000
vn 0.098273 -0.018503 0.000000
vn 0.000292 -0.100000 0.000000
vn 0.000292 -0.100000 0.000000
vn 0.000292 -0.100000 0.000000
vn 0.000292 -0.100000 0.000000
vn -0.098164 -0.019076 0.000000
vn -0.098164 -0.019076 0.000000
vn -0.098164 -0.019076 0.000000
vn -0.098164 -0.019076 0.000000
vn 0.000292 -0.100000 0.000000
vn 0.000292 -0.100000 0.000000
vn 0.000292 -0.100000 0.000000
vn 0.000292 -0.100000 0.000000
vn 0.097466 0.022367 0.000000
vn 0.097466 0.022367 0.000000
vn 0.097466 0.022367 0.000000
vn 0.097466 0.022367 0.000000
vn -0.000292 0.100000 0.000000
vn -0.000292 0.100000 0.000000
vn -0.000292 0.100000 0.000000
vn -0.000292 0.100000 0.000000
vn -0.097463 0.022380 0.000000
vn -0.097463 0.022380 0.000000
vn -0.097463 0.022380 0.000000
vn -0.097463 0.022380 0.000000
vn 0.000292 -0.100000 0.000000
vn 0.000292 -0.100000 0.000000
vn 0.000292 -0.100000 0.000000
vn 0.000292 -0.100000 0.000000
vn 0.000000 0.000000 -0.100000
vn 0.000000 0.000000 -0.100000
vn 0.000000 0.000000 -0.100000
vn 0.000000 0.000000 -0.100000
vn 0.000000 0.000000 -0.100000
vn 0.000000 0.000000 -0.100000
vn 0.000000 0.000000 -0.100000
vn 0.000000 0.000000 -0.100000
vn 0.000000 0.000000 -0.100000
vn 0.000000 0.000000 -0.100000
vn 0.000000 0.000000 -0.100000
vn 0.000000 0.000000 -0.100000
vn 0.000000 0.000000 -0.100000
vn 0.000000 0.000000 -0.100000
vn 0.000000 0.000000 -0.100000
vn 0.000000 0.000000 -0.100000
vn 0.000000 0.000000 -0.100000
vn 0.000000 0.000000 -0.100000
vn 0.000000 0.000000 -0.100000
vn 0.000000 0.000000 -0.100000
vn 0.000000 0.000000 -0.100000
vn 0.000000 0.000000 -0.100000
vn 0.000000 0.000000 -0.100000
vn 0.000000 0.000000 -0.100000
vn 0.000000 0.000000 -0.100000
vn 0.000000 0.000000 -0.100000
vn 0.000000 0.000000 -0.100000
vn 0.000000 0.000000 -0.100000
vn 0.000000 0.000000 -0.100000
vn 0.000000 0.000000 -0.100000
vn 0.000000 0.000000 -0.100000
vn 0.000000 0.000000 -0.100000
vn 0.000000 0.000000 -0.100000
vn 0.000000 0.000000 -0.100000
vn 0.000000 0.000000 -0.100000
vn 0.000000 0.000000 -0.100000
vn 0.000000 0.000000 -0.100000
vn 0.000000 0.000000 -0.100000
vn 0.000000 0.000000 -0.100000
vn 0.000000 0.000000 -0.100000
vn 0.000000 0.000000 -0.100000
vn 0.000000 0.000000 -0.100000
vn 0.000000 0.000000 -0.100000
vn 0.000000 0.000000 -0.100000
vn 0.000000 0.000000 -0.100000
vn 0.000000 0.000000 -0.100000
vn 0.000000 0.000000 -0.100000
vn -0.000292 0.100000 0.000000
vn -0.000292 0.100000 0.000000
vn -0.000292 0.100000 0.000000
vn -0.000292 0.100000 0.000000
vn 0.098237 -0.018693 0.000000
vn 0.098237 -0.018693 0.000000
vn 0.098237 -0.018693 0.000000
vn 0.098237 -0.018693 0.000000
vn -0.098127 -0.019266 0.000000
vn -0.098127 -0.019266 0.000000
vn -0.098127 -0.019266 0.000000
vn -0.098127 -0.019266 0.000000
vn 0.098273 -0.018503 0.000000
vn 0.098273 -0.018503 0.000000
vn 0.098273 -0.018503 0.000000
vn 0.098273 -0.018503 0.000000
vn 0.000292 -0.100000 0.000000
vn 0.000292 -0.100000 0.000000
vn 0.000292 -0.100000 0.000000
vn 0.000292 -0.100000 0.000000
vn -0.098164 -0.019076 0.000000
vn -0.098164 -0.019076 0.000000
vn -0.098164 -0.019076 0.000000
vn -0.098164 -0.019076 0.000000
vn 0.000292 -0.100000 0.000000
vn 0.000292 -0.100000 0.000000
vn 0.000292 -0.100000 0.000000
vn 0.000292 -0.100000 0.000000
vn 0.097466 0.022367 0.000000
vn 0.097466 0.022367 0.000000
vn 0.097466 0.022367 0.000000
vn 0.097466 0.022367 0.000000
vn -0.000292 0.100000 0.000000
vn -0.000292 0.100000 0.000000
vn -0.000292 0.100000 0.000000
vn -0.000292 0.100000 0.000000
vn -0.097463 0.022380 0.000000
vn -0.097463 0.022380 0.000000
vn -0.097463 0.022380 0.000000
vn -0.097463 0.022380 0.000000
vn 0.000292 -0.100000 0.000000
vn 0.000292 -0.100000 0.000000
vn 0.000292 -0.100000 0.000000
vn 0.000292 -0.100000 0.000000
vn 0.000000 0.000000 -0.100000
vn 0.000000 0.000000 -0.100000
vn 0.000000 0.000000 -0.100000
vn 0.000000 0.000000 -0.100000
vn 0.000000 0.000000 -0.100000
vn 0.000000 0.000000 -0.100000
vn 0.000000 0.000000 -0.100000
vn 0.000000 0.000000 -0.100000
vn 0.000000 0.000000 -0.100000
vn 0.000000 0.000000 -0.100000
vn 0.000000 0.000000 -0.100000
vn 0.000000 0.000000 -0.100000
vn 0.000000 0.000000 -0.100000
vn 0.000000 0.000000 -0.100000
vn -0.096593 -0.025882 0.000000
vn -0.096593 -0.025882 0.000000
vn -0.100000 -0.000000 0.000000
vn -0.100000 -0.000000 0.000000
vn -0.096593 0.025882 0.000000
vn -0.096593 0.025882 0.000000
vn -0.086603 0.050000 0.000000
vn -0.086603 0.050000 0.000000
vn -0.070711 0.070711 0.000000
vn -0.070711 0.070711 0.000000
vn -0.050000 0.086603 0.000000
vn -0.050000 0.086603 0.000000
vn -0.025882 0.096593 0.000000
vn -0.025882 0.096593 0.000000
vn 0.000000 0.100000 0.000000
vn 0.000000 0.100000 0.000000
vn 0.025882 0.096593 0.000000
vn 0.025882 0.096593 0.000000
vn 0.050000 0.086603 0.000000
vn 0.050000 0.086603 0.000000
vn 0.070711 0.070711 0.000000
vn 0.070711 0.070711 0.000000
vn 0.086603 0.050000 0.000000
vn 0.086603 0.050000 0.000000
vn 0.096593 0.025882 0.000000
vn 0.096593 0.025882 0.000000
vn 0.100000 0.000000 0.000000
vn 0.100000 0.000000 0.000000
vn 0.096593 -0.025882 0.000000
vn 0.096593 -0.025882 0.000000
vn 0.086603 -0.050000 0.000000
vn 0.086603 -0.050000 0.000000
vn 0.070711 -0.070711 0.000000
vn 0.070711 -0.070711 0.000000
vn 0.050000 -0.086603 0.000000
vn 0.050000 -0.086603 0.000000
vn 0.025882 -0.096593 0.000000
vn 0.025882 -0.096593 0.000000
vn 0.000000 -0.100000 0.000000
vn 0.000000 -0.100000 0.000000
vn -0.025882 -0.096593 0.000000
vn -0.025882 -0.096593 0.000000
vn -0.050000 -0.086603 0.000000
vn -0.050000 -0.086603 0.000000
vn -0.070711 -0.070711 0.000000
vn -0.070711 -0.070711 0.000000
vn -0.086603 -0.050000 0.000000
vn -0.086603 -0.050000 0.000000
vn 0.000000 0.000000 -0.100000
vn 0.000000 0.000000 -0.100000
vn 0.000000 0.000000 -0.100000
vn 0.000000 0.000000 -0.100000
vn 0.000000 0.000000 -0.100000
vn 0.000000 0.000000 -0.100000
vn 0.000000 0.000000 -0.100000
vn 0.000000 0.000000 -0.100000
vn 0.000000 0.000000 -0.100000
vn 0.000000 0.000000 -0.100000
vn 0.000000 0.000000 -0.100000
vn 0.000000 0.000000 -0.100000
vn 0.000000 0.000000 -0.100000
vn 0.000000 0.000000 -0.100000
vn 0.000000 0.000000 -0.100000
vn 0.000000 0.000000 -0.100000
vn 0.000000 0.000000 -0.100000
vn 0.000000 0.000000 -0.100000
vn 0.000000 0.000000 -0.100000
vn 0.000000 0.000000 -0.100000
vn 0.000000 0.000000 -0.100000
vn 0.000000 0.000000 -0.100000
vn 0.000000 0.000000 -0.100000
vn 0.000000 0.000000 -0.100000
vn 0.000000 0.000000 -0.100000
vn 0.000000 0.000000 -0.100000
vn 0.000000 0.000000 -0.100000
vn 0.000000 0.000000 -0.100000
vn 0.000000 0.000000 -0.100000
vn 0.000000 0.000000 -0.100000
vn 0.000000 0.000000 -0.100000
vn 0.000000 0.000000 -0.100000
vn 0.000000 0.000000 -0.100000
vn 0.000000 0.000000 -0.100000
vn 0.000000 0.000000 -0.100000
vn 0.000000 0.000000 -0.100000
vn 0.000000 0.000000 -0.100000
vn 0.000000 0.000000 -0.100000
vn 0.000000 0.000000 -0.100000
vn 0.000000 0.000000 -0.100000
vn 0.000000 0.000000 -0.100000
vn 0.000000 0.000000 -0.100000
vn 0.000000 0.000000 -0.100000
vn 0.000000 0.000000 -0.100000
vn 0.000000 0.000000 -0.100000
vn 0.000000 0.000000 -0.100000
vn 0.000000 0.000000 -0.100000
vn 0.000000 0.000000 -0.100000
vn -0.096593 -0.025882 0.000000
vn -0.096593 -0.025882 0.000000
vn -0.100000 -0.000000 0.000000
vn -0.100000 -0.000000 0.000000
vn -0.096593 0.025882 0.000000
vn -0.096593 0.025882 0.000000
vn -0.086603 0.050000 0.000000
vn -0.086603 0.050000 0.000000
vn -0.070711 0.070711 0.000000
vn -0.070711 0.070711 0.000000
vn -0.050000 0.086603 0.000000
vn -0.050000 0.086603 0.000000
vn -0.025882 0.096593 0.000000
vn -0.025882 0.096593 0.000000
vn 0.000000 0.100000 0.000000
vn 0.000000 0.100000 0.000000
vn 0.025882 0.096593 0.000000
vn 0.025882 0.096593 0.000000
vn 0.050000 0.086603 0.000000
vn 0.050000 0.086603 0.000000
vn 0.070711 0.070711 0.000000
vn 0.070711 0.070711 0.000000
vn 0.086603 0.050000 0.000000
vn 0.086603 0.050000 0.000000
vn 0.096593 0.025882 0.000000
vn 0.096593 0.025882 0.000000
vn 0.100000 0.000000 0.000000
vn 0.100000 0.000000 0.000000
vn 0.096593 -0.025882 0.000000
vn 0.096593 -0.025882 0.000000
vn 0.086603 -0.050000 0.000000
vn 0.086603 -0.050000 0.000000
vn 0.070711 -0.070711 0.000000
vn 0.070711 -0.070711 0.000000
vn 0.050000 -0.086603 0.000000
vn 0.050000 -0.086603 0.000000
vn 0.025882 -0.096593 0.000000
vn 0.025882 -0.096593 0.000000
vn 0.000000 -0.100000 0.000000
vn 0.000000 -0.100000 0.000000
vn -0.025882 -0.096593 0.000000
vn -0.025882 -0.096593 0.000000
vn -0.050000 -0.086603 0.000000
vn -0.050000 -0.086603 0.000000
vn -0.070711 -0.070711 0.000000
vn -0.070711 -0.070711 0.000000
vn -0.086603 -0.050000 0.000000
vn -0.086603 -0.050000 0.000000
vn 0.000000 0.000000 -0.100000
vn 0.000000 0.000000 -0.100000
vn 0.000000 0.000000 -0.100000
vn 0.000000 0.000000 -0.100000
vn 0.000000 0.000000 -0.100000
vn 0.000000 0.000000 -0.100000
vn 0.000000 0.000000 -0.100000
vn 0.000000 0.000000 -0.100000
vn 0.000000 0.000000 -0.100000
vn 0.000000 0.000000 -0.100000
vn 0.000000 0.000000 -0.100000
vn 0.000000 0.000000 -0.100000
vn 0.000000 0.000000 -0.100000
vn 0.000000 0.000000 -0.100000
vn 0.000000 0.000000 -0.100000
vn 0.000000 0.000000 -0.100000
vn 0.000000 0.000000 -0.100000
vn 0.000000 0.000000 -0.100000
vn 0.000000 0.000000 -0.100000
vn 0.000000 0.000000 -0.100000
vn 0.000000 0.000000 -0.100000
vn 0.000000 0.000000 -0.100000
vn 0.000000 0.000000 -0.100000
vn 0.000000 0.000000 -0.100000
vn 0.000000 0.000000 -0.100000
vn 0.000000 0.000000 -0.100000
vn 0.000000 0.000000 -0.100000
vn 0.000000 0.000000 -0.100000
vn 0.000000 0.000000 -0.100000
vn 0.000000 0.000000 -0.100000
vn 0.000000 0.000000 -0.100000
vn 0.000000 0.000000 -0.100000
vn 0.000000 0.000000 -0.100000
vn 0.000000 0.000000 -0.100000
vn 0.000000 0.000000 -0.100000
vn 0.000000 0.000000 -0.100000
vn 0.000000 0.000000 -0.100000
vn 0.000000 0.000000 -0.100000
vn 0.000000 0.000000 -0.100000
vn 0.000000 0.000000 -0.100000
vn 0.000000 0.000000 -0.100000
vn 0.000000 0.000000 -0.100000
vn 0.000000 0.000000 -0.100000
vn 0.000000 0.000000 -0.100000
vn 0.000000 0.000000 -0.100000
vn 0.000000 0.000000 -0.100000
vn 0.000000 0.000000 -0.100000
vn 0.000000 0.000000 -0.100000
vn -0.096593 -0.025882 0.000000
vn -0.096593 -0.025882 0.000000
vn -0.100000 -0.000000 0.000000
vn -0.100000 -0.000000 0.000000
vn -0.096593 0.025882 0.000000
vn -0.096593 0.025882 0.000000
vn -0.086603 0.050000 0.000000
vn -0.086603 0.050000 0.000000
vn -0.070711 0.070711 0.000000
vn -0.070711 0.070711 0.000000
vn -0.050000 0.086603 0.000000
vn -0.050000 0.086603 0.000000
vn -0.025882 0.096593 0.000000
vn -0.025882 0.096593 0.000000
vn 0.000000 0.100000 0.000000
vn 0.000000 0.100000 0.000000
vn 0.025882 0.096593 0.000000
vn 0.025882 0.096593 0.000000
vn 0.050000 0.086603 0.000000
vn 0.050000 0.086603 0.000000
vn 0.070711 0.070711 0.000000
vn 0.070711 0.070711 0.000000
vn 0.086603 0.050000 0.000000
vn 0.086603 0.050000 0.000000
vn 0.096593 0.025882 0.000000
vn 0.096593 0.025882 0.000000
vn 0.100000 0.000000 0.000000
vn 0.100000 0.000000 0.000000
vn 0.096593 -0.025882 0.000000
vn 0.096593 -0.025882 0.000000
vn 0.086603 -0.050000 0.000000
vn 0.086603 -0.050000 0.000000
vn 0.070711 -0.070711 0.000000
vn 0.070711 -0.070711 0.000000
vn 0.050000 -0.086603 0.000000
vn 0.050000 -0.086603 0.000000
vn 0.025882 -0.096593 0.000000
vn 0.025882 -0.096593 0.000000
vn 0.000000 -0.100000 0.000000
vn 0.000000 -0.100000 0.000000
vn -0.025882 -0.096593 0.000000
vn -0.025882 -0.096593 0.000000
vn -0.050000 -0.086603 0.000000
vn -0.050000 -0.086603 0.000000
vn -0.070711 -0.070711 0.000000
vn -0.070711 -0.070711 0.000000
vn -0.086603 -0.050000 0.000000
vn -0.086603 -0.050000 0.000000
vn 0.000000 0.000000 -0.100000
vn 0.000000 0.000000 -0.100000
vn 0.000000 0.000000 -0.100000
vn 0.000000 0.000000 -0.100000
vn 0.000000 0.000000 -0.100000
vn 0.000000 0.000000 -0.100000
vn 0.000000 0.000000 -0.100000
vn 0.000000 0.000000 -0.100000
vn 0.000000 0.000000 -0.100000
vn 0.000000 0.000000 -0.100000
vn 0.000000 0.000000 -0.100000
vn 0.000000 0.000000 -0.100000
vn 0.000000 0.000000 -0.100000
vn 0.000000 0.000000 -0.100000
vn 0.000000 0.000000 -0.100000
vn 0.000000 0.000000 -0.100000
vn 0.000000 0.000000 -0.100000
vn 0.000000 0.000000 -0.100000
vn 0.000000 0.000000 -0.100000
vn 0.000000 0.000000 -0.100000
vn 0.000000 0.000000 -0.100000
vn 0.000000 0.000000 -0.100000
vn 0.000000 0.000000 -0.100000
vn 0.000000 0.000000 -0.100000
vn 0.000000 0.000000 -0.100000
vn 0.000000 0.000000 -0.100000
vn 0.000000 0.000000 -0.100000
vn 0.000000 0.000000 -0.100000
vn 0.000000 0.000000 -0.100000
vn 0.000000 0.000000 -0.100000
vn 0.000000 0.000000 -0.100000
vn 0.000000 0.000000 -0.100000
vn 0.000000 0.000000 -0.100000
vn 0.000000 0.000000 -0.100000
vn 0.000000 0.000000 -0.100000
vn 0.000000 0.000000 -0.100000
vn 0.000000 0.000000 -0.100000
vn 0.000000 0.000000 -0.100000
vn 0.000000 0.000000 -0.100000
vn 0.000000 0.000000 -0.100000
vn 0.000000 0.000000 -0.100000
vn 0.000000 0.000000 -0.100000
vn 0.000000 0.000000 -0.100000
vn 0.000000 0.000000 -0.100000
vn 0.000000 0.000000 -0.100000
vn 0.000000 0.000000 -0.100000
vn 0.000000 0.000000 -0.100000
vn 0.000000 0.000000 -0.100000
vn -0.096593 -0.025882 0.000000
vn -0.096593 -0.025882 0.000000
vn -0.100000 -0.000000 0.000000
vn -0.100000 -0.000000 0.000000
vn -0.096593 0.025882 0.000000
vn -0.096593 0.025882 0.000000
vn -0.086603 0.050000 0.000000
vn -0.086603 0.050000 0.000000
vn -0.070711 0.070711 0.000000
vn -0.070711 0.070711 0.000000
vn -0.050000 0.086603 0.000000
vn -0.050000 0.086603 0.000000
vn -0.025882 0.096593 0.000000
vn -0.025882 0.096593 0.000000
vn 0.000000 0.100000 0.000000
vn 0.000000 0.100000 0.000000
vn 0.025882 0.096593 0.000000
vn 0.025882 0.096593 0.000000
vn 0.050000 0.086603 0.000000
vn 0.050000 0.086603 0.000000
vn 0.070711 0.070711 0.000000
vn 0.070711 0.070711 0.000000
vn 0.086603 0.050000 0.000000
vn 0.086603 0.050000 0.000000
vn 0.096593 0.025882 0.000000
vn 0.096593 0.025882 0.000000
vn 0.100000 0.000000 0.000000
vn 0.100000 0.000000 0.000000
vn 0.096593 -0.025882 0.000000
vn 0.096593 -0.025882 0.000000
vn 0.086603 -0.050000 0.000000
vn 0.086603 -0.050000 0.000000
vn 0.070711 -0.070711 0.000000
vn 0.070711 -0.070711 0.000000
vn 0.050000 -0.086603 0.000000
vn 0.050000 -0.086603 0.000000
vn 0.025882 -0.096593 0.000000
vn 0.025882 -0.096593 0.000000
vn 0.000000 -0.100000 0.000000
vn 0.000000 -0.100000 0.000000
vn -0.025882 -0.096593 0.000000
vn -0.025882 -0.096593 0.000000
vn -0.050000 -0.086603 0.000000
vn -0.050000 -0.086603 0.000000
vn -0.070711 -0.070711 0.000000
vn -0.070711 -0.070711 0.000000
vn -0.086603 -0.050000 0.000000
vn -0.086603 -0.050000 0.000000
vn 0.000000 0.000000 -0.100000
vn 0.000000 0.000000 -0.100000
vn 0.000000 0.000000 -0.100000
vn 0.000000 0.000000 -0.100000
vn 0.000000 0.000000 -0.100000
vn 0.000000 0.000000 -0.100000
vn 0.000000 0.000000 -0.100000
vn 0.000000 0.000000 -0.100000
vn 0.000000 0.000000 -0.100000
vn 0.000000 0.000000 -0.100000
vn 0.000000 0.000000 -0.100000
vn 0.000000 0.000000 -0.100000
vn 0.000000 0.000000 -0.100000
vn 0.000000 0.000000 -0.100000
vn 0.000000 0.000000 -0.100000
vn 0.000000 0.000000 -0.100000
vn 0.000000 0.000000 -0.100000
vn 0.000000 0.000000 -0.100000
vn 0.000000 0.000000 -0.100000
vn 0.000000 0.000000 -0.100000
vn 0.000000 0.000000 -0.100000
vn 0.000000 0.000000 -0.100000
vn 0.000000 0.000000 -0.100000
vn 0.000000 0.000000 -0.100000
vn 0.000000 0.000000 -0.100000
vn 0.000000 0.000000 -0.100000
vn 0.000000 0.000000 -0.100000
vn 0.000000 0.000000 -0.100000
vn 0.000000 0.000000 -0.100000
vn 0.000000 0.000000 -0.100000
vn 0.000000 0.000000 -0.100000
vn 0.000000 0.000000 -0.100000
vn 0.000000 0.000000 -0.100000
vn 0.000000 0.000000 -0.100000
vn 0.000000 0.000000 -0.100000
vn 0.000000 0.000000 -0.100000
vn 0.000000 0.000000 -0.100000
vn 0.000000 0.000000 -0.100000
vn 0.000000 0.000000 -0.100000
vn 0.000000 0.000000 -0.100000
vn 0.000000 0.000000 -0.100000
vn 0.000000 0.000000 -0.100000
vn 0.000000 0.000000 -0.100000
vn 0.000000 0.000000 -0.100000
vn 0.000000 0.000000 -0.100000
vn 0.000000 0.000000 -0.100000
vn 0.000000 0.000000 -0.100000
vn 0.000000 0.000000 -0.100000
vn 0.070704 0.000954 -0.070711
vn 0.070704 0.000954 -0.070711
vn 0.070704 0.000954 -0.070711
vn 0.070704 0.000954 -0.070711
vn -0.000954 0.070704 -0.070711
vn -0.000954 0.070704 -0.070711
vn -0.000954 0.070704 -0.070711
vn -0.000954 0.070704 -0.070711
vn 0.000949 -0.070704 -0.070711
vn 0.000949 -0.070704 -0.070711
vn 0.000949 -0.070704 -0.070711
vn 0.000949 -0.070704 -0.070711
vn -0.070704 -0.000949 -0.070711
vn -0.070704 -0.000949 -0.070711
vn -0.070704 -0.000949 -0.070711
vn -0.070704 -0.000949 -0.070711
vn -0.070638 -0.003212 -0.070711
vn -0.070620 -0.003587 -0.070711
vn -0.069166 -0.014701 -0.070711
vn -0.069062 -0.015180 -0.070711
vn -0.065838 -0.025796 -0.070711
vn -0.065615 -0.026357 -0.070711
vn -0.060743 -0.036198 -0.070711
vn -0.060372 -0.036813 -0.070711
vn -0.054019 -0.045629 -0.070711
vn -0.053477 -0.046262 -0.070711
vn -0.045845 -0.053836 -0.070711
vn -0.045119 -0.054445 -0.070711
vn -0.049326 -0.050665 -0.070711
vn -0.049326 -0.050665 -0.070711
vn -0.049326 -0.050665 -0.070711
vn -0.049326 -0.050665 -0.070711
vn -0.050049 -0.049951 -0.070711
vn -0.050049 -0.049951 -0.070711
vn -0.050049 -0.049951 -0.070711
vn -0.050049 -0.049951 -0.070711
vn 0.006602 -0.070402 -0.070711
vn 0.005665 -0.070483 -0.070711
vn -0.005096 -0.070527 -0.070711
vn -0.005921 -0.070462 -0.070711
vn -0.016655 -0.068721 -0.070711
vn -0.017348 -0.068550 -0.070711
vn -0.027758 -0.065035 -0.070711
vn -0.028309 -0.064797 -0.070711
vn -0.038101 -0.059568 -0.070711
vn -0.038511 -0.059304 -0.070711
vn -0.047401 -0.052471 -0.070711
vn -0.047678 -0.052219 -0.070711
vn -0.000007 -0.070711 -0.070711
vn -0.000007 -0.070711 -0.070711
vn -0.000007 -0.070711 -0.070711
vn -0.000007 -0.070711 -0.070711
vn -0.070711 -0.000006 -0.070711
vn -0.070711 -0.000006 -0.070711
vn -0.070711 -0.000006 -0.070711
vn -0.070711 -0.000006 -0.070711
vn -0.070711 -0.000006 -0.070711
vn -0.003240 0.070636 -0.070711
vn -0.003643 0.070617 -0.070711
vn -0.015114 0.069077 -0.070711
vn -0.016920 0.068657 -0.070711
vn -0.026554 0.065535 -0.070711
vn -0.029586 0.064223 -0.070711
vn -0.037233 0.060114 -0.070711
vn -0.041188 0.057477 -0.070711
vn -0.046844 0.052968 -0.070711
vn -0.051305 0.048660 -0.070711
vn -0.055111 0.044304 -0.070711
vn -0.059575 0.038090 -0.070711
vn -0.061797 0.034368 -0.070711
vn -0.065698 0.026148 -0.070711
vn -0.066710 0.023446 -0.070711
vn -0.069455 0.013265 -0.070711
vn -0.069710 0.011852 -0.070711
vn -0.070711 -0.000088 -0.070711
vn -0.070711 -0.000082 -0.070711
vn -0.070711 -0.000097 -0.070711
vn 0.054449 -0.045114 -0.070711
vn 0.053846 -0.045833 -0.070711
vn 0.046266 -0.053474 -0.070711
vn 0.045639 -0.054010 -0.070711
vn 0.036817 -0.060370 -0.070711
vn 0.036206 -0.060738 -0.070711
vn 0.026360 -0.065614 -0.070711
vn 0.025802 -0.065835 -0.070711
vn 0.015181 -0.069062 -0.070711
vn 0.014705 -0.069165 -0.070711
vn 0.003588 -0.070620 -0.070711
vn 0.003213 -0.070638 -0.070711
vn -0.000011 0.070711 -0.070711
vn -0.000011 0.070711 -0.070711
vn -0.000011 0.070711 -0.070711
vn -0.000011 0.070711 -0.070711
vn -0.000011 0.070711 -0.070711
vn 0.070636 0.003240 -0.070711
vn 0.070617 0.003644 -0.070711
vn 0.069076 0.015114 -0.070711
vn 0.068657 0.016920 -0.070711
vn 0.065535 0.026555 -0.070711
vn 0.064223 0.029587 -0.070711
vn 0.060114 0.037234 -0.070711
vn 0.057477 0.041188 -0.070711
vn 0.052968 0.046844 -0.070711
vn 0.048660 0.051305 -0.070711
vn 0.044303 0.055111 -0.070711
vn 0.038090 0.059575 -0.070711
vn 0.034367 0.061797 -0.070711
vn 0.026148 0.065698 -0.070711
vn 0.023446 0.066711 -0.070711
vn 0.013265 0.069455 -0.070711
vn 0.011851 0.069710 -0.070711
vn -0.000089 0.070711 -0.070711
vn -0.000083 0.070711 -0.070711
vn -0.000097 0.070711 -0.070711
vn 0.050005 -0.049995 -0.070711
vn 0.050005 -0.049995 -0.070711
vn 0.050005 -0.049995 -0.070711
vn 0.050005 -0.049995 -0.070711
vn 0.045508 -0.054120 -0.070711
vn 0.045508 -0.054120 -0.070711
vn 0.045508 -0.054120 -0.070711
vn 0.045508 -0.054120 -0.070711
vn 0.070711 -0.000020 -0.070711
vn 0.070711 -0.000020 -0.070711
vn 0.070711 -0.000020 -0.070711
vn 0.070711 -0.000020 -0.070711
vn 0.070711 -0.000020 -0.070711
vn 0.047218 -0.052635 -0.070711
vn 0.047497 -0.052384 -0.070711
vn 0.055369 -0.043980 -0.070711
vn 0.055559 -0.043740 -0.070711
vn 0.061955 -0.034081 -0.070711
vn 0.062069 -0.033873 -0.070711
vn 0.066790 -0.023219 -0.070711
vn 0.066845 -0.023060 -0.070711
vn 0.069736 -0.011701 -0.070711
vn 0.069752 -0.011603 -0.070711
vn 0.070711 0.000149 -0.070711
vn 0.070710 0.000161 -0.070711
vn 0.070710 0.000179 -0.070711
vn 0.099895 0.004583 0.000000
vn 0.099895 0.004583 0.000000
vn 0.097689 0.021375 0.000000
vn 0.097689 0.021375 0.000000
vn 0.092681 0.037554 0.000000
vn 0.092681 0.037554 0.000000
vn 0.085014 0.052656 0.000000
vn 0.085014 0.052656 0.000000
vn 0.074908 0.066248 0.000000
vn 0.074908 0.066248 0.000000
vn 0.062654 0.077939 0.000000
vn 0.062654 0.077939 0.000000
vn 0.048603 0.087394 0.000000
vn 0.048603 0.087394 0.000000
vn 0.033157 0.094343 0.000000
vn 0.033157 0.094343 0.000000
vn 0.016760 0.098585 0.000000
vn 0.016760 0.098585 0.000000
vn -0.000117 0.100000 -0.000000
vn -0.000117 0.100000 -0.000000
vn -0.000015 0.100000 0.000000
vn -0.000015 0.100000 0.000000
vn -0.000015 0.100000 0.000000
vn -0.000015 0.100000 0.000000
vn -0.001350 0.099991 0.000000
vn -0.001350 0.099991 0.000000
vn -0.001350 0.099991 0.000000
vn -0.001350 0.099991 0.000000
vn -0.004582 0.099895 -0.000000
vn -0.004582 0.099895 -0.000000
vn -0.021375 0.097689 -0.000000
vn -0.021375 0.097689 -0.000000
vn -0.037554 0.092681 -0.000000
vn -0.037554 0.092681 -0.000000
vn -0.052656 0.085014 -0.000000
vn -0.052656 0.085014 -0.000000
vn -0.066247 0.074909 -0.000000
vn -0.066247 0.074909 -0.000000
vn -0.077938 0.062655 -0.000000
vn -0.077938 0.062655 -0.000000
vn -0.087394 0.048603 -0.000000
vn -0.087394 0.048603 -0.000000
vn -0.094343 0.033158 -0.000000
vn -0.094343 0.033158 -0.000000
vn -0.098585 0.016762 -0.000000
vn -0.098585 0.016762 -0.000000
vn -0.100000 -0.000116 0.000000
vn -0.100000 -0.000116 0.000000
vn -0.100000 -0.000008 0.000000
vn -0.100000 -0.000008 0.000000
vn -0.100000 -0.000008 0.000000
vn -0.100000 -0.000008 0.000000
vn -0.099991 -0.001342 0.000000
vn -0.099991 -0.001342 0.000000
vn -0.099991 -0.001342 0.000000
vn -0.099991 -0.001342 0.000000
vn -0.099897 -0.004543 0.000000
vn -0.099897 -0.004543 0.000000
vn -0.097815 -0.020791 0.000000
vn -0.097815 -0.020791 0.000000
vn -0.093108 -0.036481 0.000000
vn -0.093108 -0.036481 0.000000
vn -0.085904 -0.051192 0.000000
vn -0.085904 -0.051192 0.000000
vn -0.076394 -0.064529 0.000000
vn -0.076394 -0.064529 0.000000
vn -0.064834 -0.076135 0.000000
vn -0.064834 -0.076135 0.000000
vn -0.070780 -0.070641 0.000000
vn -0.070780 -0.070641 0.000000
vn -0.070780 -0.070641 0.000000
vn -0.070780 -0.070641 0.000000
vn -0.069757 -0.071652 0.000000
vn -0.069757 -0.071652 0.000000
vn -0.069757 -0.071652 0.000000
vn -0.069757 -0.071652 0.000000
vn 0.000000 0.000000 -0.100000
vn 0.000000 0.000000 -0.100000
vn 0.000000 0.000000 -0.100000
vn -0.000000 -0.000000 0.100000
vn -0.000000 -0.000000 0.100000
vn -0.000000 -0.000000 0.100000
vn -0.000000 -0.000000 0.100000
vn -0.000000 -0.000000 0.100000
vn -0.000000 -0.000000 0.100000
vn -0.000000 -0.000000 0.100000
vn -0.000000 -0.000000 0.100000
vn -0.000000 -0.000000 0.100000
vn -0.000000 -0.000000 0.100000
vn -0.000000 -0.000000 0.100000
vn -0.000000 -0.000000 0.100000
vn -0.000000 -0.000000 0.100000
vn -0.000000 -0.000000 0.100000
vn -0.000000 -0.000000 0.100000
vn -0.000000 -0.000000 0.100000
vn -0.000000 -0.000000 0.100000
vn -0.000000 -0.000000 0.100000
vn -0.000000 -0.000000 0.100000
vn -0.000000 -0.000000 0.100000
vn -0.000000 -0.000000 0.100000
vn -0.000000 -0.000000 0.100000
vn -0.000000 -0.000000 0.100000
vn -0.000000 -0.000000 0.100000
vn -0.000000 -0.000000 0.100000
vn -0.000000 -0.000000 0.100000
vn -0.000000 -0.000000 0.100000
vn -0.000000 -0.000000 0.100000
vn -0.000000 -0.000000 0.100000
vn -0.000000 -0.000000 0.100000
vn -0.000000 -0.000000 0.100000
vn -0.000000 -0.000000 0.100000
vn -0.000000 -0.000000 0.100000
vn -0.000000 -0.000000 0.100000
vn -0.000000 -0.000000 0.100000
vn -0.000000 -0.000000 0.100000
vn -0.000000 -0.000000 0.100000
vn -0.000000 -0.000000 0.100000
vn -0.000000 -0.000000 0.100000
vn -0.000000 -0.000000 0.100000
vn -0.000000 -0.000000 0.100000
vn -0.000000 -0.000000 0.100000
vn -0.000000 -0.000000 0.100000
vn -0.000000 -0.000000 0.100000
vn -0.000000 -0.000000 0.100000
vn -0.000000 -0.000000 0.100000
vn -0.000000 -0.000000 0.100000
vn -0.000000 -0.000000 0.100000
vn -0.000000 -0.000000 0.100000
vn -0.000000 -0.000000 0.100000
vn -0.000000 -0.000000 0.100000
vn -0.000000 -0.000000 0.100000
vn -0.000000 -0.000000 0.100000
vn -0.000000 -0.000000 0.100000
vn -0.000000 -0.000000 0.100000
vn -0.000000 -0.000000 0.100000
vn -0.000000 -0.000000 0.100000
vn -0.000000 -0.000000 0.100000
vn -0.000000 -0.000000 0.100000
vn -0.000000 -0.000000 0.100000
vn -0.000000 -0.000000 0.100000
vn -0.000000 -0.000000 0.100000
vn -0.000000 -0.000000 0.100000
vn -0.000000 -0.000000 0.100000
vn -0.000000 -0.000000 0.100000
vn -0.000000 -0.000000 0.100000
vn -0.000000 -0.000000 0.100000
vn -0.000000 -0.000000 0.100000
vn -0.000000 -0.000000 0.100000
vn -0.000000 -0.000000 0.100000
vn -0.000000 -0.000000 0.100000
vn -0.000000 -0.000000 0.100000
vn -0.000000 -0.000000 0.100000
vn -0.000000 -0.000000 0.100000
vn -0.000000 -0.000000 0.100000
vn -0.000000 -0.000000 0.100000
vn -0.000000 -0.000000 0.100000
vn -0.000000 -0.000000 0.100000
vn -0.000000 -0.000000 0.100000
vn -0.000000 -0.000000 0.100000
vn -0.000000 -0.000000 0.100000
vn -0.000000 -0.000000 0.100000
vn -0.000000 -0.000000 0.100000
vn -0.000000 -0.000000 0.100000
vn -0.000000 -0.000000 0.100000
vn -0.000000 -0.000000 0.100000
vn -0.000000 -0.000000 0.100000
vn -0.000000 -0.000000 0.100000
vn -0.000000 -0.000000 0.100000
vn -0.000000 -0.000000 0.100000
vn -0.000000 -0.000000 0.100000
vn -0.000000 -0.000000 0.100000
vn -0.000000 -0.000000 0.100000
vn -0.000000 -0.000000 0.100000
vn -0.000000 -0.000000 0.100000
vn -0.067427 -0.073849 0.000000
vn -0.067427 -0.073849 0.000000
vn -0.054462 -0.083868 0.000000
vn -0.054462 -0.083868 0.000000
vn -0.040035 -0.091636 0.000000
vn -0.040035 -0.091636 0.000000
vn -0.024534 -0.096944 0.000000
vn -0.024534 -0.096944 0.000000
vn -0.008373 -0.099649 0.000000
vn -0.008373 -0.099649 0.000000
vn 0.008012 -0.099679 0.000000
vn 0.008012 -0.099679 0.000000
vn -0.000009 -0.100000 0.000000
vn -0.000009 -0.100000 0.000000
vn -0.000009 -0.100000 0.000000
vn -0.000009 -0.100000 0.000000
vn 0.001342 -0.099991 0.000000
vn 0.001342 -0.099991 0.000000
vn 0.001342 -0.099991 0.000000
vn 0.001342 -0.099991 0.000000
vn 0.004544 -0.099897 0.000000
vn 0.004544 -0.099897 0.000000
vn 0.020796 -0.097814 0.000000
vn 0.020796 -0.097814 0.000000
vn 0.036490 -0.093105 0.000000
vn 0.036490 -0.093105 0.000000
vn 0.051204 -0.085896 0.000000
vn 0.051204 -0.085896 0.000000
vn 0.064543 -0.076382 0.000000
vn 0.064543 -0.076382 0.000000
vn 0.076150 -0.064817 0.000000
vn 0.076150 -0.064817 0.000000
vn 0.070717 -0.070704 0.000000
vn 0.070717 -0.070704 0.000000
vn 0.070717 -0.070704 0.000000
vn 0.070717 -0.070704 0.000000
vn 0.064358 -0.076538 0.000000
vn 0.064358 -0.076538 0.000000
vn 0.064358 -0.076538 0.000000
vn 0.064358 -0.076538 0.000000
vn 0.066777 -0.074437 0.000000
vn 0.066777 -0.074437 0.000000
vn 0.078304 -0.062197 0.000000
vn 0.078304 -0.062197 0.000000
vn 0.087618 -0.048198 0.000000
vn 0.087618 -0.048198 0.000000
vn 0.094455 -0.032837 0.000000
vn 0.094455 -0.032837 0.000000
vn 0.098621 -0.016547 0.000000
vn 0.098621 -0.016547 0.000000
vn 0.100000 0.000210 0.000000
vn 0.100000 0.000210 0.000000
vn 0.100000 -0.000028 0.000000
vn 0.100000 -0.000028 0.000000
vn 0.100000 -0.000028 0.000000
vn 0.100000 -0.000028 0.000000
vn 0.099991 0.001350 0.000000
vn 0.099991 0.001350 0.000000
vn 0.099991 0.001350 0.000000
vn 0.099991 0.001350 0.000000
vn -0.005547 0.099846 -0.000000
vn -0.005547 0.099846 -0.000000
vn -0.026883 0.096319 -0.000000
vn -0.026883 0.096319 -0.000000
vn -0.046962 0.088287 -0.000000
vn -0.046962 0.088287 -0.000000
vn -0.064844 0.076126 -0.000000
vn -0.064844 0.076126 -0.000000
vn -0.079695 0.060405 -0.000000
vn -0.079695 0.060405 -0.000000
vn -0.090817 0.041859 -0.000000
vn -0.090817 0.041859 -0.000000
vn -0.097693 0.021356 -0.000000
vn -0.097693 0.021356 -0.000000
vn -0.100000 -0.000147 0.000000
vn -0.100000 -0.000147 0.000000
vn -0.100000 -0.000008 0.000000
vn -0.100000 -0.000008 0.000000
vn -0.100000 -0.000008 0.000000
vn -0.100000 -0.000008 0.000000
vn -0.096593 0.025882 0.000000
vn -0.096593 0.025882 0.000000
vn -0.100000 0.000000 0.000000
vn -0.100000 0.000000 0.000000
vn -0.096593 -0.025882 0.000000
vn -0.096593 -0.025882 0.000000
vn -0.086603 -0.050000 0.000000
vn -0.086603 -0.050000 0.000000
vn -0.070711 -0.070711 0.000000
vn -0.070711 -0.070711 0.000000
vn -0.050000 -0.086603 0.000000
vn -0.050000 -0.086603 0.000000
vn -0.025882 -0.096593 0.000000
vn -0.025882 -0.096593 0.000000
vn 0.000000 -0.100000 0.000000
vn 0.000000 -0.100000 0.000000
vn 0.025882 -0.096593 0.000000
vn 0.025882 -0.096593 0.000000
vn 0.050000 -0.086603 0.000000
vn 0.050000 -0.086603 0.000000
vn 0.070711 -0.070711 0.000000
vn 0.070711 -0.070711 0.000000
vn 0.086603 -0.050000 0.000000
vn 0.086603 -0.050000 0.000000
vn 0.096593 -0.025882 0.000000
vn 0.096593 -0.025882 0.000000
vn 0.100000 -0.000000 0.000000
vn 0.100000 -0.000000 0.000000
vn 0.096593 0.025882 0.000000
vn 0.096593 0.025882 0.000000
vn 0.086603 0.050000 0.000000
vn 0.086603 0.050000 0.000000
vn 0.070711 0.070711 0.000000
vn 0.070711 0.070711 0.000000
vn 0.050000 0.086603 0.000000
vn 0.050000 0.086603 0.000000
vn 0.025882 0.096593 0.000000
vn 0.025882 0.096593 0.000000
vn 0.000000 0.100000 0.000000
vn 0.000000 0.100000 0.000000
vn -0.025882 0.096593 0.000000
vn -0.025882 0.096593 0.000000
vn -0.050000 0.086603 0.000000
vn -0.050000 0.086603 0.000000
vn -0.070711 0.070711 0.000000
vn -0.070711 0.070711 0.000000
vn -0.086603 0.050000 0.000000
vn -0.086603 0.050000 0.000000
vn 0.100000 0.000000 0.000000
vn 0.100000 0.000000 0.000000
vn 0.098079 -0.019509 0.000000
vn 0.098079 -0.019509 0.000000
vn 0.092388 -0.038268 0.000000
vn 0.092388 -0.038268 0.000000
vn 0.083147 -0.055557 0.000000
vn 0.083147 -0.055557 0.000000
vn 0.070711 -0.070711 0.000000
vn 0.070711 -0.070711 0.000000
vn 0.055557 -0.083147 0.000000
vn 0.055557 -0.083147 0.000000
vn 0.038268 -0.092388 0.000000
vn 0.038268 -0.092388 0.000000
vn 0.019509 -0.098079 0.000000
vn 0.019509 -0.098079 0.000000
vn 0.100000 0.000000 0.000000
vn 0.100000 0.000000 0.000000
vn 0.100000 0.000000 0.000000
vn -0.000015 0.100000 0.000000
vn -0.000015 0.100000 0.000000
vn -0.000015 0.100000 0.000000
vn -0.000015 0.100000 0.000000
vn -0.001350 0.099991 0.000000
vn -0.001350 0.099991 0.000000
vn -0.001350 0.099991 0.000000
vn -0.001350 0.099991 0.000000
vn 0.099846 0.005547 0.000000
vn 0.099846 0.005547 0.000000
vn 0.096319 0.026883 0.000000
vn 0.096319 0.026883 0.000000
vn 0.088287 0.046962 0.000000
vn 0.088287 0.046962 0.000000
vn 0.076126 0.064845 0.000000
vn 0.076126 0.064845 0.000000
vn 0.060405 0.079694 0.000000
vn 0.060405 0.079694 0.000000
vn 0.041859 0.090817 0.000000
vn 0.041859 0.090817 0.000000
vn 0.021356 0.097693 0.000000
vn 0.021356 0.097693 0.000000
vn -0.000146 0.100000 -0.000000
vn -0.000146 0.100000 -0.000000
vn -0.000015 0.100000 0.000000
vn -0.000015 0.100000 0.000000
vn -0.000015 0.100000 0.000000
vn -0.000015 0.100000 0.000000
vn -0.100000 -0.000000 0.000000
vn -0.100000 -0.000000 0.000000
vn -0.100000 -0.000000 0.000000
vn -0.100000 -0.000000 0.000000
vn -0.096593 0.025882 0.000000
vn -0.096593 0.025882 0.000000
vn -0.100000 0.000000 0.000000
vn -0.100000 0.000000 0.000000
vn -0.096593 -0.025882 0.000000
vn -0.096593 -0.025882 0.000000
vn -0.086603 -0.050000 0.000000
vn -0.086603 -0.050000 0.000000
vn -0.070711 -0.070711 0.000000
vn -0.070711 -0.070711 0.000000
vn -0.050000 -0.086603 0.000000
vn -0.050000 -0.086603 0.000000
vn -0.025882 -0.096593 0.000000
vn -0.025882 -0.096593 0.000000
vn 0.000000 -0.100000 0.000000
vn 0.000000 -0.100000 0.000000
vn 0.025882 -0.096593 0.000000
vn 0.025882 -0.096593 0.000000
vn 0.050000 -0.086603 0.000000
vn 0.050000 -0.086603 0.000000
vn 0.070711 -0.070711 0.000000
vn 0.070711 -0.070711 0.000000
vn 0.086603 -0.050000 0.000000
vn 0.086603 -0.050000 0.000000
vn 0.096593 -0.025882 0.000000
vn 0.096593 -0.025882 0.000000
vn 0.100000 -0.000000 0.000000
vn 0.100000 -0.000000 0.000000
vn 0.096593 0.025882 0.000000
vn 0.096593 0.025882 0.000000
vn 0.086603 0.050000 0.000000
vn 0.086603 0.050000 0.000000
vn 0.070711 0.070711 0.000000
vn 0.070711 0.070711 0.000000
vn 0.050000 0.086603 0.000000
vn 0.050000 0.086603 0.000000
vn 0.025882 0.096593 0.000000
vn 0.025882 0.096593 0.000000
vn 0.000000 0.100000 0.000000
vn 0.000000 0.100000 0.000000
vn -0.025882 0.096593 0.000000
vn -0.025882 0.096593 0.000000
vn -0.050000 0.086603 0.000000
vn -0.050000 0.086603 0.000000
vn -0.070711 0.070711 0.000000
vn -0.070711 0.070711 0.000000
vn -0.086603 0.050000 0.000000
vn -0.086603 0.050000 0.000000
vn 0.000000 -0.100000 0.000000
vn 0.000000 -0.100000 0.000000
vn -0.019509 -0.098079 0.000000
vn -0.019509 -0.098079 0.000000
vn -0.038268 -0.092388 0.000000
vn -0.038268 -0.092388 0.000000
vn -0.055557 -0.083147 0.000000
vn -0.055557 -0.083147 0.000000
vn -0.070711 -0.070711 0.000000
vn -0.070711 -0.070711 0.000000
vn -0.083147 -0.055557 0.000000
vn -0.083147 -0.055557 0.000000
vn -0.092388 -0.038268 0.000000
vn -0.092388 -0.038268 0.000000
vn -0.098079 -0.019509 0.000000
vn -0.098079 -0.019509 0.000000
vn 0.000000 -0.100000 0.000000
vn 0.000000 -0.100000 0.000000
vn 0.100000 -0.000028 0.000000
vn 0.100000 -0.000028 0.000000
vn 0.100000 -0.000028 0.000000
vn 0.100000 -0.000028 0.000000
vn 0.099991 0.001350 0.000000
vn 0.099991 0.001350 0.000000
vn 0.099991 0.001350 0.000000
vn 0.099991 0.001350 0.000000
vn 0.005431 -0.099852 0.000000
vn 0.005431 -0.099852 0.000000
vn 0.025970 -0.096569 0.000000
vn 0.025970 -0.096569 0.000000
vn 0.045385 -0.089108 0.000000
vn 0.045385 -0.089108 0.000000
vn 0.062837 -0.077791 0.000000
vn 0.062837 -0.077791 0.000000
vn 0.077571 -0.063109 0.000000
vn 0.077571 -0.063109 0.000000
vn 0.070717 -0.070704 0.000000
vn 0.070717 -0.070704 0.000000
vn 0.070717 -0.070704 0.000000
vn 0.070717 -0.070704 0.000000
vn -0.096593 0.025882 0.000000
vn -0.096593 0.025882 0.000000
vn -0.100000 0.000000 0.000000
vn -0.100000 0.000000 0.000000
vn -0.096593 -0.025882 0.000000
vn -0.096593 -0.025882 0.000000
vn -0.086603 -0.050000 0.000000
vn -0.086603 -0.050000 0.000000
vn -0.070711 -0.070711 0.000000
vn -0.070711 -0.070711 0.000000
vn -0.050000 -0.086603 0.000000
vn -0.050000 -0.086603 0.000000
vn -0.025882 -0.096593 0.000000
vn -0.025882 -0.096593 0.000000
vn 0.000000 -0.100000 0.000000
vn 0.000000 -0.100000 0.000000
vn 0.025882 -0.096593 0.000000
vn 0.025882 -0.096593 0.000000
vn 0.050000 -0.086603 0.000000
vn 0.050000 -0.086603 0.000000
vn 0.070711 -0.070711 0.000000
vn 0.070711 -0.070711 0.000000
vn 0.086603 -0.050000 0.000000
vn 0.086603 -0.050000 0.000000
vn 0.096593 -0.025882 0.000000
vn 0.096593 -0.025882 0.000000
vn 0.100000 -0.000000 0.000000
vn 0.100000 -0.000000 0.000000
vn 0.096593 0.025882 0.000000
vn 0.096593 0.025882 0.000000
vn 0.086603 0.050000 0.000000
vn 0.086603 0.050000 0.000000
vn 0.070711 0.070711 0.000000
vn 0.070711 0.070711 0.000000
vn 0.050000 0.086603 0.000000
vn 0.050000 0.086603 0.000000
vn 0.025882 0.096593 0.000000
vn 0.025882 0.096593 0.000000
vn 0.000000 0.100000 0.000000
vn 0.000000 0.100000 0.000000
vn -0.025882 0.096593 0.000000
vn -0.025882 0.096593 0.000000
vn -0.050000 0.086603 0.000000
vn -0.050000 0.086603 0.000000
vn -0.070711 0.070711 0.000000
vn -0.070711 0.070711 0.000000
vn -0.086603 0.050000 0.000000
vn -0.086603 0.050000 0.000000
vn -0.099999 0.000512 -0.000000
vn -0.099999 0.000512 -0.000000
vn -0.098172 0.019033 -0.000000
vn -0.098172 0.019033 -0.000000
vn -0.092945 0.036894 -0.000000
vn -0.092945 0.036894 -0.000000
vn -0.084500 0.053477 -0.000000
vn -0.084500 0.053477 -0.000000
vn -0.073127 0.068209 -0.000000
vn -0.073127 0.068209 -0.000000
vn -0.059222 0.080578 -0.000000
vn -0.059222 0.080578 -0.000000
vn -0.043266 0.090156 -0.000000
vn -0.043266 0.090156 -0.000000
vn -0.025811 0.096612 -0.000000
vn -0.025811 0.096612 -0.000000
vn -0.007462 0.099721 -0.000000
vn -0.007462 0.099721 -0.000000
vn 0.011145 0.099377 0.000000
vn 0.011145 0.099377 0.000000
vn 0.029366 0.095591 0.000000
vn 0.029366 0.095591 0.000000
vn 0.046570 0.088494 0.000000
vn 0.046570 0.088494 0.000000
vn 0.062161 0.078332 0.000000
vn 0.062161 0.078332 0.000000
vn 0.075600 0.065458 0.000000
vn 0.075600 0.065458 0.000000
vn 0.001342 -0.099991 0.000000
vn 0.001342 -0.099991 0.000000
vn 0.001342 -0.099991 0.000000
vn 0.001342 -0.099991 0.000000
vn -0.066769 -0.074444 0.000000
vn -0.066769 -0.074444 0.000000
vn -0.049922 -0.086647 0.000000
vn -0.049922 -0.086647 0.000000
vn -0.030916 -0.095101 0.000000
vn -0.030916 -0.095101 0.000000
vn -0.010572 -0.099440 0.000000
vn -0.010572 -0.099440 0.000000
vn 0.010230 -0.099475 0.000000
vn 0.010230 -0.099475 0.000000
vn -0.000009 -0.100000 0.000000
vn -0.000009 -0.100000 0.000000
vn -0.000009 -0.100000 0.000000
vn -0.000009 -0.100000 0.000000
vn 0.100000 -0.000000 0.000000
vn 0.100000 -0.000000 0.000000
vn 0.100000 -0.000000 0.000000
vn 0.100000 -0.000000 0.000000
vn -0.096593 0.025882 0.000000
vn -0.096593 0.025882 0.000000
vn -0.100000 0.000000 0.000000
vn -0.100000 0.000000 0.000000
vn -0.096593 -0.025882 0.000000
vn -0.096593 -0.025882 0.000000
vn -0.086603 -0.050000 0.000000
vn -0.086603 -0.050000 0.000000
vn -0.070711 -0.070711 0.000000
vn -0.070711 -0.070711 0.000000
vn -0.050000 -0.086603 0.000000
vn -0.050000 -0.086603 0.000000
vn -0.025882 -0.096593 0.000000
vn -0.025882 -0.096593 0.000000
vn 0.000000 -0.100000 0.000000
vn 0.000000 -0.100000 0.000000
vn 0.025882 -0.096593 0.000000
vn 0.025882 -0.096593 0.000000
vn 0.050000 -0.086603 0.000000
vn 0.050000 -0.086603 0.000000
vn 0.070711 -0.070711 0.000000
vn 0.070711 -0.070711 0.000000
vn 0.086603 -0.050000 0.000000
vn 0.086603 -0.050000 0.000000
vn 0.096593 -0.025882 0.000000
vn 0.096593 -0.025882 0.000000
vn 0.100000 -0.000000 0.000000
vn 0.100000 -0.000000 0.000000
vn 0.096593 0.025882 0.000000
vn 0.096593 0.025882 0.000000
vn 0.086603 0.050000 0.000000
vn 0.086603 0.050000 0.000000
vn 0.070711 0.070711 0.000000
vn 0.070711 0.070711 0.000000
vn 0.050000 0.086603 0.000000
vn 0.050000 0.086603 0.000000
vn 0.025882 0.096593 0.000000
vn 0.025882 0.096593 0.000000
vn 0.000000 0.100000 0.000000
vn 0.000000 0.100000 0.000000
vn -0.025882 0.096593 0.000000
vn -0.025882 0.096593 0.000000
vn -0.050000 0.086603 0.000000
vn -0.050000 0.086603 0.000000
vn -0.070711 0.070711 0.000000
vn -0.070711 0.070711 0.000000
vn -0.086603 0.050000 0.000000
vn -0.086603 0.050000 0.000000
vn -0.072957 0.068390 -0.000000
vn -0.072957 0.068390 -0.000000
vn -0.059234 0.080568 -0.000000
vn -0.059234 0.080568 -0.000000
vn -0.043518 0.090034 -0.000000
vn -0.043518 0.090034 -0.000000
vn -0.026336 0.096470 -0.000000
vn -0.026336 0.096470 -0.000000
vn -0.008268 0.099658 -0.000000
vn -0.008268 0.099658 -0.000000
vn 0.010078 0.099491 0.000000
vn 0.010078 0.099491 0.000000
vn 0.028086 0.095975 0.000000
vn 0.028086 0.095975 0.000000
vn 0.045147 0.089228 0.000000
vn 0.045147 0.089228 0.000000
vn 0.060689 0.079478 0.000000
vn 0.060689 0.079478 0.000000
vn 0.074188 0.067053 0.000000
vn 0.074188 0.067053 0.000000
vn 0.085190 0.052370 0.000000
vn 0.085190 0.052370 0.000000
vn 0.093324 0.035925 0.000000
vn 0.093324 0.035925 0.000000
vn 0.098317 0.018270 0.000000
vn 0.098317 0.018270 0.000000
vn -0.070711 0.070711 0.000000
vn -0.070711 0.070711 0.000000
vn -0.070711 0.070711 0.000000
vn -0.070711 0.070711 0.000000
vn -0.070780 -0.070641 0.000000
vn -0.070780 -0.070641 0.000000
vn -0.070780 -0.070641 0.000000
vn -0.070780 -0.070641 0.000000
vn -0.069757 -0.071652 0.000000
vn -0.069757 -0.071652 0.000000
vn -0.069757 -0.071652 0.000000
vn -0.069757 -0.071652 0.000000
vn 0.000000 0.000000 0.100000
vn 0.000000 0.000000 0.100000
vn 0.000000 0.000000 0.100000
vn 0.000000 0.000000 0.100000
vn 0.000000 0.000000 0.100000
vn 0.000000 0.000000 0.100000
vn 0.000000 0.000000 0.100000
vn 0.000000 0.000000 0.100000
vn 0.000000 0.000000 0.100000
vn 0.000000 0.000000 0.100000
vn 0.000000 0.000000 0.100000
vn 0.000000 0.000000 0.100000
vn 0.000000 0.000000 0.100000
vn 0.000000 0.000000 0.100000
vn 0.000000 0.000000 0.100000
vn 0.000000 0.000000 0.100000
vn 0.000000 0.000000 0.100000
vn 0.000000 0.000000 0.100000
vn 0.000000 0.000000 0.100000
vn 0.000000 0.000000 0.100000
vn 0.000000 0.000000 0.100000
vn 0.000000 0.000000 0.100000
vn 0.000000 0.000000 0.100000
vn 0.000000 0.000000 0.100000
vn 0.000000 0.000000 0.100000
vn 0.000000 0.000000 0.100000
vn 0.000000 0.000000 0.100000
vn 0.000000 0.000000 0.100000
vn 0.000000 0.000000 0.100000
vn 0.000000 0.000000 0.100000
vn 0.000000 0.000000 0.100000
vn 0.000000 0.000000 0.100000
vn 0.000000 0.000000 0.100000
vn 0.000000 0.000000 0.100000
vn 0.000000 0.000000 0.100000
vn 0.000000 0.000000 0.100000
vn 0.000000 0.000000 0.100000
vn 0.000000 0.000000 0.100000
vn 0.000000 0.000000 0.100000
vn 0.000000 0.000000 0.100000
vn 0.000000 0.000000 0.100000
vn 0.000000 0.000000 0.100000
vn 0.000000 0.000000 0.100000
vn 0.000000 0.000000 0.100000
vn 0.000000 0.000000 0.100000
vn 0.000000 0.000000 0.100000
vn 0.000000 0.000000 0.100000
vn 0.000000 0.000000 0.100000
vn 0.000000 0.000000 0.100000
vn 0.000000 0.000000 0.100000
vn 0.000000 0.000000 0.100000
vn 0.000000 0.000000 0.100000
vn 0.000000 0.000000 0.100000
vn 0.000000 0.000000 0.100000
vn 0.000000 0.000000 0.100000
vn 0.000000 0.000000 0.100000
vn 0.000000 0.000000 0.100000
vn 0.000000 0.000000 0.100000
vn 0.000000 0.000000 0.100000
vn 0.000000 0.000000 0.100000
vn 0.000000 0.000000 0.100000
vn 0.000000 0.000000 0.100000
vn 0.000000 0.000000 0.100000
vn 0.000000 0.000000 0.100000
vn 0.000000 0.000000 0.100000
vn 0.000000 0.000000 0.100000
vn 0.000000 0.000000 0.100000
vn 0.000000 0.000000 0.100000
vn 0.000000 0.000000 0.100000
vn 0.000000 0.000000 0.100000
vn 0.000000 0.000000 0.100000
vn 0.000000 0.000000 0.100000
vn 0.000000 0.000000 0.100000
vn 0.000000 0.000000 0.100000
vn 0.000000 0.000000 0.100000
vn 0.000000 0.000000 0.100000
vn 0.000000 0.000000 0.100000
vn 0.000000 0.000000 0.100000
vn 0.000000 0.000000 0.100000
vn 0.000000 0.000000 0.100000
vn 0.000000 0.000000 0.100000
vn 0.000000 0.000000 0.100000
vn 0.000000 0.000000 0.100000
vn 0.000000 0.000000 0.100000
vn 0.000000 0.000000 0.100000
vn 0.000000 0.000000 0.100000
vn 0.000000 0.000000 0.100000
vn 0.000000 0.000000 0.100000
vn 0.000000 0.000000 0.100000
vn 0.000000 0.000000 0.100000
vn 0.000000 0.000000 0.100000
vn 0.000000 0.000000 0.100000
vn 0.000000 0.000000 0.100000
vn 0.000000 0.000000 0.100000
vn 0.000000 0.000000 0.100000
vn 0.000000 0.000000 0.100000
vn 0.000000 0.000000 0.100000
vn 0.000000 0.000000 0.100000
vn 0.000000 0.000000 0.100000
vn 0.000000 0.000000 0.100000
vn 0.000000 0.000000 0.100000
vn 0.000000 0.000000 0.100000
vn 0.000000 0.000000 0.100000
vn 0.000000 0.000000 0.100000
vn 0.000000 0.000000 0.100000
vn 0.000000 0.000000 0.100000
vn 0.000000 0.000000 0.100000
vn 0.000000 0.000000 0.100000
vn 0.000000 0.000000 0.100000
vn 0.000000 0.000000 0.100000
vn 0.000000 0.000000 0.100000
vn 0.000000 0.000000 0.100000
vn 0.000000 0.000000 0.100000
vn 0.000000 0.000000 0.100000
vn 0.000000 0.000000 0.100000
vn 0.000000 0.000000 0.100000
vn 0.000000 0.000000 0.100000
vn 0.000000 0.000000 0.100000
vn 0.000000 0.000000 0.100000
vn 0.000000 0.000000 0.100000
vn 0.000000 0.000000 0.100000
vn 0.000000 0.000000 0.100000
vn 0.000000 0.000000 0.100000
vn 0.000000 0.000000 0.100000
vn 0.000000 0.000000 0.100000
vn 0.000000 0.000000 0.100000
vn 0.000000 0.000000 0.100000
vn 0.000000 0.000000 0.100000
vn 0.000000 0.000000 0.100000
vn 0.000000 0.000000 0.100000
vn 0.000000 0.000000 0.100000
vn 0.000000 0.000000 0.100000
vn 0.000000 0.000000 0.100000
vn 0.000000 0.000000 0.100000
vn 0.000000 0.000000 0.100000
vn 0.000000 0.000000 0.100000
vn 0.000000 0.000000 0.100000
vn 0.000000 0.000000 0.100000
vn 0.000000 0.000000 0.100000
vn 0.000000 0.000000 0.100000
vn 0.000000 0.000000 0.100000
vn 0.000000 0.000000 0.100000
vn 0.000000 0.000000 0.100000
vn 0.000000 0.000000 0.100000
vn 0.000000 0.000000 0.100000
vn 0.000000 0.000000 0.100000
vn 0.000000 0.000000 0.100000
vn 0.000000 0.000000 0.100000
vn 0.000000 0.000000 0.100000
vn 0.000000 0.000000 0.100000
vn 0.000000 0.000000 0.100000
vn 0.000000 0.000000 0.100000
vn 0.000000 0.000000 0.100000
vn 0.000000 0.000000 0.100000
vn 0.000000 0.000000 0.100000
vn 0.000000 0.000000 0.100000
vn 0.000000 0.000000 0.100000
vn 0.000000 0.000000 0.100000
vn 0.000000 0.000000 0.100000
vn 0.000000 0.000000 0.100000
vn 0.000000 0.000000 0.100000
vn 0.000000 0.000000 0.100000
vn 0.000000 0.000000 0.100000
vn 0.000000 0.000000 0.100000
vn 0.000000 0.000000 0.100000
vn 0.000000 0.000000 0.100000
vn 0.000000 0.000000 0.100000
vn 0.000000 0.000000 0.100000
vn 0.000000 0.000000 0.100000
vn 0.000000 0.000000 0.100000
vn 0.000000 0.000000 0.100000
vn 0.000000 0.000000 0.100000
vn 0.000000 0.000000 0.100000
vn 0.000000 0.000000 0.100000
vn 0.000000 0.000000 0.100000
vn 0.000000 0.000000 0.100000
vn 0.000000 0.000000 0.100000
vn 0.000000 0.000000 0.100000
vn 0.000000 0.000000 0.100000
vn 0.000000 0.000000 0.100000
vn 0.000000 0.000000 0.100000
vn 0.000000 0.000000 0.100000
vn 0.000000 0.000000 0.100000
vn 0.000000 0.000000 0.100000
vn 0.000000 0.000000 0.100000
vn 0.000000 0.000000 0.100000
vn 0.000000 0.000000 0.100000
vn 0.000000 0.000000 0.100000
vn 0.000000 0.000000 0.100000
vn 0.000000 0.000000 0.100000
vn 0.000000 0.000000 0.100000
vn 0.000000 0.000000 0.100000
vn 0.000000 0.000000 0.100000
vn 0.000000 0.000000 0.100000
vn 0.000000 0.000000 0.100000
vn 0.000000 0.000000 0.100000
vn 0.000000 0.000000 0.100000
vn 0.000000 0.000000 0.100000
vn 0.000000 0.000000 0.100000
vn 0.000000 0.000000 0.100000
vn 0.000000 0.000000 0.100000
vn 0.000000 0.000000 0.100000
vn 0.000000 0.000000 0.100000
vn 0.000000 0.000000 0.100000
vn 0.000000 0.000000 0.100000
vn 0.000000 0.000000 0.100000
vn 0.000000 0.000000 0.100000
usemtl Steel_-_Satin
f 1/1/1 2/2/2 4/3/3
f 4/3/3 2/2/2 3/4/4
f 2/5/5 5/6/6 3/7/7
f 3/7/7 5/6/6 6/8/8
f 7/9/9 8/10/10 10/11/11
f 10/11/11 8/10/10 9/12/12
f 11/13/13 12/14/14 14/15/15
f 14/15/15 12/14/14 13/16/16
f 9/17/17 8/18/18 12/19/19
f 12/19/19 8/18/18 13/20/20
f 13/20/20 8/18/18 15/21/21
f 4/22/22 3/23/23 76/24/24
f 76/24/24 3/23/23 6/25/25
f 76/24/24 6/25/25 75/26/26
f 75/26/26 6/25/25 16/27/27
f 75/26/26 16/27/27 74/28/28
f 74/28/28 16/27/27 17/29/29
f 74/28/28 17/29/29 73/30/30
f 73/30/30 17/29/29 18/31/31
f 73/30/30 18/31/31 72/32/32
f 72/32/32 18/31/31 19/33/33
f 72/32/32 19/33/33 71/34/34
f 71/34/34 19/33/33 20/35/35
f 71/34/34 20/35/35 70/36/36
f 70/36/36 20/35/35 21/37/37
f 70/36/36 21/37/37 41/38/38
f 41/38/38 21/37/37 40/39/39
f 40/39/39 21/37/37 22/40/40
f 40/39/39 22/40/40 35/41/41
f 35/41/41 22/40/40 23/42/42
f 35/41/41 23/42/42 30/43/43
f 30/43/43 23/42/42 24/44/44
f 30/43/43 24/44/44 25/45/45
f 25/45/45 26/46/46 30/43/43
f 30/43/43 26/46/46 27/47/47
f 30/43/43 27/47/47 28/48/48
f 28/48/48 29/49/49 30/43/43
f 35/41/41 30/43/43 34/50/50
f 34/50/50 30/43/43 31/51/51
f 34/50/50 31/51/51 33/52/52
f 33/52/52 31/51/51 32/53/53
f 36/54/54 37/55/55 35/41/41
f 35/41/41 37/55/55 38/56/56
f 35/41/41 38/56/56 39/57/57
f 39/57/57 40/39/39 35/41/41
f 70/36/36 41/38/38 50/58/58
f 50/58/58 41/38/38 42/59/59
f 50/58/58 42/59/59 49/60/60
f 49/60/60 42/59/59 43/61/61
f 49/60/60 43/61/61 48/62/62
f 48/62/62 43/61/61 44/63/63
f 48/62/62 44/63/63 47/64/64
f 47/64/64 44/63/63 45/65/65
f 47/64/64 45/65/65 46/66/66
f 46/66/66 45/65/65 13/67/67
f 46/66/66 13/67/67 15/68/68
f 45/65/65 14/69/69 13/67/67
f 50/58/58 51/70/70 70/36/36
f 70/36/36 51/70/70 69/71/71
f 69/71/71 51/70/70 56/72/72
f 69/71/71 56/72/72 68/73/73
f 68/73/73 56/72/72 67/74/74
f 67/74/74 56/72/72 61/75/75
f 67/74/74 61/75/75 66/76/76
f 66/76/76 61/75/75 65/77/77
f 65/77/77 61/75/75 64/78/78
f 64/78/78 61/75/75 63/79/79
f 63/79/79 61/75/75 62/80/80
f 51/70/70 52/81/81 56/72/72
f 56/72/72 52/81/81 53/82/82
f 56/72/72 53/82/82 54/83/83
f 54/83/83 55/84/84 56/72/72
f 56/72/72 57/85/85 61/75/75
f 61/75/75 57/85/85 58/86/86
f 61/75/75 58/86/86 59/87/87
f 59/87/87 60/88/88 61/75/75
f 77/89/89 78/90/90 80/91/91
f 80/91/91 78/90/90 79/92/92
f 90/93/93 81/94/94 89/95/95
f 89/95/95 81/94/94 82/96/96
f 89/95/95 82/96/96 88/97/97
f 88/97/97 82/96/96 83/98/98
f 88/97/97 83/98/98 87/99/99
f 87/99/99 83/98/98 84/100/100
f 87/99/99 84/100/100 86/101/101
f 86/101/101 84/100/100 85/102/102
f 78/103/103 81/104/104 79/105/105
f 79/105/105 81/104/104 90/106/106
f 91/107/107 92/108/108 55/109/109
f 55/109/109 92/108/108 56/110/110
f 92/111/111 93/112/112 56/113/113
f 56/113/113 93/112/112 57/114/114
f 57/114/115 93/115/116 58/116/117
f 58/116/117 93/115/116 94/117/118
f 58/116/117 94/117/118 59/118/119
f 59/118/119 94/117/118 95/119/120
f 59/118/119 95/119/120 60/120/121
f 60/120/121 95/119/120 96/121/122
f 60/120/121 96/121/122 61/122/123
f 61/122/123 96/121/122 97/123/124
f 97/124/125 98/125/126 61/126/127
f 61/126/127 98/125/126 62/127/128
f 55/128/129 54/129/130 91/130/131
f 91/130/131 54/129/130 99/131/132
f 109/132/133 100/133/134 108/134/135
f 108/134/135 100/133/134 101/135/136
f 108/134/135 101/135/136 107/136/137
f 107/136/137 101/135/136 102/137/138
f 107/136/137 102/137/138 106/138/139
f 106/138/139 102/137/138 103/139/140
f 106/138/139 103/139/140 105/140/141
f 105/140/141 103/139/140 104/141/142
f 110/142/143 100/143/144 111/144/145
f 111/144/145 100/143/144 109/145/146
f 112/146/147 113/147/148 29/148/149
f 29/148/149 113/147/148 30/149/150
f 113/150/151 114/151/152 30/152/153
f 30/152/153 114/151/152 31/153/154
f 31/153/155 114/154/156 32/155/157
f 32/155/157 114/154/156 115/156/158
f 32/155/157 115/156/158 33/157/159
f 33/157/159 115/156/158 116/158/160
f 33/157/159 116/158/160 34/159/161
f 34/159/161 116/158/160 117/160/162
f 34/159/161 117/160/162 35/161/163
f 35/161/163 117/160/162 118/162/164
f 118/163/165 119/164/166 35/165/167
f 35/165/167 119/164/166 36/166/168
f 29/167/169 28/168/170 112/169/171
f 112/169/171 28/168/170 120/170/172
f 121/171/173 122/172/174 124/173/175
f 124/173/175 122/172/174 123/174/176
f 125/175/177 126/176/178 140/177/179
f 140/177/179 126/176/178 139/178/180
f 139/178/180 126/176/178 127/179/181
f 139/178/180 127/179/181 138/180/182
f 138/180/182 127/179/181 128/181/183
f 138/180/182 128/181/183 137/182/184
f 137/182/184 128/181/183 129/183/185
f 137/182/184 129/183/185 136/184/186
f 136/184/186 129/183/185 130/185/187
f 136/184/186 130/185/187 135/186/188
f 135/186/188 130/185/187 131/187/189
f 135/186/188 131/187/189 134/188/190
f 134/188/190 131/187/189 132/189/191
f 134/188/190 132/189/191 133/190/192
f 133/190/192 132/189/191 121/191/193
f 133/190/192 121/191/193 124/192/194
f 141/193/195 125/194/196 142/195/197
f 142/195/197 125/194/196 140/196/198
f 143/197/199 141/198/200 144/199/201
f 144/199/201 141/198/200 142/200/202
f 145/201/203 143/202/204 146/203/205
f 146/203/205 143/202/204 144/204/206
f 122/205/207 147/206/208 123/207/209
f 123/207/209 147/206/208 160/208/210
f 160/208/210 147/206/208 148/209/211
f 160/208/210 148/209/211 159/210/212
f 159/210/212 148/209/211 149/211/213
f 159/210/212 149/211/213 158/212/214
f 158/212/214 149/211/213 150/213/215
f 158/212/214 150/213/215 157/214/216
f 157/214/216 150/213/215 151/215/217
f 157/214/216 151/215/217 156/216/218
f 156/216/218 151/215/217 152/217/219
f 156/216/218 152/217/219 155/218/220
f 155/218/220 152/217/219 153/219/221
f 155/218/220 153/219/221 154/220/222
f 154/220/222 153/219/221 145/221/223
f 154/220/222 145/221/223 146/222/224
f 161/223/225 162/224/226 164/225/227
f 164/225/227 162/224/226 163/226/228
f 165/227/229 166/228/230 180/229/231
f 180/229/231 166/228/230 179/230/232
f 179/230/232 166/228/230 167/231/233
f 179/230/232 167/231/233 178/232/234
f 178/232/234 167/231/233 168/233/235
f 178/232/234 168/233/235 177/234/236
f 177/234/236 168/233/235 169/235/237
f 177/234/236 169/235/237 176/236/238
f 176/236/238 169/235/237 170/237/239
f 176/236/238 170/237/239 175/238/240
f 175/238/240 170/237/239 171/239/241
f 175/238/240 171/239/241 174/240/242
f 174/240/242 171/239/241 172/241/243
f 174/240/242 172/241/243 173/242/244
f 173/242/244 172/241/243 161/243/245
f 173/242/244 161/243/245 164/244/246
f 181/245/247 165/246/248 182/247/249
f 182/247/249 165/246/248 180/248/250
f 183/249/251 184/250/252 198/251/253
f 198/251/253 184/250/252 197/252/254
f 197/252/254 184/250/252 185/253/255
f 197/252/254 185/253/255 196/254/256
f 196/254/256 185/253/255 186/255/257
f 196/254/256 186/255/257 195/256/258
f 195/256/258 186/255/257 187/257/259
f 195/256/258 187/257/259 194/258/260
f 194/258/260 187/257/259 188/259/261
f 194/258/260 188/259/261 193/260/262
f 193/260/262 188/259/261 189/261/263
f 193/260/262 189/261/263 192/262/264
f 192/262/264 189/261/263 190/263/265
f 192/262/264 190/263/265 191/264/266
f 191/264/266 190/263/265 181/265/267
f 191/264/266 181/265/267 182/266/268
f 199/267/269 183/268/270 200/269/271
f 200/269/271 183/268/270 198/270/272
f 162/271/273 199/272/274 163/273/275
f 163/273/275 199/272/274 200/274/276
f 200/275/277 144/276/278 163/277/279
f 163/277/279 144/276/278 142/278/280
f 163/277/279 142/278/280 164/279/281
f 164/279/281 142/278/280 140/280/282
f 164/279/281 140/280/282 139/281/283
f 200/275/277 198/282/284 144/276/278
f 144/276/278 198/282/284 146/283/285
f 146/283/285 198/282/284 154/284/286
f 154/284/286 198/282/284 155/285/287
f 155/285/287 198/282/284 156/286/288
f 156/286/288 198/282/284 157/287/289
f 157/287/289 198/282/284 158/288/290
f 158/288/290 198/282/284 159/289/291
f 159/289/291 198/282/284 160/290/292
f 160/290/292 198/282/284 197/291/293
f 160/290/292 197/291/293 123/292/294
f 123/292/294 197/291/293 196/293/295
f 123/292/294 196/293/295 191/294/296
f 191/294/296 196/293/295 195/295/297
f 191/294/296 195/295/297 194/296/298
f 194/296/298 193/297/299 191/294/296
f 191/294/296 193/297/299 192/298/300
f 191/294/296 182/299/301 123/292/294
f 123/292/294 182/299/301 124/300/302
f 124/300/302 182/299/301 180/301/303
f 124/300/302 180/301/303 179/302/304
f 178/303/305 177/304/306 179/302/304
f 179/302/304 177/304/306 176/305/307
f 179/302/304 176/305/307 175/306/308
f 175/306/308 174/307/309 179/302/304
f 179/302/304 174/307/309 124/300/302
f 174/307/309 173/308/310 124/300/302
f 124/300/302 173/308/310 133/309/311
f 133/309/311 173/308/310 164/279/281
f 133/309/311 164/279/281 134/310/312
f 134/310/312 164/279/281 135/311/313
f 135/311/313 164/279/281 136/312/314
f 136/312/314 164/279/281 137/313/315
f 137/313/315 164/279/281 138/314/316
f 138/314/316 164/279/281 139/281/283
f 202/315/317 530/316/318 201/317/319
f 201/317/319 530/316/318 531/318/320
f 201/317/319 531/318/320 599/319/321
f 599/319/321 531/318/320 604/320/322
f 604/320/322 531/318/320 437/321/323
f 604/320/322 437/321/323 603/322/324
f 603/322/324 437/321/323 438/323/325
f 603/322/324 438/323/325 602/324/326
f 602/324/326 438/323/325 456/325/327
f 602/324/326 456/325/327 601/326/328
f 601/326/328 456/325/327 220/327/329
f 601/326/328 220/327/329 221/328/330
f 530/316/318 202/315/317 244/329/331
f 244/329/331 202/315/317 203/330/332
f 244/329/331 203/330/332 204/331/333
f 204/331/333 205/332/334 244/329/331
f 244/329/331 205/332/334 206/333/335
f 244/329/331 206/333/335 207/334/336
f 207/334/336 208/335/337 244/329/331
f 244/329/331 208/335/337 209/336/338
f 244/329/331 209/336/338 210/337/339
f 210/337/339 211/338/340 244/329/331
f 244/329/331 211/338/340 243/339/341
f 243/339/341 211/338/340 212/340/342
f 243/339/341 212/340/342 213/341/343
f 213/341/343 214/342/344 243/339/341
f 243/339/341 214/342/344 215/343/345
f 243/339/341 215/343/345 216/344/346
f 216/344/346 217/345/347 243/339/341
f 243/339/341 217/345/347 218/346/348
f 243/339/341 218/346/348 219/347/349
f 243/339/341 219/347/349 457/348/350
f 457/348/350 219/347/349 220/327/329
f 457/348/350 220/327/329 456/325/327
f 221/328/330 222/349/351 601/326/328
f 601/326/328 222/349/351 223/350/352
f 601/326/328 223/350/352 224/351/353
f 224/351/353 225/352/354 601/326/328
f 601/326/328 225/352/354 226/353/355
f 601/326/328 226/353/355 227/354/356
f 227/354/356 228/355/357 601/326/328
f 601/326/328 228/355/357 600/356/358
f 600/356/358 228/355/357 229/357/359
f 600/356/358 229/357/359 599/319/321
f 599/319/321 229/357/359 230/358/360
f 599/319/321 230/358/360 231/359/361
f 231/359/361 232/360/362 599/319/321
f 599/319/321 232/360/362 233/361/363
f 599/319/321 233/361/363 234/362/364
f 234/362/364 235/363/365 599/319/321
f 599/319/321 235/363/365 236/364/366
f 599/319/321 236/364/366 201/317/319
f 238/365/367 472/366/368 237/367/369
f 237/367/369 472/366/368 245/368/370
f 237/367/369 245/368/370 246/369/371
f 239/370/372 331/371/373 238/365/367
f 238/365/367 331/371/373 332/372/374
f 238/365/367 332/372/374 333/373/375
f 240/374/376 497/375/377 239/370/372
f 239/370/372 497/375/377 397/376/378
f 239/370/372 397/376/378 398/377/379
f 241/378/380 242/379/381 240/374/376
f 240/374/376 242/379/381 497/375/377
f 497/375/377 242/379/381 457/348/350
f 457/348/350 242/379/381 243/339/341
f 244/329/331 245/368/370 530/316/318
f 530/316/318 245/368/370 472/366/368
f 530/316/318 472/366/368 529/380/382
f 529/380/382 472/366/368 473/381/383
f 529/380/382 473/381/383 528/382/384
f 528/382/384 473/381/383 474/383/385
f 528/382/384 474/383/385 562/384/386
f 562/384/386 474/383/385 561/385/387
f 561/385/387 474/383/385 475/386/388
f 561/385/387 475/386/388 476/387/389
f 248/388/390 494/389/391 247/390/392
f 247/390/392 494/389/391 471/391/393
f 247/390/392 471/391/393 268/392/394
f 268/392/394 471/391/393 267/393/395
f 267/393/395 471/391/393 341/394/396
f 267/393/395 341/394/396 342/395/397
f 494/389/391 248/388/390 311/396/398
f 311/396/398 248/388/390 249/397/399
f 311/396/398 249/397/399 310/398/400
f 310/398/400 249/397/399 250/399/401
f 310/398/400 250/399/401 251/400/402
f 251/400/402 252/401/403 310/398/400
f 310/398/400 252/401/403 253/402/404
f 310/398/400 253/402/404 254/403/405
f 254/403/405 255/404/406 310/398/400
f 310/398/400 255/404/406 256/405/407
f 310/398/400 256/405/407 257/406/408
f 258/407/409 498/408/410 257/406/408
f 257/406/408 498/408/410 499/409/411
f 257/406/408 499/409/411 310/398/400
f 310/398/400 499/409/411 309/410/412
f 309/410/412 499/409/411 291/411/413
f 309/410/412 291/411/413 308/412/414
f 308/412/414 291/411/413 292/413/415
f 308/412/414 292/413/415 293/414/416
f 498/408/410 258/407/409 396/415/417
f 396/415/417 258/407/409 259/416/418
f 396/415/417 259/416/418 395/417/419
f 395/417/419 259/416/418 260/418/420
f 395/417/419 260/418/420 394/419/421
f 394/419/421 260/418/420 261/420/422
f 394/419/421 261/420/422 393/421/423
f 393/421/423 261/420/422 262/422/424
f 393/421/423 262/422/424 392/423/425
f 392/423/425 262/422/424 263/424/426
f 392/423/425 263/424/426 391/425/427
f 391/425/427 263/424/426 264/426/428
f 391/425/427 264/426/428 390/427/429
f 390/427/429 264/426/428 265/428/430
f 390/427/429 265/428/430 389/429/431
f 389/429/431 265/428/430 266/430/432
f 389/429/431 266/430/432 388/431/433
f 388/431/433 266/430/432 387/432/434
f 387/432/434 266/430/432 386/433/435
f 386/433/435 266/430/432 350/434/436
f 386/433/435 350/434/436 385/435/437
f 385/435/437 350/434/436 384/436/438
f 384/436/438 350/434/436 383/437/439
f 383/437/439 350/434/436 382/438/440
f 382/438/440 350/434/436 381/439/441
f 381/439/441 350/434/436 380/440/442
f 380/440/442 350/434/436 351/441/443
f 380/440/442 351/441/443 379/442/444
f 379/442/444 351/441/443 378/443/445
f 378/443/445 351/441/443 370/444/446
f 378/443/445 370/444/446 371/445/447
f 266/430/432 267/393/395 350/434/436
f 350/434/436 267/393/395 349/446/448
f 349/446/448 267/393/395 348/447/449
f 348/447/449 267/393/395 347/448/450
f 347/448/450 267/393/395 346/449/451
f 346/449/451 267/393/395 345/450/452
f 345/450/452 267/393/395 344/451/453
f 344/451/453 267/393/395 343/452/454
f 343/452/454 267/393/395 342/395/397
f 268/392/394 269/453/455 247/390/392
f 247/390/392 269/453/455 286/454/456
f 286/454/456 269/453/455 278/455/457
f 286/454/456 278/455/457 285/456/458
f 285/456/458 278/455/457 284/457/459
f 284/457/459 278/455/457 279/458/460
f 284/457/459 279/458/460 283/459/461
f 283/459/461 279/458/460 280/460/462
f 283/459/461 280/460/462 281/461/463
f 278/455/457 269/453/455 277/462/464
f 277/462/464 269/453/455 270/463/465
f 277/462/464 270/463/465 271/464/466
f 277/462/464 271/464/466 276/465/467
f 276/465/467 271/464/466 272/466/468
f 276/465/467 272/466/468 275/467/469
f 275/467/469 272/466/468 274/468/470
f 274/468/470 272/466/468 273/469/471
f 281/461/463 282/470/472 283/459/461
f 288/471/473 299/472/474 287/473/475
f 287/473/475 299/472/474 493/474/476
f 287/473/475 493/474/476 294/475/477
f 294/475/477 493/474/476 494/389/391
f 294/475/477 494/389/391 312/476/478
f 312/476/478 494/389/391 311/396/398
f 289/477/479 290/478/480 288/471/473
f 288/471/473 290/478/480 298/479/481
f 288/471/473 298/479/481 299/472/474
f 298/479/481 290/478/480 500/480/482
f 500/480/482 290/478/480 291/411/413
f 500/480/482 291/411/413 499/409/411
f 294/475/477 312/476/478 293/414/416
f 293/414/416 312/476/478 307/481/483
f 293/414/416 307/481/483 308/412/414
f 306/482/484 295/483/485 305/484/486
f 305/484/486 295/483/485 296/485/487
f 305/484/486 296/485/487 432/486/488
f 432/486/488 296/485/487 431/487/489
f 431/487/489 296/485/487 297/488/490
f 431/487/489 297/488/490 500/480/482
f 500/480/482 297/488/490 298/479/481
f 493/474/476 299/472/474 492/489/491
f 492/489/491 299/472/474 300/490/492
f 492/489/491 300/490/492 432/486/488
f 432/486/488 300/490/492 301/491/493
f 432/486/488 301/491/493 304/492/494
f 304/492/494 301/491/493 302/493/495
f 304/492/494 302/493/495 303/494/496
f 304/492/494 305/484/486 432/486/488
f 314/495/497 407/496/498 313/497/499
f 313/497/499 407/496/498 408/498/500
f 313/497/499 408/498/500 416/499/501
f 416/499/501 408/498/500 409/500/502
f 416/499/501 409/500/502 410/501/503
f 407/496/498 314/495/497 322/502/504
f 322/502/504 314/495/497 315/503/505
f 322/502/504 315/503/505 316/504/506
f 322/502/504 316/504/506 321/505/507
f 321/505/507 316/504/506 317/506/508
f 321/505/507 317/506/508 320/507/509
f 320/507/509 317/506/508 319/508/510
f 319/508/510 317/506/508 318/509/511
f 322/502/504 323/510/512 407/496/498
f 407/496/498 323/510/512 406/511/513
f 406/511/513 323/510/512 324/512/514
f 406/511/513 324/512/514 325/513/515
f 325/513/515 326/514/516 406/511/513
f 406/511/513 326/514/516 327/515/517
f 406/511/513 327/515/517 328/516/518
f 328/516/518 329/517/519 406/511/513
f 406/511/513 329/517/519 330/518/520
f 406/511/513 330/518/520 331/371/373
f 333/373/375 334/519/521 238/365/367
f 238/365/367 334/519/521 335/520/522
f 238/365/367 335/520/522 336/521/523
f 336/521/523 337/522/524 238/365/367
f 238/365/367 337/522/524 338/523/525
f 238/365/367 338/523/525 339/524/526
f 339/524/526 340/525/527 238/365/367
f 238/365/367 340/525/527 472/366/368
f 472/366/368 340/525/527 471/391/393
f 471/391/393 340/525/527 341/394/396
f 370/444/446 351/441/443 369/526/528
f 369/526/528 351/441/443 352/527/529
f 369/526/528 352/527/529 360/528/530
f 360/528/530 352/527/529 353/529/531
f 360/528/530 353/529/531 354/530/532
f 360/528/530 354/530/532 359/531/533
f 359/531/533 354/530/532 355/532/534
f 359/531/533 355/532/534 356/533/535
f 356/533/535 357/534/536 359/531/533
f 359/531/533 357/534/536 358/535/537
f 360/528/530 361/536/538 369/526/528
f 369/526/528 361/536/538 368/537/539
f 368/537/539 361/536/538 367/538/540
f 367/538/540 361/536/538 362/539/541
f 367/538/540 362/539/541 366/540/542
f 366/540/542 362/539/541 365/541/543
f 365/541/543 362/539/541 364/542/544
f 364/542/544 362/539/541 363/543/545
f 371/445/447 372/544/546 378/443/445
f 378/443/445 372/544/546 377/545/547
f 377/545/547 372/544/546 373/546/548
f 377/545/547 373/546/548 376/547/549
f 376/547/549 373/546/548 375/548/550
f 375/548/550 373/546/548 374/549/551
f 396/415/417 397/376/378 498/408/410
f 498/408/410 397/376/378 497/375/377
f 398/377/379 399/550/552 239/370/372
f 239/370/372 399/550/552 400/551/553
f 239/370/372 400/551/553 401/552/554
f 401/552/554 402/553/555 239/370/372
f 239/370/372 402/553/555 403/554/556
f 239/370/372 403/554/556 404/555/557
f 404/555/557 405/556/558 239/370/372
f 239/370/372 405/556/558 406/511/513
f 239/370/372 406/511/513 331/371/373
f 416/499/501 410/501/503 415/557/559
f 415/557/559 410/501/503 411/558/560
f 415/557/559 411/558/560 414/559/561
f 414/559/561 411/558/560 413/560/562
f 413/560/562 411/558/560 412/561/563
f 416/499/501 417/562/564 313/497/499
f 313/497/499 417/562/564 424/563/565
f 424/563/565 417/562/564 423/564/566
f 423/564/566 417/562/564 418/565/567
f 423/564/566 418/565/567 422/566/568
f 422/566/568 418/565/567 419/567/569
f 422/566/568 419/567/569 420/568/570
f 420/568/570 421/569/571 422/566/568
f 426/570/572 491/571/573 425/572/574
f 425/572/574 491/571/573 492/489/491
f 425/572/574 492/489/491 433/573/575
f 433/573/575 492/489/491 432/486/488
f 427/574/576 551/575/577 426/570/572
f 426/570/572 551/575/577 487/576/578
f 426/570/572 487/576/578 488/577/579
f 427/574/576 428/578/580 551/575/577
f 551/575/577 428/578/580 501/579/581
f 551/575/577 501/579/581 545/580/582
f 545/580/582 501/579/581 502/581/583
f 545/580/582 502/581/583 503/582/584
f 429/583/585 430/584/586 428/578/580
f 428/578/580 430/584/586 501/579/581
f 430/584/586 431/487/489 501/579/581
f 501/579/581 431/487/489 500/480/482
f 433/573/575 434/585/587 425/572/574
f 436/586/588 598/587/589 435/588/590
f 435/588/590 598/587/589 456/325/327
f 435/588/590 456/325/327 438/323/325
f 437/321/323 531/318/320 436/586/588
f 436/586/588 531/318/320 597/589/591
f 436/586/588 597/589/591 598/587/589
f 440/590/592 442/591/593 439/592/594
f 439/592/594 442/591/593 454/593/595
f 439/592/594 454/593/595 446/594/596
f 446/594/596 454/593/595 609/595/597
f 446/594/596 609/595/597 611/596/598
f 611/596/598 609/595/597 610/597/599
f 440/590/592 441/598/600 442/591/593
f 442/591/593 443/599/601 454/593/595
f 454/593/595 443/599/601 453/600/602
f 453/600/602 443/599/601 183/601/603
f 453/600/602 183/601/603 199/602/604
f 444/603/605 181/604/606 443/599/601
f 443/599/601 181/604/606 190/605/607
f 443/599/601 190/605/607 189/606/608
f 445/607/609 533/608/610 444/603/605
f 444/603/605 533/608/610 534/609/611
f 444/603/605 534/609/611 161/610/612
f 161/610/612 534/609/611 535/611/613
f 161/610/612 535/611/613 162/612/614
f 162/612/614 535/611/613 536/613/615
f 162/612/614 536/613/615 537/614/616
f 446/594/596 611/596/598 445/607/609
f 445/607/609 611/596/598 612/615/617
f 445/607/609 612/615/617 533/608/610
f 533/608/610 612/615/617 605/616/618
f 533/608/610 605/616/618 532/617/619
f 532/617/619 605/616/618 596/618/620
f 532/617/619 596/618/620 597/589/591
f 448/619/621 578/620/622 447/621/623
f 447/621/623 578/620/622 579/622/624
f 447/621/623 579/622/624 470/623/625
f 470/623/625 579/622/624 469/624/626
f 469/624/626 579/622/624 468/625/627
f 468/625/627 579/622/624 467/626/628
f 467/626/628 579/622/624 580/627/629
f 467/626/628 580/627/629 466/628/630
f 466/628/630 580/627/629 581/629/631
f 466/628/630 581/629/631 582/630/632
f 448/619/621 449/631/633 578/620/622
f 578/620/622 449/631/633 450/632/634
f 578/620/622 450/632/634 451/633/635
f 451/633/635 452/634/636 578/620/622
f 578/620/622 452/634/636 453/600/602
f 578/620/622 453/600/602 572/635/637
f 572/635/637 453/600/602 199/602/604
f 572/635/637 199/602/604 162/612/614
f 454/593/595 455/636/638 609/595/597
f 609/595/597 455/636/638 608/637/639
f 608/637/639 455/636/638 595/638/640
f 608/637/639 595/638/640 606/639/641
f 606/639/641 595/638/640 596/618/620
f 606/639/641 596/618/620 605/616/618
f 456/325/327 598/587/589 455/636/638
f 455/636/638 598/587/589 591/640/642
f 455/636/638 591/640/642 594/641/643
f 594/641/643 591/640/642 592/642/644
f 594/641/643 592/642/644 593/643/645
f 497/375/377 457/348/350 496/644/646
f 496/644/646 457/348/350 458/645/647
f 496/644/646 458/645/647 495/646/648
f 495/646/648 458/645/647 459/647/649
f 495/646/648 459/647/649 518/648/650
f 518/648/650 459/647/649 460/649/651
f 518/648/650 460/649/651 517/650/652
f 517/650/652 460/649/651 461/651/653
f 517/650/652 461/651/653 586/652/654
f 586/652/654 461/651/653 585/653/655
f 585/653/655 461/651/653 462/654/656
f 585/653/655 462/654/656 463/655/657
f 463/655/657 464/656/658 585/653/655
f 585/653/655 464/656/658 465/657/659
f 585/653/655 465/657/659 584/658/660
f 584/658/660 465/657/659 466/628/630
f 584/658/660 466/628/630 583/659/661
f 583/659/661 466/628/630 582/630/632
f 476/387/389 477/660/662 561/385/387
f 561/385/387 477/660/662 478/661/663
f 561/385/387 478/661/663 560/662/664
f 560/662/664 478/661/663 559/663/665
f 559/663/665 478/661/663 558/664/666
f 558/664/666 478/661/663 557/665/667
f 557/665/667 478/661/663 479/666/668
f 557/665/667 479/666/668 556/667/669
f 556/667/669 479/666/668 555/668/670
f 555/668/670 479/666/668 480/669/671
f 555/668/670 480/669/671 554/670/672
f 554/670/672 480/669/671 481/671/673
f 554/670/672 481/671/673 553/672/674
f 553/672/674 481/671/673 482/673/675
f 553/672/674 482/673/675 552/674/676
f 552/674/676 482/673/675 483/675/677
f 552/674/676 483/675/677 484/676/678
f 484/676/678 485/677/679 552/674/676
f 552/674/676 485/677/679 486/678/680
f 552/674/676 486/678/680 487/576/578
f 488/577/579 489/679/681 426/570/572
f 426/570/572 489/679/681 490/680/682
f 426/570/572 490/680/682 491/571/573
f 503/582/584 504/681/683 545/580/582
f 545/580/582 504/681/683 505/682/684
f 545/580/582 505/682/684 506/683/685
f 506/683/685 507/684/686 545/580/582
f 545/580/582 507/684/686 544/685/687
f 544/685/687 507/684/686 508/686/688
f 544/685/687 508/686/688 509/687/689
f 509/687/689 510/688/690 544/685/687
f 544/685/687 510/688/690 511/689/691
f 544/685/687 511/689/691 543/690/692
f 543/690/692 511/689/691 512/691/693
f 543/690/692 512/691/693 590/692/694
f 590/692/694 512/691/693 589/693/695
f 589/693/695 512/691/693 588/694/696
f 588/694/696 512/691/693 587/695/697
f 587/695/697 512/691/693 586/652/654
f 586/652/654 512/691/693 513/696/698
f 586/652/654 513/696/698 514/697/699
f 514/697/699 515/698/700 586/652/654
f 586/652/654 515/698/700 516/699/701
f 586/652/654 516/699/701 517/650/652
f 542/700/702 519/701/703 571/702/704
f 571/702/704 519/701/703 520/703/705
f 571/702/704 520/703/705 570/704/706
f 570/704/706 520/703/705 521/705/707
f 570/704/706 521/705/707 569/706/708
f 569/706/708 521/705/707 568/707/709
f 568/707/709 521/705/707 522/708/710
f 568/707/709 522/708/710 567/709/711
f 567/709/711 522/708/710 523/710/712
f 567/709/711 523/710/712 566/711/713
f 566/711/713 523/710/712 565/712/714
f 565/712/714 523/710/712 524/713/715
f 565/712/714 524/713/715 564/714/716
f 564/714/716 524/713/715 563/715/717
f 563/715/717 524/713/715 562/384/386
f 562/384/386 524/713/715 525/716/718
f 562/384/386 525/716/718 526/717/719
f 526/717/719 527/718/720 562/384/386
f 562/384/386 527/718/720 528/382/384
f 531/318/320 532/617/619 597/589/591
f 537/614/616 538/719/721 162/612/614
f 162/612/614 538/719/721 539/720/722
f 162/612/614 539/720/722 572/635/637
f 572/635/637 539/720/722 571/702/704
f 571/702/704 539/720/722 540/721/723
f 571/702/704 540/721/723 541/722/724
f 541/722/724 542/700/702 571/702/704
f 546/723/725 547/724/726 545/580/582
f 545/580/582 547/724/726 548/725/727
f 545/580/582 548/725/727 549/726/728
f 549/726/728 550/727/729 545/580/582
f 545/580/582 550/727/729 551/575/577
f 551/575/577 552/674/676 487/576/578
f 572/635/637 573/728/730 578/620/622
f 578/620/622 573/728/730 574/729/731
f 578/620/622 574/729/731 575/730/732
f 575/730/732 576/731/733 578/620/622
f 578/620/622 576/731/733 577/732/734
f 594/641/643 595/638/640 455/636/638
f 606/639/641 607/733/735 608/637/639
f 161/610/612 172/734/736 444/603/605
f 444/603/605 172/734/736 171/735/737
f 444/603/605 171/735/737 170/736/738
f 170/736/738 169/737/739 444/603/605
f 444/603/605 169/737/739 168/738/740
f 444/603/605 168/738/740 167/739/741
f 167/739/741 166/740/742 444/603/605
f 444/603/605 166/740/742 165/741/743
f 444/603/605 165/741/743 181/604/606
f 189/606/608 188/742/744 443/599/601
f 443/599/601 188/742/744 187/743/745
f 443/599/601 187/743/745 186/744/746
f 186/744/746 185/745/747 443/599/601
f 443/599/601 185/745/747 184/746/748
f 443/599/601 184/746/748 183/601/603
f 606/747/749 605/748/750 614/749/751
f 614/749/751 605/748/750 613/750/752
f 607/751/753 606/752/754 615/753/755
f 615/753/755 606/752/754 614/754/756
f 608/755/757 607/756/758 616/757/759
f 616/757/759 607/756/758 615/758/760
f 609/759/761 608/760/762 617/761/763
f 617/761/763 608/760/762 616/762/764
f 610/763/765 609/764/766 618/765/767
f 618/765/767 609/764/766 617/766/768
f 611/767/769 610/768/770 619/769/771
f 619/769/771 610/768/770 618/770/772
f 612/771/773 611/772/774 620/773/775
f 620/773/775 611/772/774 619/774/776
f 605/775/777 612/776/778 613/777/779
f 613/777/779 612/776/778 620/778/780
f 614/779/781 613/780/782 615/781/783
f 615/781/783 613/780/782 620/782/784
f 615/781/783 620/782/784 618/783/785
f 618/783/785 620/782/784 619/784/786
f 617/785/787 616/786/788 618/783/785
f 618/783/785 616/786/788 615/781/783
f 600/787/789 599/788/790 622/789/791
f 622/789/791 599/788/790 621/790/792
f 601/791/793 600/792/794 623/793/795
f 623/793/795 600/792/794 622/794/796
f 602/795/797 601/796/798 624/797/799
f 624/797/799 601/796/798 623/798/800
f 603/799/801 602/800/802 625/801/803
f 625/801/803 602/800/802 624/802/804
f 604/803/805 603/804/806 626/805/807
f 626/805/807 603/804/806 625/806/808
f 599/807/809 604/808/810 621/809/811
f 621/809/811 604/808/810 626/810/812
f 621/811/813 626/812/814 622/813/815
f 622/813/815 626/812/814 625/814/816
f 622/813/815 625/814/816 624/815/817
f 624/815/817 623/816/818 622/813/815
f 627/817/819 628/818/820 630/819/821
f 630/819/821 628/818/820 629/820/822
f 631/821/823 632/822/824 646/823/825
f 646/823/825 632/822/824 645/824/826
f 645/824/826 632/822/824 633/825/827
f 645/824/826 633/825/827 644/826/828
f 644/826/828 633/825/827 634/827/829
f 644/826/828 634/827/829 643/828/830
f 643/828/830 634/827/829 635/829/831
f 643/828/830 635/829/831 642/830/832
f 642/830/832 635/829/831 636/831/833
f 642/830/832 636/831/833 641/832/834
f 641/832/834 636/831/833 637/833/835
f 641/832/834 637/833/835 640/834/836
f 640/834/836 637/833/835 638/835/837
f 640/834/836 638/835/837 639/836/838
f 639/836/838 638/835/837 627/837/839
f 639/836/838 627/837/839 630/838/840
f 647/839/841 631/840/842 648/841/843
f 648/841/843 631/840/842 646/842/844
f 649/843/845 650/844/846 664/845/847
f 664/845/847 650/844/846 663/846/848
f 663/846/848 650/844/846 651/847/849
f 663/846/848 651/847/849 662/848/850
f 662/848/850 651/847/849 652/849/851
f 662/848/850 652/849/851 661/850/852
f 661/850/852 652/849/851 653/851/853
f 661/850/852 653/851/853 660/852/854
f 660/852/854 653/851/853 654/853/855
f 660/852/854 654/853/855 659/854/856
f 659/854/856 654/853/855 655/855/857
f 659/854/856 655/855/857 658/856/858
f 658/856/858 655/855/857 656/857/859
f 658/856/858 656/857/859 657/858/860
f 657/858/860 656/857/859 647/859/861
f 657/858/860 647/859/861 648/860/862
f 665/861/863 649/862/864 666/863/865
f 666/863/865 649/862/864 664/864/866
f 667/865/867 668/866/868 682/867/869
f 682/867/869 668/866/868 681/868/870
f 681/868/870 668/866/868 669/869/871
f 681/868/870 669/869/871 680/870/872
f 680/870/872 669/869/871 670/871/873
f 680/870/872 670/871/873 679/872/874
f 679/872/874 670/871/873 671/873/875
f 679/872/874 671/873/875 678/874/876
f 678/874/876 671/873/875 672/875/877
f 678/874/876 672/875/877 677/876/878
f 677/876/878 672/875/877 673/877/879
f 677/876/878 673/877/879 676/878/880
f 676/878/880 673/877/879 674/879/881
f 676/878/880 674/879/881 675/880/882
f 675/880/882 674/879/881 665/881/883
f 675/880/882 665/881/883 666/882/884
f 683/883/885 667/884/886 684/885/887
f 684/885/887 667/884/886 682/886/888
f 628/887/889 685/888/890 629/889/891
f 629/889/891 685/888/890 698/890/892
f 698/890/892 685/888/890 686/891/893
f 698/890/892 686/891/893 697/892/894
f 697/892/894 686/891/893 687/893/895
f 697/892/894 687/893/895 696/894/896
f 696/894/896 687/893/895 688/895/897
f 696/894/896 688/895/897 695/896/898
f 695/896/898 688/895/897 689/897/899
f 695/896/898 689/897/899 694/898/900
f 694/898/900 689/897/899 690/899/901
f 694/898/900 690/899/901 693/900/902
f 693/900/902 690/899/901 691/901/903
f 693/900/902 691/901/903 692/902/904
f 692/902/904 691/901/903 683/903/905
f 692/902/904 683/903/905 684/904/906
f 202/905/907 201/906/908 700/907/909
f 700/907/909 201/906/908 699/908/910
f 210/909/911 209/910/912 708/911/913
f 708/911/913 209/910/912 707/912/914
f 707/912/914 209/910/912 208/913/915
f 707/912/914 208/913/915 706/914/916
f 706/914/916 208/913/915 207/915/917
f 706/914/916 207/915/917 705/916/918
f 705/916/918 207/915/917 206/917/919
f 705/916/918 206/917/919 704/918/920
f 704/918/920 206/917/919 205/919/921
f 704/918/920 205/919/921 703/920/922
f 703/920/922 205/919/921 204/921/923
f 703/920/922 204/921/923 702/922/924
f 702/922/924 204/921/923 203/923/925
f 702/922/924 203/923/925 701/924/926
f 701/924/926 203/923/925 202/925/927
f 701/924/926 202/925/927 700/926/928
f 211/927/929 210/928/930 709/929/931
f 709/929/931 210/928/930 708/930/932
f 219/931/933 218/932/934 717/933/935
f 717/933/935 218/932/934 716/934/936
f 716/934/936 218/932/934 217/935/937
f 716/934/936 217/935/937 715/936/938
f 715/936/938 217/935/937 216/937/939
f 715/936/938 216/937/939 714/938/940
f 714/938/940 216/937/939 215/939/941
f 714/938/940 215/939/941 713/940/942
f 713/940/942 215/939/941 214/941/943
f 713/940/942 214/941/943 712/942/944
f 712/942/944 214/941/943 213/943/945
f 712/942/944 213/943/945 711/944/946
f 711/944/946 213/943/945 212/945/947
f 711/944/946 212/945/947 710/946/948
f 710/946/948 212/945/947 211/947/949
f 710/946/948 211/947/949 709/948/950
f 220/949/951 219/950/952 718/951/953
f 718/951/953 219/950/952 717/952/954
f 228/953/955 227/954/956 726/955/957
f 726/955/957 227/954/956 725/956/958
f 725/956/958 227/954/956 226/957/959
f 725/956/958 226/957/959 724/958/960
f 724/958/960 226/957/959 225/959/961
f 724/958/960 225/959/961 723/960/962
f 723/960/962 225/959/961 224/961/963
f 723/960/962 224/961/963 722/962/964
f 722/962/964 224/961/963 223/963/965
f 722/962/964 223/963/965 721/964/966
f 721/964/966 223/963/965 222/965/967
f 721/964/966 222/965/967 720/966/968
f 720/966/968 222/965/967 221/967/969
f 720/966/968 221/967/969 719/968/970
f 719/968/970 221/967/969 220/969/971
f 719/968/970 220/969/971 718/970/972
f 229/971/973 228/972/974 727/973/975
f 727/973/975 228/972/974 726/974/976
f 201/975/977 236/976/978 699/977/979
f 699/977/979 236/976/978 734/978/980
f 734/978/980 236/976/978 235/979/981
f 734/978/980 235/979/981 733/980/982
f 733/980/982 235/979/981 234/981/983
f 733/980/982 234/981/983 732/982/984
f 732/982/984 234/981/983 233/983/985
f 732/982/984 233/983/985 731/984/986
f 731/984/986 233/983/985 232/985/987
f 731/984/986 232/985/987 730/986/988
f 730/986/988 232/985/987 231/987/989
f 730/986/988 231/987/989 729/988/990
f 729/988/990 231/987/989 230/989/991
f 729/988/990 230/989/991 728/990/992
f 728/990/992 230/989/991 229/991/993
f 728/990/992 229/991/993 727/992/994
f 734/993/995 663/994/996 699/995/997
f 699/995/997 663/994/996 662/996/998
f 699/995/997 662/996/998 661/997/999
f 663/994/996 734/993/995 664/998/1000
f 664/998/1000 734/993/995 733/999/1001
f 664/998/1000 733/999/1001 728/1000/1002
f 728/1000/1002 733/999/1001 732/1001/1003
f 728/1000/1002 732/1001/1003 731/1002/1004
f 731/1002/1004 730/1003/1005 728/1000/1002
f 728/1000/1002 730/1003/1005 729/1004/1006
f 728/1000/1002 727/1005/1007 664/998/1000
f 664/998/1000 727/1005/1007 666/1006/1008
f 666/1006/1008 727/1005/1007 726/1007/1009
f 666/1006/1008 726/1007/1009 725/1008/1010
f 724/1009/1011 723/1010/1012 725/1008/1010
f 725/1008/1010 723/1010/1012 722/1011/1013
f 725/1008/1010 722/1011/1013 721/1012/1014
f 721/1012/1014 720/1013/1015 725/1008/1010
f 725/1008/1010 720/1013/1015 666/1006/1008
f 720/1013/1015 719/1014/1016 666/1006/1008
f 666/1006/1008 719/1014/1016 675/1015/1017
f 675/1015/1017 719/1014/1016 718/1016/1018
f 675/1015/1017 718/1016/1018 676/1017/1019
f 676/1017/1019 718/1016/1018 677/1018/1020
f 677/1018/1020 718/1016/1018 678/1019/1021
f 678/1019/1021 718/1016/1018 679/1020/1022
f 679/1020/1022 718/1016/1018 680/1021/1023
f 680/1021/1023 718/1016/1018 681/1022/1024
f 681/1022/1024 718/1016/1018 682/1023/1025
f 682/1023/1025 718/1016/1018 717/1024/1026
f 682/1023/1025 717/1024/1026 684/1025/1027
f 684/1025/1027 717/1024/1026 692/1026/1028
f 692/1026/1028 717/1024/1026 693/1027/1029
f 693/1027/1029 717/1024/1026 694/1028/1030
f 694/1028/1030 717/1024/1026 695/1029/1031
f 695/1029/1031 717/1024/1026 696/1030/1032
f 696/1030/1032 717/1024/1026 697/1031/1033
f 697/1031/1033 717/1024/1026 698/1032/1034
f 698/1032/1034 717/1024/1026 716/1033/1035
f 698/1032/1034 716/1033/1035 629/1034/1036
f 629/1034/1036 716/1033/1035 715/1035/1037
f 629/1034/1036 715/1035/1037 710/1036/1038
f 710/1036/1038 715/1035/1037 714/1037/1039
f 710/1036/1038 714/1037/1039 713/1038/1040
f 713/1038/1040 712/1039/1041 710/1036/1038
f 710/1036/1038 712/1039/1041 711/1040/1042
f 710/1036/1038 709/1041/1043 629/1034/1036
f 629/1034/1036 709/1041/1043 630/1042/1044
f 630/1042/1044 709/1041/1043 708/1043/1045
f 630/1042/1044 708/1043/1045 707/1044/1046
f 706/1045/1047 705/1046/1048 707/1044/1046
f 707/1044/1046 705/1046/1048 704/1047/1049
f 707/1044/1046 704/1047/1049 703/1048/1050
f 703/1048/1050 702/1049/1051 707/1044/1046
f 707/1044/1046 702/1049/1051 630/1042/1044
f 702/1049/1051 701/1050/1052 630/1042/1044
f 630/1042/1044 701/1050/1052 639/1051/1053
f 639/1051/1053 701/1050/1052 700/1052/1054
f 639/1051/1053 700/1052/1054 640/1053/1055
f 640/1053/1055 700/1052/1054 641/1054/1056
f 641/1054/1056 700/1052/1054 642/1055/1057
f 642/1055/1057 700/1052/1054 643/1056/1058
f 643/1056/1058 700/1052/1054 644/1057/1059
f 644/1057/1059 700/1052/1054 645/1058/1060
f 645/1058/1060 700/1052/1054 646/1059/1061
f 646/1059/1061 700/1052/1054 699/995/997
f 646/1059/1061 699/995/997 648/1060/1062
f 648/1060/1062 699/995/997 657/1061/1063
f 657/1061/1063 699/995/997 658/1062/1064
f 658/1062/1064 699/995/997 659/1063/1065
f 659/1063/1065 699/995/997 660/1064/1066
f 660/1064/1066 699/995/997 661/997/999
f 121/1065/1067 126/1066/1068 122/1067/1069
f 122/1067/1069 126/1066/1068 125/1068/1070
f 122/1067/1069 125/1068/1070 153/1069/1071
f 153/1069/1071 125/1068/1070 145/1070/1072
f 145/1070/1072 125/1068/1070 141/1071/1073
f 145/1070/1072 141/1071/1073 143/1072/1074
f 132/1073/1075 131/1074/1076 121/1065/1067
f 121/1065/1067 131/1074/1076 130/1075/1077
f 121/1065/1067 130/1075/1077 129/1076/1078
f 129/1076/1078 128/1077/1079 121/1065/1067
f 121/1065/1067 128/1077/1079 127/1078/1080
f 121/1065/1067 127/1078/1080 126/1066/1068
f 153/1069/1071 152/1079/1081 122/1067/1069
f 122/1067/1069 152/1079/1081 151/1080/1082
f 122/1067/1069 151/1080/1082 150/1081/1083
f 150/1081/1083 149/1082/1084 122/1067/1069
f 122/1067/1069 149/1082/1084 148/1083/1085
f 122/1067/1069 148/1083/1085 147/1084/1086
f 238/1085/1087 237/1086/1088 736/1087/1089
f 736/1087/1089 237/1086/1088 735/1088/1090
f 239/1089/1091 238/1090/1092 737/1091/1093
f 737/1091/1093 238/1090/1092 736/1092/1094
f 240/1093/1095 239/1094/1096 738/1095/1097
f 738/1095/1097 239/1094/1096 737/1096/1098
f 241/1097/1099 240/1098/1100 739/1099/1101
f 739/1099/1101 240/1098/1100 738/1100/1102
f 242/1101/1103 241/1102/1104 740/1103/1105
f 740/1103/1105 241/1102/1104 739/1104/1106
f 243/1105/1107 242/1106/1108 741/1107/1109
f 741/1107/1109 242/1106/1108 740/1108/1110
f 244/1109/1111 243/1110/1112 742/1111/1113
f 742/1111/1113 243/1110/1112 741/1112/1114
f 245/1113/1115 244/1114/1116 743/1115/1117
f 743/1115/1117 244/1114/1116 742/1116/1118
f 246/1117/1119 245/1118/1120 744/1119/1121
f 744/1119/1121 245/1118/1120 743/1120/1122
f 237/1121/1123 246/1122/1124 735/1123/1125
f 735/1123/1125 246/1122/1124 744/1124/1126
f 735/1125/1127 744/1126/1128 736/1127/1129
f 736/1127/1129 744/1126/1128 737/1128/1130
f 737/1128/1130 744/1126/1128 738/1129/1131
f 738/1129/1131 744/1126/1128 739/1130/1132
f 739/1130/1132 744/1126/1128 743/1131/1133
f 739/1130/1132 743/1131/1133 742/1132/1134
f 742/1132/1134 741/1133/1135 739/1130/1132
f 739/1130/1132 741/1133/1135 740/1134/1136
f 248/1135/1137 247/1136/1138 746/1137/1139
f 746/1137/1139 247/1136/1138 745/1138/1140
f 249/1139/1141 248/1140/1142 747/1141/1143
f 747/1141/1143 248/1140/1142 746/1142/1144
f 257/1143/1145 256/1144/1146 755/1145/1147
f 755/1145/1147 256/1144/1146 754/1146/1148
f 754/1146/1148 256/1144/1146 255/1147/1149
f 754/1146/1148 255/1147/1149 753/1148/1150
f 753/1148/1150 255/1147/1149 254/1149/1151
f 753/1148/1150 254/1149/1151 752/1150/1152
f 752/1150/1152 254/1149/1151 253/1151/1153
f 752/1150/1152 253/1151/1153 751/1152/1154
f 751/1152/1154 253/1151/1153 252/1153/1155
f 751/1152/1154 252/1153/1155 750/1154/1156
f 750/1154/1156 252/1153/1155 251/1155/1157
f 750/1154/1156 251/1155/1157 749/1156/1158
f 749/1156/1158 251/1155/1157 250/1157/1159
f 749/1156/1158 250/1157/1159 748/1158/1160
f 748/1158/1160 250/1157/1159 249/1159/1161
f 748/1158/1160 249/1159/1161 747/1160/1162
f 258/1161/1163 257/1162/1164 756/1163/1165
f 756/1163/1165 257/1162/1164 755/1164/1166
f 266/1165/1167 265/1166/1168 764/1167/1169
f 764/1167/1169 265/1166/1168 763/1168/1170
f 763/1168/1170 265/1166/1168 264/1169/1171
f 763/1168/1170 264/1169/1171 762/1170/1172
f 762/1170/1172 264/1169/1171 263/1171/1173
f 762/1170/1172 263/1171/1173 761/1172/1174
f 761/1172/1174 263/1171/1173 262/1173/1175
f 761/1172/1174 262/1173/1175 760/1174/1176
f 760/1174/1176 262/1173/1175 261/1175/1177
f 760/1174/1176 261/1175/1177 759/1176/1178
f 759/1176/1178 261/1175/1177 260/1177/1179
f 759/1176/1178 260/1177/1179 758/1178/1180
f 758/1178/1180 260/1177/1179 259/1179/1181
f 758/1178/1180 259/1179/1181 757/1180/1182
f 757/1180/1182 259/1179/1181 258/1181/1183
f 757/1180/1182 258/1181/1183 756/1182/1184
f 267/1183/1185 266/1184/1186 765/1185/1187
f 765/1185/1187 266/1184/1186 764/1186/1188
f 268/1187/1189 267/1188/1190 766/1189/1191
f 766/1189/1191 267/1188/1190 765/1190/1192
f 269/1191/1193 268/1192/1194 767/1193/1195
f 767/1193/1195 268/1192/1194 766/1194/1196
f 277/1195/1197 276/1196/1198 775/1197/1199
f 775/1197/1199 276/1196/1198 774/1198/1200
f 774/1198/1200 276/1196/1198 275/1199/1201
f 774/1198/1200 275/1199/1201 773/1200/1202
f 773/1200/1202 275/1199/1201 274/1201/1203
f 773/1200/1202 274/1201/1203 772/1202/1204
f 772/1202/1204 274/1201/1203 273/1203/1205
f 772/1202/1204 273/1203/1205 771/1204/1206
f 771/1204/1206 273/1203/1205 272/1205/1207
f 771/1204/1206 272/1205/1207 770/1206/1208
f 770/1206/1208 272/1205/1207 271/1207/1209
f 770/1206/1208 271/1207/1209 769/1208/1210
f 769/1208/1210 271/1207/1209 270/1209/1211
f 769/1208/1210 270/1209/1211 768/1210/1212
f 768/1210/1212 270/1209/1211 269/1211/1213
f 768/1210/1212 269/1211/1213 767/1212/1214
f 278/1213/1215 277/1214/1216 776/1215/1217
f 776/1215/1217 277/1214/1216 775/1216/1218
f 286/1217/1219 285/1218/1220 784/1219/1221
f 784/1219/1221 285/1218/1220 783/1220/1222
f 783/1220/1222 285/1218/1220 284/1221/1223
f 783/1220/1222 284/1221/1223 782/1222/1224
f 782/1222/1224 284/1221/1223 283/1223/1225
f 782/1222/1224 283/1223/1225 781/1224/1226
f 781/1224/1226 283/1223/1225 282/1225/1227
f 781/1224/1226 282/1225/1227 780/1226/1228
f 780/1226/1228 282/1225/1227 281/1227/1229
f 780/1226/1228 281/1227/1229 779/1228/1230
f 779/1228/1230 281/1227/1229 280/1229/1231
f 779/1228/1230 280/1229/1231 778/1230/1232
f 778/1230/1232 280/1229/1231 279/1231/1233
f 778/1230/1232 279/1231/1233 777/1232/1234
f 777/1232/1234 279/1231/1233 278/1233/1235
f 777/1232/1234 278/1233/1235 776/1234/1236
f 247/1235/1237 286/1236/1238 745/1237/1239
f 745/1237/1239 286/1236/1238 784/1238/1240
f 745/1239/1241 784/1240/1242 746/1241/1243
f 746/1241/1243 784/1240/1242 747/1242/1244
f 747/1242/1244 784/1240/1242 748/1243/1245
f 748/1243/1245 784/1240/1242 753/1244/1246
f 748/1243/1245 753/1244/1246 752/1245/1247
f 753/1244/1246 784/1240/1242 754/1246/1248
f 754/1246/1248 784/1240/1242 783/1247/1249
f 754/1246/1248 783/1247/1249 755/1248/1250
f 755/1248/1250 783/1247/1249 782/1249/1251
f 755/1248/1250 782/1249/1251 781/1250/1252
f 781/1250/1252 780/1251/1253 755/1248/1250
f 755/1248/1250 780/1251/1253 779/1252/1254
f 755/1248/1250 779/1252/1254 778/1253/1255
f 778/1253/1255 777/1254/1256 755/1248/1250
f 755/1248/1250 777/1254/1256 776/1255/1257
f 755/1248/1250 776/1255/1257 775/1256/1258
f 755/1248/1250 775/1256/1258 756/1257/1259
f 756/1257/1259 775/1256/1258 774/1258/1260
f 756/1257/1259 774/1258/1260 773/1259/1261
f 773/1259/1261 772/1260/1262 756/1257/1259
f 756/1257/1259 772/1260/1262 771/1261/1263
f 756/1257/1259 771/1261/1263 770/1262/1264
f 770/1262/1264 769/1263/1265 756/1257/1259
f 756/1257/1259 769/1263/1265 768/1264/1266
f 756/1257/1259 768/1264/1266 757/1265/1267
f 757/1265/1267 768/1264/1266 767/1266/1268
f 757/1265/1267 767/1266/1268 758/1267/1269
f 758/1267/1269 767/1266/1268 763/1268/1270
f 758/1267/1269 763/1268/1270 759/1269/1271
f 759/1269/1271 763/1268/1270 760/1270/1272
f 760/1270/1272 763/1268/1270 761/1271/1273
f 761/1271/1273 763/1268/1270 762/1272/1274
f 766/1273/1275 765/1274/1276 767/1266/1268
f 767/1266/1268 765/1274/1276 764/1275/1277
f 767/1266/1268 764/1275/1277 763/1268/1270
f 752/1245/1247 751/1276/1278 748/1243/1245
f 748/1243/1245 751/1276/1278 750/1277/1279
f 748/1243/1245 750/1277/1279 749/1278/1280
f 288/1279/1281 287/1280/1282 786/1281/1283
f 786/1281/1283 287/1280/1282 785/1282/1284
f 289/1283/1285 288/1284/1286 787/1285/1287
f 787/1285/1287 288/1284/1286 786/1286/1288
f 290/1287/1289 289/1288/1290 788/1289/1291
f 788/1289/1291 289/1288/1290 787/1290/1292
f 291/1291/1293 290/1292/1294 789/1293/1295
f 789/1293/1295 290/1292/1294 788/1294/1296
f 292/1295/1297 291/1296/1298 790/1297/1299
f 790/1297/1299 291/1296/1298 789/1298/1300
f 293/1299/1301 292/1300/1302 791/1301/1303
f 791/1301/1303 292/1300/1302 790/1302/1304
f 294/1303/1305 293/1304/1306 792/1305/1307
f 792/1305/1307 293/1304/1306 791/1306/1308
f 287/1307/1309 294/1308/1310 785/1309/1311
f 785/1309/1311 294/1308/1310 792/1310/1312
f 786/1311/1313 785/1312/1314 787/1313/1315
f 787/1313/1315 785/1312/1314 792/1314/1316
f 787/1313/1315 792/1314/1316 790/1315/1317
f 790/1315/1317 792/1314/1316 791/1316/1318
f 789/1317/1319 788/1318/1320 790/1315/1317
f 790/1315/1317 788/1318/1320 787/1313/1315
f 296/1319/1321 295/1320/1322 794/1321/1323
f 794/1321/1323 295/1320/1322 793/1322/1324
f 297/1323/1325 296/1324/1326 795/1325/1327
f 795/1325/1327 296/1324/1326 794/1326/1328
f 298/1327/1329 297/1328/1330 796/1329/1331
f 796/1329/1331 297/1328/1330 795/1330/1332
f 299/1331/1333 298/1332/1334 797/1333/1335
f 797/1333/1335 298/1332/1334 796/1334/1336
f 300/1335/1337 299/1336/1338 798/1337/1339
f 798/1337/1339 299/1336/1338 797/1338/1340
f 301/1339/1341 300/1340/1342 799/1341/1343
f 799/1341/1343 300/1340/1342 798/1342/1344
f 302/1343/1345 301/1344/1346 800/1345/1347
f 800/1345/1347 301/1344/1346 799/1346/1348
f 303/1347/1349 302/1348/1350 801/1349/1351
f 801/1349/1351 302/1348/1350 800/1350/1352
f 304/1351/1353 303/1352/1354 802/1353/1355
f 802/1353/1355 303/1352/1354 801/1354/1356
f 305/1355/1357 304/1356/1358 803/1357/1359
f 803/1357/1359 304/1356/1358 802/1358/1360
f 306/1359/1361 305/1360/1362 804/1361/1363
f 804/1361/1363 305/1360/1362 803/1362/1364
f 295/1363/1365 306/1364/1366 793/1365/1367
f 793/1365/1367 306/1364/1366 804/1366/1368
f 804/1367/1369 796/1368/1370 793/1369/1371
f 793/1369/1371 796/1368/1370 795/1370/1372
f 793/1369/1371 795/1370/1372 794/1371/1373
f 803/1372/1374 801/1373/1375 804/1367/1369
f 804/1367/1369 801/1373/1375 797/1374/1376
f 804/1367/1369 797/1374/1376 796/1368/1370
f 803/1372/1374 802/1375/1377 801/1373/1375
f 801/1373/1375 800/1376/1378 797/1374/1376
f 797/1374/1376 800/1376/1378 798/1377/1379
f 798/1377/1379 800/1376/1378 799/1378/1380
f 308/1379/1381 307/1380/1382 806/1381/1383
f 806/1381/1383 307/1380/1382 805/1382/1384
f 309/1383/1385 308/1384/1386 807/1385/1387
f 807/1385/1387 308/1384/1386 806/1386/1388
f 310/1387/1389 309/1388/1390 808/1389/1391
f 808/1389/1391 309/1388/1390 807/1390/1392
f 311/1391/1393 310/1392/1394 809/1393/1395
f 809/1393/1395 310/1392/1394 808/1394/1396
f 312/1395/1397 311/1396/1398 810/1397/1399
f 810/1397/1399 311/1396/1398 809/1398/1400
f 307/1399/1401 312/1400/1402 805/1401/1403
f 805/1401/1403 312/1400/1402 810/1402/1404
f 810/1403/1405 809/1404/1406 805/1405/1407
f 805/1405/1407 809/1404/1406 808/1406/1408
f 805/1405/1407 808/1406/1408 807/1407/1409
f 807/1407/1409 806/1408/1410 805/1405/1407
f 314/1409/1411 313/1410/1412 812/1411/1413
f 812/1411/1413 313/1410/1412 811/1412/1414
f 318/1413/1415 317/1414/1416 816/1415/1417
f 816/1415/1417 317/1414/1416 815/1416/1418
f 815/1416/1418 317/1414/1416 316/1417/1419
f 815/1416/1418 316/1417/1419 814/1418/1420
f 814/1418/1420 316/1417/1419 315/1419/1421
f 814/1418/1420 315/1419/1421 813/1420/1422
f 813/1420/1422 315/1419/1421 314/1421/1423
f 813/1420/1422 314/1421/1423 812/1422/1424
f 322/1423/1425 321/1424/1426 820/1425/1427
f 820/1425/1427 321/1424/1426 819/1426/1428
f 819/1426/1428 321/1424/1426 320/1427/1429
f 819/1426/1428 320/1427/1429 818/1428/1430
f 818/1428/1430 320/1427/1429 319/1429/1431
f 818/1428/1430 319/1429/1431 817/1430/1432
f 817/1430/1432 319/1429/1431 318/1431/1433
f 817/1430/1432 318/1431/1433 816/1432/1434
f 323/1433/1435 322/1434/1436 821/1435/1437
f 821/1435/1437 322/1434/1436 820/1436/1438
f 331/1437/1439 330/1438/1440 829/1439/1441
f 829/1439/1441 330/1438/1440 828/1440/1442
f 828/1440/1442 330/1438/1440 329/1441/1443
f 828/1440/1442 329/1441/1443 827/1442/1444
f 827/1442/1444 329/1441/1443 328/1443/1445
f 827/1442/1444 328/1443/1445 826/1444/1446
f 826/1444/1446 328/1443/1445 327/1445/1447
f 826/1444/1446 327/1445/1447 825/1446/1448
f 825/1446/1448 327/1445/1447 326/1447/1449
f 825/1446/1448 326/1447/1449 824/1448/1450
f 824/1448/1450 326/1447/1449 325/1449/1451
f 824/1448/1450 325/1449/1451 823/1450/1452
f 823/1450/1452 325/1449/1451 324/1451/1453
f 823/1450/1452 324/1451/1453 822/1452/1454
f 822/1452/1454 324/1451/1453 323/1453/1455
f 822/1452/1454 323/1453/1455 821/1454/1456
f 332/1455/1457 331/1456/1458 830/1457/1459
f 830/1457/1459 331/1456/1458 829/1458/1460
f 340/1459/1461 339/1460/1462 838/1461/1463
f 838/1461/1463 339/1460/1462 837/1462/1464
f 837/1462/1464 339/1460/1462 338/1463/1465
f 837/1462/1464 338/1463/1465 836/1464/1466
f 836/1464/1466 338/1463/1465 337/1465/1467
f 836/1464/1466 337/1465/1467 835/1466/1468
f 835/1466/1468 337/1465/1467 336/1467/1469
f 835/1466/1468 336/1467/1469 834/1468/1470
f 834/1468/1470 336/1467/1469 335/1469/1471
f 834/1468/1470 335/1469/1471 833/1470/1472
f 833/1470/1472 335/1469/1471 334/1471/1473
f 833/1470/1472 334/1471/1473 832/1472/1474
f 832/1472/1474 334/1471/1473 333/1473/1475
f 832/1472/1474 333/1473/1475 831/1474/1476
f 831/1474/1476 333/1473/1475 332/1475/1477
f 831/1474/1476 332/1475/1477 830/1476/1478
f 341/1477/1479 340/1478/1480 839/1479/1481
f 839/1479/1481 340/1478/1480 838/1480/1482
f 349/1481/1483 348/1482/1484 847/1483/1485
f 847/1483/1485 348/1482/1484 846/1484/1486
f 846/1484/1486 348/1482/1484 347/1485/1487
f 846/1484/1486 347/1485/1487 845/1486/1488
f 845/1486/1488 347/1485/1487 346/1487/1489
f 845/1486/1488 346/1487/1489 844/1488/1490
f 844/1488/1490 346/1487/1489 345/1489/1491
f 844/1488/1490 345/1489/1491 843/1490/1492
f 843/1490/1492 345/1489/1491 344/1491/1493
f 843/1490/1492 344/1491/1493 842/1492/1494
f 842/1492/1494 344/1491/1493 343/1493/1495
f 842/1492/1494 343/1493/1495 841/1494/1496
f 841/1494/1496 343/1493/1495 342/1495/1497
f 841/1494/1496 342/1495/1497 840/1496/1498
f 840/1496/1498 342/1495/1497 341/1497/1499
f 840/1496/1498 341/1497/1499 839/1498/1500
f 350/1499/1501 349/1500/1502 848/1501/1503
f 848/1501/1503 349/1500/1502 847/1502/1504
f 351/1503/1505 350/1504/1506 849/1505/1507
f 849/1505/1507 350/1504/1506 848/1506/1508
f 352/1507/1509 351/1508/1510 850/1509/1511
f 850/1509/1511 351/1508/1510 849/1510/1512
f 360/1511/1513 359/1512/1514 858/1513/1515
f 858/1513/1515 359/1512/1514 857/1514/1516
f 857/1514/1516 359/1512/1514 358/1515/1517
f 857/1514/1516 358/1515/1517 856/1516/1518
f 856/1516/1518 358/1515/1517 357/1517/1519
f 856/1516/1518 357/1517/1519 855/1518/1520
f 855/1518/1520 357/1517/1519 356/1519/1521
f 855/1518/1520 356/1519/1521 854/1520/1522
f 854/1520/1522 356/1519/1521 355/1521/1523
f 854/1520/1522 355/1521/1523 853/1522/1524
f 853/1522/1524 355/1521/1523 354/1523/1525
f 853/1522/1524 354/1523/1525 852/1524/1526
f 852/1524/1526 354/1523/1525 353/1525/1527
f 852/1524/1526 353/1525/1527 851/1526/1528
f 851/1526/1528 353/1525/1527 352/1527/1529
f 851/1526/1528 352/1527/1529 850/1528/1530
f 361/1529/1531 360/1530/1532 859/1531/1533
f 859/1531/1533 360/1530/1532 858/1532/1534
f 369/1533/1535 368/1534/1536 867/1535/1537
f 867/1535/1537 368/1534/1536 866/1536/1538
f 866/1536/1538 368/1534/1536 367/1537/1539
f 866/1536/1538 367/1537/1539 865/1538/1540
f 865/1538/1540 367/1537/1539 366/1539/1541
f 865/1538/1540 366/1539/1541 864/1540/1542
f 864/1540/1542 366/1539/1541 365/1541/1543
f 864/1540/1542 365/1541/1543 863/1542/1544
f 863/1542/1544 365/1541/1543 364/1543/1545
f 863/1542/1544 364/1543/1545 862/1544/1546
f 862/1544/1546 364/1543/1545 363/1545/1547
f 862/1544/1546 363/1545/1547 861/1546/1548
f 861/1546/1548 363/1545/1547 362/1547/1549
f 861/1546/1548 362/1547/1549 860/1548/1550
f 860/1548/1550 362/1547/1549 361/1549/1551
f 860/1548/1550 361/1549/1551 859/1550/1552
f 370/1551/1553 369/1552/1554 868/1553/1555
f 868/1553/1555 369/1552/1554 867/1554/1556
f 374/1555/1557 373/1556/1558 872/1557/1559
f 872/1557/1559 373/1556/1558 871/1558/1560
f 871/1558/1560 373/1556/1558 372/1559/1561
f 871/1558/1560 372/1559/1561 870/1560/1562
f 870/1560/1562 372/1559/1561 371/1561/1563
f 870/1560/1562 371/1561/1563 869/1562/1564
f 869/1562/1564 371/1561/1563 370/1563/1565
f 869/1562/1564 370/1563/1565 868/1564/1566
f 378/1565/1567 377/1566/1568 876/1567/1569
f 876/1567/1569 377/1566/1568 875/1568/1570
f 875/1568/1570 377/1566/1568 376/1569/1571
f 875/1568/1570 376/1569/1571 874/1570/1572
f 874/1570/1572 376/1569/1571 375/1571/1573
f 874/1570/1572 375/1571/1573 873/1572/1574
f 873/1572/1574 375/1571/1573 374/1573/1575
f 873/1572/1574 374/1573/1575 872/1574/1576
f 379/1575/1577 378/1576/1578 877/1577/1579
f 877/1577/1579 378/1576/1578 876/1578/1580
f 383/1579/1581 382/1580/1582 881/1581/1583
f 881/1581/1583 382/1580/1582 880/1582/1584
f 880/1582/1584 382/1580/1582 381/1583/1585
f 880/1582/1584 381/1583/1585 879/1584/1586
f 879/1584/1586 381/1583/1585 380/1585/1587
f 879/1584/1586 380/1585/1587 878/1586/1588
f 878/1586/1588 380/1585/1587 379/1587/1589
f 878/1586/1588 379/1587/1589 877/1588/1590
f 387/1589/1591 386/1590/1592 885/1591/1593
f 885/1591/1593 386/1590/1592 884/1592/1594
f 884/1592/1594 386/1590/1592 385/1593/1595
f 884/1592/1594 385/1593/1595 883/1594/1596
f 883/1594/1596 385/1593/1595 384/1595/1597
f 883/1594/1596 384/1595/1597 882/1596/1598
f 882/1596/1598 384/1595/1597 383/1597/1599
f 882/1596/1598 383/1597/1599 881/1598/1600
f 388/1599/1601 387/1600/1602 886/1601/1603
f 886/1601/1603 387/1600/1602 885/1602/1604
f 396/1603/1605 395/1604/1606 894/1605/1607
f 894/1605/1607 395/1604/1606 893/1606/1608
f 893/1606/1608 395/1604/1606 394/1607/1609
f 893/1606/1608 394/1607/1609 892/1608/1610
f 892/1608/1610 394/1607/1609 393/1609/1611
f 892/1608/1610 393/1609/1611 891/1610/1612
f 891/1610/1612 393/1609/1611 392/1611/1613
f 891/1610/1612 392/1611/1613 890/1612/1614
f 890/1612/1614 392/1611/1613 391/1613/1615
f 890/1612/1614 391/1613/1615 889/1614/1616
f 889/1614/1616 391/1613/1615 390/1615/1617
f 889/1614/1616 390/1615/1617 888/1616/1618
f 888/1616/1618 390/1615/1617 389/1617/1619
f 888/1616/1618 389/1617/1619 887/1618/1620
f 887/1618/1620 389/1617/1619 388/1619/1621
f 887/1618/1620 388/1619/1621 886/1620/1622
f 397/1621/1623 396/1622/1624 895/1623/1625
f 895/1623/1625 396/1622/1624 894/1624/1626
f 405/1625/1627 404/1626/1628 903/1627/1629
f 903/1627/1629 404/1626/1628 902/1628/1630
f 902/1628/1630 404/1626/1628 403/1629/1631
f 902/1628/1630 403/1629/1631 901/1630/1632
f 901/1630/1632 403/1629/1631 402/1631/1633
f 901/1630/1632 402/1631/1633 900/1632/1634
f 900/1632/1634 402/1631/1633 401/1633/1635
f 900/1632/1634 401/1633/1635 899/1634/1636
f 899/1634/1636 401/1633/1635 400/1635/1637
f 899/1634/1636 400/1635/1637 898/1636/1638
f 898/1636/1638 400/1635/1637 399/1637/1639
f 898/1636/1638 399/1637/1639 897/1638/1640
f 897/1638/1640 399/1637/1639 398/1639/1641
f 897/1638/1640 398/1639/1641 896/1640/1642
f 896/1640/1642 398/1639/1641 397/1641/1643
f 896/1640/1642 397/1641/1643 895/1642/1644
f 406/1643/1645 405/1644/1646 904/1645/1647
f 904/1645/1647 405/1644/1646 903/1646/1648
f 407/1647/1649 406/1648/1650 905/1649/1651
f 905/1649/1651 406/1648/1650 904/1650/1652
f 408/1651/1653 407/1652/1654 906/1653/1655
f 906/1653/1655 407/1652/1654 905/1654/1656
f 416/1655/1657 415/1656/1658 914/1657/1659
f 914/1657/1659 415/1656/1658 913/1658/1660
f 913/1658/1660 415/1656/1658 414/1659/1661
f 913/1658/1660 414/1659/1661 912/1660/1662
f 912/1660/1662 414/1659/1661 413/1661/1663
f 912/1660/1662 413/1661/1663 911/1662/1664
f 911/1662/1664 413/1661/1663 412/1663/1665
f 911/1662/1664 412/1663/1665 910/1664/1666
f 910/1664/1666 412/1663/1665 411/1665/1667
f 910/1664/1666 411/1665/1667 909/1666/1668
f 909/1666/1668 411/1665/1667 410/1667/1669
f 909/1666/1668 410/1667/1669 908/1668/1670
f 908/1668/1670 410/1667/1669 409/1669/1671
f 908/1668/1670 409/1669/1671 907/1670/1672
f 907/1670/1672 409/1669/1671 408/1671/1673
f 907/1670/1672 408/1671/1673 906/1672/1674
f 417/1673/1675 416/1674/1676 915/1675/1677
f 915/1675/1677 416/1674/1676 914/1676/1678
f 313/1677/1679 424/1678/1680 811/1679/1681
f 811/1679/1681 424/1678/1680 922/1680/1682
f 922/1680/1682 424/1678/1680 423/1681/1683
f 922/1680/1682 423/1681/1683 921/1682/1684
f 921/1682/1684 423/1681/1683 422/1683/1685
f 921/1682/1684 422/1683/1685 920/1684/1686
f 920/1684/1686 422/1683/1685 421/1685/1687
f 920/1684/1686 421/1685/1687 919/1686/1688
f 919/1686/1688 421/1685/1687 420/1687/1689
f 919/1686/1688 420/1687/1689 918/1688/1690
f 918/1688/1690 420/1687/1689 419/1689/1691
f 918/1688/1690 419/1689/1691 917/1690/1692
f 917/1690/1692 419/1689/1691 418/1691/1693
f 917/1690/1692 418/1691/1693 916/1692/1694
f 916/1692/1694 418/1691/1693 417/1693/1695
f 916/1692/1694 417/1693/1695 915/1694/1696
f 922/1695/1697 893/1696/1698 811/1697/1699
f 811/1697/1699 893/1696/1698 892/1698/1700
f 811/1697/1699 892/1698/1700 887/1699/1701
f 887/1699/1701 892/1698/1700 891/1700/1702
f 887/1699/1701 891/1700/1702 890/1701/1703
f 893/1696/1698 922/1695/1697 894/1702/1704
f 894/1702/1704 922/1695/1697 921/1703/1705
f 894/1702/1704 921/1703/1705 920/1704/1706
f 920/1704/1706 919/1705/1707 894/1702/1704
f 894/1702/1704 919/1705/1707 918/1706/1708
f 894/1702/1704 918/1706/1708 917/1707/1709
f 917/1707/1709 916/1708/1710 894/1702/1704
f 894/1702/1704 916/1708/1710 915/1709/1711
f 894/1702/1704 915/1709/1711 895/1710/1712
f 895/1710/1712 915/1709/1711 914/1711/1713
f 895/1710/1712 914/1711/1713 913/1712/1714
f 913/1712/1714 912/1713/1715 895/1710/1712
f 895/1710/1712 912/1713/1715 911/1714/1716
f 895/1710/1712 911/1714/1716 910/1715/1717
f 910/1715/1717 909/1716/1718 895/1710/1712
f 895/1710/1712 909/1716/1718 908/1717/1719
f 895/1710/1712 908/1717/1719 907/1718/1720
f 895/1710/1712 907/1718/1720 896/1719/1721
f 896/1719/1721 907/1718/1720 906/1720/1722
f 896/1719/1721 906/1720/1722 902/1721/1723
f 902/1721/1723 906/1720/1722 903/1722/1724
f 903/1722/1724 906/1720/1722 904/1723/1725
f 904/1723/1725 906/1720/1722 905/1724/1726
f 901/1725/1727 900/1726/1728 902/1721/1723
f 902/1721/1723 900/1726/1728 899/1727/1729
f 902/1721/1723 899/1727/1729 898/1728/1730
f 898/1728/1730 897/1729/1731 902/1721/1723
f 902/1721/1723 897/1729/1731 896/1719/1721
f 890/1701/1703 889/1730/1732 887/1699/1701
f 887/1699/1701 889/1730/1732 888/1731/1733
f 887/1699/1701 886/1732/1734 811/1697/1699
f 811/1697/1699 886/1732/1734 885/1733/1735
f 811/1697/1699 885/1733/1735 812/1734/1736
f 812/1734/1736 885/1733/1735 880/1735/1737
f 812/1734/1736 880/1735/1737 879/1736/1738
f 885/1733/1735 884/1737/1739 880/1735/1737
f 880/1735/1737 884/1737/1739 882/1738/1740
f 880/1735/1737 882/1738/1740 881/1739/1741
f 884/1737/1739 883/1740/1742 882/1738/1740
f 812/1734/1736 879/1736/1738 813/1741/1743
f 813/1741/1743 879/1736/1738 878/1742/1744
f 813/1741/1743 878/1742/1744 814/1743/1745
f 814/1743/1745 878/1742/1744 877/1744/1746
f 814/1743/1745 877/1744/1746 815/1745/1747
f 815/1745/1747 877/1744/1746 816/1746/1748
f 816/1746/1748 877/1744/1746 817/1747/1749
f 817/1747/1749 877/1744/1746 818/1748/1750
f 818/1748/1750 877/1744/1746 819/1749/1751
f 819/1749/1751 877/1744/1746 876/1750/1752
f 819/1749/1751 876/1750/1752 820/1751/1753
f 820/1751/1753 876/1750/1752 875/1752/1754
f 820/1751/1753 875/1752/1754 821/1753/1755
f 821/1753/1755 875/1752/1754 874/1754/1756
f 821/1753/1755 874/1754/1756 873/1755/1757
f 873/1755/1757 872/1756/1758 821/1753/1755
f 821/1753/1755 872/1756/1758 871/1757/1759
f 821/1753/1755 871/1757/1759 870/1758/1760
f 821/1753/1755 870/1758/1760 822/1759/1761
f 822/1759/1761 870/1758/1760 869/1760/1762
f 822/1759/1761 869/1760/1762 868/1761/1763
f 867/1762/1764 829/1763/1765 868/1761/1763
f 868/1761/1763 829/1763/1765 828/1764/1766
f 868/1761/1763 828/1764/1766 823/1765/1767
f 823/1765/1767 828/1764/1766 824/1766/1768
f 824/1766/1768 828/1764/1766 825/1767/1769
f 825/1767/1769 828/1764/1766 826/1768/1770
f 826/1768/1770 828/1764/1766 827/1769/1771
f 866/1770/1772 837/1771/1773 867/1762/1764
f 867/1762/1764 837/1771/1773 836/1772/1774
f 867/1762/1764 836/1772/1774 830/1773/1775
f 830/1773/1775 836/1772/1774 835/1774/1776
f 830/1773/1775 835/1774/1776 831/1775/1777
f 831/1775/1777 835/1774/1776 834/1776/1778
f 831/1775/1777 834/1776/1778 833/1777/1779
f 837/1771/1773 866/1770/1772 838/1778/1780
f 838/1778/1780 866/1770/1772 865/1779/1781
f 838/1778/1780 865/1779/1781 864/1780/1782
f 864/1780/1782 863/1781/1783 838/1778/1780
f 838/1778/1780 863/1781/1783 862/1782/1784
f 838/1778/1780 862/1782/1784 861/1783/1785
f 861/1783/1785 860/1784/1786 838/1778/1780
f 838/1778/1780 860/1784/1786 859/1785/1787
f 838/1778/1780 859/1785/1787 858/1786/1788
f 838/1778/1780 858/1786/1788 839/1787/1789
f 839/1787/1789 858/1786/1788 857/1788/1790
f 839/1787/1789 857/1788/1790 856/1789/1791
f 856/1789/1791 855/1790/1792 839/1787/1789
f 839/1787/1789 855/1790/1792 854/1791/1793
f 839/1787/1789 854/1791/1793 853/1792/1794
f 853/1792/1794 852/1793/1795 839/1787/1789
f 839/1787/1789 852/1793/1795 851/1794/1796
f 839/1787/1789 851/1794/1796 840/1795/1797
f 840/1795/1797 851/1794/1796 850/1796/1798
f 840/1795/1797 850/1796/1798 841/1797/1799
f 841/1797/1799 850/1796/1798 846/1798/1800
f 841/1797/1799 846/1798/1800 842/1799/1801
f 842/1799/1801 846/1798/1800 843/1800/1802
f 843/1800/1802 846/1798/1800 844/1801/1803
f 844/1801/1803 846/1798/1800 845/1802/1804
f 849/1803/1805 848/1804/1806 850/1796/1798
f 850/1796/1798 848/1804/1806 847/1805/1807
f 850/1796/1798 847/1805/1807 846/1798/1800
f 833/1777/1779 832/1806/1808 831/1775/1777
f 830/1773/1775 829/1763/1765 867/1762/1764
f 823/1765/1767 822/1759/1761 868/1761/1763
f 426/1807/1809 425/1808/1810 924/1809/1811
f 924/1809/1811 425/1808/1810 923/1810/1812
f 427/1811/1813 426/1812/1814 925/1813/1815
f 925/1813/1815 426/1812/1814 924/1814/1816
f 428/1815/1817 427/1816/1818 926/1817/1819
f 926/1817/1819 427/1816/1818 925/1818/1820
f 429/1819/1821 428/1820/1822 927/1821/1823
f 927/1821/1823 428/1820/1822 926/1822/1824
f 430/1823/1825 429/1824/1826 928/1825/1827
f 928/1825/1827 429/1824/1826 927/1826/1828
f 431/1827/1829 430/1828/1830 929/1829/1831
f 929/1829/1831 430/1828/1830 928/1830/1832
f 432/1831/1833 431/1832/1834 930/1833/1835
f 930/1833/1835 431/1832/1834 929/1834/1836
f 433/1835/1837 432/1836/1838 931/1837/1839
f 931/1837/1839 432/1836/1838 930/1838/1840
f 434/1839/1841 433/1840/1842 932/1841/1843
f 932/1841/1843 433/1840/1842 931/1842/1844
f 425/1843/1845 434/1844/1846 923/1845/1847
f 923/1845/1847 434/1844/1846 932/1846/1848
f 923/1847/1849 932/1848/1850 924/1849/1851
f 924/1849/1851 932/1848/1850 925/1850/1852
f 925/1850/1852 932/1848/1850 926/1851/1853
f 926/1851/1853 932/1848/1850 927/1852/1854
f 927/1852/1854 932/1848/1850 931/1853/1855
f 927/1852/1854 931/1853/1855 930/1854/1856
f 930/1854/1856 929/1855/1857 927/1852/1854
f 927/1852/1854 929/1855/1857 928/1856/1858
f 436/1857/1859 435/1858/1860 934/1859/1861
f 934/1859/1861 435/1858/1860 933/1860/1862
f 437/1861/1863 436/1862/1864 935/1863/1865
f 935/1863/1865 436/1862/1864 934/1864/1866
f 438/1865/1867 437/1866/1868 936/1867/1869
f 936/1867/1869 437/1866/1868 935/1868/1870
f 435/1869/1871 438/1870/1872 933/1871/1873
f 933/1871/1873 438/1870/1872 936/1872/1874
f 933/1873/1875 936/1874/1876 934/1875/1877
f 934/1875/1877 936/1874/1876 935/1876/1878
f 937/1877/1879 938/1878/1880 940/1879/1881
f 940/1879/1881 938/1878/1880 939/1880/1882
f 941/1881/1883 937/1882/1884 942/1883/1885
f 942/1883/1885 937/1882/1884 940/1884/1886
f 938/1885/1887 941/1886/1888 939/1887/1889
f 939/1887/1889 941/1886/1888 942/1888/1890
f 592/1889/1891 591/1890/1892 944/1891/1893
f 944/1891/1893 591/1890/1892 943/1892/1894
f 593/1893/1895 592/1894/1896 945/1895/1897
f 945/1895/1897 592/1894/1896 944/1896/1898
f 594/1897/1899 593/1898/1900 946/1899/1901
f 946/1899/1901 593/1898/1900 945/1900/1902
f 595/1901/1903 594/1902/1904 947/1903/1905
f 947/1903/1905 594/1902/1904 946/1904/1906
f 596/1905/1907 595/1906/1908 948/1907/1909
f 948/1907/1909 595/1906/1908 947/1908/1910
f 597/1909/1911 596/1910/1912 949/1911/1913
f 949/1911/1913 596/1910/1912 948/1912/1914
f 598/1913/1915 597/1914/1916 950/1915/1917
f 950/1915/1917 597/1914/1916 949/1916/1918
f 591/1917/1919 598/1918/1920 943/1919/1921
f 943/1919/1921 598/1918/1920 950/1920/1922
f 943/1921/1923 950/1922/1924 944/1923/1925
f 944/1923/1925 950/1922/1924 940/1924/1926
f 944/1923/1925 940/1924/1926 945/1925/1927
f 945/1925/1927 940/1924/1926 939/1926/1928
f 945/1925/1927 939/1926/1928 947/1927/1929
f 947/1927/1929 939/1926/1928 948/1928/1930
f 948/1928/1930 939/1926/1928 942/1929/1931
f 948/1928/1930 942/1929/1931 949/1930/1932
f 949/1930/1932 942/1929/1931 940/1924/1926
f 949/1930/1932 940/1924/1926 950/1922/1924
f 947/1927/1929 946/1931/1933 945/1925/1927
f 627/1932/1934 632/1933/1935 628/1934/1936
f 628/1934/1936 632/1933/1935 631/1935/1937
f 628/1934/1936 631/1935/1937 691/1936/1938
f 691/1936/1938 631/1935/1937 683/1937/1939
f 683/1937/1939 631/1935/1937 647/1938/1940
f 683/1937/1939 647/1938/1940 667/1939/1941
f 667/1939/1941 647/1938/1940 668/1940/1942
f 668/1940/1942 647/1938/1940 665/1941/1943
f 668/1940/1942 665/1941/1943 669/1942/1944
f 669/1942/1944 665/1941/1943 670/1943/1945
f 670/1943/1945 665/1941/1943 671/1944/1946
f 671/1944/1946 665/1941/1943 672/1945/1947
f 672/1945/1947 665/1941/1943 673/1946/1948
f 673/1946/1948 665/1941/1943 674/1947/1949
f 638/1948/1950 637/1949/1951 627/1932/1934
f 627/1932/1934 637/1949/1951 636/1950/1952
f 627/1932/1934 636/1950/1952 635/1951/1953
f 635/1951/1953 634/1952/1954 627/1932/1934
f 627/1932/1934 634/1952/1954 633/1953/1955
f 627/1932/1934 633/1953/1955 632/1933/1935
f 647/1938/1940 656/1954/1956 665/1941/1943
f 665/1941/1943 656/1954/1956 649/1955/1957
f 649/1955/1957 656/1954/1956 655/1956/1958
f 649/1955/1957 655/1956/1958 654/1957/1959
f 654/1957/1959 653/1958/1960 649/1955/1957
f 649/1955/1957 653/1958/1960 652/1959/1961
f 649/1955/1957 652/1959/1961 651/1960/1962
f 651/1960/1962 650/1961/1963 649/1955/1957
f 691/1936/1938 690/1962/1964 628/1934/1936
f 628/1934/1936 690/1962/1964 689/1963/1965
f 628/1934/1936 689/1963/1965 688/1964/1966
f 688/1964/1966 687/1965/1967 628/1934/1936
f 628/1934/1936 687/1965/1967 686/1966/1968
f 628/1934/1936 686/1966/1968 685/1967/1969
f 951/1968/1970 952/1969/1971 954/1970/1972
f 954/1970/1972 952/1969/1971 953/1971/1973
f 955/1972/1974 951/1973/1975 956/1974/1976
f 956/1974/1976 951/1973/1975 954/1975/1977
f 952/1976/1978 955/1977/1979 953/1978/1980
f 953/1978/1980 955/1977/1979 956/1979/1981
f 440/1980/1982 439/1981/1983 958/1982/1984
f 958/1982/1984 439/1981/1983 957/1983/1985
f 441/1984/1986 440/1985/1987 959/1986/1988
f 959/1986/1988 440/1985/1987 958/1987/1989
f 442/1988/1990 441/1989/1991 960/1990/1992
f 960/1990/1992 441/1989/1991 959/1991/1993
f 443/1992/1994 442/1993/1995 961/1994/1996
f 961/1994/1996 442/1993/1995 960/1995/1997
f 444/1996/1998 443/1997/1999 962/1998/2000
f 962/1998/2000 443/1997/1999 961/1999/2001
f 445/2000/2002 444/2001/2003 963/2002/2004
f 963/2002/2004 444/2001/2003 962/2003/2005
f 446/2004/2006 445/2005/2007 964/2006/2008
f 964/2006/2008 445/2005/2007 963/2007/2009
f 439/2008/2010 446/2009/2011 957/2010/2012
f 957/2010/2012 446/2009/2011 964/2011/2013
f 957/2012/2014 964/2013/2015 958/2014/2016
f 958/2014/2016 964/2013/2015 954/2015/2017
f 958/2014/2016 954/2015/2017 959/2016/2018
f 959/2016/2018 954/2015/2017 953/2017/2019
f 959/2016/2018 953/2017/2019 961/2018/2020
f 961/2018/2020 953/2017/2019 962/2019/2021
f 962/2019/2021 953/2017/2019 956/2020/2022
f 962/2019/2021 956/2020/2022 963/2021/2023
f 963/2021/2023 956/2020/2022 954/2015/2017
f 963/2021/2023 954/2015/2017 964/2013/2015
f 961/2018/2020 960/2022/2024 959/2016/2018
f 938/2023/2025 937/2024/2026 941/2025/2027
f 966/2026/2028 448/2027/2029 965/2028/2030
f 965/2028/2030 448/2027/2029 447/2029/2031
f 965/2030/2030 447/2031/2031 988/2032/2032
f 988/2032/2032 447/2031/2031 470/2033/2033
f 988/2032/2032 470/2033/2033 987/2034/2034
f 987/2034/2034 470/2033/2033 469/2035/2035
f 987/2034/2034 469/2035/2035 986/2036/2036
f 986/2036/2036 469/2035/2035 468/2037/2037
f 986/2036/2036 468/2037/2037 985/2038/2038
f 985/2038/2038 468/2037/2037 467/2039/2039
f 985/2038/2038 467/2039/2039 984/2040/2040
f 984/2040/2040 467/2039/2039 466/2041/2041
f 984/2040/2040 466/2041/2041 983/2042/2042
f 983/2042/2042 466/2041/2041 465/2043/2043
f 983/2042/2042 465/2043/2043 982/2044/2044
f 982/2044/2044 465/2043/2043 464/2045/2045
f 982/2044/2044 464/2045/2045 981/2046/2046
f 981/2046/2046 464/2045/2045 463/2047/2047
f 981/2046/2046 463/2047/2047 980/2048/2048
f 980/2048/2048 463/2047/2047 462/2049/2049
f 980/2048/2048 462/2049/2049 979/2050/2050
f 979/2050/2050 462/2049/2049 461/2051/2051
f 979/2050/2050 461/2051/2051 978/2052/2052
f 978/2052/2052 461/2051/2051 460/2053/2053
f 978/2052/2052 460/2053/2053 977/2054/2054
f 977/2054/2054 460/2053/2053 459/2055/2055
f 977/2054/2054 459/2055/2055 976/2056/2056
f 976/2056/2056 459/2055/2055 458/2057/2057
f 976/2056/2056 458/2057/2057 975/2058/2058
f 975/2058/2058 458/2057/2057 457/2059/2059
f 975/2058/2058 457/2059/2059 974/2060/2060
f 974/2060/2060 457/2059/2059 456/2061/2061
f 974/2060/2060 456/2061/2061 973/2062/2062
f 973/2062/2062 456/2061/2061 455/2063/2063
f 973/2062/2062 455/2063/2063 972/2064/2064
f 972/2064/2064 455/2063/2063 454/2065/2065
f 972/2064/2064 454/2065/2065 971/2066/2066
f 971/2066/2066 454/2065/2065 453/2067/2067
f 971/2066/2066 453/2067/2067 970/2068/2068
f 970/2068/2068 453/2067/2067 452/2069/2069
f 970/2068/2068 452/2069/2069 969/2070/2070
f 969/2070/2070 452/2069/2069 451/2071/2071
f 969/2070/2070 451/2071/2071 968/2072/2072
f 968/2072/2072 451/2071/2071 450/2073/2073
f 968/2072/2072 450/2073/2073 967/2074/2074
f 967/2074/2074 450/2073/2073 449/2075/2075
f 967/2074/2074 449/2075/2075 966/2026/2028
f 966/2026/2028 449/2075/2075 448/2027/2029
f 1012/2076/2076 989/2077/2077 965/2078/2078
f 965/2078/2078 989/2077/2077 990/2079/2079
f 965/2078/2078 990/2079/2079 966/2080/2080
f 966/2080/2080 990/2079/2079 991/2081/2081
f 966/2080/2080 991/2081/2081 967/2082/2082
f 967/2082/2082 991/2081/2081 992/2083/2083
f 967/2082/2082 992/2083/2083 968/2084/2084
f 968/2084/2084 992/2083/2083 993/2085/2085
f 968/2084/2084 993/2085/2085 969/2086/2086
f 969/2086/2086 993/2085/2085 994/2087/2087
f 969/2086/2086 994/2087/2087 970/2088/2088
f 970/2088/2088 994/2087/2087 995/2089/2089
f 970/2088/2088 995/2089/2089 971/2090/2090
f 971/2090/2090 995/2089/2089 972/2091/2091
f 972/2091/2091 995/2089/2089 996/2092/2092
f 972/2091/2091 996/2092/2092 973/2093/2093
f 973/2093/2093 996/2092/2092 997/2094/2094
f 973/2093/2093 997/2094/2094 974/2095/2095
f 974/2095/2095 997/2094/2094 998/2096/2096
f 974/2095/2095 998/2096/2096 975/2097/2097
f 975/2097/2097 998/2096/2096 999/2098/2098
f 975/2097/2097 999/2098/2098 976/2099/2099
f 976/2099/2099 999/2098/2098 1000/2100/2100
f 976/2099/2099 1000/2100/2100 977/2101/2101
f 977/2101/2101 1000/2100/2100 1001/2102/2102
f 977/2101/2101 1001/2102/2102 978/2103/2103
f 978/2103/2103 1001/2102/2102 1002/2104/2104
f 978/2103/2103 1002/2104/2104 1003/2105/2105
f 978/2103/2103 1003/2105/2105 979/2106/2106
f 979/2106/2106 1003/2105/2105 1004/2107/2107
f 979/2106/2106 1004/2107/2107 980/2108/2108
f 980/2108/2108 1004/2107/2107 1005/2109/2109
f 980/2108/2108 1005/2109/2109 981/2110/2110
f 981/2110/2110 1005/2109/2109 1006/2111/2111
f 981/2110/2110 1006/2111/2111 982/2112/2112
f 982/2112/2112 1006/2111/2111 1007/2113/2113
f 982/2112/2112 1007/2113/2113 983/2114/2114
f 983/2114/2114 1007/2113/2113 984/2115/2115
f 984/2115/2115 1007/2113/2113 1008/2116/2116
f 984/2115/2115 1008/2116/2116 985/2117/2117
f 985/2117/2117 1008/2116/2116 1009/2118/2118
f 985/2117/2117 1009/2118/2118 986/2119/2119
f 986/2119/2119 1009/2118/2118 1010/2120/2120
f 986/2119/2119 1010/2120/2120 987/2121/2121
f 987/2121/2121 1010/2120/2120 1011/2122/2122
f 987/2121/2121 1011/2122/2122 988/2123/2123
f 988/2123/2123 1011/2122/2122 1012/2076/2076
f 988/2123/2123 1012/2076/2076 965/2078/2078
f 1014/2124/2124 472/2125/2125 1013/2126/2126
f 1013/2126/2126 472/2125/2125 471/2127/2127
f 1013/2128/2126 471/2129/2127 1036/2130/2128
f 1036/2130/2128 471/2129/2127 494/2131/2129
f 1036/2130/2128 494/2131/2129 1035/2132/2130
f 1035/2132/2130 494/2131/2129 493/2133/2131
f 1035/2132/2130 493/2133/2131 1034/2134/2132
f 1034/2134/2132 493/2133/2131 492/2135/2133
f 1034/2134/2132 492/2135/2133 1033/2136/2134
f 1033/2136/2134 492/2135/2133 491/2137/2135
f 1033/2136/2134 491/2137/2135 1032/2138/2136
f 1032/2138/2136 491/2137/2135 490/2139/2137
f 1032/2138/2136 490/2139/2137 1031/2140/2138
f 1031/2140/2138 490/2139/2137 489/2141/2139
f 1031/2140/2138 489/2141/2139 1030/2142/2140
f 1030/2142/2140 489/2141/2139 488/2143/2141
f 1030/2142/2140 488/2143/2141 1029/2144/2142
f 1029/2144/2142 488/2143/2141 487/2145/2143
f 1029/2144/2142 487/2145/2143 1028/2146/2144
f 1028/2146/2144 487/2145/2143 486/2147/2145
f 1028/2146/2144 486/2147/2145 1027/2148/2146
f 1027/2148/2146 486/2147/2145 485/2149/2147
f 1027/2148/2146 485/2149/2147 1026/2150/2148
f 1026/2150/2148 485/2149/2147 484/2151/2149
f 1026/2150/2148 484/2151/2149 1025/2152/2150
f 1025/2152/2150 484/2151/2149 483/2153/2151
f 1025/2152/2150 483/2153/2151 1024/2154/2152
f 1024/2154/2152 483/2153/2151 482/2155/2153
f 1024/2154/2152 482/2155/2153 1023/2156/2154
f 1023/2156/2154 482/2155/2153 481/2157/2155
f 1023/2156/2154 481/2157/2155 1022/2158/2156
f 1022/2158/2156 481/2157/2155 480/2159/2157
f 1022/2158/2156 480/2159/2157 1021/2160/2158
f 1021/2160/2158 480/2159/2157 479/2161/2159
f 1021/2160/2158 479/2161/2159 1020/2162/2160
f 1020/2162/2160 479/2161/2159 478/2163/2161
f 1020/2162/2160 478/2163/2161 1019/2164/2162
f 1019/2164/2162 478/2163/2161 477/2165/2163
f 1019/2164/2162 477/2165/2163 1018/2166/2164
f 1018/2166/2164 477/2165/2163 476/2167/2165
f 1018/2166/2164 476/2167/2165 1017/2168/2166
f 1017/2168/2166 476/2167/2165 475/2169/2167
f 1017/2168/2166 475/2169/2167 1016/2170/2168
f 1016/2170/2168 475/2169/2167 474/2171/2169
f 1016/2170/2168 474/2171/2169 1015/2172/2170
f 1015/2172/2170 474/2171/2169 473/2173/2171
f 1015/2172/2170 473/2173/2171 1014/2124/2124
f 1014/2124/2124 473/2173/2171 472/2125/2125
f 1060/2174/2172 1037/2175/2173 1013/2176/2174
f 1013/2176/2174 1037/2175/2173 1038/2177/2175
f 1013/2176/2174 1038/2177/2175 1014/2178/2176
f 1014/2178/2176 1038/2177/2175 1039/2179/2177
f 1014/2178/2176 1039/2179/2177 1015/2180/2178
f 1015/2180/2178 1039/2179/2177 1040/2181/2179
f 1015/2180/2178 1040/2181/2179 1016/2182/2180
f 1016/2182/2180 1040/2181/2179 1041/2183/2181
f 1016/2182/2180 1041/2183/2181 1017/2184/2182
f 1017/2184/2182 1041/2183/2181 1042/2185/2183
f 1017/2184/2182 1042/2185/2183 1018/2186/2184
f 1018/2186/2184 1042/2185/2183 1043/2187/2185
f 1018/2186/2184 1043/2187/2185 1019/2188/2186
f 1019/2188/2186 1043/2187/2185 1020/2189/2187
f 1020/2189/2187 1043/2187/2185 1044/2190/2188
f 1020/2189/2187 1044/2190/2188 1021/2191/2189
f 1021/2191/2189 1044/2190/2188 1045/2192/2190
f 1021/2191/2189 1045/2192/2190 1022/2193/2191
f 1022/2193/2191 1045/2192/2190 1046/2194/2192
f 1022/2193/2191 1046/2194/2192 1023/2195/2193
f 1023/2195/2193 1046/2194/2192 1047/2196/2194
f 1023/2195/2193 1047/2196/2194 1024/2197/2195
f 1024/2197/2195 1047/2196/2194 1048/2198/2196
f 1024/2197/2195 1048/2198/2196 1025/2199/2197
f 1025/2199/2197 1048/2198/2196 1049/2200/2198
f 1025/2199/2197 1049/2200/2198 1026/2201/2199
f 1026/2201/2199 1049/2200/2198 1050/2202/2200
f 1026/2201/2199 1050/2202/2200 1051/2203/2201
f 1026/2201/2199 1051/2203/2201 1027/2204/2202
f 1027/2204/2202 1051/2203/2201 1052/2205/2203
f 1027/2204/2202 1052/2205/2203 1028/2206/2204
f 1028/2206/2204 1052/2205/2203 1053/2207/2205
f 1028/2206/2204 1053/2207/2205 1029/2208/2206
f 1029/2208/2206 1053/2207/2205 1054/2209/2207
f 1029/2208/2206 1054/2209/2207 1030/2210/2208
f 1030/2210/2208 1054/2209/2207 1055/2211/2209
f 1030/2210/2208 1055/2211/2209 1031/2212/2210
f 1031/2212/2210 1055/2211/2209 1032/2213/2211
f 1032/2213/2211 1055/2211/2209 1056/2214/2212
f 1032/2213/2211 1056/2214/2212 1033/2215/2213
f 1033/2215/2213 1056/2214/2212 1057/2216/2214
f 1033/2215/2213 1057/2216/2214 1034/2217/2215
f 1034/2217/2215 1057/2216/2214 1058/2218/2216
f 1034/2217/2215 1058/2218/2216 1035/2219/2217
f 1035/2219/2217 1058/2218/2216 1059/2220/2218
f 1035/2219/2217 1059/2220/2218 1036/2221/2219
f 1036/2221/2219 1059/2220/2218 1060/2174/2172
f 1036/2221/2219 1060/2174/2172 1013/2176/2174
f 1062/2222/2220 496/2223/2221 1061/2224/2222
f 1061/2224/2222 496/2223/2221 495/2225/2223
f 1061/2226/2222 495/2227/2223 1084/2228/2224
f 1084/2228/2224 495/2227/2223 518/2229/2225
f 1084/2228/2224 518/2229/2225 1083/2230/2226
f 1083/2230/2226 518/2229/2225 517/2231/2227
f 1083/2230/2226 517/2231/2227 1082/2232/2228
f 1082/2232/2228 517/2231/2227 516/2233/2229
f 1082/2232/2228 516/2233/2229 1081/2234/2230
f 1081/2234/2230 516/2233/2229 515/2235/2231
f 1081/2234/2230 515/2235/2231 1080/2236/2232
f 1080/2236/2232 515/2235/2231 514/2237/2233
f 1080/2236/2232 514/2237/2233 1079/2238/2234
f 1079/2238/2234 514/2237/2233 513/2239/2235
f 1079/2238/2234 513/2239/2235 1078/2240/2236
f 1078/2240/2236 513/2239/2235 512/2241/2237
f 1078/2240/2236 512/2241/2237 1077/2242/2238
f 1077/2242/2238 512/2241/2237 511/2243/2239
f 1077/2242/2238 511/2243/2239 1076/2244/2240
f 1076/2244/2240 511/2243/2239 510/2245/2241
f 1076/2244/2240 510/2245/2241 1075/2246/2242
f 1075/2246/2242 510/2245/2241 509/2247/2243
f 1075/2246/2242 509/2247/2243 1074/2248/2244
f 1074/2248/2244 509/2247/2243 508/2249/2245
f 1074/2248/2244 508/2249/2245 1073/2250/2246
f 1073/2250/2246 508/2249/2245 507/2251/2247
f 1073/2250/2246 507/2251/2247 1072/2252/2248
f 1072/2252/2248 507/2251/2247 506/2253/2249
f 1072/2252/2248 506/2253/2249 1071/2254/2250
f 1071/2254/2250 506/2253/2249 505/2255/2251
f 1071/2254/2250 505/2255/2251 1070/2256/2252
f 1070/2256/2252 505/2255/2251 504/2257/2253
f 1070/2256/2252 504/2257/2253 1069/2258/2254
f 1069/2258/2254 504/2257/2253 503/2259/2255
f 1069/2258/2254 503/2259/2255 1068/2260/2256
f 1068/2260/2256 503/2259/2255 502/2261/2257
f 1068/2260/2256 502/2261/2257 1067/2262/2258
f 1067/2262/2258 502/2261/2257 501/2263/2259
f 1067/2262/2258 501/2263/2259 1066/2264/2260
f 1066/2264/2260 501/2263/2259 500/2265/2261
f 1066/2264/2260 500/2265/2261 1065/2266/2262
f 1065/2266/2262 500/2265/2261 499/2267/2263
f 1065/2266/2262 499/2267/2263 1064/2268/2264
f 1064/2268/2264 499/2267/2263 498/2269/2265
f 1064/2268/2264 498/2269/2265 1063/2270/2266
f 1063/2270/2266 498/2269/2265 497/2271/2267
f 1063/2270/2266 497/2271/2267 1062/2222/2220
f 1062/2222/2220 497/2271/2267 496/2223/2221
f 1108/2272/2268 1085/2273/2269 1061/2274/2270
f 1061/2274/2270 1085/2273/2269 1086/2275/2271
f 1061/2274/2270 1086/2275/2271 1062/2276/2272
f 1062/2276/2272 1086/2275/2271 1087/2277/2273
f 1062/2276/2272 1087/2277/2273 1063/2278/2274
f 1063/2278/2274 1087/2277/2273 1088/2279/2275
f 1063/2278/2274 1088/2279/2275 1064/2280/2276
f 1064/2280/2276 1088/2279/2275 1089/2281/2277
f 1064/2280/2276 1089/2281/2277 1065/2282/2278
f 1065/2282/2278 1089/2281/2277 1090/2283/2279
f 1065/2282/2278 1090/2283/2279 1066/2284/2280
f 1066/2284/2280 1090/2283/2279 1091/2285/2281
f 1066/2284/2280 1091/2285/2281 1067/2286/2282
f 1067/2286/2282 1091/2285/2281 1068/2287/2283
f 1068/2287/2283 1091/2285/2281 1092/2288/2284
f 1068/2287/2283 1092/2288/2284 1069/2289/2285
f 1069/2289/2285 1092/2288/2284 1093/2290/2286
f 1069/2289/2285 1093/2290/2286 1070/2291/2287
f 1070/2291/2287 1093/2290/2286 1094/2292/2288
f 1070/2291/2287 1094/2292/2288 1071/2293/2289
f 1071/2293/2289 1094/2292/2288 1095/2294/2290
f 1071/2293/2289 1095/2294/2290 1072/2295/2291
f 1072/2295/2291 1095/2294/2290 1096/2296/2292
f 1072/2295/2291 1096/2296/2292 1073/2297/2293
f 1073/2297/2293 1096/2296/2292 1097/2298/2294
f 1073/2297/2293 1097/2298/2294 1074/2299/2295
f 1074/2299/2295 1097/2298/2294 1098/2300/2296
f 1074/2299/2295 1098/2300/2296 1099/2301/2297
f 1074/2299/2295 1099/2301/2297 1075/2302/2298
f 1075/2302/2298 1099/2301/2297 1100/2303/2299
f 1075/2302/2298 1100/2303/2299 1076/2304/2300
f 1076/2304/2300 1100/2303/2299 1101/2305/2301
f 1076/2304/2300 1101/2305/2301 1077/2306/2302
f 1077/2306/2302 1101/2305/2301 1102/2307/2303
f 1077/2306/2302 1102/2307/2303 1078/2308/2304
f 1078/2308/2304 1102/2307/2303 1103/2309/2305
f 1078/2308/2304 1103/2309/2305 1079/2310/2306
f 1079/2310/2306 1103/2309/2305 1080/2311/2307
f 1080/2311/2307 1103/2309/2305 1104/2312/2308
f 1080/2311/2307 1104/2312/2308 1081/2313/2309
f 1081/2313/2309 1104/2312/2308 1105/2314/2310
f 1081/2313/2309 1105/2314/2310 1082/2315/2311
f 1082/2315/2311 1105/2314/2310 1106/2316/2312
f 1082/2315/2311 1106/2316/2312 1083/2317/2313
f 1083/2317/2313 1106/2316/2312 1107/2318/2314
f 1083/2317/2313 1107/2318/2314 1084/2319/2315
f 1084/2319/2315 1107/2318/2314 1108/2272/2268
f 1084/2319/2315 1108/2272/2268 1061/2274/2270
f 1110/2320/2316 520/2321/2317 1109/2322/2318
f 1109/2322/2318 520/2321/2317 519/2323/2319
f 1109/2324/2318 519/2325/2319 1132/2326/2320
f 1132/2326/2320 519/2325/2319 542/2327/2321
f 1132/2326/2320 542/2327/2321 1131/2328/2322
f 1131/2328/2322 542/2327/2321 541/2329/2323
f 1131/2328/2322 541/2329/2323 1130/2330/2324
f 1130/2330/2324 541/2329/2323 540/2331/2325
f 1130/2330/2324 540/2331/2325 1129/2332/2326
f 1129/2332/2326 540/2331/2325 539/2333/2327
f 1129/2332/2326 539/2333/2327 1128/2334/2328
f 1128/2334/2328 539/2333/2327 538/2335/2329
f 1128/2334/2328 538/2335/2329 1127/2336/2330
f 1127/2336/2330 538/2335/2329 537/2337/2331
f 1127/2336/2330 537/2337/2331 1126/2338/2332
f 1126/2338/2332 537/2337/2331 536/2339/2333
f 1126/2338/2332 536/2339/2333 1125/2340/2334
f 1125/2340/2334 536/2339/2333 535/2341/2335
f 1125/2340/2334 535/2341/2335 1124/2342/2336
f 1124/2342/2336 535/2341/2335 534/2343/2337
f 1124/2342/2336 534/2343/2337 1123/2344/2338
f 1123/2344/2338 534/2343/2337 533/2345/2339
f 1123/2344/2338 533/2345/2339 1122/2346/2340
f 1122/2346/2340 533/2345/2339 532/2347/2341
f 1122/2346/2340 532/2347/2341 1121/2348/2342
f 1121/2348/2342 532/2347/2341 531/2349/2343
f 1121/2348/2342 531/2349/2343 1120/2350/2344
f 1120/2350/2344 531/2349/2343 530/2351/2345
f 1120/2350/2344 530/2351/2345 1119/2352/2346
f 1119/2352/2346 530/2351/2345 529/2353/2347
f 1119/2352/2346 529/2353/2347 1118/2354/2348
f 1118/2354/2348 529/2353/2347 528/2355/2349
f 1118/2354/2348 528/2355/2349 1117/2356/2350
f 1117/2356/2350 528/2355/2349 527/2357/2351
f 1117/2356/2350 527/2357/2351 1116/2358/2352
f 1116/2358/2352 527/2357/2351 526/2359/2353
f 1116/2358/2352 526/2359/2353 1115/2360/2354
f 1115/2360/2354 526/2359/2353 525/2361/2355
f 1115/2360/2354 525/2361/2355 1114/2362/2356
f 1114/2362/2356 525/2361/2355 524/2363/2357
f 1114/2362/2356 524/2363/2357 1113/2364/2358
f 1113/2364/2358 524/2363/2357 523/2365/2359
f 1113/2364/2358 523/2365/2359 1112/2366/2360
f 1112/2366/2360 523/2365/2359 522/2367/2361
f 1112/2366/2360 522/2367/2361 1111/2368/2362
f 1111/2368/2362 522/2367/2361 521/2369/2363
f 1111/2368/2362 521/2369/2363 1110/2320/2316
f 1110/2320/2316 521/2369/2363 520/2321/2317
f 1156/2370/2364 1133/2371/2365 1109/2372/2366
f 1109/2372/2366 1133/2371/2365 1134/2373/2367
f 1109/2372/2366 1134/2373/2367 1110/2374/2368
f 1110/2374/2368 1134/2373/2367 1135/2375/2369
f 1110/2374/2368 1135/2375/2369 1111/2376/2370
f 1111/2376/2370 1135/2375/2369 1136/2377/2371
f 1111/2376/2370 1136/2377/2371 1112/2378/2372
f 1112/2378/2372 1136/2377/2371 1137/2379/2373
f 1112/2378/2372 1137/2379/2373 1113/2380/2374
f 1113/2380/2374 1137/2379/2373 1138/2381/2375
f 1113/2380/2374 1138/2381/2375 1114/2382/2376
f 1114/2382/2376 1138/2381/2375 1139/2383/2377
f 1114/2382/2376 1139/2383/2377 1115/2384/2378
f 1115/2384/2378 1139/2383/2377 1116/2385/2379
f 1116/2385/2379 1139/2383/2377 1140/2386/2380
f 1116/2385/2379 1140/2386/2380 1117/2387/2381
f 1117/2387/2381 1140/2386/2380 1141/2388/2382
f 1117/2387/2381 1141/2388/2382 1118/2389/2383
f 1118/2389/2383 1141/2388/2382 1142/2390/2384
f 1118/2389/2383 1142/2390/2384 1119/2391/2385
f 1119/2391/2385 1142/2390/2384 1143/2392/2386
f 1119/2391/2385 1143/2392/2386 1120/2393/2387
f 1120/2393/2387 1143/2392/2386 1144/2394/2388
f 1120/2393/2387 1144/2394/2388 1121/2395/2389
f 1121/2395/2389 1144/2394/2388 1145/2396/2390
f 1121/2395/2389 1145/2396/2390 1122/2397/2391
f 1122/2397/2391 1145/2396/2390 1146/2398/2392
f 1122/2397/2391 1146/2398/2392 1147/2399/2393
f 1122/2397/2391 1147/2399/2393 1123/2400/2394
f 1123/2400/2394 1147/2399/2393 1148/2401/2395
f 1123/2400/2394 1148/2401/2395 1124/2402/2396
f 1124/2402/2396 1148/2401/2395 1149/2403/2397
f 1124/2402/2396 1149/2403/2397 1125/2404/2398
f 1125/2404/2398 1149/2403/2397 1150/2405/2399
f 1125/2404/2398 1150/2405/2399 1126/2406/2400
f 1126/2406/2400 1150/2405/2399 1151/2407/2401
f 1126/2406/2400 1151/2407/2401 1127/2408/2402
f 1127/2408/2402 1151/2407/2401 1128/2409/2403
f 1128/2409/2403 1151/2407/2401 1152/2410/2404
f 1128/2409/2403 1152/2410/2404 1129/2411/2405
f 1129/2411/2405 1152/2410/2404 1153/2412/2406
f 1129/2411/2405 1153/2412/2406 1130/2413/2407
f 1130/2413/2407 1153/2412/2406 1154/2414/2408
f 1130/2413/2407 1154/2414/2408 1131/2415/2409
f 1131/2415/2409 1154/2414/2408 1155/2416/2410
f 1131/2415/2409 1155/2416/2410 1132/2417/2411
f 1132/2417/2411 1155/2416/2410 1156/2370/2364
f 1132/2417/2411 1156/2370/2364 1109/2372/2366
f 571/2418/2412 570/2419/2413 1157/2420/2414
f 1157/2420/2414 570/2419/2413 1158/2421/2415
f 561/2422/2416 560/2423/2417 1159/2424/2418
f 1159/2424/2418 560/2423/2417 1160/2425/2419
f 1161/2426/2420 1162/2427/2421 584/2428/2422
f 584/2428/2422 1162/2427/2421 585/2429/2423
f 551/2430/2424 550/2431/2425 1163/2432/2426
f 1163/2432/2426 550/2431/2425 1164/2433/2427
f 1164/2434/2428 550/2435/2429 1169/2436/2430
f 1169/2436/2430 550/2435/2429 549/2437/2431
f 1169/2436/2430 549/2437/2431 1168/2438/2432
f 1168/2438/2432 549/2437/2431 548/2439/2433
f 1168/2438/2432 548/2439/2433 1167/2440/2434
f 1167/2440/2434 548/2439/2433 547/2441/2435
f 1167/2440/2434 547/2441/2435 1166/2442/2436
f 1166/2442/2436 547/2441/2435 546/2443/2437
f 1166/2442/2436 546/2443/2437 1165/2444/2438
f 1165/2444/2438 546/2443/2437 545/2445/2439
f 1170/2446/2440 1171/2447/2441 543/2448/2442
f 543/2448/2442 1171/2447/2441 544/2449/2443
f 544/2450/2444 1171/2451/2445 545/2452/2446
f 545/2452/2446 1171/2451/2445 1165/2453/2447
f 586/2454/2448 1172/2455/2449 587/2456/2450
f 587/2456/2450 1172/2455/2449 1173/2457/2451
f 587/2456/2450 1173/2457/2451 588/2458/2452
f 588/2458/2452 1173/2457/2451 1174/2459/2453
f 588/2458/2452 1174/2459/2453 589/2460/2454
f 589/2460/2454 1174/2459/2453 1175/2461/2455
f 589/2460/2454 1175/2461/2455 590/2462/2456
f 590/2462/2456 1175/2461/2455 1176/2463/2457
f 590/2462/2456 1176/2463/2457 543/2464/2458
f 543/2464/2458 1176/2463/2457 1170/2465/2459
f 1162/2466/2460 1172/2467/2461 585/2468/2462
f 585/2468/2462 1172/2467/2461 586/2469/2463
f 1177/2470/2464 1178/2471/2465 1163/2472/2466
f 1163/2472/2466 1178/2471/2465 551/2473/2467
f 551/2473/2467 1178/2471/2465 552/2474/2468
f 1160/2475/2469 560/2476/2470 1186/2477/2471
f 1186/2477/2471 560/2476/2470 559/2478/2472
f 1186/2477/2471 559/2478/2472 1185/2479/2473
f 1185/2479/2473 559/2478/2472 558/2480/2474
f 1185/2479/2473 558/2480/2474 1184/2481/2475
f 1184/2481/2475 558/2480/2474 557/2482/2476
f 1184/2481/2475 557/2482/2476 1183/2483/2477
f 1183/2483/2477 557/2482/2476 556/2484/2478
f 1183/2483/2477 556/2484/2478 1182/2485/2479
f 1182/2485/2479 556/2484/2478 555/2486/2480
f 1182/2485/2479 555/2486/2480 1181/2487/2481
f 1181/2487/2481 555/2486/2480 554/2488/2482
f 1181/2487/2481 554/2488/2482 1180/2489/2483
f 1180/2489/2483 554/2488/2482 553/2490/2484
f 1180/2489/2483 553/2490/2484 1179/2491/2485
f 1179/2491/2485 553/2490/2484 1178/2492/2486
f 1179/2491/2485 1178/2492/2486 1177/2493/2487
f 553/2490/2484 552/2494/2488 1178/2492/2486
f 579/2495/2489 1187/2496/2490 580/2497/2491
f 580/2497/2491 1187/2496/2490 1188/2498/2492
f 580/2497/2491 1188/2498/2492 581/2499/2493
f 581/2499/2493 1188/2498/2492 1189/2500/2494
f 581/2499/2493 1189/2500/2494 582/2501/2495
f 582/2501/2495 1189/2500/2494 1190/2502/2496
f 582/2501/2495 1190/2502/2496 583/2503/2497
f 583/2503/2497 1190/2502/2496 1191/2504/2498
f 583/2503/2497 1191/2504/2498 584/2505/2499
f 584/2505/2499 1191/2504/2498 1161/2506/2500
f 1192/2507/2501 1193/2508/2502 1159/2509/2503
f 1159/2509/2503 1193/2508/2502 561/2510/2504
f 561/2510/2504 1193/2508/2502 562/2511/2505
f 1158/2512/2506 570/2513/2507 1201/2514/2508
f 1201/2514/2508 570/2513/2507 569/2515/2509
f 1201/2514/2508 569/2515/2509 1200/2516/2510
f 1200/2516/2510 569/2515/2509 568/2517/2511
f 1200/2516/2510 568/2517/2511 1199/2518/2512
f 1199/2518/2512 568/2517/2511 567/2519/2513
f 1199/2518/2512 567/2519/2513 1198/2520/2514
f 1198/2520/2514 567/2519/2513 566/2521/2515
f 1198/2520/2514 566/2521/2515 1197/2522/2516
f 1197/2522/2516 566/2521/2515 565/2523/2517
f 1197/2522/2516 565/2523/2517 1196/2524/2518
f 1196/2524/2518 565/2523/2517 564/2525/2519
f 1196/2524/2518 564/2525/2519 1195/2526/2520
f 1195/2526/2520 564/2525/2519 563/2527/2521
f 1195/2526/2520 563/2527/2521 1194/2528/2522
f 1194/2528/2522 563/2527/2521 1193/2529/2523
f 1194/2528/2522 1193/2529/2523 1192/2530/2524
f 563/2527/2521 562/2531/2525 1193/2529/2523
f 1202/2532/2526 1187/2533/2527 578/2534/2528
f 578/2534/2528 1187/2533/2527 579/2535/2529
f 1202/2536/2530 578/2537/2531 1203/2538/2532
f 1203/2538/2532 578/2537/2531 577/2539/2533
f 1204/2540/2534 1205/2541/2535 1157/2542/2536
f 1157/2542/2536 1205/2541/2535 571/2543/2537
f 571/2543/2537 1205/2541/2535 572/2544/2538
f 1203/2545/2539 577/2546/2540 1209/2547/2541
f 1209/2547/2541 577/2546/2540 576/2548/2542
f 1209/2547/2541 576/2548/2542 1208/2549/2543
f 1208/2549/2543 576/2548/2542 575/2550/2544
f 1208/2549/2543 575/2550/2544 1207/2551/2545
f 1207/2551/2545 575/2550/2544 574/2552/2546
f 1207/2551/2545 574/2552/2546 1206/2553/2547
f 1206/2553/2547 574/2552/2546 573/2554/2548
f 1206/2553/2547 573/2554/2548 1204/2555/2549
f 1204/2555/2549 573/2554/2548 1205/2556/2550
f 1205/2556/2550 573/2554/2548 572/2557/2551
f 1219/2558/2552 1158/2559/2553 1218/2560/2554
f 1218/2560/2554 1158/2559/2553 1201/2561/2555
f 1218/2560/2554 1201/2561/2555 1217/2562/2556
f 1217/2562/2556 1201/2561/2555 1200/2563/2557
f 1217/2562/2556 1200/2563/2557 1216/2564/2558
f 1216/2564/2558 1200/2563/2557 1199/2565/2559
f 1216/2564/2558 1199/2565/2559 1215/2566/2560
f 1215/2566/2560 1199/2565/2559 1198/2567/2561
f 1215/2566/2560 1198/2567/2561 1214/2568/2562
f 1214/2568/2562 1198/2567/2561 1197/2569/2563
f 1214/2568/2562 1197/2569/2563 1213/2570/2564
f 1213/2570/2564 1197/2569/2563 1196/2571/2565
f 1213/2570/2564 1196/2571/2565 1212/2572/2566
f 1212/2572/2566 1196/2571/2565 1195/2573/2567
f 1212/2572/2566 1195/2573/2567 1211/2574/2568
f 1211/2574/2568 1195/2573/2567 1194/2575/2569
f 1211/2574/2568 1194/2575/2569 1210/2576/2570
f 1210/2576/2570 1194/2575/2569 1192/2577/2571
f 1192/2578/2572 1159/2579/2573 1210/2580/2574
f 1210/2580/2574 1159/2579/2573 1220/2581/2575
f 1159/2582/2576 1160/2583/2577 1220/2584/2578
f 1220/2584/2578 1160/2583/2577 1221/2585/2579
f 1221/2586/2580 1160/2587/2581 1230/2588/2582
f 1230/2588/2582 1160/2587/2581 1186/2589/2583
f 1230/2588/2582 1186/2589/2583 1229/2590/2584
f 1229/2590/2584 1186/2589/2583 1185/2591/2585
f 1229/2590/2584 1185/2591/2585 1228/2592/2586
f 1228/2592/2586 1185/2591/2585 1184/2593/2587
f 1228/2592/2586 1184/2593/2587 1227/2594/2588
f 1227/2594/2588 1184/2593/2587 1183/2595/2589
f 1227/2594/2588 1183/2595/2589 1226/2596/2590
f 1226/2596/2590 1183/2595/2589 1182/2597/2591
f 1226/2596/2590 1182/2597/2591 1225/2598/2592
f 1225/2598/2592 1182/2597/2591 1181/2599/2593
f 1225/2598/2592 1181/2599/2593 1224/2600/2594
f 1224/2600/2594 1181/2599/2593 1180/2601/2595
f 1224/2600/2594 1180/2601/2595 1223/2602/2596
f 1223/2602/2596 1180/2601/2595 1179/2603/2597
f 1223/2602/2596 1179/2603/2597 1222/2604/2598
f 1222/2604/2598 1179/2603/2597 1177/2605/2599
f 1177/2606/2600 1163/2607/2601 1222/2608/2602
f 1222/2608/2602 1163/2607/2601 1231/2609/2603
f 1163/2610/2604 1164/2611/2605 1231/2612/2606
f 1231/2612/2606 1164/2611/2605 1232/2613/2607
f 1232/2614/2608 1164/2615/2609 1237/2616/2610
f 1237/2616/2610 1164/2615/2609 1169/2617/2611
f 1237/2616/2610 1169/2617/2611 1236/2618/2612
f 1236/2618/2612 1169/2617/2611 1168/2619/2613
f 1236/2618/2612 1168/2619/2613 1235/2620/2614
f 1235/2620/2614 1168/2619/2613 1167/2621/2615
f 1235/2620/2614 1167/2621/2615 1234/2622/2616
f 1234/2622/2616 1167/2621/2615 1166/2623/2617
f 1234/2622/2616 1166/2623/2617 1233/2624/2618
f 1233/2624/2618 1166/2623/2617 1165/2625/2619
f 1165/2626/2620 1171/2627/2621 1233/2628/2622
f 1233/2628/2622 1171/2627/2621 1238/2629/2623
f 1171/2630/2624 1170/2631/2625 1238/2632/2626
f 1238/2632/2626 1170/2631/2625 1239/2633/2627
f 952/2634/2628 951/2635/2629 955/2636/2630
f 81/2637/2631 78/2638/2632 1231/2639/2633
f 1231/2639/2633 78/2638/2632 77/2640/2634
f 1231/2639/2633 77/2640/2634 1222/2641/2635
f 1222/2641/2635 77/2640/2634 1240/2642/2636
f 1222/2641/2635 1240/2642/2636 1241/2643/2637
f 1222/2641/2635 1241/2643/2637 1223/2644/2638
f 1223/2644/2638 1241/2643/2637 1242/2645/2639
f 1223/2644/2638 1242/2645/2639 1224/2646/2640
f 1224/2646/2640 1242/2645/2639 1225/2647/2641
f 1225/2647/2641 1242/2645/2639 1243/2648/2642
f 1225/2647/2641 1243/2648/2642 1226/2649/2643
f 1226/2649/2643 1243/2648/2642 1244/2650/2644
f 1226/2649/2643 1244/2650/2644 1227/2651/2645
f 1227/2651/2645 1244/2650/2644 1245/2652/2646
f 1227/2651/2645 1245/2652/2646 1228/2653/2647
f 1228/2653/2647 1245/2652/2646 1246/2654/2648
f 1228/2653/2647 1246/2654/2648 1229/2655/2649
f 1229/2655/2649 1246/2654/2648 1230/2656/2650
f 1230/2656/2650 1246/2654/2648 1247/2657/2651
f 1230/2656/2650 1247/2657/2651 1221/2658/2652
f 1221/2658/2652 1247/2657/2651 1248/2659/2653
f 1221/2658/2652 1248/2659/2653 1220/2660/2654
f 1220/2660/2654 1248/2659/2653 8/2661/2655
f 1220/2660/2654 8/2661/2655 7/2662/2656
f 1220/2660/2654 7/2662/2656 1210/2663/2657
f 1210/2663/2657 7/2662/2656 1249/2664/2658
f 1210/2663/2657 1249/2664/2658 1211/2665/2659
f 1211/2665/2659 1249/2664/2658 1250/2666/2660
f 1211/2665/2659 1250/2666/2660 1212/2667/2661
f 1212/2667/2661 1250/2666/2660 1213/2668/2662
f 1213/2668/2662 1250/2666/2660 1251/2669/2663
f 1213/2668/2662 1251/2669/2663 1214/2670/2664
f 1214/2670/2664 1251/2669/2663 1252/2671/2665
f 1214/2670/2664 1252/2671/2665 1215/2672/2666
f 1215/2672/2666 1252/2671/2665 1253/2673/2667
f 1215/2672/2666 1253/2673/2667 1216/2674/2668
f 1216/2674/2668 1253/2673/2667 1254/2675/2669
f 1216/2674/2668 1254/2675/2669 1217/2676/2670
f 1217/2676/2670 1254/2675/2669 1218/2677/2671
f 1218/2677/2671 1254/2675/2669 1255/2678/2672
f 1218/2677/2671 1255/2678/2672 1219/2679/2673
f 1219/2679/2673 1255/2678/2672 1256/2680/2674
f 1219/2679/2673 1256/2680/2674 1289/2681/2675
f 1289/2681/2675 1256/2680/2674 1257/2682/2676
f 1289/2681/2675 1257/2682/2676 1288/2683/2677
f 1288/2683/2677 1257/2682/2676 104/2684/2678
f 1288/2683/2677 104/2684/2678 103/2685/2679
f 1288/2683/2677 103/2685/2679 1287/2686/2680
f 1287/2686/2680 103/2685/2679 102/2687/2681
f 1287/2686/2680 102/2687/2681 1286/2688/2682
f 1286/2688/2682 102/2687/2681 101/2689/2683
f 1286/2688/2682 101/2689/2683 1285/2690/2684
f 1285/2690/2684 101/2689/2683 1284/2691/2685
f 1284/2691/2685 101/2689/2683 100/2692/2686
f 1284/2691/2685 100/2692/2686 110/2693/2687
f 1258/2694/2688 1282/2695/2689 110/2693/2687
f 110/2693/2687 1282/2695/2689 1283/2696/2690
f 110/2693/2687 1283/2696/2690 1284/2691/2685
f 1282/2695/2689 1258/2694/2688 1281/2697/2691
f 1281/2697/2691 1258/2694/2688 1259/2698/2692
f 1281/2697/2691 1259/2698/2692 1280/2699/2693
f 1280/2699/2693 1259/2698/2692 1260/2700/2694
f 1280/2699/2693 1260/2700/2694 1279/2701/2695
f 1279/2701/2695 1260/2700/2694 1261/2702/2696
f 1279/2701/2695 1261/2702/2696 1278/2703/2697
f 1278/2703/2697 1261/2702/2696 1277/2704/2698
f 1277/2704/2698 1261/2702/2696 1262/2705/2699
f 1277/2704/2698 1262/2705/2699 1276/2706/2700
f 1276/2706/2700 1262/2705/2699 1263/2707/2701
f 1276/2706/2700 1263/2707/2701 1275/2708/2702
f 1275/2708/2702 1263/2707/2701 1274/2709/2703
f 1274/2709/2703 1263/2707/2701 1264/2710/2704
f 1274/2709/2703 1264/2710/2704 1273/2711/2705
f 1273/2711/2705 1264/2710/2704 1265/2712/2706
f 1273/2711/2705 1265/2712/2706 1272/2713/2707
f 1272/2713/2707 1265/2712/2706 1266/2714/2708
f 1272/2713/2707 1266/2714/2708 1271/2715/2709
f 1271/2715/2709 1266/2714/2708 1270/2716/2710
f 1270/2716/2710 1266/2714/2708 1267/2717/2711
f 1270/2716/2710 1267/2717/2711 1239/2718/2712
f 1239/2718/2712 1267/2717/2711 1238/2719/2713
f 1238/2719/2713 1267/2717/2711 1268/2720/2714
f 1238/2719/2713 1268/2720/2714 1269/2721/2715
f 1238/2719/2713 1269/2721/2715 1233/2722/2716
f 1233/2722/2716 1269/2721/2715 85/2723/2717
f 1233/2722/2716 85/2723/2717 1234/2724/2718
f 1234/2724/2718 85/2723/2717 84/2725/2719
f 1234/2724/2718 84/2725/2719 1235/2726/2720
f 1235/2726/2720 84/2725/2719 83/2727/2721
f 1235/2726/2720 83/2727/2721 1236/2728/2722
f 1236/2728/2722 83/2727/2721 1237/2729/2723
f 1237/2729/2723 83/2727/2721 82/2730/2724
f 1237/2729/2723 82/2730/2724 1232/2731/2725
f 1232/2731/2725 82/2730/2724 81/2637/2631
f 1232/2731/2725 81/2637/2631 1231/2639/2633
f 1239/2732/2726 1170/2733/2727 1270/2734/2728
f 1270/2734/2728 1170/2733/2727 1176/2735/2729
f 1270/2734/2728 1176/2735/2729 1271/2736/2730
f 1271/2736/2730 1176/2735/2729 1175/2737/2731
f 1271/2736/2730 1175/2737/2731 1272/2738/2732
f 1272/2738/2732 1175/2737/2731 1174/2739/2733
f 1272/2738/2732 1174/2739/2733 1273/2740/2734
f 1273/2740/2734 1174/2739/2733 1173/2741/2735
f 1273/2740/2734 1173/2741/2735 1274/2742/2736
f 1274/2742/2736 1173/2741/2735 1172/2743/2737
f 1172/2744/2738 1162/2745/2739 1274/2746/2740
f 1274/2746/2740 1162/2745/2739 1275/2747/2741
f 1162/2748/2742 1161/2749/2743 1275/2750/2744
f 1275/2750/2744 1161/2749/2743 1276/2751/2745
f 1276/2752/2746 1161/2753/2747 1277/2754/2748
f 1277/2754/2748 1161/2753/2747 1191/2755/2749
f 1277/2754/2748 1191/2755/2749 1278/2756/2750
f 1278/2756/2750 1191/2755/2749 1190/2757/2751
f 1278/2756/2750 1190/2757/2751 1279/2758/2752
f 1279/2758/2752 1190/2757/2751 1189/2759/2753
f 1279/2758/2752 1189/2759/2753 1280/2760/2754
f 1280/2760/2754 1189/2759/2753 1188/2761/2755
f 1280/2760/2754 1188/2761/2755 1281/2762/2756
f 1281/2762/2756 1188/2761/2755 1187/2763/2757
f 1187/2764/2758 1202/2765/2759 1281/2766/2760
f 1281/2766/2760 1202/2765/2759 1282/2767/2761
f 1202/2768/2762 1203/2769/2763 1282/2770/2764
f 1282/2770/2764 1203/2769/2763 1283/2771/2765
f 1283/2772/2766 1203/2773/2767 1284/2774/2768
f 1284/2774/2768 1203/2773/2767 1209/2775/2769
f 1284/2774/2768 1209/2775/2769 1285/2776/2770
f 1285/2776/2770 1209/2775/2769 1208/2777/2771
f 1285/2776/2770 1208/2777/2771 1286/2778/2772
f 1286/2778/2772 1208/2777/2771 1207/2779/2773
f 1286/2778/2772 1207/2779/2773 1287/2780/2774
f 1287/2780/2774 1207/2779/2773 1206/2781/2775
f 1287/2780/2774 1206/2781/2775 1288/2782/2776
f 1288/2782/2776 1206/2781/2775 1204/2783/2777
f 1204/2784/2778 1157/2785/2779 1288/2786/2780
f 1288/2786/2780 1157/2785/2779 1289/2787/2781
f 1157/2788/2782 1158/2789/2783 1289/2790/2784
f 1289/2790/2784 1158/2789/2783 1219/2791/2785
f 1297/2792/2786 1247/2793/2787 1296/2794/2788
f 1296/2794/2788 1247/2793/2787 1246/2795/2789
f 1296/2794/2788 1246/2795/2789 1295/2796/2790
f 1295/2796/2790 1246/2795/2789 1245/2797/2791
f 1295/2796/2790 1245/2797/2791 1294/2798/2792
f 1294/2798/2792 1245/2797/2791 1244/2799/2793
f 1294/2798/2792 1244/2799/2793 1293/2800/2794
f 1293/2800/2794 1244/2799/2793 1243/2801/2795
f 1293/2800/2794 1243/2801/2795 1292/2802/2796
f 1292/2802/2796 1243/2801/2795 1242/2803/2797
f 1292/2802/2796 1242/2803/2797 1291/2804/2798
f 1291/2804/2798 1242/2803/2797 1241/2805/2799
f 1291/2804/2798 1241/2805/2799 1290/2806/2800
f 1290/2806/2800 1241/2805/2799 1240/2807/2801
f 1240/2808/2802 77/2809/2803 1290/2810/2804
f 1290/2810/2804 77/2809/2803 80/2811/2805
f 1060/2812/2806 1321/2813/2807 1037/2814/2808
f 1037/2814/2808 1321/2813/2807 1298/2815/2809
f 1037/2816/2808 1298/2817/2809 1038/2818/2810
f 1038/2818/2810 1298/2817/2809 1299/2819/2811
f 1038/2818/2810 1299/2819/2811 1039/2820/2812
f 1039/2820/2812 1299/2819/2811 1300/2821/2813
f 1039/2820/2812 1300/2821/2813 1040/2822/2814
f 1040/2822/2814 1300/2821/2813 1301/2823/2815
f 1040/2822/2814 1301/2823/2815 1041/2824/2816
f 1041/2824/2816 1301/2823/2815 1302/2825/2817
f 1041/2824/2816 1302/2825/2817 1042/2826/2818
f 1042/2826/2818 1302/2825/2817 1303/2827/2819
f 1042/2826/2818 1303/2827/2819 1043/2828/2820
f 1043/2828/2820 1303/2827/2819 1304/2829/2821
f 1043/2828/2820 1304/2829/2821 1044/2830/2822
f 1044/2830/2822 1304/2829/2821 1305/2831/2823
f 1044/2830/2822 1305/2831/2823 1045/2832/2824
f 1045/2832/2824 1305/2831/2823 1306/2833/2825
f 1045/2832/2824 1306/2833/2825 1046/2834/2826
f 1046/2834/2826 1306/2833/2825 1307/2835/2827
f 1046/2834/2826 1307/2835/2827 1047/2836/2828
f 1047/2836/2828 1307/2835/2827 1308/2837/2829
f 1047/2836/2828 1308/2837/2829 1048/2838/2830
f 1048/2838/2830 1308/2837/2829 1309/2839/2831
f 1048/2838/2830 1309/2839/2831 1049/2840/2832
f 1049/2840/2832 1309/2839/2831 1310/2841/2833
f 1049/2840/2832 1310/2841/2833 1050/2842/2834
f 1050/2842/2834 1310/2841/2833 1311/2843/2835
f 1050/2842/2834 1311/2843/2835 1051/2844/2836
f 1051/2844/2836 1311/2843/2835 1312/2845/2837
f 1051/2844/2836 1312/2845/2837 1052/2846/2838
f 1052/2846/2838 1312/2845/2837 1313/2847/2839
f 1052/2846/2838 1313/2847/2839 1053/2848/2840
f 1053/2848/2840 1313/2847/2839 1314/2849/2841
f 1053/2848/2840 1314/2849/2841 1054/2850/2842
f 1054/2850/2842 1314/2849/2841 1315/2851/2843
f 1054/2850/2842 1315/2851/2843 1055/2852/2844
f 1055/2852/2844 1315/2851/2843 1316/2853/2845
f 1055/2852/2844 1316/2853/2845 1056/2854/2846
f 1056/2854/2846 1316/2853/2845 1317/2855/2847
f 1056/2854/2846 1317/2855/2847 1057/2856/2848
f 1057/2856/2848 1317/2855/2847 1318/2857/2849
f 1057/2856/2848 1318/2857/2849 1058/2858/2850
f 1058/2858/2850 1318/2857/2849 1319/2859/2851
f 1058/2858/2850 1319/2859/2851 1059/2860/2852
f 1059/2860/2852 1319/2859/2851 1320/2861/2853
f 1059/2860/2852 1320/2861/2853 1060/2812/2806
f 1060/2812/2806 1320/2861/2853 1321/2813/2807
f 46/2862/2854 1322/2863/2855 47/2864/2856
f 47/2864/2856 1322/2863/2855 1323/2865/2857
f 47/2864/2856 1323/2865/2857 48/2866/2858
f 48/2866/2858 1323/2865/2857 1324/2867/2859
f 48/2866/2858 1324/2867/2859 49/2868/2860
f 49/2868/2860 1324/2867/2859 1325/2869/2861
f 49/2868/2860 1325/2869/2861 50/2870/2862
f 50/2870/2862 1325/2869/2861 1326/2871/2863
f 50/2870/2862 1326/2871/2863 51/2872/2864
f 51/2872/2864 1326/2871/2863 1327/2873/2865
f 51/2872/2864 1327/2873/2865 52/2874/2866
f 52/2874/2866 1327/2873/2865 1328/2875/2867
f 52/2874/2866 1328/2875/2867 53/2876/2868
f 53/2876/2868 1328/2875/2867 1329/2877/2869
f 53/2876/2868 1329/2877/2869 54/2878/130
f 54/2878/130 1329/2877/2869 99/2879/132
f 9/2880/2870 1322/2881/2855 8/2882/2871
f 8/2882/2871 1322/2881/2855 46/2883/2854
f 8/2882/2871 46/2883/2854 15/2884/2872
f 8/2885/2873 1248/2886/2874 9/2887/2875
f 9/2887/2875 1248/2886/2874 1330/2888/2876
f 1248/2889/2877 1247/2890/2878 1330/2891/2879
f 1330/2891/2879 1247/2890/2878 1297/2892/2880
f 1338/2893/2881 1256/2894/2882 1337/2895/2883
f 1337/2895/2883 1256/2894/2882 1255/2896/2884
f 1337/2895/2883 1255/2896/2884 1336/2897/2885
f 1336/2897/2885 1255/2896/2884 1254/2898/2886
f 1336/2897/2885 1254/2898/2886 1335/2899/2887
f 1335/2899/2887 1254/2898/2886 1253/2900/2888
f 1335/2899/2887 1253/2900/2888 1334/2901/2889
f 1334/2901/2889 1253/2900/2888 1252/2902/2890
f 1334/2901/2889 1252/2902/2890 1333/2903/2891
f 1333/2903/2891 1252/2902/2890 1251/2904/2892
f 1333/2903/2891 1251/2904/2892 1332/2905/2893
f 1332/2905/2893 1251/2904/2892 1250/2906/2894
f 1332/2905/2893 1250/2906/2894 1331/2907/2895
f 1331/2907/2895 1250/2906/2894 1249/2908/2896
f 1249/2909/2897 7/2910/2898 1331/2911/2899
f 1331/2911/2899 7/2910/2898 10/2912/2900
f 14/2913/2901 45/2914/2902 11/2915/2903
f 11/2915/2903 45/2914/2902 1339/2916/2904
f 1156/2917/2905 1363/2918/2906 1133/2919/2907
f 1133/2919/2907 1363/2918/2906 1340/2920/2908
f 1133/2921/2907 1340/2922/2908 1134/2923/2909
f 1134/2923/2909 1340/2922/2908 1341/2924/2910
f 1134/2923/2909 1341/2924/2910 1135/2925/2911
f 1135/2925/2911 1341/2924/2910 1342/2926/2912
f 1135/2925/2911 1342/2926/2912 1136/2927/2913
f 1136/2927/2913 1342/2926/2912 1343/2928/2914
f 1136/2927/2913 1343/2928/2914 1137/2929/2915
f 1137/2929/2915 1343/2928/2914 1344/2930/2916
f 1137/2929/2915 1344/2930/2916 1138/2931/2917
f 1138/2931/2917 1344/2930/2916 1345/2932/2918
f 1138/2931/2917 1345/2932/2918 1139/2933/2919
f 1139/2933/2919 1345/2932/2918 1346/2934/2920
f 1139/2933/2919 1346/2934/2920 1140/2935/2921
f 1140/2935/2921 1346/2934/2920 1347/2936/2922
f 1140/2935/2921 1347/2936/2922 1141/2937/2923
f 1141/2937/2923 1347/2936/2922 1348/2938/2924
f 1141/2937/2923 1348/2938/2924 1142/2939/2925
f 1142/2939/2925 1348/2938/2924 1349/2940/2926
f 1142/2939/2925 1349/2940/2926 1143/2941/2927
f 1143/2941/2927 1349/2940/2926 1350/2942/2928
f 1143/2941/2927 1350/2942/2928 1144/2943/2929
f 1144/2943/2929 1350/2942/2928 1351/2944/2930
f 1144/2943/2929 1351/2944/2930 1145/2945/2931
f 1145/2945/2931 1351/2944/2930 1352/2946/2932
f 1145/2945/2931 1352/2946/2932 1146/2947/2933
f 1146/2947/2933 1352/2946/2932 1353/2948/2934
f 1146/2947/2933 1353/2948/2934 1147/2949/2935
f 1147/2949/2935 1353/2948/2934 1354/2950/2936
f 1147/2949/2935 1354/2950/2936 1148/2951/2937
f 1148/2951/2937 1354/2950/2936 1355/2952/2938
f 1148/2951/2937 1355/2952/2938 1149/2953/2939
f 1149/2953/2939 1355/2952/2938 1356/2954/2940
f 1149/2953/2939 1356/2954/2940 1150/2955/2941
f 1150/2955/2941 1356/2954/2940 1357/2956/2942
f 1150/2955/2941 1357/2956/2942 1151/2957/2943
f 1151/2957/2943 1357/2956/2942 1358/2958/2944
f 1151/2957/2943 1358/2958/2944 1152/2959/2945
f 1152/2959/2945 1358/2958/2944 1359/2960/2946
f 1152/2959/2945 1359/2960/2946 1153/2961/2947
f 1153/2961/2947 1359/2960/2946 1360/2962/2948
f 1153/2961/2947 1360/2962/2948 1154/2963/2949
f 1154/2963/2949 1360/2962/2948 1361/2964/2950
f 1154/2963/2949 1361/2964/2950 1155/2965/2951
f 1155/2965/2951 1361/2964/2950 1362/2966/2952
f 1155/2965/2951 1362/2966/2952 1156/2917/2905
f 1156/2917/2905 1362/2966/2952 1363/2918/2906
f 37/2967/2953 1364/2968/2954 38/2969/2955
f 38/2969/2955 1364/2968/2954 1365/2970/2956
f 38/2969/2955 1365/2970/2956 39/2971/2957
f 39/2971/2957 1365/2970/2956 1366/2972/2958
f 39/2971/2957 1366/2972/2958 40/2973/2959
f 40/2973/2959 1366/2972/2958 1367/2974/2960
f 40/2973/2959 1367/2974/2960 41/2975/2961
f 41/2975/2961 1367/2974/2960 1368/2976/2962
f 41/2975/2961 1368/2976/2962 42/2977/2963
f 42/2977/2963 1368/2976/2962 1369/2978/2964
f 42/2977/2963 1369/2978/2964 43/2979/2965
f 43/2979/2965 1369/2978/2964 1370/2980/2966
f 43/2979/2965 1370/2980/2966 44/2981/2967
f 44/2981/2967 1370/2980/2966 1371/2982/2968
f 44/2981/2967 1371/2982/2968 45/2983/2902
f 45/2983/2902 1371/2982/2968 1339/2984/2904
f 119/2985/2969 1364/2986/2954 36/2987/2970
f 36/2987/2970 1364/2986/2954 37/2988/2953
f 104/2989/2971 1257/2990/2972 105/2991/2973
f 105/2991/2973 1257/2990/2972 1372/2992/2974
f 1257/2993/2975 1256/2994/2976 1372/2995/2977
f 1372/2995/2977 1256/2994/2976 1338/2996/2978
f 1377/2997/2979 1262/2998/2980 1376/2999/2981
f 1376/2999/2981 1262/2998/2980 1261/3000/2982
f 1376/2999/2981 1261/3000/2982 1375/3001/2983
f 1375/3001/2983 1261/3000/2982 1260/3002/2984
f 1375/3001/2983 1260/3002/2984 1374/3003/2985
f 1374/3003/2985 1260/3002/2984 1259/3004/2986
f 1374/3003/2985 1259/3004/2986 1373/3005/2987
f 1373/3005/2987 1259/3004/2986 1258/3006/2988
f 1258/3007/2989 110/3008/2990 1373/3009/2991
f 1373/3009/2991 110/3008/2990 111/3010/2992
f 1012/3011/2993 1401/3012/2994 989/3013/2995
f 989/3013/2995 1401/3012/2994 1378/3014/2996
f 989/3015/2995 1378/3016/2996 990/3017/2997
f 990/3017/2997 1378/3016/2996 1379/3018/2998
f 990/3017/2997 1379/3018/2998 991/3019/2999
f 991/3019/2999 1379/3018/2998 1380/3020/3000
f 991/3019/2999 1380/3020/3000 992/3021/3001
f 992/3021/3001 1380/3020/3000 1381/3022/3002
f 992/3021/3001 1381/3022/3002 993/3023/3003
f 993/3023/3003 1381/3022/3002 1382/3024/3004
f 993/3023/3003 1382/3024/3004 994/3025/3005
f 994/3025/3005 1382/3024/3004 1383/3026/3006
f 994/3025/3005 1383/3026/3006 995/3027/3007
f 995/3027/3007 1383/3026/3006 1384/3028/3008
f 995/3027/3007 1384/3028/3008 996/3029/3009
f 996/3029/3009 1384/3028/3008 1385/3030/3010
f 996/3029/3009 1385/3030/3010 997/3031/3011
f 997/3031/3011 1385/3030/3010 1386/3032/3012
f 997/3031/3011 1386/3032/3012 998/3033/3013
f 998/3033/3013 1386/3032/3012 1387/3034/3014
f 998/3033/3013 1387/3034/3014 999/3035/3015
f 999/3035/3015 1387/3034/3014 1388/3036/3016
f 999/3035/3015 1388/3036/3016 1000/3037/3017
f 1000/3037/3017 1388/3036/3016 1389/3038/3018
f 1000/3037/3017 1389/3038/3018 1001/3039/3019
f 1001/3039/3019 1389/3038/3018 1390/3040/3020
f 1001/3039/3019 1390/3040/3020 1002/3041/3021
f 1002/3041/3021 1390/3040/3020 1391/3042/3022
f 1002/3041/3021 1391/3042/3022 1003/3043/3023
f 1003/3043/3023 1391/3042/3022 1392/3044/3024
f 1003/3043/3023 1392/3044/3024 1004/3045/3025
f 1004/3045/3025 1392/3044/3024 1393/3046/3026
f 1004/3045/3025 1393/3046/3026 1005/3047/3027
f 1005/3047/3027 1393/3046/3026 1394/3048/3028
f 1005/3047/3027 1394/3048/3028 1006/3049/3029
f 1006/3049/3029 1394/3048/3028 1395/3050/3030
f 1006/3049/3029 1395/3050/3030 1007/3051/3031
f 1007/3051/3031 1395/3050/3030 1396/3052/3032
f 1007/3051/3031 1396/3052/3032 1008/3053/3033
f 1008/3053/3033 1396/3052/3032 1397/3054/3034
f 1008/3053/3033 1397/3054/3034 1009/3055/3035
f 1009/3055/3035 1397/3054/3034 1398/3056/3036
f 1009/3055/3035 1398/3056/3036 1010/3057/3037
f 1010/3057/3037 1398/3056/3036 1399/3058/3038
f 1010/3057/3037 1399/3058/3038 1011/3059/3039
f 1011/3059/3039 1399/3058/3038 1400/3060/3040
f 1011/3059/3039 1400/3060/3040 1012/3011/2993
f 1012/3011/2993 1400/3060/3040 1401/3012/2994
f 6/3061/3041 5/3062/3042 16/3063/3043
f 16/3063/3043 5/3062/3042 1402/3064/3044
f 16/3063/3043 1402/3064/3044 17/3065/3045
f 17/3065/3045 1402/3064/3044 1403/3066/3046
f 17/3065/3045 1403/3066/3046 18/3067/3047
f 18/3067/3047 1403/3066/3046 1404/3068/3048
f 18/3067/3047 1404/3068/3048 19/3069/3049
f 19/3069/3049 1404/3068/3048 1405/3070/3050
f 19/3069/3049 1405/3070/3050 20/3071/3051
f 20/3071/3051 1405/3070/3050 1406/3072/3052
f 20/3071/3051 1406/3072/3052 21/3073/3053
f 21/3073/3053 1406/3072/3052 1407/3074/3054
f 21/3073/3053 1407/3074/3054 22/3075/3055
f 22/3075/3055 1407/3074/3054 1408/3076/3056
f 22/3075/3055 1408/3076/3056 23/3077/3057
f 23/3077/3057 1408/3076/3056 1409/3078/3058
f 23/3077/3057 1409/3078/3058 24/3079/3059
f 24/3079/3059 1409/3078/3058 1410/3080/3060
f 24/3079/3059 1410/3080/3060 25/3081/3061
f 25/3081/3061 1410/3080/3060 1411/3082/3062
f 25/3081/3061 1411/3082/3062 26/3083/3063
f 26/3083/3063 1411/3082/3062 1412/3084/3064
f 26/3083/3063 1412/3084/3064 27/3085/3065
f 27/3085/3065 1412/3084/3064 1413/3086/3066
f 27/3085/3065 1413/3086/3066 28/3087/3067
f 28/3087/3067 1413/3086/3066 120/3088/3068
f 1263/3089/3069 1262/3090/3070 1414/3091/3071
f 1414/3091/3071 1262/3090/3070 1377/3092/3072
f 1419/3093/3073 1268/3094/3074 1418/3095/3075
f 1418/3095/3075 1268/3094/3074 1267/3096/3076
f 1418/3095/3075 1267/3096/3076 1417/3097/3077
f 1417/3097/3077 1267/3096/3076 1266/3098/3078
f 1417/3097/3077 1266/3098/3078 1416/3099/3079
f 1416/3099/3079 1266/3098/3078 1265/3100/3080
f 1416/3099/3079 1265/3100/3080 1415/3101/3081
f 1415/3101/3081 1265/3100/3080 1264/3102/3082
f 1264/3103/3083 1263/3104/3084 1415/3105/3085
f 1415/3105/3085 1263/3104/3084 1414/3106/3086
f 4/3107/3087 76/3108/3088 1/3109/3089
f 1/3109/3089 76/3108/3088 1420/3110/3090
f 1108/3111/3091 1444/3112/3092 1085/3113/3093
f 1085/3113/3093 1444/3112/3092 1421/3114/3094
f 1085/3115/3093 1421/3116/3094 1086/3117/3095
f 1086/3117/3095 1421/3116/3094 1422/3118/3096
f 1086/3117/3095 1422/3118/3096 1087/3119/3097
f 1087/3119/3097 1422/3118/3096 1423/3120/3098
f 1087/3119/3097 1423/3120/3098 1088/3121/3099
f 1088/3121/3099 1423/3120/3098 1424/3122/3100
f 1088/3121/3099 1424/3122/3100 1089/3123/3101
f 1089/3123/3101 1424/3122/3100 1425/3124/3102
f 1089/3123/3101 1425/3124/3102 1090/3125/3103
f 1090/3125/3103 1425/3124/3102 1426/3126/3104
f 1090/3125/3103 1426/3126/3104 1091/3127/3105
f 1091/3127/3105 1426/3126/3104 1427/3128/3106
f 1091/3127/3105 1427/3128/3106 1092/3129/3107
f 1092/3129/3107 1427/3128/3106 1428/3130/3108
f 1092/3129/3107 1428/3130/3108 1093/3131/3109
f 1093/3131/3109 1428/3130/3108 1429/3132/3110
f 1093/3131/3109 1429/3132/3110 1094/3133/3111
f 1094/3133/3111 1429/3132/3110 1430/3134/3112
f 1094/3133/3111 1430/3134/3112 1095/3135/3113
f 1095/3135/3113 1430/3134/3112 1431/3136/3114
f 1095/3135/3113 1431/3136/3114 1096/3137/3115
f 1096/3137/3115 1431/3136/3114 1432/3138/3116
f 1096/3137/3115 1432/3138/3116 1097/3139/3117
f 1097/3139/3117 1432/3138/3116 1433/3140/3118
f 1097/3139/3117 1433/3140/3118 1098/3141/3119
f 1098/3141/3119 1433/3140/3118 1434/3142/3120
f 1098/3141/3119 1434/3142/3120 1099/3143/3121
f 1099/3143/3121 1434/3142/3120 1435/3144/3122
f 1099/3143/3121 1435/3144/3122 1100/3145/3123
f 1100/3145/3123 1435/3144/3122 1436/3146/3124
f 1100/3145/3123 1436/3146/3124 1101/3147/3125
f 1101/3147/3125 1436/3146/3124 1437/3148/3126
f 1101/3147/3125 1437/3148/3126 1102/3149/3127
f 1102/3149/3127 1437/3148/3126 1438/3150/3128
f 1102/3149/3127 1438/3150/3128 1103/3151/3129
f 1103/3151/3129 1438/3150/3128 1439/3152/3130
f 1103/3151/3129 1439/3152/3130 1104/3153/3131
f 1104/3153/3131 1439/3152/3130 1440/3154/3132
f 1104/3153/3131 1440/3154/3132 1105/3155/3133
f 1105/3155/3133 1440/3154/3132 1441/3156/3134
f 1105/3155/3133 1441/3156/3134 1106/3157/3135
f 1106/3157/3135 1441/3156/3134 1442/3158/3136
f 1106/3157/3135 1442/3158/3136 1107/3159/3137
f 1107/3159/3137 1442/3158/3136 1443/3160/3138
f 1107/3159/3137 1443/3160/3138 1108/3111/3091
f 1108/3111/3091 1443/3160/3138 1444/3112/3092
f 63/3161/3139 1445/3162/3140 64/3163/3141
f 64/3163/3141 1445/3162/3140 1446/3164/3142
f 64/3163/3141 1446/3164/3142 65/3165/3143
f 65/3165/3143 1446/3164/3142 1447/3166/3144
f 65/3165/3143 1447/3166/3144 66/3167/3145
f 66/3167/3145 1447/3166/3144 1448/3168/3146
f 66/3167/3145 1448/3168/3146 67/3169/3147
f 67/3169/3147 1448/3168/3146 1449/3170/3148
f 67/3169/3147 1449/3170/3148 68/3171/3149
f 68/3171/3149 1449/3170/3148 1450/3172/3150
f 68/3171/3149 1450/3172/3150 69/3173/3151
f 69/3173/3151 1450/3172/3150 1451/3174/3152
f 69/3173/3151 1451/3174/3152 70/3175/3153
f 70/3175/3153 1451/3174/3152 1452/3176/3154
f 70/3175/3153 1452/3176/3154 71/3177/3155
f 71/3177/3155 1452/3176/3154 1453/3178/3156
f 71/3177/3155 1453/3178/3156 72/3179/3157
f 72/3179/3157 1453/3178/3156 1454/3180/3158
f 72/3179/3157 1454/3180/3158 73/3181/3159
f 73/3181/3159 1454/3180/3158 1455/3182/3160
f 73/3181/3159 1455/3182/3160 74/3183/3161
f 74/3183/3161 1455/3182/3160 1456/3184/3162
f 74/3183/3161 1456/3184/3162 75/3185/3163
f 75/3185/3163 1456/3184/3162 1457/3186/3164
f 75/3185/3163 1457/3186/3164 76/3187/3088
f 76/3187/3088 1457/3186/3164 1420/3188/3090
f 98/3189/3165 1445/3190/3166 62/3191/3167
f 62/3191/3167 1445/3190/3166 63/3192/3168
f 85/3193/3169 1269/3194/3170 86/3195/3171
f 86/3195/3171 1269/3194/3170 1458/3196/3172
f 1269/3197/3173 1268/3198/3174 1458/3199/3175
f 1458/3199/3175 1268/3198/3174 1419/3200/3176
f 1341/3201/3177 1340/3202/3178 1372/3203/3179
f 1372/3203/3179 1340/3202/3178 1363/3204/3180
f 1372/3203/3179 1363/3204/3180 1362/3205/3181
f 1362/3205/3181 1361/3206/3182 1372/3203/3179
f 1372/3203/3179 1361/3206/3182 119/3207/3183
f 1372/3203/3179 119/3207/3183 105/3208/3184
f 105/3208/3184 119/3207/3183 118/3209/3185
f 105/3208/3184 118/3209/3185 117/3210/3186
f 1361/3206/3182 1360/3211/3187 119/3207/3183
f 119/3207/3183 1360/3211/3187 1359/3212/3188
f 119/3207/3183 1359/3212/3188 1364/3213/3189
f 1364/3213/3189 1359/3212/3188 1358/3214/3190
f 1364/3213/3189 1358/3214/3190 1365/3215/3191
f 1365/3215/3191 1358/3214/3190 1366/3216/3192
f 1366/3216/3192 1358/3214/3190 1357/3217/3193
f 1366/3216/3192 1357/3217/3193 1367/3218/3194
f 1367/3218/3194 1357/3217/3193 1368/3219/3195
f 1368/3219/3195 1357/3217/3193 1356/3220/3196
f 1368/3219/3195 1356/3220/3196 1369/3221/3197
f 1369/3221/3197 1356/3220/3196 1355/3222/3198
f 1369/3221/3197 1355/3222/3198 1370/3223/3199
f 1370/3223/3199 1355/3222/3198 1354/3224/3200
f 1370/3223/3199 1354/3224/3200 1371/3225/3201
f 1371/3225/3201 1354/3224/3200 1353/3226/3202
f 1371/3225/3201 1353/3226/3202 1339/3227/3203
f 1339/3227/3203 1353/3226/3202 1352/3228/3204
f 1339/3227/3203 1352/3228/3204 1351/3229/3205
f 1351/3229/3205 1350/3230/3206 1339/3227/3203
f 1339/3227/3203 1350/3230/3206 11/3231/3207
f 11/3231/3207 1350/3230/3206 1349/3232/3208
f 11/3231/3207 1349/3232/3208 1348/3233/3209
f 1348/3233/3209 1347/3234/3210 11/3231/3207
f 11/3231/3207 1347/3234/3210 1331/3235/3211
f 11/3231/3207 1331/3235/3211 10/3236/3212
f 1347/3234/3210 1346/3237/3213 1331/3235/3211
f 1331/3235/3211 1346/3237/3213 1345/3238/3214
f 1331/3235/3211 1345/3238/3214 1332/3239/3215
f 1332/3239/3215 1345/3238/3214 1333/3240/3216
f 1333/3240/3216 1345/3238/3214 1334/3241/3217
f 1334/3241/3217 1345/3238/3214 1335/3242/3218
f 1335/3242/3218 1345/3238/3214 1344/3243/3219
f 1335/3242/3218 1344/3243/3219 1336/3244/3220
f 1336/3244/3220 1344/3243/3219 1343/3245/3221
f 1336/3244/3220 1343/3245/3221 1337/3246/3222
f 1337/3246/3222 1343/3245/3221 1342/3247/3223
f 1337/3246/3222 1342/3247/3223 1338/3248/3224
f 1338/3248/3224 1342/3247/3223 1341/3201/3177
f 1338/3248/3224 1341/3201/3177 1372/3203/3179
f 1379/3249/3225 1378/3250/3226 112/3251/3227
f 112/3251/3227 1378/3250/3226 1401/3252/3228
f 112/3251/3227 1401/3252/3228 1373/3253/3229
f 1373/3253/3229 1401/3252/3228 1400/3254/3230
f 1373/3253/3229 1400/3254/3230 1399/3255/3231
f 1399/3255/3231 1398/3256/3232 1373/3253/3229
f 1373/3253/3229 1398/3256/3232 1397/3257/3233
f 1373/3253/3229 1397/3257/3233 1374/3258/3234
f 1374/3258/3234 1397/3257/3233 1375/3259/3235
f 1375/3259/3235 1397/3257/3233 1376/3260/3236
f 1376/3260/3236 1397/3257/3233 1414/3261/3237
f 1376/3260/3236 1414/3261/3237 1377/3262/3238
f 1397/3257/3233 1396/3263/3239 1414/3261/3237
f 1414/3261/3237 1396/3263/3239 1395/3264/3240
f 1414/3261/3237 1395/3264/3240 2/3265/3241
f 2/3265/3241 1395/3264/3240 1394/3266/3242
f 2/3265/3241 1394/3266/3242 1393/3267/3243
f 1393/3267/3243 1392/3268/3244 2/3265/3241
f 2/3265/3241 1392/3268/3244 5/3269/3245
f 5/3269/3245 1392/3268/3244 1391/3270/3246
f 5/3269/3245 1391/3270/3246 1390/3271/3247
f 1390/3271/3247 1389/3272/3248 5/3269/3245
f 5/3269/3245 1389/3272/3248 1402/3273/3249
f 1402/3273/3249 1389/3272/3248 1388/3274/3250
f 1402/3273/3249 1388/3274/3250 1403/3275/3251
f 1403/3275/3251 1388/3274/3250 1387/3276/3252
f 1403/3275/3251 1387/3276/3252 1404/3277/3253
f 1404/3277/3253 1387/3276/3252 1386/3278/3254
f 1404/3277/3253 1386/3278/3254 1405/3279/3255
f 1405/3279/3255 1386/3278/3254 1385/3280/3256
f 1405/3279/3255 1385/3280/3256 1406/3281/3257
f 1406/3281/3257 1385/3280/3256 1407/3282/3258
f 1407/3282/3258 1385/3280/3256 1384/3283/3259
f 1407/3282/3258 1384/3283/3259 1408/3284/3260
f 1408/3284/3260 1384/3283/3259 1409/3285/3261
f 1409/3285/3261 1384/3283/3259 1410/3286/3262
f 1410/3286/3262 1384/3283/3259 1411/3287/3263
f 1411/3287/3263 1384/3283/3259 1412/3288/3264
f 1412/3288/3264 1384/3283/3259 1383/3289/3265
f 1412/3288/3264 1383/3289/3265 1413/3290/3266
f 1413/3290/3266 1383/3289/3265 120/3291/3267
f 120/3291/3267 1383/3289/3265 1382/3292/3268
f 120/3291/3267 1382/3292/3268 1381/3293/3269
f 120/3291/3267 1381/3293/3269 112/3251/3227
f 112/3251/3227 1381/3293/3269 1380/3294/3270
f 112/3251/3227 1380/3294/3270 1379/3249/3225
f 1299/3295/3271 1298/3296/3272 1322/3297/3273
f 1322/3297/3273 1298/3296/3272 1321/3298/3274
f 1322/3297/3273 1321/3298/3274 1323/3299/3275
f 1323/3299/3275 1321/3298/3274 1320/3300/3276
f 1323/3299/3275 1320/3300/3276 1324/3301/3277
f 1324/3301/3277 1320/3300/3276 1319/3302/3278
f 1324/3301/3277 1319/3302/3278 1325/3303/3279
f 1325/3303/3279 1319/3302/3278 1318/3304/3280
f 1325/3303/3279 1318/3304/3280 1326/3305/3281
f 1326/3305/3281 1318/3304/3280 1317/3306/3282
f 1326/3305/3281 1317/3306/3282 1327/3307/3283
f 1327/3307/3283 1317/3306/3282 1328/3308/3284
f 1328/3308/3284 1317/3306/3282 1316/3309/3285
f 1328/3308/3284 1316/3309/3285 1329/3310/3286
f 1329/3310/3286 1316/3309/3285 99/3311/3287
f 99/3311/3287 1316/3309/3285 1315/3312/3288
f 99/3311/3287 1315/3312/3288 91/3313/3289
f 91/3313/3289 1315/3312/3288 1314/3314/3290
f 91/3313/3289 1314/3314/3290 80/3315/3291
f 80/3315/3291 1314/3314/3290 1313/3316/3292
f 80/3315/3291 1313/3316/3292 1290/3317/3293
f 1290/3317/3293 1313/3316/3292 1312/3318/3294
f 1290/3317/3293 1312/3318/3294 1311/3319/3295
f 1311/3319/3295 1310/3320/3296 1290/3317/3293
f 1290/3317/3293 1310/3320/3296 1309/3321/3297
f 1290/3317/3293 1309/3321/3297 1308/3322/3298
f 1290/3317/3293 1308/3322/3298 1291/3323/3299
f 1291/3323/3299 1308/3322/3298 1307/3324/3300
f 1291/3323/3299 1307/3324/3300 1292/3325/3301
f 1292/3325/3301 1307/3324/3300 1306/3326/3302
f 1292/3325/3301 1306/3326/3302 1293/3327/3303
f 1293/3327/3303 1306/3326/3302 1294/3328/3304
f 1294/3328/3304 1306/3326/3302 1305/3329/3305
f 1294/3328/3304 1305/3329/3305 1295/3330/3306
f 1295/3330/3306 1305/3329/3305 1296/3331/3307
f 1296/3331/3307 1305/3329/3305 1297/3332/3308
f 1297/3332/3308 1305/3329/3305 1330/3333/3309
f 1330/3333/3309 1305/3329/3305 1304/3334/3310
f 1330/3333/3309 1304/3334/3310 1303/3335/3311
f 1330/3333/3309 1303/3335/3311 9/3336/3312
f 9/3336/3312 1303/3335/3311 1302/3337/3313
f 9/3336/3312 1302/3337/3313 1301/3338/3314
f 9/3336/3312 1301/3338/3314 1322/3297/3273
f 1322/3297/3273 1301/3338/3314 1300/3339/3315
f 1322/3297/3273 1300/3339/3315 1299/3295/3271
f 1422/3340/3316 1421/3341/3317 1420/3342/3318
f 1420/3342/3318 1421/3341/3317 1444/3343/3319
f 1420/3342/3318 1444/3343/3319 1443/3344/3320
f 1420/3342/3318 1443/3344/3320 1/3345/3321
f 1/3345/3321 1443/3344/3320 1442/3346/3322
f 1/3345/3321 1442/3346/3322 1441/3347/3323
f 1441/3347/3323 1440/3348/3324 1/3345/3321
f 1/3345/3321 1440/3348/3324 1415/3349/3325
f 1/3345/3321 1415/3349/3325 2/3265/3241
f 2/3265/3241 1415/3349/3325 1414/3261/3237
f 1440/3348/3324 1439/3350/3326 1415/3349/3325
f 1415/3349/3325 1439/3350/3326 1438/3351/3327
f 1415/3349/3325 1438/3351/3327 1416/3352/3328
f 1416/3352/3328 1438/3351/3327 1417/3353/3329
f 1417/3353/3329 1438/3351/3327 1418/3354/3330
f 1418/3354/3330 1438/3351/3327 1419/3355/3331
f 1419/3355/3331 1438/3351/3327 1458/3356/3332
f 1458/3356/3332 1438/3351/3327 1437/3357/3333
f 1458/3356/3332 1437/3357/3333 1436/3358/3334
f 1436/3358/3334 1435/3359/3335 1458/3356/3332
f 1458/3356/3332 1435/3359/3335 1434/3360/3336
f 1458/3356/3332 1434/3360/3336 98/3361/3337
f 98/3361/3337 1434/3360/3336 1433/3362/3338
f 98/3361/3337 1433/3362/3338 1432/3363/3339
f 1432/3363/3339 1431/3364/3340 98/3361/3337
f 98/3361/3337 1431/3364/3340 1430/3365/3341
f 98/3361/3337 1430/3365/3341 1445/3366/3342
f 1445/3366/3342 1430/3365/3341 1429/3367/3343
f 1445/3366/3342 1429/3367/3343 1428/3368/3344
f 1427/3369/3345 1447/3370/3346 1428/3368/3344
f 1428/3368/3344 1447/3370/3346 1446/3371/3347
f 1428/3368/3344 1446/3371/3347 1445/3366/3342
f 1426/3372/3348 1452/3373/3349 1427/3369/3345
f 1427/3369/3345 1452/3373/3349 1451/3374/3350
f 1427/3369/3345 1451/3374/3350 1450/3375/3351
f 1425/3376/3352 1454/3377/3353 1426/3372/3348
f 1426/3372/3348 1454/3377/3353 1453/3378/3354
f 1426/3372/3348 1453/3378/3354 1452/3373/3349
f 1454/3377/3353 1425/3376/3352 1455/3379/3355
f 1455/3379/3355 1425/3376/3352 1424/3380/3356
f 1455/3379/3355 1424/3380/3356 1456/3381/3357
f 1456/3381/3357 1424/3380/3356 1423/3382/3358
f 1456/3381/3357 1423/3382/3358 1457/3383/3359
f 1457/3383/3359 1423/3382/3358 1422/3340/3316
f 1457/3383/3359 1422/3340/3316 1420/3342/3318
f 1450/3375/3351 1449/3384/3360 1427/3369/3345
f 1427/3369/3345 1449/3384/3360 1448/3385/3361
f 1427/3369/3345 1448/3385/3361 1447/3370/3346
f 1458/3356/3332 98/3361/3337 86/3386/3362
f 86/3386/3362 98/3361/3337 97/3387/3363
f 86/3386/3362 97/3387/3363 87/3388/3364
f 87/3388/3364 97/3387/3363 96/3389/3365
f 87/3388/3364 96/3389/3365 88/3390/3366
f 88/3390/3366 96/3389/3365 95/3391/3367
f 88/3390/3366 95/3391/3367 89/3392/3368
f 89/3392/3368 95/3391/3367 94/3393/3369
f 89/3392/3368 94/3393/3369 90/3394/3370
f 90/3394/3370 94/3393/3369 93/3395/3371
f 90/3394/3370 93/3395/3371 79/3396/3372
f 79/3396/3372 93/3395/3371 92/3397/3373
f 79/3396/3372 92/3397/3373 80/3315/3291
f 80/3315/3291 92/3397/3373 91/3313/3289
f 1373/3253/3229 111/3398/3374 112/3251/3227
f 112/3251/3227 111/3398/3374 113/3399/3375
f 113/3399/3375 111/3398/3374 109/3400/3376
f 113/3399/3375 109/3400/3376 108/3401/3377
f 113/3399/3375 108/3401/3377 114/3402/3378
f 114/3402/3378 108/3401/3377 107/3403/3379
f 114/3402/3378 107/3403/3379 115/3404/3380
f 115/3404/3380 107/3403/3379 116/3405/3381
f 116/3405/3381 107/3403/3379 106/3406/3382
f 116/3405/3381 106/3406/3382 117/3210/3186
f 117/3210/3186 106/3406/3382 105/3208/3184
f 10/3236/3212 9/3336/3312 11/3231/3207
f 11/3231/3207 9/3336/3312 12/3407/3383
# 1458 vertices
# 3407 texture params
# 3383 normals
# 2930 facets

# 1 groups
